                :-) GROMACS - gmx mdrun, 2024.5-conda_forge (-:

Copyright 1991-2024 The GROMACS Authors.
GROMACS is free software; you can redistribute it and/or modify it
under the terms of the GNU Lesser General Public License
as published by the Free Software Foundation; either version 2.1
of the License, or (at your option) any later version.

                         Current GROMACS contributors:
       Mark Abraham           Andrey Alekseenko           Vladimir Basov      
      Cathrine Bergh            Eliane Briand               Ania Brown        
      Mahesh Doijade            Giacomo Fiorin          Stefan Fleischmann    
      Sergey Gorelov         Gilles Gouaillardet            Alan Gray         
     M. Eric Irrgang         Farzaneh Jalalypour            Joe Jordan        
     Carsten Kutzner           Justin A. Lemkul          Magnus Lundborg      
       Pascal Merz              Vedran Miletic            Dmitry Morozov      
       Julien Nabet              Szilard Pall        Andrea Pasquadibisceglie 
    Michele Pellegrino          Hubert Santuz             Roland Schulz       
     Tatiana Shugaeva          Alexey Shvetsov            Philip Turner       
     Alessandra Villa      Sebastian Wingbermuehle  

                         Previous GROMACS contributors:
        Emile Apol             Rossen Apostolov           James Barnett       
        Paul Bauer          Herman J.C. Berendsen          Par Bjelkmar       
      Christian Blau          Viacheslav Bolnykh            Kevin Boyd        
    Aldert van Buuren          Carlo Camilloni           Rudi van Drunen      
      Anton Feenstra           Oliver Fleetwood            Vytas Gapsys       
       Gaurav Garg             Gerrit Groenhof            Bert de Groot       
      Anca Hamuraru           Vincent Hindriksen          Victor Holanda      
     Aleksei Iupinov          Christoph Junghans        Prashanth Kanduri     
   Dimitrios Karkoulis           Peter Kasson             Sebastian Kehl      
     Sebastian Keller             Jiri Kraus               Per Larsson        
      Viveca Lindahl            Erik Marklund           Pieter Meulenhoff     
      Teemu Murtola              Sander Pronk             Michael Shirts      
      Alfons Sijbers            Balint Soproni         David van der Spoel    
      Peter Tieleman            Carsten Uphoff             Jon Vincent        
     Teemu Virolainen         Christian Wennberg           Maarten Wolf       
      Artem Zhmurov       

                  Coordinated by the GROMACS project leaders:
                           Berk Hess and Erik Lindahl

GROMACS:      gmx mdrun, version 2024.5-conda_forge
Executable:   /venv/main/bin.AVX2_256/gmx
Data prefix:  /venv/main
Working dir:  /workspace/gromacs_sims/Antimicrobial_Peptides/Ku04AMP01_Membrane_Bilayer/simulation_perp
Process ID:   11498
Command line:
  gmx mdrun -nobackup -nocopyright -v -deffnm step6.3 -pin on -nb gpu -pme gpu -bonded gpu -nt 47 -gpu_id 0

GROMACS version:     2024.5-conda_forge
Precision:           mixed
Memory model:        64 bit
MPI library:         thread_mpi
OpenMP support:      enabled (GMX_OPENMP_MAX_THREADS = 128)
GPU support:         CUDA
NBNxM GPU setup:     super-cluster 2x2x2 / cluster 8
SIMD instructions:   AVX2_256
CPU FFT library:     fftw-3.3.11-sse2-avx
GPU FFT library:     cuFFT
Multi-GPU FFT:       none
RDTSCP usage:        disabled
TNG support:         enabled
Hwloc support:       disabled
Tracing support:     disabled
C compiler:          /home/conda/feedstock_root/build_artifacts/gromacs_1737880200488/_build_env/bin/x86_64-conda-linux-gnu-cc GNU 11.4.0
C compiler flags:    -fexcess-precision=fast -funroll-all-loops -mavx2 -mfma -Wno-missing-field-initializers -O3 -DNDEBUG
C++ compiler:        /home/conda/feedstock_root/build_artifacts/gromacs_1737880200488/_build_env/bin/x86_64-conda-linux-gnu-c++ GNU 11.4.0
C++ compiler flags:  -fexcess-precision=fast -funroll-all-loops -mavx2 -mfma -Wno-missing-field-initializers -Wno-cast-function-type-strict SHELL:-fopenmp -O3 -DNDEBUG
BLAS library:        Internal
LAPACK library:      Internal
CUDA compiler:       /usr/local/cuda/bin/nvcc nvcc: NVIDIA (R) Cuda compiler driver;Copyright (c) 2005-2022 NVIDIA Corporation;Built on Wed_Sep_21_10:33:58_PDT_2022;Cuda compilation tools, release 11.8, V11.8.89;Build cuda_11.8.r11.8/compiler.31833905_0
CUDA compiler flags:-std=c++17;--generate-code=arch=compute_35,code=sm_35;--generate-code=arch=compute_37,code=sm_37;--generate-code=arch=compute_50,code=sm_50;--generate-code=arch=compute_52,code=sm_52;--generate-code=arch=compute_60,code=sm_60;--generate-code=arch=compute_61,code=sm_61;--generate-code=arch=compute_70,code=sm_70;--generate-code=arch=compute_75,code=sm_75;--generate-code=arch=compute_80,code=sm_80;--generate-code=arch=compute_86,code=sm_86;--generate-code=arch=compute_89,code=sm_89;--generate-code=arch=compute_90,code=sm_90;-Wno-deprecated-gpu-targets;--generate-code=arch=compute_53,code=sm_53;--generate-code=arch=compute_80,code=sm_80;-use_fast_math;-Xptxas;-warn-double-usage;-Xptxas;-Werror;;-Xcompiler;-fopenmp;-fexcess-precision=fast -funroll-all-loops -mavx2 -mfma -Wno-missing-field-initializers -Wno-cast-function-type-strict SHELL:-fopenmp -O3 -DNDEBUG
CUDA driver:         13.20
CUDA runtime:        11.80


Running on 1 node with total 96 cores, 192 processing units, 1 compatible GPU
Hardware detected on host c084c5850ac7:
  CPU info:
    Vendor: Intel
    Brand:  Intel(R) Xeon(R) CPU E7-8890 v4 @ 2.20GHz
    Family: 6   Model: 79   Stepping: 1
    Features: aes apic avx avx2 clfsh cmov cx8 cx16 f16c fma hle htt intel lahf mmx msr nonstop_tsc pcid pclmuldq pdcm pdpe1gb popcnt pse rdrnd rdtscp rtm sse2 sse3 sse4.1 sse4.2 ssse3 tdt x2apic
  Hardware topology: Basic
    Packages, cores, and logical processors:
    [indices refer to OS logical processors]
      Package  0: [   0  96] [   4 100] [   8 104] [  12 108] [  16 112] [  20 116] [  24 120] [  28 124] [  32 128] [  36 132] [  40 136] [  44 140] [  48 144] [  52 148] [  56 152] [  60 156] [  64 160] [  68 164] [  72 168] [  76 172] [  80 176] [  84 180] [  88 184] [  92 188]
      Package  1: [   1  97] [   5 101] [   9 105] [  13 109] [  17 113] [  21 117] [  25 121] [  29 125] [  33 129] [  37 133] [  41 137] [  45 141] [  49 145] [  53 149] [  57 153] [  61 157] [  65 161] [  69 165] [  73 169] [  77 173] [  81 177] [  85 181] [  89 185] [  93 189]
      Package  2: [   2  98] [   6 102] [  10 106] [  14 110] [  18 114] [  22 118] [  26 122] [  30 126] [  34 130] [  38 134] [  42 138] [  46 142] [  50 146] [  54 150] [  58 154] [  62 158] [  66 162] [  70 166] [  74 170] [  78 174] [  82 178] [  86 182] [  90 186] [  94 190]
      Package  3: [   3  99] [   7 103] [  11 107] [  15 111] [  19 115] [  23 119] [  27 123] [  31 127] [  35 131] [  39 135] [  43 139] [  47 143] [  51 147] [  55 151] [  59 155] [  63 159] [  67 163] [  71 167] [  75 171] [  79 175] [  83 179] [  87 183] [  91 187] [  95 191]
    CPU limit set by OS: 46.08   Recommended max number of threads: 47
  GPU info:
    Number of GPUs detected: 1
    #0: NVIDIA Tesla T4, compute cap.: 7.5, ECC:  no, stat: compatible

The current CPU can measure timings more accurately than the code in
gmx mdrun was configured to use. This might affect your simulation
speed as accurate timings are needed for load-balancing.
Please consider rebuilding gmx mdrun with the GMX_USE_RDTSCP=ON CMake option.

++++ PLEASE READ AND CITE THE FOLLOWING REFERENCE ++++
M. J. Abraham, T. Murtola, R. Schulz, S. Páll, J. C. Smith, B. Hess, E.
Lindahl
GROMACS: High performance molecular simulations through multi-level
parallelism from laptops to supercomputers
SoftwareX 1 (2015) pp. 19-25
-------- -------- --- Thank You --- -------- --------


++++ PLEASE READ AND CITE THE FOLLOWING REFERENCE ++++
S. Páll, M. J. Abraham, C. Kutzner, B. Hess, E. Lindahl
Tackling Exascale Software Challenges in Molecular Dynamics Simulations with
GROMACS
In S. Markidis & E. Laure (Eds.), Solving Software Challenges for Exascale 8759 (2015) pp. 3-27
-------- -------- --- Thank You --- -------- --------


++++ PLEASE READ AND CITE THE FOLLOWING REFERENCE ++++
S. Pronk, S. Páll, R. Schulz, P. Larsson, P. Bjelkmar, R. Apostolov, M. R.
Shirts, J. C. Smith, P. M. Kasson, D. van der Spoel, B. Hess, and E. Lindahl
GROMACS 4.5: a high-throughput and highly parallel open source molecular
simulation toolkit
Bioinformatics 29 (2013) pp. 845-54
-------- -------- --- Thank You --- -------- --------


++++ PLEASE READ AND CITE THE FOLLOWING REFERENCE ++++
B. Hess and C. Kutzner and D. van der Spoel and E. Lindahl
GROMACS 4: Algorithms for highly efficient, load-balanced, and scalable
molecular simulation
J. Chem. Theory Comput. 4 (2008) pp. 435-447
-------- -------- --- Thank You --- -------- --------


++++ PLEASE READ AND CITE THE FOLLOWING REFERENCE ++++
D. van der Spoel, E. Lindahl, B. Hess, G. Groenhof, A. E. Mark and H. J. C.
Berendsen
GROMACS: Fast, Flexible and Free
J. Comp. Chem. 26 (2005) pp. 1701-1719
-------- -------- --- Thank You --- -------- --------


++++ PLEASE READ AND CITE THE FOLLOWING REFERENCE ++++
E. Lindahl and B. Hess and D. van der Spoel
GROMACS 3.0: A package for molecular simulation and trajectory analysis
J. Mol. Mod. 7 (2001) pp. 306-317
-------- -------- --- Thank You --- -------- --------


++++ PLEASE READ AND CITE THE FOLLOWING REFERENCE ++++
H. J. C. Berendsen, D. van der Spoel and R. van Drunen
GROMACS: A message-passing parallel molecular dynamics implementation
Comp. Phys. Comm. 91 (1995) pp. 43-56
-------- -------- --- Thank You --- -------- --------

Input Parameters:
   integrator                     = md
   tinit                          = 0
   dt                             = 0.001
   nsteps                         = 125000
   init-step                      = 0
   simulation-part                = 1
   mts                            = false
   mass-repartition-factor        = 1
   comm-mode                      = Linear
   nstcomm                        = 100
   bd-fric                        = 0
   ld-seed                        = 965172703
   emtol                          = 10
   emstep                         = 0.01
   niter                          = 20
   fcstep                         = 0
   nstcgsteep                     = 1000
   nbfgscorr                      = 10
   rtpi                           = 0.05
   nstxout                        = 0
   nstvout                        = 0
   nstfout                        = 0
   nstlog                         = 1000
   nstcalcenergy                  = 100
   nstenergy                      = 1000
   nstxout-compressed             = 5000
   compressed-x-precision         = 1000
   cutoff-scheme                  = Verlet
   nstlist                        = 20
   pbc                            = xyz
   periodic-molecules             = false
   verlet-buffer-tolerance        = 0.005
   verlet-buffer-pressure-tolerance = 0.5
   rlist                          = 1.2
   coulombtype                    = PME
   coulomb-modifier               = Potential-shift
   rcoulomb-switch                = 0
   rcoulomb                       = 1.2
   epsilon-r                      = 1
   epsilon-rf                     = inf
   vdw-type                       = Cut-off
   vdw-modifier                   = Force-switch
   rvdw-switch                    = 1
   rvdw                           = 1.2
   DispCorr                       = No
   table-extension                = 1
   fourierspacing                 = 0.12
   fourier-nx                     = 72
   fourier-ny                     = 72
   fourier-nz                     = 144
   pme-order                      = 4
   ewald-rtol                     = 1e-05
   ewald-rtol-lj                  = 0.001
   lj-pme-comb-rule               = Geometric
   ewald-geometry                 = 3d
   epsilon-surface                = 0
   ensemble-temperature-setting   = constant
   ensemble-temperature           = 310.15
   tcoupl                         = V-rescale
   nsttcouple                     = 100
   nh-chain-length                = 0
   print-nose-hoover-chain-variables = false
   pcoupl                         = C-rescale
   pcoupltype                     = Semiisotropic
   nstpcouple                     = 100
   tau-p                          = 5
   compressibility (3x3):
      compressibility[    0]={ 4.50000e-05,  0.00000e+00,  0.00000e+00}
      compressibility[    1]={ 0.00000e+00,  4.50000e-05,  0.00000e+00}
      compressibility[    2]={ 0.00000e+00,  0.00000e+00,  4.50000e-05}
   ref-p (3x3):
      ref-p[    0]={ 1.00000e+00,  0.00000e+00,  0.00000e+00}
      ref-p[    1]={ 0.00000e+00,  1.00000e+00,  0.00000e+00}
      ref-p[    2]={ 0.00000e+00,  0.00000e+00,  1.00000e+00}
   refcoord-scaling               = COM
   posres-com (3):
      posres-com[0]= 4.99649e-01
      posres-com[1]= 5.01856e-01
      posres-com[2]= 7.31964e-01
   posres-comB (3):
      posres-comB[0]= 4.99649e-01
      posres-comB[1]= 5.01856e-01
      posres-comB[2]= 7.31964e-01
   QMMM                           = false
qm-opts:
   ngQM                           = 0
   constraint-algorithm           = Lincs
   continuation                   = true
   Shake-SOR                      = false
   shake-tol                      = 0.0001
   lincs-order                    = 4
   lincs-iter                     = 1
   lincs-warnangle                = 30
   nwall                          = 0
   wall-type                      = 9-3
   wall-r-linpot                  = -1
   wall-atomtype[0]               = -1
   wall-atomtype[1]               = -1
   wall-density[0]                = 0
   wall-density[1]                = 0
   wall-ewald-zfac                = 3
   pull                           = false
   awh                            = false
   rotation                       = false
   interactiveMD                  = false
   disre                          = No
   disre-weighting                = Conservative
   disre-mixed                    = false
   dr-fc                          = 1000
   dr-tau                         = 0
   nstdisreout                    = 100
   orire-fc                       = 0
   orire-tau                      = 0
   nstorireout                    = 100
   free-energy                    = no
   cos-acceleration               = 0
   deform (3x3):
      deform[    0]={ 0.00000e+00,  0.00000e+00,  0.00000e+00}
      deform[    1]={ 0.00000e+00,  0.00000e+00,  0.00000e+00}
      deform[    2]={ 0.00000e+00,  0.00000e+00,  0.00000e+00}
   simulated-tempering            = false
   swapcoords                     = no
   userint1                       = 0
   userint2                       = 0
   userint3                       = 0
   userint4                       = 0
   userreal1                      = 0
   userreal2                      = 0
   userreal3                      = 0
   userreal4                      = 0
   applied-forces:
     electric-field:
       x:
         E0                       = 0
         omega                    = 0
         t0                       = 0
         sigma                    = 0
       y:
         E0                       = 0
         omega                    = 0
         t0                       = 0
         sigma                    = 0
       z:
         E0                       = 0
         omega                    = 0
         t0                       = 0
         sigma                    = 0
     density-guided-simulation:
       active                     = false
       group                      = protein
       similarity-measure         = inner-product
       atom-spreading-weight      = unity
       force-constant             = 1e+09
       gaussian-transform-spreading-width = 0.2
       gaussian-transform-spreading-range-in-multiples-of-width = 4
       reference-density-filename = reference.mrc
       nst                        = 1
       normalize-densities        = true
       adaptive-force-scaling     = false
       adaptive-force-scaling-time-constant = 4
       shift-vector               = 
       transformation-matrix      = 
     qmmm-cp2k:
       active                     = false
       qmgroup                    = System
       qmmethod                   = PBE
       qmfilenames                = 
       qmcharge                   = 0
       qmmultiplicity             = 1
     colvars:
       active                     = false
       configfile                 = 
       seed                       = -1
grpopts:
   nrdf:     1424.93     59697.1      180039
   ref-t:      310.15      310.15      310.15
   tau-t:           1           1           1
annealing:          No          No          No
annealing-npoints:           0           0           0
   acc:	           0           0           0
   nfreeze:           N           N           N
   energygrp-flags[  0]: 0

Changing nstlist from 20 to 100, rlist from 1.2 to 1.288


When checking whether update groups are usable:
  Domain decomposition is not active, so there is no need for update groups
1 GPU selected for this run.
Mapping of GPU IDs to the 2 GPU tasks in the 1 rank on this node:
  PP:0,PME:0
PP tasks will do (non-perturbed) short-ranged and most bonded interactions on the GPU
PP task will update and constrain coordinates on the GPU
PME tasks will do all aspects on the GPU
Using 1 MPI thread
Using 47 OpenMP threads 

System total charge: 0.000
Will do PME sum in reciprocal space for electrostatic interactions.

++++ PLEASE READ AND CITE THE FOLLOWING REFERENCE ++++
U. Essmann, L. Perera, M. L. Berkowitz, T. Darden, H. Lee and L. G. Pedersen 
A smooth particle mesh Ewald method
J. Chem. Phys. 103 (1995) pp. 8577-8592
-------- -------- --- Thank You --- -------- --------

Using a Gaussian width (1/beta) of 0.384195 nm for Ewald
Potential shift: LJ r^-12: -2.648e-01 r^-6: -5.349e-01, Ewald -8.333e-06
Initialized non-bonded Coulomb Ewald tables, spacing: 1.02e-03 size: 1176

Generated table with 1144 data points for 1-4 COUL.
Tabscale = 500 points/nm
Generated table with 1144 data points for 1-4 LJ6.
Tabscale = 500 points/nm
Generated table with 1144 data points for 1-4 LJ12.
Tabscale = 500 points/nm


Using GPU 8x8 nonbonded short-range kernels

Using a dual 8x8 pair-list setup updated with dynamic, rolling pruning:
  outer list: updated every 100 steps, buffer 0.088 nm, rlist 1.288 nm
  inner list: updated every  26 steps, buffer 0.002 nm, rlist 1.202 nm
At tolerance 0.005 kJ/mol/ps per atom, equivalent classical 1x1 list would be:
  outer list: updated every 100 steps, buffer 0.221 nm, rlist 1.421 nm
  inner list: updated every  26 steps, buffer 0.056 nm, rlist 1.256 nm

The average pressure is off by at most 0.21 bar due to missing LJ interactions

NOTE: OS CPU limit is lower than logical cpu count, thread pinning disabled.

Initializing LINear Constraint Solver

++++ PLEASE READ AND CITE THE FOLLOWING REFERENCE ++++
B. Hess and H. Bekker and H. J. C. Berendsen and J. G. E. M. Fraaije
LINCS: A Linear Constraint Solver for molecular simulations
J. Comp. Chem. 18 (1997) pp. 1463-1472
-------- -------- --- Thank You --- -------- --------

The number of constraints is 15336

++++ PLEASE READ AND CITE THE FOLLOWING REFERENCE ++++
S. Miyamoto and P. A. Kollman
SETTLE: An Analytical Version of the SHAKE and RATTLE Algorithms for Rigid
Water Models
J. Comp. Chem. 13 (1992) pp. 952-962
-------- -------- --- Thank You --- -------- --------


++++ PLEASE READ AND CITE THE FOLLOWING REFERENCE ++++
G. Bussi, D. Donadio and M. Parrinello
Canonical sampling through velocity rescaling
J. Chem. Phys. 126 (2007) pp. 014101
-------- -------- --- Thank You --- -------- --------


++++ PLEASE READ AND CITE THE FOLLOWING REFERENCE ++++
M. Bernetti, G. Bussi
Pressure control using stochastic cell rescaling
J. Chem. Phys. 153 (2020) pp. 114107
-------- -------- --- Thank You --- -------- --------

There are: 115451 Atoms

Updating coordinates and applying constraints on the GPU.
Center of mass motion removal mode is Linear
We have the following groups for center of mass motion removal:
  0:  SOLU_MEMB
  1:  SOLV

Started mdrun on rank 0 Sun Jul 12 20:43:52 2026

           Step           Time
              0        0.00000

   Energies (kJ/mol)
           Bond            U-B    Proper Dih.  Improper Dih.      CMAP Dih.
    1.14573e+04    6.83800e+04    4.83551e+04    5.66952e+02    3.71362e+01
          LJ-14     Coulomb-14        LJ (SR)   Coulomb (SR)   Coul. recip.
    7.54426e+03    1.79894e+05    9.42379e+04   -1.67928e+06    5.41595e+03
 Position Rest.     Dih. Rest.      Potential    Kinetic En.   Total Energy
    3.87401e+02    8.00690e+01   -1.26293e+06    3.15305e+05   -9.47622e+05
  Conserved En.    Temperature Pressure (bar)   Constr. rmsd
   -9.47616e+05    3.14499e+02    4.94447e+02    0.00000e+00

           Step           Time
           1000        1.00000

   Energies (kJ/mol)
           Bond            U-B    Proper Dih.  Improper Dih.      CMAP Dih.
    1.18204e+04    6.77742e+04    4.87716e+04    6.04244e+02    3.11187e+01
          LJ-14     Coulomb-14        LJ (SR)   Coulomb (SR)   Coul. recip.
    7.49109e+03    1.80174e+05    9.20178e+04   -1.67556e+06    5.49314e+03
 Position Rest.     Dih. Rest.      Potential    Kinetic En.   Total Energy
    4.62073e+02    1.09348e+02   -1.26081e+06    3.09633e+05   -9.51174e+05
  Conserved En.    Temperature Pressure (bar)   Constr. rmsd
   -9.52639e+05    3.08842e+02    3.33688e+02    0.00000e+00

step 1800: timed with pme grid 72 72 144, coulomb cutoff 1.200: 650.1 M-cycles
step 2000: timed with pme grid 64 64 128, coulomb cutoff 1.328: 767.9 M-cycles
           Step           Time
           2000        2.00000

   Energies (kJ/mol)
           Bond            U-B    Proper Dih.  Improper Dih.      CMAP Dih.
    1.15711e+04    6.71433e+04    4.83464e+04    5.88891e+02    3.09553e+01
          LJ-14     Coulomb-14        LJ (SR)   Coulomb (SR)   Coul. recip.
    7.49021e+03    1.80194e+05    9.21900e+04   -1.67368e+06    4.53458e+03
 Position Rest.     Dih. Rest.      Potential    Kinetic En.   Total Energy
    4.38593e+02    1.08447e+02   -1.26104e+06    3.10660e+05   -9.50383e+05
  Conserved En.    Temperature Pressure (bar)   Constr. rmsd
   -9.53232e+05    3.09866e+02    3.97773e+02    0.00000e+00

step 2200: timed with pme grid 64 64 144, coulomb cutoff 1.263: 698.0 M-cycles
step 2400: timed with pme grid 72 72 144, coulomb cutoff 1.200: 645.2 M-cycles
              optimal pme grid 72 72 144, coulomb cutoff 1.200
           Step           Time
           3000        3.00000

   Energies (kJ/mol)
           Bond            U-B    Proper Dih.  Improper Dih.      CMAP Dih.
    1.18209e+04    6.77710e+04    4.86626e+04    5.57239e+02    4.67129e+01
          LJ-14     Coulomb-14        LJ (SR)   Coulomb (SR)   Coul. recip.
    7.31727e+03    1.79651e+05    9.38750e+04   -1.67587e+06    5.49018e+03
 Position Rest.     Dih. Rest.      Potential    Kinetic En.   Total Energy
    4.54784e+02    1.22594e+02   -1.26010e+06    3.10191e+05   -9.49912e+05
  Conserved En.    Temperature Pressure (bar)   Constr. rmsd
   -9.53579e+05    3.09399e+02    2.87893e+02    0.00000e+00

           Step           Time
           4000        4.00000

   Energies (kJ/mol)
           Bond            U-B    Proper Dih.  Improper Dih.      CMAP Dih.
    1.15743e+04    6.79843e+04    4.83416e+04    5.63440e+02    2.18666e+01
          LJ-14     Coulomb-14        LJ (SR)   Coulomb (SR)   Coul. recip.
    7.28419e+03    1.80004e+05    9.23547e+04   -1.67598e+06    5.45983e+03
 Position Rest.     Dih. Rest.      Potential    Kinetic En.   Total Energy
    4.40120e+02    1.05329e+02   -1.26185e+06    3.11623e+05   -9.50223e+05
  Conserved En.    Temperature Pressure (bar)   Constr. rmsd
   -9.53712e+05    3.10826e+02    3.29163e+02    0.00000e+00

           Step           Time
           5000        5.00000

   Energies (kJ/mol)
           Bond            U-B    Proper Dih.  Improper Dih.      CMAP Dih.
    1.18127e+04    6.76215e+04    4.85609e+04    4.77535e+02    4.84768e+01
          LJ-14     Coulomb-14        LJ (SR)   Coulomb (SR)   Coul. recip.
    7.40840e+03    1.79621e+05    9.19971e+04   -1.67418e+06    5.51535e+03
 Position Rest.     Dih. Rest.      Potential    Kinetic En.   Total Energy
    4.68291e+02    1.17597e+02   -1.26053e+06    3.10121e+05   -9.50406e+05
  Conserved En.    Temperature Pressure (bar)   Constr. rmsd
   -9.54126e+05    3.09328e+02    6.99946e+01    0.00000e+00

           Step           Time
           6000        6.00000

   Energies (kJ/mol)
           Bond            U-B    Proper Dih.  Improper Dih.      CMAP Dih.
    1.16135e+04    6.76819e+04    4.84039e+04    5.77429e+02    3.29283e+01
          LJ-14     Coulomb-14        LJ (SR)   Coulomb (SR)   Coul. recip.
    7.35411e+03    1.80085e+05    9.14923e+04   -1.67231e+06    5.53241e+03
 Position Rest.     Dih. Rest.      Potential    Kinetic En.   Total Energy
    4.66313e+02    1.01269e+02   -1.25896e+06    3.09921e+05   -9.49043e+05
  Conserved En.    Temperature Pressure (bar)   Constr. rmsd
   -9.54632e+05    3.09129e+02    1.45359e+02    0.00000e+00

           Step           Time
           7000        7.00000

   Energies (kJ/mol)
           Bond            U-B    Proper Dih.  Improper Dih.      CMAP Dih.
    1.16265e+04    6.75094e+04    4.85744e+04    5.79805e+02    5.70592e+01
          LJ-14     Coulomb-14        LJ (SR)   Coulomb (SR)   Coul. recip.
    7.28226e+03    1.79643e+05    9.23462e+04   -1.67260e+06    5.59978e+03
 Position Rest.     Dih. Rest.      Potential    Kinetic En.   Total Energy
    4.87254e+02    1.31026e+02   -1.25876e+06    3.09551e+05   -9.49212e+05
  Conserved En.    Temperature Pressure (bar)   Constr. rmsd
   -9.55281e+05    3.08760e+02    7.49472e+01    0.00000e+00

           Step           Time
           8000        8.00000

   Energies (kJ/mol)
           Bond            U-B    Proper Dih.  Improper Dih.      CMAP Dih.
    1.17810e+04    6.76079e+04    4.83327e+04    6.15402e+02    5.67066e+01
          LJ-14     Coulomb-14        LJ (SR)   Coulomb (SR)   Coul. recip.
    7.26686e+03    1.79751e+05    9.47880e+04   -1.67642e+06    5.60231e+03
 Position Rest.     Dih. Rest.      Potential    Kinetic En.   Total Energy
    4.85963e+02    1.16771e+02   -1.26001e+06    3.10412e+05   -9.49602e+05
  Conserved En.    Temperature Pressure (bar)   Constr. rmsd
   -9.55570e+05    3.09618e+02    2.36557e+02    0.00000e+00

           Step           Time
           9000        9.00000

   Energies (kJ/mol)
           Bond            U-B    Proper Dih.  Improper Dih.      CMAP Dih.
    1.16975e+04    6.69827e+04    4.84005e+04    6.05444e+02    3.50844e+01
          LJ-14     Coulomb-14        LJ (SR)   Coulomb (SR)   Coul. recip.
    7.36644e+03    1.79884e+05    9.43590e+04   -1.67472e+06    5.55765e+03
 Position Rest.     Dih. Rest.      Potential    Kinetic En.   Total Energy
    4.83026e+02    9.33684e+01   -1.25925e+06    3.11760e+05   -9.47495e+05
  Conserved En.    Temperature Pressure (bar)   Constr. rmsd
   -9.55524e+05    3.10963e+02    7.24742e+01    0.00000e+00

           Step           Time
          10000       10.00000

   Energies (kJ/mol)
           Bond            U-B    Proper Dih.  Improper Dih.      CMAP Dih.
    1.15825e+04    6.81815e+04    4.83203e+04    5.86500e+02    5.44596e+01
          LJ-14     Coulomb-14        LJ (SR)   Coulomb (SR)   Coul. recip.
    7.08882e+03    1.79608e+05    9.13140e+04   -1.67077e+06    5.62860e+03
 Position Rest.     Dih. Rest.      Potential    Kinetic En.   Total Energy
    5.21607e+02    1.31505e+02   -1.25775e+06    3.11551e+05   -9.46204e+05
  Conserved En.    Temperature Pressure (bar)   Constr. rmsd
   -9.55650e+05    3.10755e+02   -2.25843e+02    0.00000e+00

           Step           Time
          11000       11.00000

   Energies (kJ/mol)
           Bond            U-B    Proper Dih.  Improper Dih.      CMAP Dih.
    1.18289e+04    6.83905e+04    4.85794e+04    6.09547e+02    6.03247e+01
          LJ-14     Coulomb-14        LJ (SR)   Coulomb (SR)   Coul. recip.
    7.47194e+03    1.79655e+05    9.21466e+04   -1.67083e+06    5.61791e+03
 Position Rest.     Dih. Rest.      Potential    Kinetic En.   Total Energy
    4.88707e+02    1.38796e+02   -1.25584e+06    3.10918e+05   -9.44921e+05
  Conserved En.    Temperature Pressure (bar)   Constr. rmsd
   -9.55870e+05    3.10123e+02    9.73124e+01    0.00000e+00

           Step           Time
          12000       12.00000

   Energies (kJ/mol)
           Bond            U-B    Proper Dih.  Improper Dih.      CMAP Dih.
    1.14805e+04    6.69713e+04    4.84592e+04    5.79346e+02    4.37862e+01
          LJ-14     Coulomb-14        LJ (SR)   Coulomb (SR)   Coul. recip.
    7.29713e+03    1.79518e+05    9.20844e+04   -1.67173e+06    5.51415e+03
 Position Rest.     Dih. Rest.      Potential    Kinetic En.   Total Energy
    4.66236e+02    1.23860e+02   -1.25919e+06    3.10882e+05   -9.48311e+05
  Conserved En.    Temperature Pressure (bar)   Constr. rmsd
   -9.56058e+05    3.10088e+02   -5.97773e+01    0.00000e+00

           Step           Time
          13000       13.00000

   Energies (kJ/mol)
           Bond            U-B    Proper Dih.  Improper Dih.      CMAP Dih.
    1.16065e+04    6.81898e+04    4.86573e+04    5.06855e+02    1.87876e+01
          LJ-14     Coulomb-14        LJ (SR)   Coulomb (SR)   Coul. recip.
    7.39261e+03    1.79720e+05    9.45304e+04   -1.67321e+06    5.56875e+03
 Position Rest.     Dih. Rest.      Potential    Kinetic En.   Total Energy
    4.90627e+02    1.29084e+02   -1.25640e+06    3.09866e+05   -9.46535e+05
  Conserved En.    Temperature Pressure (bar)   Constr. rmsd
   -9.55964e+05    3.09074e+02    1.99553e+02    0.00000e+00

           Step           Time
          14000       14.00000

   Energies (kJ/mol)
           Bond            U-B    Proper Dih.  Improper Dih.      CMAP Dih.
    1.16909e+04    6.75439e+04    4.82818e+04    6.18329e+02    5.48329e+01
          LJ-14     Coulomb-14        LJ (SR)   Coulomb (SR)   Coul. recip.
    7.54073e+03    1.79931e+05    9.28645e+04   -1.67106e+06    5.58922e+03
 Position Rest.     Dih. Rest.      Potential    Kinetic En.   Total Energy
    5.25049e+02    1.47683e+02   -1.25627e+06    3.11425e+05   -9.44848e+05
  Conserved En.    Temperature Pressure (bar)   Constr. rmsd
   -9.56177e+05    3.10629e+02    1.49902e+02    0.00000e+00

           Step           Time
          15000       15.00000

   Energies (kJ/mol)
           Bond            U-B    Proper Dih.  Improper Dih.      CMAP Dih.
    1.18019e+04    6.78055e+04    4.86220e+04    5.73440e+02    3.06815e+01
          LJ-14     Coulomb-14        LJ (SR)   Coulomb (SR)   Coul. recip.
    7.34467e+03    1.79294e+05    9.39055e+04   -1.67125e+06    5.38766e+03
 Position Rest.     Dih. Rest.      Potential    Kinetic En.   Total Energy
    4.97313e+02    1.04373e+02   -1.25588e+06    3.11177e+05   -9.44703e+05
  Conserved En.    Temperature Pressure (bar)   Constr. rmsd
   -9.55968e+05    3.10382e+02    1.63503e+02    0.00000e+00

           Step           Time
          16000       16.00000

   Energies (kJ/mol)
           Bond            U-B    Proper Dih.  Improper Dih.      CMAP Dih.
    1.17273e+04    6.79154e+04    4.89019e+04    6.51023e+02    3.35009e+01
          LJ-14     Coulomb-14        LJ (SR)   Coulomb (SR)   Coul. recip.
    7.54738e+03    1.79721e+05    9.32337e+04   -1.67085e+06    5.54035e+03
 Position Rest.     Dih. Rest.      Potential    Kinetic En.   Total Energy
    4.95349e+02    1.04369e+02   -1.25497e+06    3.09844e+05   -9.45130e+05
  Conserved En.    Temperature Pressure (bar)   Constr. rmsd
   -9.55937e+05    3.09053e+02    1.36397e+02    0.00000e+00

           Step           Time
          17000       17.00000

   Energies (kJ/mol)
           Bond            U-B    Proper Dih.  Improper Dih.      CMAP Dih.
    1.15751e+04    6.85271e+04    4.83941e+04    5.92545e+02    3.79166e+01
          LJ-14     Coulomb-14        LJ (SR)   Coulomb (SR)   Coul. recip.
    7.29862e+03    1.79445e+05    9.40259e+04   -1.67269e+06    5.58295e+03
 Position Rest.     Dih. Rest.      Potential    Kinetic En.   Total Energy
    5.29216e+02    1.47895e+02   -1.25653e+06    3.11831e+05   -9.44699e+05
  Conserved En.    Temperature Pressure (bar)   Constr. rmsd
   -9.56199e+05    3.11034e+02    1.31952e+02    0.00000e+00

           Step           Time
          18000       18.00000

   Energies (kJ/mol)
           Bond            U-B    Proper Dih.  Improper Dih.      CMAP Dih.
    1.16047e+04    6.82364e+04    4.83847e+04    5.82398e+02    2.58353e+01
          LJ-14     Coulomb-14        LJ (SR)   Coulomb (SR)   Coul. recip.
    7.39717e+03    1.79920e+05    9.51402e+04   -1.67366e+06    5.58484e+03
 Position Rest.     Dih. Rest.      Potential    Kinetic En.   Total Energy
    5.49124e+02    1.19654e+02   -1.25612e+06    3.11652e+05   -9.44467e+05
  Conserved En.    Temperature Pressure (bar)   Constr. rmsd
   -9.56351e+05    3.10855e+02    1.21860e+02    0.00000e+00

           Step           Time
          19000       19.00000

   Energies (kJ/mol)
           Bond            U-B    Proper Dih.  Improper Dih.      CMAP Dih.
    1.15198e+04    6.83059e+04    4.86969e+04    6.14568e+02    2.07733e+01
          LJ-14     Coulomb-14        LJ (SR)   Coulomb (SR)   Coul. recip.
    7.38429e+03    1.79898e+05    9.15837e+04   -1.66843e+06    5.67086e+03
 Position Rest.     Dih. Rest.      Potential    Kinetic En.   Total Energy
    4.71487e+02    1.10725e+02   -1.25415e+06    3.10303e+05   -9.43845e+05
  Conserved En.    Temperature Pressure (bar)   Constr. rmsd
   -9.56597e+05    3.09510e+02   -5.25726e+01    0.00000e+00

           Step           Time
          20000       20.00000

   Energies (kJ/mol)
           Bond            U-B    Proper Dih.  Improper Dih.      CMAP Dih.
    1.16022e+04    6.83518e+04    4.83064e+04    5.99032e+02   -4.77867e-01
          LJ-14     Coulomb-14        LJ (SR)   Coulomb (SR)   Coul. recip.
    7.35042e+03    1.79866e+05    9.41977e+04   -1.67051e+06    5.56665e+03
 Position Rest.     Dih. Rest.      Potential    Kinetic En.   Total Energy
    4.89484e+02    1.24447e+02   -1.25406e+06    3.10321e+05   -9.43737e+05
  Conserved En.    Temperature Pressure (bar)   Constr. rmsd
   -9.56722e+05    3.09528e+02    1.18741e+02    0.00000e+00

           Step           Time
          21000       21.00000

   Energies (kJ/mol)
           Bond            U-B    Proper Dih.  Improper Dih.      CMAP Dih.
    1.18123e+04    6.80986e+04    4.85835e+04    5.54161e+02    2.88197e+01
          LJ-14     Coulomb-14        LJ (SR)   Coulomb (SR)   Coul. recip.
    7.21060e+03    1.79841e+05    9.35849e+04   -1.67070e+06    5.58517e+03
 Position Rest.     Dih. Rest.      Potential    Kinetic En.   Total Energy
    4.70586e+02    1.12743e+02   -1.25481e+06    3.10207e+05   -9.44607e+05
  Conserved En.    Temperature Pressure (bar)   Constr. rmsd
   -9.56680e+05    3.09414e+02    8.53538e+01    0.00000e+00

           Step           Time
          22000       22.00000

   Energies (kJ/mol)
           Bond            U-B    Proper Dih.  Improper Dih.      CMAP Dih.
    1.17802e+04    6.81762e+04    4.82668e+04    5.74269e+02    4.93096e+01
          LJ-14     Coulomb-14        LJ (SR)   Coulomb (SR)   Coul. recip.
    7.24432e+03    1.79748e+05    9.26638e+04   -1.67016e+06    5.61240e+03
 Position Rest.     Dih. Rest.      Potential    Kinetic En.   Total Energy
    4.65544e+02    1.21240e+02   -1.25545e+06    3.10970e+05   -9.44483e+05
  Conserved En.    Temperature Pressure (bar)   Constr. rmsd
   -9.57008e+05    3.10176e+02   -3.98824e+00    0.00000e+00

           Step           Time
          23000       23.00000

   Energies (kJ/mol)
           Bond            U-B    Proper Dih.  Improper Dih.      CMAP Dih.
    1.17214e+04    6.79527e+04    4.83108e+04    6.08067e+02    4.96885e+01
          LJ-14     Coulomb-14        LJ (SR)   Coulomb (SR)   Coul. recip.
    7.37470e+03    1.79750e+05    9.17296e+04   -1.66755e+06    5.49433e+03
 Position Rest.     Dih. Rest.      Potential    Kinetic En.   Total Energy
    4.92126e+02    1.27456e+02   -1.25394e+06    3.08602e+05   -9.45336e+05
  Conserved En.    Temperature Pressure (bar)   Constr. rmsd
   -9.57164e+05    3.07814e+02    4.61518e+01    0.00000e+00

           Step           Time
          24000       24.00000

   Energies (kJ/mol)
           Bond            U-B    Proper Dih.  Improper Dih.      CMAP Dih.
    1.14350e+04    6.72593e+04    4.84148e+04    5.89072e+02    3.05970e+01
          LJ-14     Coulomb-14        LJ (SR)   Coulomb (SR)   Coul. recip.
    7.37340e+03    1.79627e+05    9.15737e+04   -1.66960e+06    5.58980e+03
 Position Rest.     Dih. Rest.      Potential    Kinetic En.   Total Energy
    4.85169e+02    1.18642e+02   -1.25711e+06    3.08626e+05   -9.48482e+05
  Conserved En.    Temperature Pressure (bar)   Constr. rmsd
   -9.57052e+05    3.07838e+02    3.64606e+00    0.00000e+00

           Step           Time
          25000       25.00000

   Energies (kJ/mol)
           Bond            U-B    Proper Dih.  Improper Dih.      CMAP Dih.
    1.14489e+04    6.74049e+04    4.85007e+04    6.19886e+02    3.79964e+01
          LJ-14     Coulomb-14        LJ (SR)   Coulomb (SR)   Coul. recip.
    7.41683e+03    1.80078e+05    9.29292e+04   -1.67138e+06    5.54572e+03
 Position Rest.     Dih. Rest.      Potential    Kinetic En.   Total Energy
    5.25393e+02    1.11598e+02   -1.25677e+06    3.10530e+05   -9.46236e+05
  Conserved En.    Temperature Pressure (bar)   Constr. rmsd
   -9.57083e+05    3.09736e+02    7.82043e+01    0.00000e+00

           Step           Time
          26000       26.00000

   Energies (kJ/mol)
           Bond            U-B    Proper Dih.  Improper Dih.      CMAP Dih.
    1.17575e+04    6.70101e+04    4.85760e+04    5.28878e+02    3.85356e+01
          LJ-14     Coulomb-14        LJ (SR)   Coulomb (SR)   Coul. recip.
    7.27512e+03    1.79804e+05    9.05327e+04   -1.66841e+06    5.48595e+03
 Position Rest.     Dih. Rest.      Potential    Kinetic En.   Total Energy
    5.02250e+02    1.01856e+02   -1.25680e+06    3.08625e+05   -9.48172e+05
  Conserved En.    Temperature Pressure (bar)   Constr. rmsd
   -9.56934e+05    3.07836e+02   -2.11838e+02    0.00000e+00

           Step           Time
          27000       27.00000

   Energies (kJ/mol)
           Bond            U-B    Proper Dih.  Improper Dih.      CMAP Dih.
    1.15952e+04    6.80367e+04    4.82932e+04    5.61171e+02    3.47517e+01
          LJ-14     Coulomb-14        LJ (SR)   Coulomb (SR)   Coul. recip.
    7.25012e+03    1.79893e+05    9.43139e+04   -1.67178e+06    5.45164e+03
 Position Rest.     Dih. Rest.      Potential    Kinetic En.   Total Energy
    5.37145e+02    1.10264e+02   -1.25571e+06    3.08601e+05   -9.47108e+05
  Conserved En.    Temperature Pressure (bar)   Constr. rmsd
   -9.56902e+05    3.07812e+02    1.10406e+02    0.00000e+00

           Step           Time
          28000       28.00000

   Energies (kJ/mol)
           Bond            U-B    Proper Dih.  Improper Dih.      CMAP Dih.
    1.15891e+04    6.74333e+04    4.81605e+04    6.20911e+02    4.44035e+01
          LJ-14     Coulomb-14        LJ (SR)   Coulomb (SR)   Coul. recip.
    7.38290e+03    1.79712e+05    9.35543e+04   -1.67055e+06    5.62663e+03
 Position Rest.     Dih. Rest.      Potential    Kinetic En.   Total Energy
    4.99159e+02    1.14451e+02   -1.25581e+06    3.10966e+05   -9.44843e+05
  Conserved En.    Temperature Pressure (bar)   Constr. rmsd
   -9.57197e+05    3.10172e+02    9.36641e+01    0.00000e+00

           Step           Time
          29000       29.00000

   Energies (kJ/mol)
           Bond            U-B    Proper Dih.  Improper Dih.      CMAP Dih.
    1.16262e+04    6.80142e+04    4.85203e+04    5.50305e+02    3.07029e+01
          LJ-14     Coulomb-14        LJ (SR)   Coulomb (SR)   Coul. recip.
    7.50417e+03    1.79846e+05    9.12698e+04   -1.66740e+06    5.51435e+03
 Position Rest.     Dih. Rest.      Potential    Kinetic En.   Total Energy
    5.05712e+02    1.14685e+02   -1.25391e+06    3.10059e+05   -9.43849e+05
  Conserved En.    Temperature Pressure (bar)   Constr. rmsd
   -9.57364e+05    3.09267e+02   -7.07622e+01    0.00000e+00

           Step           Time
          30000       30.00000

   Energies (kJ/mol)
           Bond            U-B    Proper Dih.  Improper Dih.      CMAP Dih.
    1.18323e+04    6.79176e+04    4.84609e+04    5.69854e+02    1.39555e+01
          LJ-14     Coulomb-14        LJ (SR)   Coulomb (SR)   Coul. recip.
    7.48810e+03    1.80027e+05    9.30839e+04   -1.66853e+06    5.55965e+03
 Position Rest.     Dih. Rest.      Potential    Kinetic En.   Total Energy
    4.94584e+02    1.16742e+02   -1.25297e+06    3.10965e+05   -9.42000e+05
  Conserved En.    Temperature Pressure (bar)   Constr. rmsd
   -9.57286e+05    3.10171e+02    3.09937e+00    0.00000e+00

           Step           Time
          31000       31.00000

   Energies (kJ/mol)
           Bond            U-B    Proper Dih.  Improper Dih.      CMAP Dih.
    1.17530e+04    6.77165e+04    4.84818e+04    6.17855e+02    6.02260e+01
          LJ-14     Coulomb-14        LJ (SR)   Coulomb (SR)   Coul. recip.
    7.35588e+03    1.79663e+05    9.43830e+04   -1.67087e+06    5.58002e+03
 Position Rest.     Dih. Rest.      Potential    Kinetic En.   Total Energy
    4.80419e+02    1.00397e+02   -1.25468e+06    3.11026e+05   -9.43655e+05
  Conserved En.    Temperature Pressure (bar)   Constr. rmsd
   -9.57166e+05    3.10231e+02    9.81845e+01    0.00000e+00

           Step           Time
          32000       32.00000

   Energies (kJ/mol)
           Bond            U-B    Proper Dih.  Improper Dih.      CMAP Dih.
    1.15915e+04    6.81345e+04    4.82193e+04    5.71703e+02    3.69986e+01
          LJ-14     Coulomb-14        LJ (SR)   Coulomb (SR)   Coul. recip.
    7.22360e+03    1.79535e+05    9.23613e+04   -1.66941e+06    5.55201e+03
 Position Rest.     Dih. Rest.      Potential    Kinetic En.   Total Energy
    4.89518e+02    1.15751e+02   -1.25557e+06    3.10373e+05   -9.45201e+05
  Conserved En.    Temperature Pressure (bar)   Constr. rmsd
   -9.56899e+05    3.09580e+02    2.20997e+01    0.00000e+00

           Step           Time
          33000       33.00000

   Energies (kJ/mol)
           Bond            U-B    Proper Dih.  Improper Dih.      CMAP Dih.
    1.16335e+04    6.83578e+04    4.83323e+04    5.34875e+02    5.03007e+01
          LJ-14     Coulomb-14        LJ (SR)   Coulomb (SR)   Coul. recip.
    7.27044e+03    1.79742e+05    9.26494e+04   -1.66734e+06    5.40185e+03
 Position Rest.     Dih. Rest.      Potential    Kinetic En.   Total Energy
    5.12229e+02    1.25477e+02   -1.25273e+06    3.10767e+05   -9.41960e+05
  Conserved En.    Temperature Pressure (bar)   Constr. rmsd
   -9.56974e+05    3.09973e+02   -1.05271e+02    0.00000e+00

           Step           Time
          34000       34.00000

   Energies (kJ/mol)
           Bond            U-B    Proper Dih.  Improper Dih.      CMAP Dih.
    1.14169e+04    6.76230e+04    4.81514e+04    5.86704e+02    4.09285e+01
          LJ-14     Coulomb-14        LJ (SR)   Coulomb (SR)   Coul. recip.
    7.26720e+03    1.79661e+05    9.14818e+04   -1.66710e+06    5.63398e+03
 Position Rest.     Dih. Rest.      Potential    Kinetic En.   Total Energy
    4.86107e+02    1.18026e+02   -1.25463e+06    3.11301e+05   -9.43328e+05
  Conserved En.    Temperature Pressure (bar)   Constr. rmsd
   -9.56729e+05    3.10506e+02   -2.79809e+01    0.00000e+00

           Step           Time
          35000       35.00000

   Energies (kJ/mol)
           Bond            U-B    Proper Dih.  Improper Dih.      CMAP Dih.
    1.15585e+04    6.78497e+04    4.84425e+04    5.14050e+02    3.96014e+01
          LJ-14     Coulomb-14        LJ (SR)   Coulomb (SR)   Coul. recip.
    7.47500e+03    1.79688e+05    9.50245e+04   -1.67195e+06    5.53693e+03
 Position Rest.     Dih. Rest.      Potential    Kinetic En.   Total Energy
    5.08175e+02    1.31779e+02   -1.25518e+06    3.09920e+05   -9.45264e+05
  Conserved En.    Temperature Pressure (bar)   Constr. rmsd
   -9.56584e+05    3.09128e+02    1.61599e+02    0.00000e+00

           Step           Time
          36000       36.00000

   Energies (kJ/mol)
           Bond            U-B    Proper Dih.  Improper Dih.      CMAP Dih.
    1.15637e+04    6.77253e+04    4.85399e+04    5.22125e+02    3.79133e+01
          LJ-14     Coulomb-14        LJ (SR)   Coulomb (SR)   Coul. recip.
    7.33005e+03    1.79315e+05    9.34072e+04   -1.67010e+06    5.49963e+03
 Position Rest.     Dih. Rest.      Potential    Kinetic En.   Total Energy
    5.00552e+02    1.08194e+02   -1.25555e+06    3.11536e+05   -9.44017e+05
  Conserved En.    Temperature Pressure (bar)   Constr. rmsd
   -9.56901e+05    3.10740e+02    8.50986e+01    0.00000e+00

           Step           Time
          37000       37.00000

   Energies (kJ/mol)
           Bond            U-B    Proper Dih.  Improper Dih.      CMAP Dih.
    1.15879e+04    6.80829e+04    4.85715e+04    5.42348e+02    3.12120e+01
          LJ-14     Coulomb-14        LJ (SR)   Coulomb (SR)   Coul. recip.
    7.43088e+03    1.79623e+05    9.26755e+04   -1.66875e+06    5.42977e+03
 Position Rest.     Dih. Rest.      Potential    Kinetic En.   Total Energy
    5.11891e+02    9.69792e+01   -1.25416e+06    3.10833e+05   -9.43329e+05
  Conserved En.    Temperature Pressure (bar)   Constr. rmsd
   -9.56524e+05    3.10039e+02    4.60032e+01    0.00000e+00

           Step           Time
          38000       38.00000

   Energies (kJ/mol)
           Bond            U-B    Proper Dih.  Improper Dih.      CMAP Dih.
    1.15414e+04    6.80276e+04    4.84308e+04    5.67678e+02    4.55927e+01
          LJ-14     Coulomb-14        LJ (SR)   Coulomb (SR)   Coul. recip.
    7.43897e+03    1.79419e+05    9.25236e+04   -1.67032e+06    5.60824e+03
 Position Rest.     Dih. Rest.      Potential    Kinetic En.   Total Energy
    5.18711e+02    1.31578e+02   -1.25607e+06    3.12744e+05   -9.43326e+05
  Conserved En.    Temperature Pressure (bar)   Constr. rmsd
   -9.56693e+05    3.11945e+02    7.92816e+00    0.00000e+00

           Step           Time
          39000       39.00000

   Energies (kJ/mol)
           Bond            U-B    Proper Dih.  Improper Dih.      CMAP Dih.
    1.16124e+04    6.75816e+04    4.84081e+04    5.71914e+02    4.85109e+01
          LJ-14     Coulomb-14        LJ (SR)   Coulomb (SR)   Coul. recip.
    7.31599e+03    1.79652e+05    9.18481e+04   -1.66902e+06    5.48592e+03
 Position Rest.     Dih. Rest.      Potential    Kinetic En.   Total Energy
    5.34784e+02    9.89937e+01   -1.25586e+06    3.10424e+05   -9.45438e+05
  Conserved En.    Temperature Pressure (bar)   Constr. rmsd
   -9.56710e+05    3.09630e+02   -1.56637e+02    0.00000e+00

           Step           Time
          40000       40.00000

   Energies (kJ/mol)
           Bond            U-B    Proper Dih.  Improper Dih.      CMAP Dih.
    1.14455e+04    6.69013e+04    4.84955e+04    5.71866e+02    3.29085e+01
          LJ-14     Coulomb-14        LJ (SR)   Coulomb (SR)   Coul. recip.
    7.42426e+03    1.79841e+05    9.32064e+04   -1.67040e+06    5.60332e+03
 Position Rest.     Dih. Rest.      Potential    Kinetic En.   Total Energy
    4.73084e+02    9.59246e+01   -1.25631e+06    3.10374e+05   -9.45931e+05
  Conserved En.    Temperature Pressure (bar)   Constr. rmsd
   -9.56665e+05    3.09581e+02    1.55984e+02    0.00000e+00

           Step           Time
          41000       41.00000

   Energies (kJ/mol)
           Bond            U-B    Proper Dih.  Improper Dih.      CMAP Dih.
    1.16656e+04    6.82384e+04    4.87438e+04    6.01814e+02    1.22139e+01
          LJ-14     Coulomb-14        LJ (SR)   Coulomb (SR)   Coul. recip.
    7.13889e+03    1.78542e+05    9.19413e+04   -1.66730e+06    5.62515e+03
 Position Rest.     Dih. Rest.      Potential    Kinetic En.   Total Energy
    5.08952e+02    1.41975e+02   -1.25414e+06    3.12298e+05   -9.41842e+05
  Conserved En.    Temperature Pressure (bar)   Constr. rmsd
   -9.56516e+05    3.11500e+02   -3.67089e+01    0.00000e+00

           Step           Time
          42000       42.00000

   Energies (kJ/mol)
           Bond            U-B    Proper Dih.  Improper Dih.      CMAP Dih.
    1.17506e+04    6.78578e+04    4.84148e+04    5.85226e+02    3.40154e+01
          LJ-14     Coulomb-14        LJ (SR)   Coulomb (SR)   Coul. recip.
    7.25130e+03    1.79366e+05    9.17492e+04   -1.66673e+06    5.58291e+03
 Position Rest.     Dih. Rest.      Potential    Kinetic En.   Total Energy
    4.60677e+02    1.34656e+02   -1.25355e+06    3.12466e+05   -9.41081e+05
  Conserved En.    Temperature Pressure (bar)   Constr. rmsd
   -9.56631e+05    3.11668e+02    4.16214e+01    0.00000e+00

           Step           Time
          43000       43.00000

   Energies (kJ/mol)
           Bond            U-B    Proper Dih.  Improper Dih.      CMAP Dih.
    1.20954e+04    6.81779e+04    4.86702e+04    5.40213e+02    4.49996e+01
          LJ-14     Coulomb-14        LJ (SR)   Coulomb (SR)   Coul. recip.
    7.44758e+03    1.79327e+05    9.31019e+04   -1.66699e+06    5.54779e+03
 Position Rest.     Dih. Rest.      Potential    Kinetic En.   Total Energy
    4.44567e+02    1.18097e+02   -1.25148e+06    3.12211e+05   -9.39268e+05
  Conserved En.    Temperature Pressure (bar)   Constr. rmsd
   -9.56713e+05    3.11413e+02    1.22036e+02    0.00000e+00

           Step           Time
          44000       44.00000

   Energies (kJ/mol)
           Bond            U-B    Proper Dih.  Improper Dih.      CMAP Dih.
    1.18968e+04    6.86277e+04    4.84589e+04    5.70295e+02    2.57627e+01
          LJ-14     Coulomb-14        LJ (SR)   Coulomb (SR)   Coul. recip.
    7.35315e+03    1.79928e+05    9.15383e+04   -1.66832e+06    5.52006e+03
 Position Rest.     Dih. Rest.      Potential    Kinetic En.   Total Energy
    4.82438e+02    1.28132e+02   -1.25379e+06    3.11443e+05   -9.42351e+05
  Conserved En.    Temperature Pressure (bar)   Constr. rmsd
   -9.56615e+05    3.10647e+02   -8.68370e+01    0.00000e+00

           Step           Time
          45000       45.00000

   Energies (kJ/mol)
           Bond            U-B    Proper Dih.  Improper Dih.      CMAP Dih.
    1.18025e+04    6.80874e+04    4.85498e+04    5.50430e+02    4.41089e+01
          LJ-14     Coulomb-14        LJ (SR)   Coulomb (SR)   Coul. recip.
    7.15807e+03    1.79326e+05    9.23826e+04   -1.67029e+06    5.57579e+03
 Position Rest.     Dih. Rest.      Potential    Kinetic En.   Total Energy
    4.95692e+02    1.26603e+02   -1.25619e+06    3.10577e+05   -9.45615e+05
  Conserved En.    Temperature Pressure (bar)   Constr. rmsd
   -9.56686e+05    3.09784e+02   -8.00085e+01    0.00000e+00

           Step           Time
          46000       46.00000

   Energies (kJ/mol)
           Bond            U-B    Proper Dih.  Improper Dih.      CMAP Dih.
    1.16307e+04    6.79915e+04    4.86293e+04    5.76009e+02    1.20421e+01
          LJ-14     Coulomb-14        LJ (SR)   Coulomb (SR)   Coul. recip.
    7.28105e+03    1.79450e+05    9.41266e+04   -1.67009e+06    5.63910e+03
 Position Rest.     Dih. Rest.      Potential    Kinetic En.   Total Energy
    4.99607e+02    1.26655e+02   -1.25413e+06    3.10738e+05   -9.43388e+05
  Conserved En.    Temperature Pressure (bar)   Constr. rmsd
   -9.56908e+05    3.09944e+02    9.02244e+01    0.00000e+00

           Step           Time
          47000       47.00000

   Energies (kJ/mol)
           Bond            U-B    Proper Dih.  Improper Dih.      CMAP Dih.
    1.16213e+04    6.86199e+04    4.85160e+04    5.38620e+02    8.25559e+01
          LJ-14     Coulomb-14        LJ (SR)   Coulomb (SR)   Coul. recip.
    7.14542e+03    1.79044e+05    9.14207e+04   -1.66777e+06    5.59397e+03
 Position Rest.     Dih. Rest.      Potential    Kinetic En.   Total Energy
    4.18936e+02    1.26189e+02   -1.25464e+06    3.12700e+05   -9.41938e+05
  Conserved En.    Temperature Pressure (bar)   Constr. rmsd
   -9.56829e+05    3.11901e+02   -1.13495e+02    0.00000e+00

           Step           Time
          48000       48.00000

   Energies (kJ/mol)
           Bond            U-B    Proper Dih.  Improper Dih.      CMAP Dih.
    1.13997e+04    6.77913e+04    4.86866e+04    6.02552e+02    5.82762e+01
          LJ-14     Coulomb-14        LJ (SR)   Coulomb (SR)   Coul. recip.
    7.42469e+03    1.79439e+05    9.18755e+04   -1.66876e+06    5.72214e+03
 Position Rest.     Dih. Rest.      Potential    Kinetic En.   Total Energy
    4.63274e+02    1.17601e+02   -1.25518e+06    3.11305e+05   -9.43873e+05
  Conserved En.    Temperature Pressure (bar)   Constr. rmsd
   -9.56890e+05    3.10510e+02    1.09580e+01    0.00000e+00

           Step           Time
          49000       49.00000

   Energies (kJ/mol)
           Bond            U-B    Proper Dih.  Improper Dih.      CMAP Dih.
    1.15438e+04    6.78141e+04    4.85625e+04    5.44299e+02    4.61187e+01
          LJ-14     Coulomb-14        LJ (SR)   Coulomb (SR)   Coul. recip.
    7.35468e+03    1.79393e+05    9.19039e+04   -1.67077e+06    5.61714e+03
 Position Rest.     Dih. Rest.      Potential    Kinetic En.   Total Energy
    4.87720e+02    1.07875e+02   -1.25739e+06    3.10072e+05   -9.47319e+05
  Conserved En.    Temperature Pressure (bar)   Constr. rmsd
   -9.56539e+05    3.09280e+02   -1.16867e+02    0.00000e+00

           Step           Time
          50000       50.00000

   Energies (kJ/mol)
           Bond            U-B    Proper Dih.  Improper Dih.      CMAP Dih.
    1.16954e+04    6.75996e+04    4.81396e+04    5.83920e+02    5.31135e+00
          LJ-14     Coulomb-14        LJ (SR)   Coulomb (SR)   Coul. recip.
    7.37338e+03    1.79669e+05    9.45252e+04   -1.67303e+06    5.53643e+03
 Position Rest.     Dih. Rest.      Potential    Kinetic En.   Total Energy
    5.01542e+02    1.09758e+02   -1.25729e+06    3.11073e+05   -9.46214e+05
  Conserved En.    Temperature Pressure (bar)   Constr. rmsd
   -9.56633e+05    3.10278e+02    1.54888e+02    0.00000e+00

           Step           Time
          51000       51.00000

   Energies (kJ/mol)
           Bond            U-B    Proper Dih.  Improper Dih.      CMAP Dih.
    1.14870e+04    6.75977e+04    4.85285e+04    6.18312e+02    4.32734e+01
          LJ-14     Coulomb-14        LJ (SR)   Coulomb (SR)   Coul. recip.
    7.34920e+03    1.79692e+05    9.33643e+04   -1.67060e+06    5.72871e+03
 Position Rest.     Dih. Rest.      Potential    Kinetic En.   Total Energy
    4.77794e+02    1.30903e+02   -1.25558e+06    3.10253e+05   -9.45332e+05
  Conserved En.    Temperature Pressure (bar)   Constr. rmsd
   -9.56742e+05    3.09460e+02   -1.26108e+01    0.00000e+00

           Step           Time
          52000       52.00000

   Energies (kJ/mol)
           Bond            U-B    Proper Dih.  Improper Dih.      CMAP Dih.
    1.16974e+04    6.78006e+04    4.84828e+04    5.96847e+02    2.48687e+01
          LJ-14     Coulomb-14        LJ (SR)   Coulomb (SR)   Coul. recip.
    7.46194e+03    1.79680e+05    9.28144e+04   -1.67052e+06    5.57958e+03
 Position Rest.     Dih. Rest.      Potential    Kinetic En.   Total Energy
    5.24125e+02    1.16460e+02   -1.25574e+06    3.11942e+05   -9.43798e+05
  Conserved En.    Temperature Pressure (bar)   Constr. rmsd
   -9.56997e+05    3.11145e+02    5.60330e+01    0.00000e+00

           Step           Time
          53000       53.00000

   Energies (kJ/mol)
           Bond            U-B    Proper Dih.  Improper Dih.      CMAP Dih.
    1.16088e+04    6.82134e+04    4.84954e+04    6.03532e+02    2.46972e+01
          LJ-14     Coulomb-14        LJ (SR)   Coulomb (SR)   Coul. recip.
    7.34639e+03    1.79629e+05    9.33760e+04   -1.66931e+06    5.61009e+03
 Position Rest.     Dih. Rest.      Potential    Kinetic En.   Total Energy
    5.20993e+02    1.03104e+02   -1.25378e+06    3.12385e+05   -9.41398e+05
  Conserved En.    Temperature Pressure (bar)   Constr. rmsd
   -9.57102e+05    3.11587e+02   -1.31482e+01    0.00000e+00

           Step           Time
          54000       54.00000

   Energies (kJ/mol)
           Bond            U-B    Proper Dih.  Improper Dih.      CMAP Dih.
    1.18461e+04    6.85020e+04    4.82782e+04    5.65512e+02    5.61230e+01
          LJ-14     Coulomb-14        LJ (SR)   Coulomb (SR)   Coul. recip.
    7.27691e+03    1.79794e+05    9.29332e+04   -1.66764e+06    5.59954e+03
 Position Rest.     Dih. Rest.      Potential    Kinetic En.   Total Energy
    4.95587e+02    1.40504e+02   -1.25215e+06    3.11237e+05   -9.40914e+05
  Conserved En.    Temperature Pressure (bar)   Constr. rmsd
   -9.57317e+05    3.10441e+02    8.23962e+01    0.00000e+00

           Step           Time
          55000       55.00000

   Energies (kJ/mol)
           Bond            U-B    Proper Dih.  Improper Dih.      CMAP Dih.
    1.17400e+04    6.79823e+04    4.83541e+04    5.41653e+02    3.45424e+01
          LJ-14     Coulomb-14        LJ (SR)   Coulomb (SR)   Coul. recip.
    7.37166e+03    1.79960e+05    9.13944e+04   -1.66593e+06    5.67102e+03
 Position Rest.     Dih. Rest.      Potential    Kinetic En.   Total Energy
    5.04396e+02    1.17439e+02   -1.25226e+06    3.11683e+05   -9.40576e+05
  Conserved En.    Temperature Pressure (bar)   Constr. rmsd
   -9.57213e+05    3.10886e+02   -4.66054e+01    0.00000e+00

           Step           Time
          56000       56.00000

   Energies (kJ/mol)
           Bond            U-B    Proper Dih.  Improper Dih.      CMAP Dih.
    1.16691e+04    6.76922e+04    4.83411e+04    6.12192e+02    3.89958e+01
          LJ-14     Coulomb-14        LJ (SR)   Coulomb (SR)   Coul. recip.
    7.38043e+03    1.79739e+05    9.20325e+04   -1.66739e+06    5.65377e+03
 Position Rest.     Dih. Rest.      Potential    Kinetic En.   Total Energy
    4.91481e+02    1.38193e+02   -1.25360e+06    3.10785e+05   -9.42813e+05
  Conserved En.    Temperature Pressure (bar)   Constr. rmsd
   -9.57133e+05    3.09991e+02   -2.43803e+01    0.00000e+00

           Step           Time
          57000       57.00000

   Energies (kJ/mol)
           Bond            U-B    Proper Dih.  Improper Dih.      CMAP Dih.
    1.16405e+04    6.75019e+04    4.84180e+04    5.66535e+02    7.81840e+01
          LJ-14     Coulomb-14        LJ (SR)   Coulomb (SR)   Coul. recip.
    7.37000e+03    1.79842e+05    9.25546e+04   -1.66922e+06    5.56862e+03
 Position Rest.     Dih. Rest.      Potential    Kinetic En.   Total Energy
    4.53474e+02    1.25264e+02   -1.25510e+06    3.11138e+05   -9.43959e+05
  Conserved En.    Temperature Pressure (bar)   Constr. rmsd
   -9.56774e+05    3.10343e+02   -3.26311e+01    0.00000e+00

           Step           Time
          58000       58.00000

   Energies (kJ/mol)
           Bond            U-B    Proper Dih.  Improper Dih.      CMAP Dih.
    1.13175e+04    6.73518e+04    4.83129e+04    5.37243e+02    3.54815e+01
          LJ-14     Coulomb-14        LJ (SR)   Coulomb (SR)   Coul. recip.
    7.34275e+03    1.79770e+05    9.23641e+04   -1.66896e+06    5.59823e+03
 Position Rest.     Dih. Rest.      Potential    Kinetic En.   Total Energy
    4.83400e+02    1.20966e+02   -1.25572e+06    3.09482e+05   -9.46240e+05
  Conserved En.    Temperature Pressure (bar)   Constr. rmsd
   -9.56512e+05    3.08691e+02   -1.56743e+01    0.00000e+00

           Step           Time
          59000       59.00000

   Energies (kJ/mol)
           Bond            U-B    Proper Dih.  Improper Dih.      CMAP Dih.
    1.13475e+04    6.79544e+04    4.85186e+04    5.49688e+02    4.31616e+01
          LJ-14     Coulomb-14        LJ (SR)   Coulomb (SR)   Coul. recip.
    7.28584e+03    1.79717e+05    9.53398e+04   -1.67249e+06    5.54463e+03
 Position Rest.     Dih. Rest.      Potential    Kinetic En.   Total Energy
    4.68769e+02    1.26221e+02   -1.25560e+06    3.08972e+05   -9.46626e+05
  Conserved En.    Temperature Pressure (bar)   Constr. rmsd
   -9.56636e+05    3.08183e+02    1.46263e+02    0.00000e+00

           Step           Time
          60000       60.00000

   Energies (kJ/mol)
           Bond            U-B    Proper Dih.  Improper Dih.      CMAP Dih.
    1.17421e+04    6.76275e+04    4.83604e+04    5.89645e+02    2.63851e+01
          LJ-14     Coulomb-14        LJ (SR)   Coulomb (SR)   Coul. recip.
    7.22168e+03    1.79694e+05    9.11552e+04   -1.66797e+06    5.54891e+03
 Position Rest.     Dih. Rest.      Potential    Kinetic En.   Total Energy
    4.99441e+02    1.28020e+02   -1.25538e+06    3.11401e+05   -9.43974e+05
  Conserved En.    Temperature Pressure (bar)   Constr. rmsd
   -9.56796e+05    3.10605e+02   -1.23730e+02    0.00000e+00

           Step           Time
          61000       61.00000

   Energies (kJ/mol)
           Bond            U-B    Proper Dih.  Improper Dih.      CMAP Dih.
    1.17177e+04    6.83499e+04    4.83506e+04    6.49420e+02    1.20296e+01
          LJ-14     Coulomb-14        LJ (SR)   Coulomb (SR)   Coul. recip.
    7.19479e+03    1.79617e+05    9.29259e+04   -1.66747e+06    5.59009e+03
 Position Rest.     Dih. Rest.      Potential    Kinetic En.   Total Energy
    4.20671e+02    1.14586e+02   -1.25252e+06    3.10828e+05   -9.41695e+05
  Conserved En.    Temperature Pressure (bar)   Constr. rmsd
   -9.56813e+05    3.10033e+02   -9.11900e+00    0.00000e+00

           Step           Time
          62000       62.00000

   Energies (kJ/mol)
           Bond            U-B    Proper Dih.  Improper Dih.      CMAP Dih.
    1.18395e+04    6.79092e+04    4.85674e+04    5.48752e+02    1.63748e+01
          LJ-14     Coulomb-14        LJ (SR)   Coulomb (SR)   Coul. recip.
    7.49081e+03    1.80103e+05    9.20576e+04   -1.66663e+06    5.67866e+03
 Position Rest.     Dih. Rest.      Potential    Kinetic En.   Total Energy
    4.53618e+02    1.14979e+02   -1.25185e+06    3.10502e+05   -9.41348e+05
  Conserved En.    Temperature Pressure (bar)   Constr. rmsd
   -9.56737e+05    3.09708e+02    1.84554e+01    0.00000e+00

           Step           Time
          63000       63.00000

   Energies (kJ/mol)
           Bond            U-B    Proper Dih.  Improper Dih.      CMAP Dih.
    1.15896e+04    6.88296e+04    4.85369e+04    6.42795e+02    5.79092e+01
          LJ-14     Coulomb-14        LJ (SR)   Coulomb (SR)   Coul. recip.
    7.40358e+03    1.79470e+05    9.36413e+04   -1.66877e+06    5.56147e+03
 Position Rest.     Dih. Rest.      Potential    Kinetic En.   Total Energy
    4.66372e+02    1.39095e+02   -1.25243e+06    3.11802e+05   -9.40625e+05
  Conserved En.    Temperature Pressure (bar)   Constr. rmsd
   -9.56693e+05    3.11005e+02    1.38755e+02    0.00000e+00

           Step           Time
          64000       64.00000

   Energies (kJ/mol)
           Bond            U-B    Proper Dih.  Improper Dih.      CMAP Dih.
    1.18501e+04    6.80618e+04    4.84287e+04    5.59114e+02    4.43727e+01
          LJ-14     Coulomb-14        LJ (SR)   Coulomb (SR)   Coul. recip.
    7.39084e+03    1.79507e+05    9.03884e+04   -1.66672e+06    5.61237e+03
 Position Rest.     Dih. Rest.      Potential    Kinetic En.   Total Energy
    5.12218e+02    1.18743e+02   -1.25425e+06    3.12555e+05   -9.41694e+05
  Conserved En.    Temperature Pressure (bar)   Constr. rmsd
   -9.56607e+05    3.11757e+02   -2.28072e+02    0.00000e+00

           Step           Time
          65000       65.00000

   Energies (kJ/mol)
           Bond            U-B    Proper Dih.  Improper Dih.      CMAP Dih.
    1.17005e+04    6.82346e+04    4.85799e+04    6.37762e+02    6.02941e+01
          LJ-14     Coulomb-14        LJ (SR)   Coulomb (SR)   Coul. recip.
    7.21331e+03    1.79695e+05    9.30732e+04   -1.66779e+06    5.55827e+03
 Position Rest.     Dih. Rest.      Potential    Kinetic En.   Total Energy
    4.84684e+02    1.08353e+02   -1.25244e+06    3.11354e+05   -9.41089e+05
  Conserved En.    Temperature Pressure (bar)   Constr. rmsd
   -9.56634e+05    3.10558e+02   -9.63263e+01    0.00000e+00

           Step           Time
          66000       66.00000

   Energies (kJ/mol)
           Bond            U-B    Proper Dih.  Improper Dih.      CMAP Dih.
    1.18073e+04    6.76765e+04    4.85736e+04    5.87141e+02    2.94288e+01
          LJ-14     Coulomb-14        LJ (SR)   Coulomb (SR)   Coul. recip.
    7.30031e+03    1.79474e+05    9.30020e+04   -1.66835e+06    5.64795e+03
 Position Rest.     Dih. Rest.      Potential    Kinetic En.   Total Energy
    4.79333e+02    1.35393e+02   -1.25363e+06    3.11945e+05   -9.41689e+05
  Conserved En.    Temperature Pressure (bar)   Constr. rmsd
   -9.56406e+05    3.11148e+02   -1.05073e+01    0.00000e+00

           Step           Time
          67000       67.00000

   Energies (kJ/mol)
           Bond            U-B    Proper Dih.  Improper Dih.      CMAP Dih.
    1.18817e+04    6.86251e+04    4.84668e+04    5.62867e+02    3.37148e+01
          LJ-14     Coulomb-14        LJ (SR)   Coulomb (SR)   Coul. recip.
    7.37414e+03    1.79969e+05    9.18505e+04   -1.66764e+06    5.58273e+03
 Position Rest.     Dih. Rest.      Potential    Kinetic En.   Total Energy
    4.63535e+02    1.24149e+02   -1.25271e+06    3.12685e+05   -9.40024e+05
  Conserved En.    Temperature Pressure (bar)   Constr. rmsd
   -9.56560e+05    3.11886e+02   -1.29867e+02    0.00000e+00

           Step           Time
          68000       68.00000

   Energies (kJ/mol)
           Bond            U-B    Proper Dih.  Improper Dih.      CMAP Dih.
    1.16898e+04    6.85340e+04    4.84300e+04    6.03525e+02    2.66285e+01
          LJ-14     Coulomb-14        LJ (SR)   Coulomb (SR)   Coul. recip.
    7.23797e+03    1.79721e+05    9.26095e+04   -1.66855e+06    5.54112e+03
 Position Rest.     Dih. Rest.      Potential    Kinetic En.   Total Energy
    4.47763e+02    1.13359e+02   -1.25359e+06    3.11562e+05   -9.42033e+05
  Conserved En.    Temperature Pressure (bar)   Constr. rmsd
   -9.56658e+05    3.10766e+02    1.55797e+01    0.00000e+00

           Step           Time
          69000       69.00000

   Energies (kJ/mol)
           Bond            U-B    Proper Dih.  Improper Dih.      CMAP Dih.
    1.19156e+04    6.83532e+04    4.85723e+04    5.83389e+02    1.45131e+01
          LJ-14     Coulomb-14        LJ (SR)   Coulomb (SR)   Coul. recip.
    7.40092e+03    1.79588e+05    9.36911e+04   -1.66946e+06    5.70238e+03
 Position Rest.     Dih. Rest.      Potential    Kinetic En.   Total Energy
    5.14809e+02    1.09308e+02   -1.25302e+06    3.11689e+05   -9.41331e+05
  Conserved En.    Temperature Pressure (bar)   Constr. rmsd
   -9.56716e+05    3.10892e+02    1.25592e+02    0.00000e+00

           Step           Time
          70000       70.00000

   Energies (kJ/mol)
           Bond            U-B    Proper Dih.  Improper Dih.      CMAP Dih.
    1.16189e+04    6.83001e+04    4.83242e+04    6.02926e+02    3.98938e+01
          LJ-14     Coulomb-14        LJ (SR)   Coulomb (SR)   Coul. recip.
    7.41162e+03    1.79784e+05    9.12328e+04   -1.66585e+06    5.71407e+03
 Position Rest.     Dih. Rest.      Potential    Kinetic En.   Total Energy
    4.76846e+02    1.11974e+02   -1.25223e+06    3.11974e+05   -9.40258e+05
  Conserved En.    Temperature Pressure (bar)   Constr. rmsd
   -9.56753e+05    3.11176e+02    1.27928e+01    0.00000e+00

           Step           Time
          71000       71.00000

   Energies (kJ/mol)
           Bond            U-B    Proper Dih.  Improper Dih.      CMAP Dih.
    1.15565e+04    6.81014e+04    4.83416e+04    5.85463e+02    2.70303e+01
          LJ-14     Coulomb-14        LJ (SR)   Coulomb (SR)   Coul. recip.
    7.30306e+03    1.79666e+05    9.21757e+04   -1.66909e+06    5.49559e+03
 Position Rest.     Dih. Rest.      Potential    Kinetic En.   Total Energy
    4.89845e+02    1.06688e+02   -1.25524e+06    3.10555e+05   -9.44686e+05
  Conserved En.    Temperature Pressure (bar)   Constr. rmsd
   -9.56850e+05    3.09761e+02    9.66625e+01    0.00000e+00

           Step           Time
          72000       72.00000

   Energies (kJ/mol)
           Bond            U-B    Proper Dih.  Improper Dih.      CMAP Dih.
    1.16873e+04    6.80533e+04    4.83133e+04    5.79494e+02    3.59395e+01
          LJ-14     Coulomb-14        LJ (SR)   Coulomb (SR)   Coul. recip.
    7.41731e+03    1.79646e+05    9.20005e+04   -1.66804e+06    5.48877e+03
 Position Rest.     Dih. Rest.      Potential    Kinetic En.   Total Energy
    4.93246e+02    1.30327e+02   -1.25420e+06    3.10664e+05   -9.43532e+05
  Conserved En.    Temperature Pressure (bar)   Constr. rmsd
   -9.56929e+05    3.09870e+02   -2.95704e+01    0.00000e+00

           Step           Time
          73000       73.00000

   Energies (kJ/mol)
           Bond            U-B    Proper Dih.  Improper Dih.      CMAP Dih.
    1.14981e+04    6.77126e+04    4.84421e+04    6.02371e+02    8.67069e+00
          LJ-14     Coulomb-14        LJ (SR)   Coulomb (SR)   Coul. recip.
    7.38897e+03    1.79468e+05    9.16949e+04   -1.66902e+06    5.53770e+03
 Position Rest.     Dih. Rest.      Potential    Kinetic En.   Total Energy
    4.87739e+02    1.12821e+02   -1.25606e+06    3.11603e+05   -9.44460e+05
  Conserved En.    Temperature Pressure (bar)   Constr. rmsd
   -9.56778e+05    3.10807e+02   -1.28118e+02    0.00000e+00

           Step           Time
          74000       74.00000

   Energies (kJ/mol)
           Bond            U-B    Proper Dih.  Improper Dih.      CMAP Dih.
    1.15777e+04    6.74786e+04    4.84218e+04    5.69504e+02    4.47720e+01
          LJ-14     Coulomb-14        LJ (SR)   Coulomb (SR)   Coul. recip.
    7.12748e+03    1.79245e+05    9.20268e+04   -1.66943e+06    5.74650e+03
 Position Rest.     Dih. Rest.      Potential    Kinetic En.   Total Energy
    4.71758e+02    9.69752e+01   -1.25662e+06    3.10947e+05   -9.45675e+05
  Conserved En.    Temperature Pressure (bar)   Constr. rmsd
   -9.56812e+05    3.10153e+02   -6.02580e+01    0.00000e+00

           Step           Time
          75000       75.00000

   Energies (kJ/mol)
           Bond            U-B    Proper Dih.  Improper Dih.      CMAP Dih.
    1.17163e+04    6.79798e+04    4.84570e+04    5.71544e+02    4.41295e+01
          LJ-14     Coulomb-14        LJ (SR)   Coulomb (SR)   Coul. recip.
    7.34311e+03    1.79637e+05    9.18668e+04   -1.66999e+06    5.48408e+03
 Position Rest.     Dih. Rest.      Potential    Kinetic En.   Total Energy
    5.18652e+02    1.27602e+02   -1.25625e+06    3.09703e+05   -9.46544e+05
  Conserved En.    Temperature Pressure (bar)   Constr. rmsd
   -9.56498e+05    3.08912e+02   -1.29943e+02    0.00000e+00

           Step           Time
          76000       76.00000

   Energies (kJ/mol)
           Bond            U-B    Proper Dih.  Improper Dih.      CMAP Dih.
    1.15337e+04    6.67789e+04    4.84181e+04    5.70382e+02    3.07869e+01
          LJ-14     Coulomb-14        LJ (SR)   Coulomb (SR)   Coul. recip.
    7.46708e+03    1.79692e+05    9.17164e+04   -1.66968e+06    5.50965e+03
 Position Rest.     Dih. Rest.      Potential    Kinetic En.   Total Energy
    4.67913e+02    1.32250e+02   -1.25736e+06    3.10943e+05   -9.46418e+05
  Conserved En.    Temperature Pressure (bar)   Constr. rmsd
   -9.56436e+05    3.10149e+02    4.19272e+01    0.00000e+00

           Step           Time
          77000       77.00000

   Energies (kJ/mol)
           Bond            U-B    Proper Dih.  Improper Dih.      CMAP Dih.
    1.16906e+04    6.71938e+04    4.83582e+04    5.89885e+02    6.05924e+01
          LJ-14     Coulomb-14        LJ (SR)   Coulomb (SR)   Coul. recip.
    7.38540e+03    1.79760e+05    9.30105e+04   -1.67065e+06    5.49305e+03
 Position Rest.     Dih. Rest.      Potential    Kinetic En.   Total Energy
    4.98098e+02    1.31722e+02   -1.25647e+06    3.11575e+05   -9.44900e+05
  Conserved En.    Temperature Pressure (bar)   Constr. rmsd
   -9.56494e+05    3.10779e+02    4.16644e+01    0.00000e+00

           Step           Time
          78000       78.00000

   Energies (kJ/mol)
           Bond            U-B    Proper Dih.  Improper Dih.      CMAP Dih.
    1.16209e+04    6.80108e+04    4.88052e+04    6.28883e+02    4.52032e+01
          LJ-14     Coulomb-14        LJ (SR)   Coulomb (SR)   Coul. recip.
    7.37178e+03    1.79548e+05    9.25444e+04   -1.66897e+06    5.47172e+03
 Position Rest.     Dih. Rest.      Potential    Kinetic En.   Total Energy
    4.46888e+02    9.92583e+01   -1.25438e+06    3.12386e+05   -9.41995e+05
  Conserved En.    Temperature Pressure (bar)   Constr. rmsd
   -9.56328e+05    3.11587e+02   -1.96511e+01    0.00000e+00

           Step           Time
          79000       79.00000

   Energies (kJ/mol)
           Bond            U-B    Proper Dih.  Improper Dih.      CMAP Dih.
    1.19808e+04    6.74511e+04    4.84823e+04    5.97174e+02    2.94061e+01
          LJ-14     Coulomb-14        LJ (SR)   Coulomb (SR)   Coul. recip.
    7.33673e+03    1.79564e+05    9.27361e+04   -1.66984e+06    5.60051e+03
 Position Rest.     Dih. Rest.      Potential    Kinetic En.   Total Energy
    4.65656e+02    1.10384e+02   -1.25549e+06    3.11185e+05   -9.44304e+05
  Conserved En.    Temperature Pressure (bar)   Constr. rmsd
   -9.56002e+05    3.10390e+02   -4.01679e+01    0.00000e+00

           Step           Time
          80000       80.00000

   Energies (kJ/mol)
           Bond            U-B    Proper Dih.  Improper Dih.      CMAP Dih.
    1.13591e+04    6.78278e+04    4.82709e+04    5.53502e+02    4.11140e+01
          LJ-14     Coulomb-14        LJ (SR)   Coulomb (SR)   Coul. recip.
    7.44554e+03    1.79448e+05    9.37477e+04   -1.67188e+06    5.57642e+03
 Position Rest.     Dih. Rest.      Potential    Kinetic En.   Total Energy
    4.46121e+02    1.17145e+02   -1.25705e+06    3.11470e+05   -9.45577e+05
  Conserved En.    Temperature Pressure (bar)   Constr. rmsd
   -9.56070e+05    3.10674e+02    1.07422e+02    0.00000e+00

           Step           Time
          81000       81.00000

   Energies (kJ/mol)
           Bond            U-B    Proper Dih.  Improper Dih.      CMAP Dih.
    1.14471e+04    6.75306e+04    4.83224e+04    5.57685e+02    5.50210e+01
          LJ-14     Coulomb-14        LJ (SR)   Coulomb (SR)   Coul. recip.
    7.19568e+03    1.79244e+05    9.33982e+04   -1.67195e+06    5.57240e+03
 Position Rest.     Dih. Rest.      Potential    Kinetic En.   Total Energy
    4.40968e+02    1.27195e+02   -1.25806e+06    3.10496e+05   -9.47562e+05
  Conserved En.    Temperature Pressure (bar)   Constr. rmsd
   -9.56008e+05    3.09703e+02   -5.13460e+01    0.00000e+00

           Step           Time
          82000       82.00000

   Energies (kJ/mol)
           Bond            U-B    Proper Dih.  Improper Dih.      CMAP Dih.
    1.17776e+04    6.78815e+04    4.82525e+04    5.25094e+02    6.04071e+01
          LJ-14     Coulomb-14        LJ (SR)   Coulomb (SR)   Coul. recip.
    7.23853e+03    1.79434e+05    9.31370e+04   -1.67043e+06    5.43958e+03
 Position Rest.     Dih. Rest.      Potential    Kinetic En.   Total Energy
    4.45146e+02    1.14705e+02   -1.25612e+06    3.10983e+05   -9.45139e+05
  Conserved En.    Temperature Pressure (bar)   Constr. rmsd
   -9.55765e+05    3.10189e+02    1.45496e+02    0.00000e+00

           Step           Time
          83000       83.00000

   Energies (kJ/mol)
           Bond            U-B    Proper Dih.  Improper Dih.      CMAP Dih.
    1.15435e+04    6.76152e+04    4.83240e+04    5.72791e+02    6.21591e+01
          LJ-14     Coulomb-14        LJ (SR)   Coulomb (SR)   Coul. recip.
    7.41706e+03    1.80054e+05    9.14519e+04   -1.67014e+06    5.50167e+03
 Position Rest.     Dih. Rest.      Potential    Kinetic En.   Total Energy
    4.62072e+02    1.15859e+02   -1.25702e+06    3.11039e+05   -9.45984e+05
  Conserved En.    Temperature Pressure (bar)   Constr. rmsd
   -9.55688e+05    3.10244e+02    1.13160e+01    0.00000e+00

           Step           Time
          84000       84.00000

   Energies (kJ/mol)
           Bond            U-B    Proper Dih.  Improper Dih.      CMAP Dih.
    1.16890e+04    6.75132e+04    4.83020e+04    6.04517e+02    3.02777e+01
          LJ-14     Coulomb-14        LJ (SR)   Coulomb (SR)   Coul. recip.
    7.31590e+03    1.79562e+05    9.16707e+04   -1.67122e+06    5.58161e+03
 Position Rest.     Dih. Rest.      Potential    Kinetic En.   Total Energy
    4.42701e+02    1.26887e+02   -1.25838e+06    3.11098e+05   -9.47280e+05
  Conserved En.    Temperature Pressure (bar)   Constr. rmsd
   -9.55657e+05    3.10303e+02    2.93516e-02    0.00000e+00

           Step           Time
          85000       85.00000

   Energies (kJ/mol)
           Bond            U-B    Proper Dih.  Improper Dih.      CMAP Dih.
    1.18612e+04    6.71565e+04    4.83960e+04    5.78554e+02    2.42114e+01
          LJ-14     Coulomb-14        LJ (SR)   Coulomb (SR)   Coul. recip.
    7.35836e+03    1.79502e+05    9.33178e+04   -1.67083e+06    5.47466e+03
 Position Rest.     Dih. Rest.      Potential    Kinetic En.   Total Energy
    4.41811e+02    1.23391e+02   -1.25660e+06    3.10493e+05   -9.46106e+05
  Conserved En.    Temperature Pressure (bar)   Constr. rmsd
   -9.56036e+05    3.09699e+02    4.82738e+01    0.00000e+00

           Step           Time
          86000       86.00000

   Energies (kJ/mol)
           Bond            U-B    Proper Dih.  Improper Dih.      CMAP Dih.
    1.14002e+04    6.78430e+04    4.85769e+04    5.81685e+02    5.97226e+01
          LJ-14     Coulomb-14        LJ (SR)   Coulomb (SR)   Coul. recip.
    7.49144e+03    1.79572e+05    9.37368e+04   -1.67105e+06    5.53288e+03
 Position Rest.     Dih. Rest.      Potential    Kinetic En.   Total Energy
    4.36184e+02    1.12507e+02   -1.25571e+06    3.08681e+05   -9.47030e+05
  Conserved En.    Temperature Pressure (bar)   Constr. rmsd
   -9.55997e+05    3.07893e+02    1.75274e+02    0.00000e+00

           Step           Time
          87000       87.00000

   Energies (kJ/mol)
           Bond            U-B    Proper Dih.  Improper Dih.      CMAP Dih.
    1.18739e+04    6.86103e+04    4.85594e+04    5.15279e+02    4.04538e+01
          LJ-14     Coulomb-14        LJ (SR)   Coulomb (SR)   Coul. recip.
    7.40261e+03    1.79316e+05    9.30832e+04   -1.67005e+06    5.48673e+03
 Position Rest.     Dih. Rest.      Potential    Kinetic En.   Total Energy
    5.12535e+02    1.50147e+02   -1.25450e+06    3.11602e+05   -9.42901e+05
  Conserved En.    Temperature Pressure (bar)   Constr. rmsd
   -9.56039e+05    3.10805e+02    2.00893e+02    0.00000e+00

           Step           Time
          88000       88.00000

   Energies (kJ/mol)
           Bond            U-B    Proper Dih.  Improper Dih.      CMAP Dih.
    1.19973e+04    6.75276e+04    4.82308e+04    5.89438e+02    4.09946e+01
          LJ-14     Coulomb-14        LJ (SR)   Coulomb (SR)   Coul. recip.
    7.33356e+03    1.79784e+05    9.35708e+04   -1.66960e+06    5.67490e+03
 Position Rest.     Dih. Rest.      Potential    Kinetic En.   Total Energy
    4.59064e+02    1.07876e+02   -1.25428e+06    3.11506e+05   -9.42779e+05
  Conserved En.    Temperature Pressure (bar)   Constr. rmsd
   -9.56474e+05    3.10710e+02    1.57842e+02    0.00000e+00

           Step           Time
          89000       89.00000

   Energies (kJ/mol)
           Bond            U-B    Proper Dih.  Improper Dih.      CMAP Dih.
    1.18258e+04    6.71528e+04    4.84499e+04    6.07873e+02    1.74211e+01
          LJ-14     Coulomb-14        LJ (SR)   Coulomb (SR)   Coul. recip.
    7.38531e+03    1.79472e+05    9.24131e+04   -1.66919e+06    5.62247e+03
 Position Rest.     Dih. Rest.      Potential    Kinetic En.   Total Energy
    4.32946e+02    1.15262e+02   -1.25569e+06    3.11213e+05   -9.44477e+05
  Conserved En.    Temperature Pressure (bar)   Constr. rmsd
   -9.56602e+05    3.10417e+02   -1.12290e+01    0.00000e+00

           Step           Time
          90000       90.00000

   Energies (kJ/mol)
           Bond            U-B    Proper Dih.  Improper Dih.      CMAP Dih.
    1.17594e+04    6.80028e+04    4.84189e+04    5.98276e+02    3.95629e+01
          LJ-14     Coulomb-14        LJ (SR)   Coulomb (SR)   Coul. recip.
    7.31294e+03    1.79735e+05    9.22118e+04   -1.66945e+06    5.67103e+03
 Position Rest.     Dih. Rest.      Potential    Kinetic En.   Total Energy
    4.45479e+02    1.06759e+02   -1.25515e+06    3.11505e+05   -9.43645e+05
  Conserved En.    Temperature Pressure (bar)   Constr. rmsd
   -9.56480e+05    3.10709e+02   -1.82063e+02    0.00000e+00

           Step           Time
          91000       91.00000

   Energies (kJ/mol)
           Bond            U-B    Proper Dih.  Improper Dih.      CMAP Dih.
    1.13673e+04    6.76092e+04    4.82988e+04    5.80575e+02    5.93699e+01
          LJ-14     Coulomb-14        LJ (SR)   Coulomb (SR)   Coul. recip.
    7.28073e+03    1.79669e+05    9.22632e+04   -1.66892e+06    5.65946e+03
 Position Rest.     Dih. Rest.      Potential    Kinetic En.   Total Energy
    4.76037e+02    1.17432e+02   -1.25554e+06    3.10263e+05   -9.45274e+05
  Conserved En.    Temperature Pressure (bar)   Constr. rmsd
   -9.56642e+05    3.09471e+02    8.42212e+01    0.00000e+00

           Step           Time
          92000       92.00000

   Energies (kJ/mol)
           Bond            U-B    Proper Dih.  Improper Dih.      CMAP Dih.
    1.15106e+04    6.78388e+04    4.86580e+04    6.02861e+02    5.13158e+01
          LJ-14     Coulomb-14        LJ (SR)   Coulomb (SR)   Coul. recip.
    7.29821e+03    1.79586e+05    9.27377e+04   -1.66902e+06    5.58178e+03
 Position Rest.     Dih. Rest.      Potential    Kinetic En.   Total Energy
    4.58819e+02    1.37875e+02   -1.25456e+06    3.12622e+05   -9.41935e+05
  Conserved En.    Temperature Pressure (bar)   Constr. rmsd
   -9.56784e+05    3.11823e+02   -6.68586e+01    0.00000e+00

           Step           Time
          93000       93.00000

   Energies (kJ/mol)
           Bond            U-B    Proper Dih.  Improper Dih.      CMAP Dih.
    1.18113e+04    6.75713e+04    4.86060e+04    5.64063e+02    5.46424e+01
          LJ-14     Coulomb-14        LJ (SR)   Coulomb (SR)   Coul. recip.
    7.23519e+03    1.79211e+05    9.31490e+04   -1.66707e+06    5.68330e+03
 Position Rest.     Dih. Rest.      Potential    Kinetic En.   Total Energy
    4.64029e+02    1.50429e+02   -1.25257e+06    3.10963e+05   -9.41612e+05
  Conserved En.    Temperature Pressure (bar)   Constr. rmsd
   -9.56694e+05    3.10168e+02   -3.49481e+00    0.00000e+00

           Step           Time
          94000       94.00000

   Energies (kJ/mol)
           Bond            U-B    Proper Dih.  Improper Dih.      CMAP Dih.
    1.17133e+04    6.77262e+04    4.84961e+04    5.73798e+02    2.01911e+01
          LJ-14     Coulomb-14        LJ (SR)   Coulomb (SR)   Coul. recip.
    7.37500e+03    1.79243e+05    9.14687e+04   -1.66533e+06    5.46468e+03
 Position Rest.     Dih. Rest.      Potential    Kinetic En.   Total Energy
    4.56001e+02    1.08114e+02   -1.25268e+06    3.10978e+05   -9.41702e+05
  Conserved En.    Temperature Pressure (bar)   Constr. rmsd
   -9.56228e+05    3.10183e+02    2.03411e+01    0.00000e+00

           Step           Time
          95000       95.00000

   Energies (kJ/mol)
           Bond            U-B    Proper Dih.  Improper Dih.      CMAP Dih.
    1.17097e+04    6.74403e+04    4.83422e+04    6.48213e+02    4.57437e+01
          LJ-14     Coulomb-14        LJ (SR)   Coulomb (SR)   Coul. recip.
    7.39865e+03    1.79716e+05    9.12381e+04   -1.66781e+06    5.56251e+03
 Position Rest.     Dih. Rest.      Potential    Kinetic En.   Total Energy
    4.54943e+02    1.10943e+02   -1.25514e+06    3.11854e+05   -9.43289e+05
  Conserved En.    Temperature Pressure (bar)   Constr. rmsd
   -9.56262e+05    3.11057e+02   -1.10019e+02    0.00000e+00

           Step           Time
          96000       96.00000

   Energies (kJ/mol)
           Bond            U-B    Proper Dih.  Improper Dih.      CMAP Dih.
    1.15623e+04    6.77001e+04    4.82979e+04    5.75560e+02    5.32954e+01
          LJ-14     Coulomb-14        LJ (SR)   Coulomb (SR)   Coul. recip.
    7.30672e+03    1.79215e+05    9.21988e+04   -1.66755e+06    5.69820e+03
 Position Rest.     Dih. Rest.      Potential    Kinetic En.   Total Energy
    4.74417e+02    1.15529e+02   -1.25435e+06    3.11551e+05   -9.42803e+05
  Conserved En.    Temperature Pressure (bar)   Constr. rmsd
   -9.56138e+05    3.10754e+02    4.81911e+01    0.00000e+00

           Step           Time
          97000       97.00000

   Energies (kJ/mol)
           Bond            U-B    Proper Dih.  Improper Dih.      CMAP Dih.
    1.18094e+04    6.73911e+04    4.84518e+04    6.04139e+02    2.22557e+01
          LJ-14     Coulomb-14        LJ (SR)   Coulomb (SR)   Coul. recip.
    7.43305e+03    1.79749e+05    9.21279e+04   -1.66869e+06    5.62366e+03
 Position Rest.     Dih. Rest.      Potential    Kinetic En.   Total Energy
    4.33040e+02    1.22686e+02   -1.25492e+06    3.12504e+05   -9.42415e+05
  Conserved En.    Temperature Pressure (bar)   Constr. rmsd
   -9.56011e+05    3.11706e+02    3.65290e+01    0.00000e+00

           Step           Time
          98000       98.00000

   Energies (kJ/mol)
           Bond            U-B    Proper Dih.  Improper Dih.      CMAP Dih.
    1.15749e+04    6.76435e+04    4.82721e+04    5.91745e+02    3.67517e+01
          LJ-14     Coulomb-14        LJ (SR)   Coulomb (SR)   Coul. recip.
    7.42376e+03    1.79817e+05    9.23345e+04   -1.66906e+06    5.54808e+03
 Position Rest.     Dih. Rest.      Potential    Kinetic En.   Total Energy
    4.70368e+02    1.10643e+02   -1.25524e+06    3.11828e+05   -9.43408e+05
  Conserved En.    Temperature Pressure (bar)   Constr. rmsd
   -9.56301e+05    3.11031e+02    6.56725e+01    0.00000e+00

           Step           Time
          99000       99.00000

   Energies (kJ/mol)
           Bond            U-B    Proper Dih.  Improper Dih.      CMAP Dih.
    1.13669e+04    6.81039e+04    4.82077e+04    5.73511e+02    6.35304e+01
          LJ-14     Coulomb-14        LJ (SR)   Coulomb (SR)   Coul. recip.
    7.55766e+03    1.79677e+05    9.22414e+04   -1.66863e+06    5.57695e+03
 Position Rest.     Dih. Rest.      Potential    Kinetic En.   Total Energy
    4.57099e+02    1.29542e+02   -1.25468e+06    3.10549e+05   -9.44130e+05
  Conserved En.    Temperature Pressure (bar)   Constr. rmsd
   -9.56482e+05    3.09755e+02    6.46612e+01    0.00000e+00

           Step           Time
         100000      100.00000

   Energies (kJ/mol)
           Bond            U-B    Proper Dih.  Improper Dih.      CMAP Dih.
    1.14591e+04    6.79944e+04    4.84328e+04    5.68972e+02    6.05427e+01
          LJ-14     Coulomb-14        LJ (SR)   Coulomb (SR)   Coul. recip.
    7.34340e+03    1.79435e+05    9.13039e+04   -1.66788e+06    5.64508e+03
 Position Rest.     Dih. Rest.      Potential    Kinetic En.   Total Energy
    4.50302e+02    1.03289e+02   -1.25508e+06    3.13266e+05   -9.41813e+05
  Conserved En.    Temperature Pressure (bar)   Constr. rmsd
   -9.56243e+05    3.12465e+02   -1.33795e+02    0.00000e+00

           Step           Time
         101000      101.00000

   Energies (kJ/mol)
           Bond            U-B    Proper Dih.  Improper Dih.      CMAP Dih.
    1.19174e+04    6.84786e+04    4.83278e+04    5.01630e+02    4.49361e+01
          LJ-14     Coulomb-14        LJ (SR)   Coulomb (SR)   Coul. recip.
    7.26505e+03    1.79439e+05    9.12047e+04   -1.66713e+06    5.65668e+03
 Position Rest.     Dih. Rest.      Potential    Kinetic En.   Total Energy
    5.17944e+02    1.21120e+02   -1.25366e+06    3.11426e+05   -9.42233e+05
  Conserved En.    Temperature Pressure (bar)   Constr. rmsd
   -9.56198e+05    3.10630e+02   -9.63623e+01    0.00000e+00

           Step           Time
         102000      102.00000

   Energies (kJ/mol)
           Bond            U-B    Proper Dih.  Improper Dih.      CMAP Dih.
    1.17718e+04    6.80860e+04    4.84524e+04    6.28268e+02    2.06793e+01
          LJ-14     Coulomb-14        LJ (SR)   Coulomb (SR)   Coul. recip.
    7.41589e+03    1.79407e+05    9.21621e+04   -1.66787e+06    5.46027e+03
 Position Rest.     Dih. Rest.      Potential    Kinetic En.   Total Energy
    4.73161e+02    9.94155e+01   -1.25389e+06    3.11776e+05   -9.42119e+05
  Conserved En.    Temperature Pressure (bar)   Constr. rmsd
   -9.56664e+05    3.10979e+02    3.59879e+01    0.00000e+00

           Step           Time
         103000      103.00000

   Energies (kJ/mol)
           Bond            U-B    Proper Dih.  Improper Dih.      CMAP Dih.
    1.15425e+04    6.80915e+04    4.82827e+04    5.41085e+02    3.71851e+01
          LJ-14     Coulomb-14        LJ (SR)   Coulomb (SR)   Coul. recip.
    7.28343e+03    1.79654e+05    9.31144e+04   -1.67023e+06    5.61847e+03
 Position Rest.     Dih. Rest.      Potential    Kinetic En.   Total Energy
    4.86571e+02    1.22765e+02   -1.25545e+06    3.10535e+05   -9.44917e+05
  Conserved En.    Temperature Pressure (bar)   Constr. rmsd
   -9.56551e+05    3.09742e+02   -2.32555e+01    0.00000e+00

           Step           Time
         104000      104.00000

   Energies (kJ/mol)
           Bond            U-B    Proper Dih.  Improper Dih.      CMAP Dih.
    1.18009e+04    6.76460e+04    4.84099e+04    6.07466e+02    4.83995e+01
          LJ-14     Coulomb-14        LJ (SR)   Coulomb (SR)   Coul. recip.
    7.40560e+03    1.79471e+05    9.26983e+04   -1.66968e+06    5.60263e+03
 Position Rest.     Dih. Rest.      Potential    Kinetic En.   Total Energy
    4.38312e+02    1.23100e+02   -1.25543e+06    3.12652e+05   -9.42781e+05
  Conserved En.    Temperature Pressure (bar)   Constr. rmsd
   -9.56511e+05    3.11853e+02   -5.88009e+01    0.00000e+00

           Step           Time
         105000      105.00000

   Energies (kJ/mol)
           Bond            U-B    Proper Dih.  Improper Dih.      CMAP Dih.
    1.14288e+04    6.76765e+04    4.80952e+04    5.80706e+02    5.51201e+01
          LJ-14     Coulomb-14        LJ (SR)   Coulomb (SR)   Coul. recip.
    7.12895e+03    1.79455e+05    9.04422e+04   -1.66777e+06    5.59887e+03
 Position Rest.     Dih. Rest.      Potential    Kinetic En.   Total Energy
    4.84596e+02    9.56011e+01   -1.25672e+06    3.11320e+05   -9.45405e+05
  Conserved En.    Temperature Pressure (bar)   Constr. rmsd
   -9.56622e+05    3.10525e+02   -1.03673e+02    0.00000e+00

           Step           Time
         106000      106.00000

   Energies (kJ/mol)
           Bond            U-B    Proper Dih.  Improper Dih.      CMAP Dih.
    1.17880e+04    6.78710e+04    4.84693e+04    5.97359e+02    2.08078e+01
          LJ-14     Coulomb-14        LJ (SR)   Coulomb (SR)   Coul. recip.
    7.42513e+03    1.79234e+05    9.13651e+04   -1.66554e+06    5.57201e+03
 Position Rest.     Dih. Rest.      Potential    Kinetic En.   Total Energy
    5.21371e+02    1.11917e+02   -1.25257e+06    3.09758e+05   -9.42807e+05
  Conserved En.    Temperature Pressure (bar)   Constr. rmsd
   -9.56671e+05    3.08967e+02   -1.27176e+02    0.00000e+00

           Step           Time
         107000      107.00000

   Energies (kJ/mol)
           Bond            U-B    Proper Dih.  Improper Dih.      CMAP Dih.
    1.17733e+04    6.81331e+04    4.83994e+04    6.14088e+02    3.75540e+01
          LJ-14     Coulomb-14        LJ (SR)   Coulomb (SR)   Coul. recip.
    7.32775e+03    1.79065e+05    9.25288e+04   -1.66942e+06    5.70208e+03
 Position Rest.     Dih. Rest.      Potential    Kinetic En.   Total Energy
    4.77860e+02    1.19511e+02   -1.25525e+06    3.12160e+05   -9.43086e+05
  Conserved En.    Temperature Pressure (bar)   Constr. rmsd
   -9.56792e+05    3.11363e+02   -1.21123e+02    0.00000e+00

           Step           Time
         108000      108.00000

   Energies (kJ/mol)
           Bond            U-B    Proper Dih.  Improper Dih.      CMAP Dih.
    1.15810e+04    6.72196e+04    4.82737e+04    5.63501e+02    5.04097e+01
          LJ-14     Coulomb-14        LJ (SR)   Coulomb (SR)   Coul. recip.
    7.41993e+03    1.79222e+05    9.35126e+04   -1.66878e+06    5.55314e+03
 Position Rest.     Dih. Rest.      Potential    Kinetic En.   Total Energy
    4.66567e+02    1.17013e+02   -1.25480e+06    3.11038e+05   -9.43766e+05
  Conserved En.    Temperature Pressure (bar)   Constr. rmsd
   -9.57020e+05    3.10243e+02    1.85854e+02    0.00000e+00

           Step           Time
         109000      109.00000

   Energies (kJ/mol)
           Bond            U-B    Proper Dih.  Improper Dih.      CMAP Dih.
    1.16041e+04    6.73507e+04    4.83564e+04    6.16013e+02    1.63426e+01
          LJ-14     Coulomb-14        LJ (SR)   Coulomb (SR)   Coul. recip.
    7.29964e+03    1.79357e+05    9.38256e+04   -1.66917e+06    5.59473e+03
 Position Rest.     Dih. Rest.      Potential    Kinetic En.   Total Energy
    4.64870e+02    1.30832e+02   -1.25456e+06    3.10327e+05   -9.44231e+05
  Conserved En.    Temperature Pressure (bar)   Constr. rmsd
   -9.57112e+05    3.09534e+02   -2.31164e+01    0.00000e+00

           Step           Time
         110000      110.00000

   Energies (kJ/mol)
           Bond            U-B    Proper Dih.  Improper Dih.      CMAP Dih.
    1.15243e+04    6.79681e+04    4.84675e+04    5.42908e+02    4.18696e+01
          LJ-14     Coulomb-14        LJ (SR)   Coulomb (SR)   Coul. recip.
    7.23802e+03    1.78970e+05    9.23342e+04   -1.66808e+06    5.57228e+03
 Position Rest.     Dih. Rest.      Potential    Kinetic En.   Total Energy
    4.79935e+02    1.21615e+02   -1.25482e+06    3.11630e+05   -9.43189e+05
  Conserved En.    Temperature Pressure (bar)   Constr. rmsd
   -9.56783e+05    3.10834e+02   -9.57743e+01    0.00000e+00

           Step           Time
         111000      111.00000

   Energies (kJ/mol)
           Bond            U-B    Proper Dih.  Improper Dih.      CMAP Dih.
    1.19718e+04    6.74708e+04    4.84060e+04    5.93937e+02    4.71105e+01
          LJ-14     Coulomb-14        LJ (SR)   Coulomb (SR)   Coul. recip.
    7.56462e+03    1.79539e+05    9.38659e+04   -1.66961e+06    5.52472e+03
 Position Rest.     Dih. Rest.      Potential    Kinetic En.   Total Energy
    4.20520e+02    8.86214e+01   -1.25412e+06    3.11002e+05   -9.43115e+05
  Conserved En.    Temperature Pressure (bar)   Constr. rmsd
   -9.56558e+05    3.10207e+02    2.14360e+02    0.00000e+00

           Step           Time
         112000      112.00000

   Energies (kJ/mol)
           Bond            U-B    Proper Dih.  Improper Dih.      CMAP Dih.
    1.16343e+04    6.83116e+04    4.83510e+04    5.18721e+02    3.38083e+01
          LJ-14     Coulomb-14        LJ (SR)   Coulomb (SR)   Coul. recip.
    7.19769e+03    1.78720e+05    9.31357e+04   -1.66848e+06    5.47186e+03
 Position Rest.     Dih. Rest.      Potential    Kinetic En.   Total Energy
    4.64495e+02    1.08314e+02   -1.25453e+06    3.11306e+05   -9.43229e+05
  Conserved En.    Temperature Pressure (bar)   Constr. rmsd
   -9.56697e+05    3.10510e+02   -9.63995e+01    0.00000e+00

           Step           Time
         113000      113.00000

   Energies (kJ/mol)
           Bond            U-B    Proper Dih.  Improper Dih.      CMAP Dih.
    1.15152e+04    6.79225e+04    4.84495e+04    5.53170e+02    3.79469e+01
          LJ-14     Coulomb-14        LJ (SR)   Coulomb (SR)   Coul. recip.
    7.24715e+03    1.78962e+05    9.29875e+04   -1.66795e+06    5.47040e+03
 Position Rest.     Dih. Rest.      Potential    Kinetic En.   Total Energy
    4.49309e+02    1.25567e+02   -1.25423e+06    3.10261e+05   -9.43972e+05
  Conserved En.    Temperature Pressure (bar)   Constr. rmsd
   -9.56626e+05    3.09468e+02   -1.28692e+02    0.00000e+00

           Step           Time
         114000      114.00000

   Energies (kJ/mol)
           Bond            U-B    Proper Dih.  Improper Dih.      CMAP Dih.
    1.16251e+04    6.83807e+04    4.82215e+04    6.23590e+02    3.78129e+01
          LJ-14     Coulomb-14        LJ (SR)   Coulomb (SR)   Coul. recip.
    7.50275e+03    1.79141e+05    9.17209e+04   -1.66627e+06    5.55547e+03
 Position Rest.     Dih. Rest.      Potential    Kinetic En.   Total Energy
    5.11168e+02    1.21012e+02   -1.25283e+06    3.11165e+05   -9.41661e+05
  Conserved En.    Temperature Pressure (bar)   Constr. rmsd
   -9.56524e+05    3.10370e+02   -6.86603e+01    0.00000e+00

           Step           Time
         115000      115.00000

   Energies (kJ/mol)
           Bond            U-B    Proper Dih.  Improper Dih.      CMAP Dih.
    1.20858e+04    6.84500e+04    4.83691e+04    6.22101e+02    1.26472e+01
          LJ-14     Coulomb-14        LJ (SR)   Coulomb (SR)   Coul. recip.
    7.32676e+03    1.78996e+05    9.28988e+04   -1.66790e+06    5.61590e+03
 Position Rest.     Dih. Rest.      Potential    Kinetic En.   Total Energy
    4.58802e+02    1.12902e+02   -1.25295e+06    3.11393e+05   -9.41558e+05
  Conserved En.    Temperature Pressure (bar)   Constr. rmsd
   -9.56804e+05    3.10597e+02   -1.84952e+02    0.00000e+00

           Step           Time
         116000      116.00000

   Energies (kJ/mol)
           Bond            U-B    Proper Dih.  Improper Dih.      CMAP Dih.
    1.15837e+04    6.79504e+04    4.84064e+04    6.04404e+02    5.68097e+01
          LJ-14     Coulomb-14        LJ (SR)   Coulomb (SR)   Coul. recip.
    7.38855e+03    1.79087e+05    9.26060e+04   -1.66998e+06    5.53869e+03
 Position Rest.     Dih. Rest.      Potential    Kinetic En.   Total Energy
    4.80387e+02    1.08883e+02   -1.25617e+06    3.11740e+05   -9.44431e+05
  Conserved En.    Temperature Pressure (bar)   Constr. rmsd
   -9.56821e+05    3.10943e+02   -2.52350e+01    0.00000e+00

           Step           Time
         117000      117.00000

   Energies (kJ/mol)
           Bond            U-B    Proper Dih.  Improper Dih.      CMAP Dih.
    1.16082e+04    6.80190e+04    4.83745e+04    5.69420e+02    4.20840e+01
          LJ-14     Coulomb-14        LJ (SR)   Coulomb (SR)   Coul. recip.
    7.29271e+03    1.79633e+05    8.97719e+04   -1.66600e+06    5.66309e+03
 Position Rest.     Dih. Rest.      Potential    Kinetic En.   Total Energy
    4.79992e+02    1.09697e+02   -1.25443e+06    3.09345e+05   -9.45086e+05
  Conserved En.    Temperature Pressure (bar)   Constr. rmsd
   -9.56902e+05    3.08555e+02   -1.74942e+02    0.00000e+00

           Step           Time
         118000      118.00000

   Energies (kJ/mol)
           Bond            U-B    Proper Dih.  Improper Dih.      CMAP Dih.
    1.16375e+04    6.82124e+04    4.81422e+04    6.17468e+02    3.96647e+01
          LJ-14     Coulomb-14        LJ (SR)   Coulomb (SR)   Coul. recip.
    7.21235e+03    1.79265e+05    9.29437e+04   -1.66878e+06    5.54049e+03
 Position Rest.     Dih. Rest.      Potential    Kinetic En.   Total Energy
    4.79140e+02    1.16114e+02   -1.25457e+06    3.12330e+05   -9.42244e+05
  Conserved En.    Temperature Pressure (bar)   Constr. rmsd
   -9.57001e+05    3.11532e+02    3.00345e+01    0.00000e+00

           Step           Time
         119000      119.00000

   Energies (kJ/mol)
           Bond            U-B    Proper Dih.  Improper Dih.      CMAP Dih.
    1.14608e+04    6.86327e+04    4.84271e+04    5.51478e+02    3.65480e+01
          LJ-14     Coulomb-14        LJ (SR)   Coulomb (SR)   Coul. recip.
    7.21540e+03    1.78834e+05    9.18115e+04   -1.66610e+06    5.69023e+03
 Position Rest.     Dih. Rest.      Potential    Kinetic En.   Total Energy
    4.97407e+02    1.17634e+02   -1.25282e+06    3.12396e+05   -9.40428e+05
  Conserved En.    Temperature Pressure (bar)   Constr. rmsd
   -9.56655e+05    3.11597e+02    4.00756e+01    0.00000e+00

           Step           Time
         120000      120.00000

   Energies (kJ/mol)
           Bond            U-B    Proper Dih.  Improper Dih.      CMAP Dih.
    1.18516e+04    6.73695e+04    4.85275e+04    5.54188e+02    7.53363e+01
          LJ-14     Coulomb-14        LJ (SR)   Coulomb (SR)   Coul. recip.
    7.41515e+03    1.79573e+05    9.06069e+04   -1.66387e+06    5.56174e+03
 Position Rest.     Dih. Rest.      Potential    Kinetic En.   Total Energy
    4.40940e+02    1.19616e+02   -1.25178e+06    3.13268e+05   -9.38508e+05
  Conserved En.    Temperature Pressure (bar)   Constr. rmsd
   -9.56606e+05    3.12467e+02    1.78360e+01    0.00000e+00

           Step           Time
         121000      121.00000

   Energies (kJ/mol)
           Bond            U-B    Proper Dih.  Improper Dih.      CMAP Dih.
    1.15861e+04    6.85025e+04    4.84531e+04    5.73562e+02    5.14799e+01
          LJ-14     Coulomb-14        LJ (SR)   Coulomb (SR)   Coul. recip.
    7.31263e+03    1.78901e+05    8.87175e+04   -1.66209e+06    5.66744e+03
 Position Rest.     Dih. Rest.      Potential    Kinetic En.   Total Energy
    4.60220e+02    1.25367e+02   -1.25174e+06    3.11294e+05   -9.40448e+05
  Conserved En.    Temperature Pressure (bar)   Constr. rmsd
   -9.56569e+05    3.10498e+02   -1.98605e+02    0.00000e+00

           Step           Time
         122000      122.00000

   Energies (kJ/mol)
           Bond            U-B    Proper Dih.  Improper Dih.      CMAP Dih.
    1.19113e+04    6.75684e+04    4.84559e+04    6.54595e+02    2.53369e+01
          LJ-14     Coulomb-14        LJ (SR)   Coulomb (SR)   Coul. recip.
    7.47226e+03    1.79529e+05    9.17153e+04   -1.66552e+06    5.52958e+03
 Position Rest.     Dih. Rest.      Potential    Kinetic En.   Total Energy
    4.71218e+02    1.22467e+02   -1.25206e+06    3.12919e+05   -9.39144e+05
  Conserved En.    Temperature Pressure (bar)   Constr. rmsd
   -9.56287e+05    3.12120e+02    3.33089e+01    0.00000e+00

           Step           Time
         123000      123.00000

   Energies (kJ/mol)
           Bond            U-B    Proper Dih.  Improper Dih.      CMAP Dih.
    1.16342e+04    6.78656e+04    4.82172e+04    5.85812e+02    2.94527e+01
          LJ-14     Coulomb-14        LJ (SR)   Coulomb (SR)   Coul. recip.
    7.43947e+03    1.79326e+05    9.33593e+04   -1.66804e+06    5.51874e+03
 Position Rest.     Dih. Rest.      Potential    Kinetic En.   Total Energy
    4.78098e+02    1.16268e+02   -1.25347e+06    3.10463e+05   -9.43011e+05
  Conserved En.    Temperature Pressure (bar)   Constr. rmsd
   -9.56411e+05    3.09669e+02    3.28862e+01    0.00000e+00

           Step           Time
         124000      124.00000

   Energies (kJ/mol)
           Bond            U-B    Proper Dih.  Improper Dih.      CMAP Dih.
    1.13648e+04    6.81032e+04    4.83888e+04    5.81045e+02    1.50193e+01
          LJ-14     Coulomb-14        LJ (SR)   Coulomb (SR)   Coul. recip.
    7.32051e+03    1.78854e+05    9.31966e+04   -1.66946e+06    5.58658e+03
 Position Rest.     Dih. Rest.      Potential    Kinetic En.   Total Energy
    5.13996e+02    1.09373e+02   -1.25542e+06    3.11880e+05   -9.43544e+05
  Conserved En.    Temperature Pressure (bar)   Constr. rmsd
   -9.56318e+05    3.11083e+02    6.95908e+01    0.00000e+00

           Step           Time
         125000      125.00000

Writing checkpoint, step 125000 at Sun Jul 12 20:50:05 2026


   Energies (kJ/mol)
           Bond            U-B    Proper Dih.  Improper Dih.      CMAP Dih.
    1.16455e+04    6.82134e+04    4.83059e+04    5.70168e+02    8.51147e+00
          LJ-14     Coulomb-14        LJ (SR)   Coulomb (SR)   Coul. recip.
    7.35641e+03    1.79495e+05    9.07791e+04   -1.66654e+06    5.58343e+03
 Position Rest.     Dih. Rest.      Potential    Kinetic En.   Total Energy
    4.88117e+02    1.16558e+02   -1.25398e+06    3.11238e+05   -9.42740e+05
  Conserved En.    Temperature Pressure (bar)   Constr. rmsd
   -9.56288e+05    3.10443e+02   -1.80977e+02    0.00000e+00


Energy conservation over simulation part #1 of length 125 ps, time 0 to 125 ps
  Conserved energy drift: -6.01e-04 kJ/mol/ps per atom


	<======  ###############  ==>
	<====  A V E R A G E S  ====>
	<==  ###############  ======>

	Statistics over 125001 steps using 1251 frames

   Energies (kJ/mol)
           Bond            U-B    Proper Dih.  Improper Dih.      CMAP Dih.
    1.16354e+04    6.78430e+04    4.84442e+04    5.82973e+02    3.83900e+01
          LJ-14     Coulomb-14        LJ (SR)   Coulomb (SR)   Coul. recip.
    7.34944e+03    1.79591e+05    9.24266e+04   -1.66928e+06    5.56412e+03
 Position Rest.     Dih. Rest.      Potential    Kinetic En.   Total Energy
    4.82012e+02    1.17653e+02   -1.25520e+06    3.11002e+05   -9.44200e+05
  Conserved En.    Temperature Pressure (bar)   Constr. rmsd
   -9.56395e+05    3.10208e+02    1.81274e+01    0.00000e+00

          Box-X          Box-Y          Box-Z
    8.18859e+00    8.18859e+00    1.70059e+01

   Total Virial (kJ/mol)
    1.01729e+05    6.81085e+01    3.75087e+01
    6.81211e+01    1.01578e+05    1.37133e+02
    3.75082e+01    1.37119e+02    1.05865e+05

   Pressure (bar)
    3.38670e+01   -4.81408e-01   -1.18012e-01
   -4.81775e-01    3.46311e+01   -1.14729e+00
   -1.17996e-01   -1.14688e+00   -1.41158e+01

         T-SOLU         T-MEMB         T-SOLV
    3.10541e+02    3.10370e+02    3.10151e+02


	M E G A - F L O P S   A C C O U N T I N G

 NB=Group-cutoff nonbonded kernels    NxN=N-by-N cluster Verlet kernels
 RF=Reaction-Field  VdW=Van der Waals  QSTab=quadratic-spline table
 W3=SPC/TIP3p  W4=TIP4p (single or pairs)
 V&F=Potential and force  V=Potential only  F=Force only

 Computing:                               M-Number         M-Flops  % Flops
-----------------------------------------------------------------------------
 Pair Search distance check           17729.316512      159563.849     0.0
 NxN Ewald Elec. + LJ [F]          17160225.591168  1338497596.111    98.0
 NxN Ewald Elec. + LJ [V&F]          173474.010880    22378147.404     1.6
 1,4 nonbonded interactions            8441.317530      759718.578     0.1
 Shift-X                                144.429201         866.575     0.0
 Bonds                                 1261.260090       74414.345     0.0
 Propers                              10526.709213     2410616.410     0.2
 Impropers                               63.125505       13130.105     0.0
 Dihedral Restr.                         41.250330        8250.066     0.0
 Pos. Restr.                             60.375483        3018.774     0.0
 Virial                                 144.485496        2600.739     0.0
 Stop-CM                                144.429201        1444.292     0.0
 P-Coupling                             144.429201         866.575     0.0
 Calc-Ekin                              288.858402        7799.177     0.0
 CMAP                                     4.375035        7437.559     0.0
 Urey-Bradley                          6143.674149     1124292.369     0.1
-----------------------------------------------------------------------------
 Total                                              1365449762.928   100.0
-----------------------------------------------------------------------------


      R E A L   C Y C L E   A N D   T I M E   A C C O U N T I N G

On 1 MPI rank, each using 47 OpenMP threads

 Activity:              Num   Num      Call    Wall time         Giga-Cycles
                        Ranks Threads  Count      (s)         total sum    %
--------------------------------------------------------------------------------
 Neighbor search           1   47       1251       7.730        797.352   2.1
 Launch PP GPU ops.        1   47     248751       7.587        782.605   2.0
 Force                     1   47     125001      20.025       2065.483   5.4
 PME GPU mesh              1   47     125001       6.361        656.088   1.7
 Wait Bonded GPU           1   47       1251       0.002          0.236   0.0
 Wait GPU NB local         1   47     125001       7.163        738.824   1.9
 Wait GPU state copy       1   47     132503     319.509      32956.619  85.6
 NB X/F buffer ops.        1   47       1251       0.186         19.152   0.0
 Write traj.               1   47         26       0.453         46.680   0.1
 Rest                                              4.172        430.327   1.1
--------------------------------------------------------------------------------
 Total                                           373.187      38493.366 100.0
--------------------------------------------------------------------------------
 Breakdown of PME mesh activities
--------------------------------------------------------------------------------
 Wait PME GPU gather       1   47     125001       1.162        119.844   0.3
 Reduce GPU PME F          1   47     125001       0.087          8.981   0.0
 Launch PME GPU ops.       1   47    1125009       4.886        504.006   1.3
--------------------------------------------------------------------------------

               Core t (s)   Wall t (s)        (%)
       Time:    17538.907      373.187     4699.8
                 (ns/day)    (hour/ns)
Performance:       28.940        0.829
Finished mdrun on rank 0 Sun Jul 12 20:50:05 2026

