                :-) GROMACS - gmx mdrun, 2024.5-conda_forge (-:

Copyright 1991-2024 The GROMACS Authors.
GROMACS is free software; you can redistribute it and/or modify it
under the terms of the GNU Lesser General Public License
as published by the Free Software Foundation; either version 2.1
of the License, or (at your option) any later version.

                         Current GROMACS contributors:
       Mark Abraham           Andrey Alekseenko           Vladimir Basov      
      Cathrine Bergh            Eliane Briand               Ania Brown        
      Mahesh Doijade            Giacomo Fiorin          Stefan Fleischmann    
      Sergey Gorelov         Gilles Gouaillardet            Alan Gray         
     M. Eric Irrgang         Farzaneh Jalalypour            Joe Jordan        
     Carsten Kutzner           Justin A. Lemkul          Magnus Lundborg      
       Pascal Merz              Vedran Miletic            Dmitry Morozov      
       Julien Nabet              Szilard Pall        Andrea Pasquadibisceglie 
    Michele Pellegrino          Hubert Santuz             Roland Schulz       
     Tatiana Shugaeva          Alexey Shvetsov            Philip Turner       
     Alessandra Villa      Sebastian Wingbermuehle  

                         Previous GROMACS contributors:
        Emile Apol             Rossen Apostolov           James Barnett       
        Paul Bauer          Herman J.C. Berendsen          Par Bjelkmar       
      Christian Blau          Viacheslav Bolnykh            Kevin Boyd        
    Aldert van Buuren          Carlo Camilloni           Rudi van Drunen      
      Anton Feenstra           Oliver Fleetwood            Vytas Gapsys       
       Gaurav Garg             Gerrit Groenhof            Bert de Groot       
      Anca Hamuraru           Vincent Hindriksen          Victor Holanda      
     Aleksei Iupinov          Christoph Junghans        Prashanth Kanduri     
   Dimitrios Karkoulis           Peter Kasson             Sebastian Kehl      
     Sebastian Keller             Jiri Kraus               Per Larsson        
      Viveca Lindahl            Erik Marklund           Pieter Meulenhoff     
      Teemu Murtola              Sander Pronk             Michael Shirts      
      Alfons Sijbers            Balint Soproni         David van der Spoel    
      Peter Tieleman            Carsten Uphoff             Jon Vincent        
     Teemu Virolainen         Christian Wennberg           Maarten Wolf       
      Artem Zhmurov       

                  Coordinated by the GROMACS project leaders:
                           Berk Hess and Erik Lindahl

GROMACS:      gmx mdrun, version 2024.5-conda_forge
Executable:   /venv/main/bin.AVX2_256/gmx
Data prefix:  /venv/main
Working dir:  /workspace/gromacs_sims/Antimicrobial_Peptides/Ku04AMP01_Membrane_Bilayer/simulation_perp
Process ID:   11616
Command line:
  gmx mdrun -nobackup -nocopyright -v -deffnm step6.5 -pin on -nb gpu -pme gpu -bonded gpu -nt 47 -gpu_id 0

GROMACS version:     2024.5-conda_forge
Precision:           mixed
Memory model:        64 bit
MPI library:         thread_mpi
OpenMP support:      enabled (GMX_OPENMP_MAX_THREADS = 128)
GPU support:         CUDA
NBNxM GPU setup:     super-cluster 2x2x2 / cluster 8
SIMD instructions:   AVX2_256
CPU FFT library:     fftw-3.3.11-sse2-avx
GPU FFT library:     cuFFT
Multi-GPU FFT:       none
RDTSCP usage:        disabled
TNG support:         enabled
Hwloc support:       disabled
Tracing support:     disabled
C compiler:          /home/conda/feedstock_root/build_artifacts/gromacs_1737880200488/_build_env/bin/x86_64-conda-linux-gnu-cc GNU 11.4.0
C compiler flags:    -fexcess-precision=fast -funroll-all-loops -mavx2 -mfma -Wno-missing-field-initializers -O3 -DNDEBUG
C++ compiler:        /home/conda/feedstock_root/build_artifacts/gromacs_1737880200488/_build_env/bin/x86_64-conda-linux-gnu-c++ GNU 11.4.0
C++ compiler flags:  -fexcess-precision=fast -funroll-all-loops -mavx2 -mfma -Wno-missing-field-initializers -Wno-cast-function-type-strict SHELL:-fopenmp -O3 -DNDEBUG
BLAS library:        Internal
LAPACK library:      Internal
CUDA compiler:       /usr/local/cuda/bin/nvcc nvcc: NVIDIA (R) Cuda compiler driver;Copyright (c) 2005-2022 NVIDIA Corporation;Built on Wed_Sep_21_10:33:58_PDT_2022;Cuda compilation tools, release 11.8, V11.8.89;Build cuda_11.8.r11.8/compiler.31833905_0
CUDA compiler flags:-std=c++17;--generate-code=arch=compute_35,code=sm_35;--generate-code=arch=compute_37,code=sm_37;--generate-code=arch=compute_50,code=sm_50;--generate-code=arch=compute_52,code=sm_52;--generate-code=arch=compute_60,code=sm_60;--generate-code=arch=compute_61,code=sm_61;--generate-code=arch=compute_70,code=sm_70;--generate-code=arch=compute_75,code=sm_75;--generate-code=arch=compute_80,code=sm_80;--generate-code=arch=compute_86,code=sm_86;--generate-code=arch=compute_89,code=sm_89;--generate-code=arch=compute_90,code=sm_90;-Wno-deprecated-gpu-targets;--generate-code=arch=compute_53,code=sm_53;--generate-code=arch=compute_80,code=sm_80;-use_fast_math;-Xptxas;-warn-double-usage;-Xptxas;-Werror;;-Xcompiler;-fopenmp;-fexcess-precision=fast -funroll-all-loops -mavx2 -mfma -Wno-missing-field-initializers -Wno-cast-function-type-strict SHELL:-fopenmp -O3 -DNDEBUG
CUDA driver:         13.20
CUDA runtime:        11.80


Running on 1 node with total 96 cores, 192 processing units, 1 compatible GPU
Hardware detected on host c084c5850ac7:
  CPU info:
    Vendor: Intel
    Brand:  Intel(R) Xeon(R) CPU E7-8890 v4 @ 2.20GHz
    Family: 6   Model: 79   Stepping: 1
    Features: aes apic avx avx2 clfsh cmov cx8 cx16 f16c fma hle htt intel lahf mmx msr nonstop_tsc pcid pclmuldq pdcm pdpe1gb popcnt pse rdrnd rdtscp rtm sse2 sse3 sse4.1 sse4.2 ssse3 tdt x2apic
  Hardware topology: Basic
    Packages, cores, and logical processors:
    [indices refer to OS logical processors]
      Package  0: [   0  96] [   4 100] [   8 104] [  12 108] [  16 112] [  20 116] [  24 120] [  28 124] [  32 128] [  36 132] [  40 136] [  44 140] [  48 144] [  52 148] [  56 152] [  60 156] [  64 160] [  68 164] [  72 168] [  76 172] [  80 176] [  84 180] [  88 184] [  92 188]
      Package  1: [   1  97] [   5 101] [   9 105] [  13 109] [  17 113] [  21 117] [  25 121] [  29 125] [  33 129] [  37 133] [  41 137] [  45 141] [  49 145] [  53 149] [  57 153] [  61 157] [  65 161] [  69 165] [  73 169] [  77 173] [  81 177] [  85 181] [  89 185] [  93 189]
      Package  2: [   2  98] [   6 102] [  10 106] [  14 110] [  18 114] [  22 118] [  26 122] [  30 126] [  34 130] [  38 134] [  42 138] [  46 142] [  50 146] [  54 150] [  58 154] [  62 158] [  66 162] [  70 166] [  74 170] [  78 174] [  82 178] [  86 182] [  90 186] [  94 190]
      Package  3: [   3  99] [   7 103] [  11 107] [  15 111] [  19 115] [  23 119] [  27 123] [  31 127] [  35 131] [  39 135] [  43 139] [  47 143] [  51 147] [  55 151] [  59 155] [  63 159] [  67 163] [  71 167] [  75 171] [  79 175] [  83 179] [  87 183] [  91 187] [  95 191]
    CPU limit set by OS: 46.08   Recommended max number of threads: 47
  GPU info:
    Number of GPUs detected: 1
    #0: NVIDIA Tesla T4, compute cap.: 7.5, ECC:  no, stat: compatible

The current CPU can measure timings more accurately than the code in
gmx mdrun was configured to use. This might affect your simulation
speed as accurate timings are needed for load-balancing.
Please consider rebuilding gmx mdrun with the GMX_USE_RDTSCP=ON CMake option.

++++ PLEASE READ AND CITE THE FOLLOWING REFERENCE ++++
M. J. Abraham, T. Murtola, R. Schulz, S. Páll, J. C. Smith, B. Hess, E.
Lindahl
GROMACS: High performance molecular simulations through multi-level
parallelism from laptops to supercomputers
SoftwareX 1 (2015) pp. 19-25
-------- -------- --- Thank You --- -------- --------


++++ PLEASE READ AND CITE THE FOLLOWING REFERENCE ++++
S. Páll, M. J. Abraham, C. Kutzner, B. Hess, E. Lindahl
Tackling Exascale Software Challenges in Molecular Dynamics Simulations with
GROMACS
In S. Markidis & E. Laure (Eds.), Solving Software Challenges for Exascale 8759 (2015) pp. 3-27
-------- -------- --- Thank You --- -------- --------


++++ PLEASE READ AND CITE THE FOLLOWING REFERENCE ++++
S. Pronk, S. Páll, R. Schulz, P. Larsson, P. Bjelkmar, R. Apostolov, M. R.
Shirts, J. C. Smith, P. M. Kasson, D. van der Spoel, B. Hess, and E. Lindahl
GROMACS 4.5: a high-throughput and highly parallel open source molecular
simulation toolkit
Bioinformatics 29 (2013) pp. 845-54
-------- -------- --- Thank You --- -------- --------


++++ PLEASE READ AND CITE THE FOLLOWING REFERENCE ++++
B. Hess and C. Kutzner and D. van der Spoel and E. Lindahl
GROMACS 4: Algorithms for highly efficient, load-balanced, and scalable
molecular simulation
J. Chem. Theory Comput. 4 (2008) pp. 435-447
-------- -------- --- Thank You --- -------- --------


++++ PLEASE READ AND CITE THE FOLLOWING REFERENCE ++++
D. van der Spoel, E. Lindahl, B. Hess, G. Groenhof, A. E. Mark and H. J. C.
Berendsen
GROMACS: Fast, Flexible and Free
J. Comp. Chem. 26 (2005) pp. 1701-1719
-------- -------- --- Thank You --- -------- --------


++++ PLEASE READ AND CITE THE FOLLOWING REFERENCE ++++
E. Lindahl and B. Hess and D. van der Spoel
GROMACS 3.0: A package for molecular simulation and trajectory analysis
J. Mol. Mod. 7 (2001) pp. 306-317
-------- -------- --- Thank You --- -------- --------


++++ PLEASE READ AND CITE THE FOLLOWING REFERENCE ++++
H. J. C. Berendsen, D. van der Spoel and R. van Drunen
GROMACS: A message-passing parallel molecular dynamics implementation
Comp. Phys. Comm. 91 (1995) pp. 43-56
-------- -------- --- Thank You --- -------- --------

Input Parameters:
   integrator                     = md
   tinit                          = 0
   dt                             = 0.002
   nsteps                         = 250000
   init-step                      = 0
   simulation-part                = 1
   mts                            = false
   mass-repartition-factor        = 1
   comm-mode                      = Linear
   nstcomm                        = 100
   bd-fric                        = 0
   ld-seed                        = -90701841
   emtol                          = 10
   emstep                         = 0.01
   niter                          = 20
   fcstep                         = 0
   nstcgsteep                     = 1000
   nbfgscorr                      = 10
   rtpi                           = 0.05
   nstxout                        = 0
   nstvout                        = 0
   nstfout                        = 0
   nstlog                         = 1000
   nstcalcenergy                  = 100
   nstenergy                      = 1000
   nstxout-compressed             = 5000
   compressed-x-precision         = 1000
   cutoff-scheme                  = Verlet
   nstlist                        = 20
   pbc                            = xyz
   periodic-molecules             = false
   verlet-buffer-tolerance        = 0.005
   verlet-buffer-pressure-tolerance = 0.5
   rlist                          = 1.216
   coulombtype                    = PME
   coulomb-modifier               = Potential-shift
   rcoulomb-switch                = 0
   rcoulomb                       = 1.2
   epsilon-r                      = 1
   epsilon-rf                     = inf
   vdw-type                       = Cut-off
   vdw-modifier                   = Force-switch
   rvdw-switch                    = 1
   rvdw                           = 1.2
   DispCorr                       = No
   table-extension                = 1
   fourierspacing                 = 0.12
   fourier-nx                     = 72
   fourier-ny                     = 72
   fourier-nz                     = 144
   pme-order                      = 4
   ewald-rtol                     = 1e-05
   ewald-rtol-lj                  = 0.001
   lj-pme-comb-rule               = Geometric
   ewald-geometry                 = 3d
   epsilon-surface                = 0
   ensemble-temperature-setting   = constant
   ensemble-temperature           = 310.15
   tcoupl                         = V-rescale
   nsttcouple                     = 100
   nh-chain-length                = 0
   print-nose-hoover-chain-variables = false
   pcoupl                         = C-rescale
   pcoupltype                     = Semiisotropic
   nstpcouple                     = 100
   tau-p                          = 5
   compressibility (3x3):
      compressibility[    0]={ 4.50000e-05,  0.00000e+00,  0.00000e+00}
      compressibility[    1]={ 0.00000e+00,  4.50000e-05,  0.00000e+00}
      compressibility[    2]={ 0.00000e+00,  0.00000e+00,  4.50000e-05}
   ref-p (3x3):
      ref-p[    0]={ 1.00000e+00,  0.00000e+00,  0.00000e+00}
      ref-p[    1]={ 0.00000e+00,  1.00000e+00,  0.00000e+00}
      ref-p[    2]={ 0.00000e+00,  0.00000e+00,  1.00000e+00}
   refcoord-scaling               = COM
   posres-com (3):
      posres-com[0]= 4.99649e-01
      posres-com[1]= 5.01856e-01
      posres-com[2]= 7.31964e-01
   posres-comB (3):
      posres-comB[0]= 4.99649e-01
      posres-comB[1]= 5.01856e-01
      posres-comB[2]= 7.31964e-01
   QMMM                           = false
qm-opts:
   ngQM                           = 0
   constraint-algorithm           = Lincs
   continuation                   = true
   Shake-SOR                      = false
   shake-tol                      = 0.0001
   lincs-order                    = 4
   lincs-iter                     = 1
   lincs-warnangle                = 30
   nwall                          = 0
   wall-type                      = 9-3
   wall-r-linpot                  = -1
   wall-atomtype[0]               = -1
   wall-atomtype[1]               = -1
   wall-density[0]                = 0
   wall-density[1]                = 0
   wall-ewald-zfac                = 3
   pull                           = false
   awh                            = false
   rotation                       = false
   interactiveMD                  = false
   disre                          = No
   disre-weighting                = Conservative
   disre-mixed                    = false
   dr-fc                          = 1000
   dr-tau                         = 0
   nstdisreout                    = 100
   orire-fc                       = 0
   orire-tau                      = 0
   nstorireout                    = 100
   free-energy                    = no
   cos-acceleration               = 0
   deform (3x3):
      deform[    0]={ 0.00000e+00,  0.00000e+00,  0.00000e+00}
      deform[    1]={ 0.00000e+00,  0.00000e+00,  0.00000e+00}
      deform[    2]={ 0.00000e+00,  0.00000e+00,  0.00000e+00}
   simulated-tempering            = false
   swapcoords                     = no
   userint1                       = 0
   userint2                       = 0
   userint3                       = 0
   userint4                       = 0
   userreal1                      = 0
   userreal2                      = 0
   userreal3                      = 0
   userreal4                      = 0
   applied-forces:
     electric-field:
       x:
         E0                       = 0
         omega                    = 0
         t0                       = 0
         sigma                    = 0
       y:
         E0                       = 0
         omega                    = 0
         t0                       = 0
         sigma                    = 0
       z:
         E0                       = 0
         omega                    = 0
         t0                       = 0
         sigma                    = 0
     density-guided-simulation:
       active                     = false
       group                      = protein
       similarity-measure         = inner-product
       atom-spreading-weight      = unity
       force-constant             = 1e+09
       gaussian-transform-spreading-width = 0.2
       gaussian-transform-spreading-range-in-multiples-of-width = 4
       reference-density-filename = reference.mrc
       nst                        = 1
       normalize-densities        = true
       adaptive-force-scaling     = false
       adaptive-force-scaling-time-constant = 4
       shift-vector               = 
       transformation-matrix      = 
     qmmm-cp2k:
       active                     = false
       qmgroup                    = System
       qmmethod                   = PBE
       qmfilenames                = 
       qmcharge                   = 0
       qmmultiplicity             = 1
     colvars:
       active                     = false
       configfile                 = 
       seed                       = -1
grpopts:
   nrdf:     1424.93     59697.1      180039
   ref-t:      310.15      310.15      310.15
   tau-t:           1           1           1
annealing:          No          No          No
annealing-npoints:           0           0           0
   acc:	           0           0           0
   nfreeze:           N           N           N
   energygrp-flags[  0]: 0

Changing nstlist from 20 to 100, rlist from 1.216 to 1.393


When checking whether update groups are usable:
  Domain decomposition is not active, so there is no need for update groups
1 GPU selected for this run.
Mapping of GPU IDs to the 2 GPU tasks in the 1 rank on this node:
  PP:0,PME:0
PP tasks will do (non-perturbed) short-ranged and most bonded interactions on the GPU
PP task will update and constrain coordinates on the GPU
PME tasks will do all aspects on the GPU
Using 1 MPI thread
Using 47 OpenMP threads 

System total charge: 0.000
Will do PME sum in reciprocal space for electrostatic interactions.

++++ PLEASE READ AND CITE THE FOLLOWING REFERENCE ++++
U. Essmann, L. Perera, M. L. Berkowitz, T. Darden, H. Lee and L. G. Pedersen 
A smooth particle mesh Ewald method
J. Chem. Phys. 103 (1995) pp. 8577-8592
-------- -------- --- Thank You --- -------- --------

Using a Gaussian width (1/beta) of 0.384195 nm for Ewald
Potential shift: LJ r^-12: -2.648e-01 r^-6: -5.349e-01, Ewald -8.333e-06
Initialized non-bonded Coulomb Ewald tables, spacing: 1.02e-03 size: 1176

Generated table with 1196 data points for 1-4 COUL.
Tabscale = 500 points/nm
Generated table with 1196 data points for 1-4 LJ6.
Tabscale = 500 points/nm
Generated table with 1196 data points for 1-4 LJ12.
Tabscale = 500 points/nm


Using GPU 8x8 nonbonded short-range kernels

Using a dual 8x8 pair-list setup updated with dynamic, rolling pruning:
  outer list: updated every 100 steps, buffer 0.193 nm, rlist 1.393 nm
  inner list: updated every  14 steps, buffer 0.004 nm, rlist 1.204 nm
At tolerance 0.005 kJ/mol/ps per atom, equivalent classical 1x1 list would be:
  outer list: updated every 100 steps, buffer 0.292 nm, rlist 1.492 nm
  inner list: updated every  14 steps, buffer 0.062 nm, rlist 1.262 nm

The average pressure is off by at most 0.28 bar due to missing LJ interactions

NOTE: OS CPU limit is lower than logical cpu count, thread pinning disabled.

Initializing LINear Constraint Solver

++++ PLEASE READ AND CITE THE FOLLOWING REFERENCE ++++
B. Hess and H. Bekker and H. J. C. Berendsen and J. G. E. M. Fraaije
LINCS: A Linear Constraint Solver for molecular simulations
J. Comp. Chem. 18 (1997) pp. 1463-1472
-------- -------- --- Thank You --- -------- --------

The number of constraints is 15336

++++ PLEASE READ AND CITE THE FOLLOWING REFERENCE ++++
S. Miyamoto and P. A. Kollman
SETTLE: An Analytical Version of the SHAKE and RATTLE Algorithms for Rigid
Water Models
J. Comp. Chem. 13 (1992) pp. 952-962
-------- -------- --- Thank You --- -------- --------


++++ PLEASE READ AND CITE THE FOLLOWING REFERENCE ++++
G. Bussi, D. Donadio and M. Parrinello
Canonical sampling through velocity rescaling
J. Chem. Phys. 126 (2007) pp. 014101
-------- -------- --- Thank You --- -------- --------


++++ PLEASE READ AND CITE THE FOLLOWING REFERENCE ++++
M. Bernetti, G. Bussi
Pressure control using stochastic cell rescaling
J. Chem. Phys. 153 (2020) pp. 114107
-------- -------- --- Thank You --- -------- --------

There are: 115451 Atoms

Updating coordinates and applying constraints on the GPU.
Center of mass motion removal mode is Linear
We have the following groups for center of mass motion removal:
  0:  SOLU_MEMB
  1:  SOLV

Started mdrun on rank 0 Sun Jul 12 21:03:01 2026

           Step           Time
              0        0.00000

   Energies (kJ/mol)
           Bond            U-B    Proper Dih.  Improper Dih.      CMAP Dih.
    1.18582e+04    6.80846e+04    4.82708e+04    5.69060e+02    3.87459e+01
          LJ-14     Coulomb-14        LJ (SR)   Coulomb (SR)   Coul. recip.
    7.30803e+03    1.78802e+05    9.47220e+04   -1.67128e+06    5.52697e+03
 Position Rest.     Dih. Rest.      Potential    Kinetic En.   Total Energy
    1.08966e+02    5.41612e+01   -1.25593e+06    3.12020e+05   -9.43913e+05
  Conserved En.    Temperature Pressure (bar)   Constr. rmsd
   -9.43915e+05    3.11222e+02   -6.69840e+01    0.00000e+00

           Step           Time
           1000        2.00000

   Energies (kJ/mol)
           Bond            U-B    Proper Dih.  Improper Dih.      CMAP Dih.
    1.17631e+04    6.86594e+04    4.83221e+04    5.69681e+02    5.01035e+01
          LJ-14     Coulomb-14        LJ (SR)   Coulomb (SR)   Coul. recip.
    7.57696e+03    1.78765e+05    9.21259e+04   -1.66721e+06    5.53802e+03
 Position Rest.     Dih. Rest.      Potential    Kinetic En.   Total Energy
    1.49532e+02    9.10187e+01   -1.25360e+06    3.11085e+05   -9.42518e+05
  Conserved En.    Temperature Pressure (bar)   Constr. rmsd
   -9.44978e+05    3.10290e+02    1.25070e+02    0.00000e+00

step 1800: timed with pme grid 72 72 144, coulomb cutoff 1.200: 663.7 M-cycles
step 2000: timed with pme grid 64 64 128, coulomb cutoff 1.332: 779.1 M-cycles
           Step           Time
           2000        4.00000

   Energies (kJ/mol)
           Bond            U-B    Proper Dih.  Improper Dih.      CMAP Dih.
    1.17778e+04    6.81650e+04    4.82506e+04    6.15136e+02    7.25224e+00
          LJ-14     Coulomb-14        LJ (SR)   Coulomb (SR)   Coul. recip.
    7.28177e+03    1.78739e+05    9.12020e+04   -1.66601e+06    4.44241e+03
 Position Rest.     Dih. Rest.      Potential    Kinetic En.   Total Energy
    1.65948e+02    6.55937e+01   -1.25530e+06    3.13072e+05   -9.42230e+05
  Conserved En.    Temperature Pressure (bar)   Constr. rmsd
   -9.45254e+05    3.12272e+02   -2.03807e+02    0.00000e+00

step 2200: timed with pme grid 64 64 144, coulomb cutoff 1.280: 728.7 M-cycles
step 2400: timed with pme grid 72 72 144, coulomb cutoff 1.200: 658.1 M-cycles
              optimal pme grid 72 72 144, coulomb cutoff 1.200
           Step           Time
           3000        6.00000

   Energies (kJ/mol)
           Bond            U-B    Proper Dih.  Improper Dih.      CMAP Dih.
    1.16658e+04    6.83249e+04    4.83269e+04    5.77294e+02    3.80859e+00
          LJ-14     Coulomb-14        LJ (SR)   Coulomb (SR)   Coul. recip.
    7.27352e+03    1.78857e+05    9.45536e+04   -1.67031e+06    5.44714e+03
 Position Rest.     Dih. Rest.      Potential    Kinetic En.   Total Energy
    1.69362e+02    7.25982e+01   -1.25504e+06    3.12514e+05   -9.42521e+05
  Conserved En.    Temperature Pressure (bar)   Constr. rmsd
   -9.44963e+05    3.11716e+02    3.66631e+01    0.00000e+00

           Step           Time
           4000        8.00000

   Energies (kJ/mol)
           Bond            U-B    Proper Dih.  Improper Dih.      CMAP Dih.
    1.18034e+04    6.80976e+04    4.84980e+04    6.06401e+02    1.15955e+01
          LJ-14     Coulomb-14        LJ (SR)   Coulomb (SR)   Coul. recip.
    7.50311e+03    1.78776e+05    9.24938e+04   -1.66928e+06    5.52371e+03
 Position Rest.     Dih. Rest.      Potential    Kinetic En.   Total Energy
    1.68313e+02    7.54714e+01   -1.25572e+06    3.11069e+05   -9.44652e+05
  Conserved En.    Temperature Pressure (bar)   Constr. rmsd
   -9.44697e+05    3.10274e+02   -9.33760e+01    0.00000e+00

           Step           Time
           5000       10.00000

   Energies (kJ/mol)
           Bond            U-B    Proper Dih.  Improper Dih.      CMAP Dih.
    1.18566e+04    6.80867e+04    4.85039e+04    5.42434e+02    1.89896e+01
          LJ-14     Coulomb-14        LJ (SR)   Coulomb (SR)   Coul. recip.
    7.35609e+03    1.78528e+05    9.37282e+04   -1.66870e+06    5.48490e+03
 Position Rest.     Dih. Rest.      Potential    Kinetic En.   Total Energy
    1.57508e+02    8.31201e+01   -1.25435e+06    3.11887e+05   -9.42465e+05
  Conserved En.    Temperature Pressure (bar)   Constr. rmsd
   -9.44760e+05    3.11090e+02   -7.36859e+01    0.00000e+00

           Step           Time
           6000       12.00000

   Energies (kJ/mol)
           Bond            U-B    Proper Dih.  Improper Dih.      CMAP Dih.
    1.15583e+04    6.82971e+04    4.81928e+04    5.70350e+02   -6.46286e+00
          LJ-14     Coulomb-14        LJ (SR)   Coulomb (SR)   Coul. recip.
    7.37519e+03    1.78395e+05    9.38441e+04   -1.67025e+06    5.61359e+03
 Position Rest.     Dih. Rest.      Potential    Kinetic En.   Total Energy
    1.66871e+02    7.33378e+01   -1.25617e+06    3.12592e+05   -9.43581e+05
  Conserved En.    Temperature Pressure (bar)   Constr. rmsd
   -9.44933e+05    3.11793e+02    4.03374e+01    0.00000e+00

           Step           Time
           7000       14.00000

   Energies (kJ/mol)
           Bond            U-B    Proper Dih.  Improper Dih.      CMAP Dih.
    1.15513e+04    6.72602e+04    4.86240e+04    5.57919e+02   -8.70228e+00
          LJ-14     Coulomb-14        LJ (SR)   Coulomb (SR)   Coul. recip.
    7.47235e+03    1.78306e+05    9.31340e+04   -1.66908e+06    5.68178e+03
 Position Rest.     Dih. Rest.      Potential    Kinetic En.   Total Energy
    1.51247e+02    7.06980e+01   -1.25628e+06    3.11038e+05   -9.45245e+05
  Conserved En.    Temperature Pressure (bar)   Constr. rmsd
   -9.44369e+05    3.10243e+02   -5.88758e+01    0.00000e+00

           Step           Time
           8000       16.00000

   Energies (kJ/mol)
           Bond            U-B    Proper Dih.  Improper Dih.      CMAP Dih.
    1.15555e+04    6.74047e+04    4.85759e+04    6.35462e+02    1.12838e+01
          LJ-14     Coulomb-14        LJ (SR)   Coulomb (SR)   Coul. recip.
    7.38829e+03    1.78318e+05    9.44919e+04   -1.67268e+06    5.56748e+03
 Position Rest.     Dih. Rest.      Potential    Kinetic En.   Total Energy
    1.56993e+02    8.90106e+01   -1.25849e+06    3.09026e+05   -9.49463e+05
  Conserved En.    Temperature Pressure (bar)   Constr. rmsd
   -9.44039e+05    3.08236e+02   -1.35765e+01    0.00000e+00

           Step           Time
           9000       18.00000

   Energies (kJ/mol)
           Bond            U-B    Proper Dih.  Improper Dih.      CMAP Dih.
    1.16663e+04    6.78861e+04    4.83490e+04    4.74923e+02   -1.86246e+01
          LJ-14     Coulomb-14        LJ (SR)   Coulomb (SR)   Coul. recip.
    7.54308e+03    1.78578e+05    9.41418e+04   -1.67143e+06    5.38622e+03
 Position Rest.     Dih. Rest.      Potential    Kinetic En.   Total Energy
    1.56001e+02    8.59758e+01   -1.25718e+06    3.10736e+05   -9.46444e+05
  Conserved En.    Temperature Pressure (bar)   Constr. rmsd
   -9.44148e+05    3.09941e+02    1.33081e+02    0.00000e+00

           Step           Time
          10000       20.00000

   Energies (kJ/mol)
           Bond            U-B    Proper Dih.  Improper Dih.      CMAP Dih.
    1.14536e+04    6.76786e+04    4.81653e+04    6.20313e+02    1.75243e+00
          LJ-14     Coulomb-14        LJ (SR)   Coulomb (SR)   Coul. recip.
    7.40762e+03    1.78951e+05    9.52174e+04   -1.67454e+06    5.40389e+03
 Position Rest.     Dih. Rest.      Potential    Kinetic En.   Total Energy
    1.74851e+02    7.08539e+01   -1.25939e+06    3.09926e+05   -9.49466e+05
  Conserved En.    Temperature Pressure (bar)   Constr. rmsd
   -9.43490e+05    3.09134e+02    7.67341e+01    0.00000e+00

           Step           Time
          11000       22.00000

   Energies (kJ/mol)
           Bond            U-B    Proper Dih.  Improper Dih.      CMAP Dih.
    1.15813e+04    6.82410e+04    4.80288e+04    5.67374e+02    1.56219e+00
          LJ-14     Coulomb-14        LJ (SR)   Coulomb (SR)   Coul. recip.
    7.26567e+03    1.78632e+05    9.21457e+04   -1.67142e+06    5.38479e+03
 Position Rest.     Dih. Rest.      Potential    Kinetic En.   Total Energy
    1.86567e+02    7.96342e+01   -1.25931e+06    3.11328e+05   -9.47979e+05
  Conserved En.    Temperature Pressure (bar)   Constr. rmsd
   -9.43423e+05    3.10532e+02   -1.49367e+02    0.00000e+00

           Step           Time
          12000       24.00000

   Energies (kJ/mol)
           Bond            U-B    Proper Dih.  Improper Dih.      CMAP Dih.
    1.16185e+04    6.83908e+04    4.81195e+04    5.20523e+02    1.15948e+01
          LJ-14     Coulomb-14        LJ (SR)   Coulomb (SR)   Coul. recip.
    7.23584e+03    1.78737e+05    9.15162e+04   -1.66895e+06    5.55148e+03
 Position Rest.     Dih. Rest.      Potential    Kinetic En.   Total Energy
    1.73242e+02    8.43282e+01   -1.25699e+06    3.11210e+05   -9.45784e+05
  Conserved En.    Temperature Pressure (bar)   Constr. rmsd
   -9.43473e+05    3.10415e+02   -1.35264e+02    0.00000e+00

           Step           Time
          13000       26.00000

   Energies (kJ/mol)
           Bond            U-B    Proper Dih.  Improper Dih.      CMAP Dih.
    1.17286e+04    6.80515e+04    4.82757e+04    6.36394e+02    6.10439e+00
          LJ-14     Coulomb-14        LJ (SR)   Coulomb (SR)   Coul. recip.
    7.46296e+03    1.78552e+05    9.23435e+04   -1.66985e+06    5.52502e+03
 Position Rest.     Dih. Rest.      Potential    Kinetic En.   Total Energy
    2.02338e+02    7.45946e+01   -1.25699e+06    3.10891e+05   -9.46102e+05
  Conserved En.    Temperature Pressure (bar)   Constr. rmsd
   -9.43524e+05    3.10096e+02    4.56211e+01    0.00000e+00

           Step           Time
          14000       28.00000

   Energies (kJ/mol)
           Bond            U-B    Proper Dih.  Improper Dih.      CMAP Dih.
    1.14668e+04    6.73574e+04    4.84564e+04    5.15436e+02    1.31052e+01
          LJ-14     Coulomb-14        LJ (SR)   Coulomb (SR)   Coul. recip.
    7.37297e+03    1.79011e+05    9.26514e+04   -1.67065e+06    5.59517e+03
 Position Rest.     Dih. Rest.      Potential    Kinetic En.   Total Energy
    1.64651e+02    8.52441e+01   -1.25796e+06    3.11856e+05   -9.46102e+05
  Conserved En.    Temperature Pressure (bar)   Constr. rmsd
   -9.43565e+05    3.11059e+02   -1.32980e+02    0.00000e+00

           Step           Time
          15000       30.00000

   Energies (kJ/mol)
           Bond            U-B    Proper Dih.  Improper Dih.      CMAP Dih.
    1.16941e+04    6.80740e+04    4.81541e+04    5.67685e+02   -8.27465e-02
          LJ-14     Coulomb-14        LJ (SR)   Coulomb (SR)   Coul. recip.
    7.15118e+03    1.79086e+05    9.19928e+04   -1.67022e+06    5.49480e+03
 Position Rest.     Dih. Rest.      Potential    Kinetic En.   Total Energy
    1.71939e+02    7.82064e+01   -1.25776e+06    3.11218e+05   -9.46539e+05
  Conserved En.    Temperature Pressure (bar)   Constr. rmsd
   -9.43385e+05    3.10423e+02   -1.09215e+02    0.00000e+00

           Step           Time
          16000       32.00000

   Energies (kJ/mol)
           Bond            U-B    Proper Dih.  Improper Dih.      CMAP Dih.
    1.15713e+04    6.80600e+04    4.83297e+04    6.52625e+02    1.40080e+01
          LJ-14     Coulomb-14        LJ (SR)   Coulomb (SR)   Coul. recip.
    7.39840e+03    1.79042e+05    9.44809e+04   -1.67272e+06    5.42335e+03
 Position Rest.     Dih. Rest.      Potential    Kinetic En.   Total Energy
    1.78952e+02    7.60829e+01   -1.25750e+06    3.10978e+05   -9.46520e+05
  Conserved En.    Temperature Pressure (bar)   Constr. rmsd
   -9.43822e+05    3.10183e+02   -1.97101e+00    0.00000e+00

           Step           Time
          17000       34.00000

   Energies (kJ/mol)
           Bond            U-B    Proper Dih.  Improper Dih.      CMAP Dih.
    1.14843e+04    6.79839e+04    4.81416e+04    5.72053e+02    2.23984e+01
          LJ-14     Coulomb-14        LJ (SR)   Coulomb (SR)   Coul. recip.
    7.25222e+03    1.78968e+05    9.55491e+04   -1.67214e+06    5.53288e+03
 Position Rest.     Dih. Rest.      Potential    Kinetic En.   Total Energy
    1.96286e+02    7.14956e+01   -1.25637e+06    3.10905e+05   -9.45463e+05
  Conserved En.    Temperature Pressure (bar)   Constr. rmsd
   -9.43602e+05    3.10110e+02    4.14291e+01    0.00000e+00

           Step           Time
          18000       36.00000

   Energies (kJ/mol)
           Bond            U-B    Proper Dih.  Improper Dih.      CMAP Dih.
    1.15314e+04    6.73643e+04    4.83365e+04    6.04014e+02    2.28241e+01
          LJ-14     Coulomb-14        LJ (SR)   Coulomb (SR)   Coul. recip.
    7.29809e+03    1.78638e+05    9.40334e+04   -1.67230e+06    5.50833e+03
 Position Rest.     Dih. Rest.      Potential    Kinetic En.   Total Energy
    1.69570e+02    9.13099e+01   -1.25870e+06    3.10895e+05   -9.47807e+05
  Conserved En.    Temperature Pressure (bar)   Constr. rmsd
   -9.43599e+05    3.10101e+02   -4.00813e-01    0.00000e+00

           Step           Time
          19000       38.00000

   Energies (kJ/mol)
           Bond            U-B    Proper Dih.  Improper Dih.      CMAP Dih.
    1.16448e+04    6.72906e+04    4.84717e+04    5.59170e+02   -3.28139e+01
          LJ-14     Coulomb-14        LJ (SR)   Coulomb (SR)   Coul. recip.
    7.41327e+03    1.79024e+05    9.33459e+04   -1.67058e+06    5.54508e+03
 Position Rest.     Dih. Rest.      Potential    Kinetic En.   Total Energy
    1.70538e+02    7.78307e+01   -1.25707e+06    3.11252e+05   -9.45816e+05
  Conserved En.    Temperature Pressure (bar)   Constr. rmsd
   -9.43599e+05    3.10457e+02   -8.77682e+01    0.00000e+00

           Step           Time
          20000       40.00000

   Energies (kJ/mol)
           Bond            U-B    Proper Dih.  Improper Dih.      CMAP Dih.
    1.18656e+04    6.81889e+04    4.81624e+04    5.16454e+02   -4.94075e+00
          LJ-14     Coulomb-14        LJ (SR)   Coulomb (SR)   Coul. recip.
    7.42250e+03    1.78822e+05    9.47262e+04   -1.67103e+06    5.53183e+03
 Position Rest.     Dih. Rest.      Potential    Kinetic En.   Total Energy
    1.64991e+02    7.23798e+01   -1.25556e+06    3.10885e+05   -9.44675e+05
  Conserved En.    Temperature Pressure (bar)   Constr. rmsd
   -9.43218e+05    3.10090e+02    4.05883e+01    0.00000e+00

           Step           Time
          21000       42.00000

   Energies (kJ/mol)
           Bond            U-B    Proper Dih.  Improper Dih.      CMAP Dih.
    1.18176e+04    6.80089e+04    4.83210e+04    5.81822e+02   -1.59606e+01
          LJ-14     Coulomb-14        LJ (SR)   Coulomb (SR)   Coul. recip.
    7.39744e+03    1.78704e+05    9.21205e+04   -1.66884e+06    5.42269e+03
 Position Rest.     Dih. Rest.      Potential    Kinetic En.   Total Energy
    1.91758e+02    7.44794e+01   -1.25622e+06    3.10310e+05   -9.45908e+05
  Conserved En.    Temperature Pressure (bar)   Constr. rmsd
   -9.43212e+05    3.09517e+02   -1.10661e+02    0.00000e+00

           Step           Time
          22000       44.00000

   Energies (kJ/mol)
           Bond            U-B    Proper Dih.  Improper Dih.      CMAP Dih.
    1.17051e+04    6.81804e+04    4.84991e+04    6.10104e+02   -1.02636e+01
          LJ-14     Coulomb-14        LJ (SR)   Coulomb (SR)   Coul. recip.
    7.36905e+03    1.78839e+05    9.28770e+04   -1.67005e+06    5.47235e+03
 Position Rest.     Dih. Rest.      Potential    Kinetic En.   Total Energy
    1.58173e+02    8.25437e+01   -1.25626e+06    3.09457e+05   -9.46806e+05
  Conserved En.    Temperature Pressure (bar)   Constr. rmsd
   -9.43136e+05    3.08666e+02   -1.69605e+02    0.00000e+00

           Step           Time
          23000       46.00000

   Energies (kJ/mol)
           Bond            U-B    Proper Dih.  Improper Dih.      CMAP Dih.
    1.16094e+04    6.81596e+04    4.83348e+04    6.08525e+02    9.53214e+00
          LJ-14     Coulomb-14        LJ (SR)   Coulomb (SR)   Coul. recip.
    7.26669e+03    1.78502e+05    9.29882e+04   -1.67015e+06    5.41060e+03
 Position Rest.     Dih. Rest.      Potential    Kinetic En.   Total Energy
    2.05832e+02    7.61332e+01   -1.25698e+06    3.10545e+05   -9.46434e+05
  Conserved En.    Temperature Pressure (bar)   Constr. rmsd
   -9.42926e+05    3.09751e+02    3.43637e+01    0.00000e+00

           Step           Time
          24000       48.00000

   Energies (kJ/mol)
           Bond            U-B    Proper Dih.  Improper Dih.      CMAP Dih.
    1.16304e+04    6.76571e+04    4.80720e+04    6.56119e+02    4.35152e+01
          LJ-14     Coulomb-14        LJ (SR)   Coulomb (SR)   Coul. recip.
    7.32844e+03    1.79041e+05    9.26381e+04   -1.66799e+06    5.53436e+03
 Position Rest.     Dih. Rest.      Potential    Kinetic En.   Total Energy
    1.87501e+02    6.04382e+01   -1.25514e+06    3.11106e+05   -9.44037e+05
  Conserved En.    Temperature Pressure (bar)   Constr. rmsd
   -9.43270e+05    3.10310e+02   -3.42435e+01    0.00000e+00

           Step           Time
          25000       50.00000

   Energies (kJ/mol)
           Bond            U-B    Proper Dih.  Improper Dih.      CMAP Dih.
    1.17847e+04    6.82880e+04    4.83148e+04    6.29689e+02    2.62875e+01
          LJ-14     Coulomb-14        LJ (SR)   Coulomb (SR)   Coul. recip.
    7.34108e+03    1.78959e+05    9.31524e+04   -1.66828e+06    5.67885e+03
 Position Rest.     Dih. Rest.      Potential    Kinetic En.   Total Energy
    1.77733e+02    7.47571e+01   -1.25385e+06    3.10236e+05   -9.43617e+05
  Conserved En.    Temperature Pressure (bar)   Constr. rmsd
   -9.43015e+05    3.09443e+02   -6.68475e+01    0.00000e+00

           Step           Time
          26000       52.00000

   Energies (kJ/mol)
           Bond            U-B    Proper Dih.  Improper Dih.      CMAP Dih.
    1.18553e+04    6.76075e+04    4.82301e+04    5.78259e+02    2.68908e+01
          LJ-14     Coulomb-14        LJ (SR)   Coulomb (SR)   Coul. recip.
    7.30899e+03    1.78981e+05    9.46797e+04   -1.67146e+06    5.50497e+03
 Position Rest.     Dih. Rest.      Potential    Kinetic En.   Total Energy
    1.94207e+02    8.47158e+01   -1.25641e+06    3.11955e+05   -9.44456e+05
  Conserved En.    Temperature Pressure (bar)   Constr. rmsd
   -9.43099e+05    3.11158e+02    4.35731e+01    0.00000e+00

           Step           Time
          27000       54.00000

   Energies (kJ/mol)
           Bond            U-B    Proper Dih.  Improper Dih.      CMAP Dih.
    1.17107e+04    6.71240e+04    4.82821e+04    5.45862e+02    2.51417e+01
          LJ-14     Coulomb-14        LJ (SR)   Coulomb (SR)   Coul. recip.
    7.20304e+03    1.78893e+05    9.36796e+04   -1.67103e+06    5.58333e+03
 Position Rest.     Dih. Rest.      Potential    Kinetic En.   Total Energy
    1.71968e+02    8.66722e+01   -1.25772e+06    3.09925e+05   -9.47798e+05
  Conserved En.    Temperature Pressure (bar)   Constr. rmsd
   -9.42765e+05    3.09133e+02   -7.08734e+01    0.00000e+00

           Step           Time
          28000       56.00000

   Energies (kJ/mol)
           Bond            U-B    Proper Dih.  Improper Dih.      CMAP Dih.
    1.18075e+04    6.84760e+04    4.82161e+04    6.81009e+02    2.24082e+01
          LJ-14     Coulomb-14        LJ (SR)   Coulomb (SR)   Coul. recip.
    7.30087e+03    1.78738e+05    9.42932e+04   -1.67213e+06    5.53241e+03
 Position Rest.     Dih. Rest.      Potential    Kinetic En.   Total Energy
    1.94061e+02    7.06020e+01   -1.25680e+06    3.10235e+05   -9.46561e+05
  Conserved En.    Temperature Pressure (bar)   Constr. rmsd
   -9.42662e+05    3.09442e+02    1.59460e+02    0.00000e+00

           Step           Time
          29000       58.00000

   Energies (kJ/mol)
           Bond            U-B    Proper Dih.  Improper Dih.      CMAP Dih.
    1.15032e+04    6.83278e+04    4.80589e+04    5.71776e+02    6.18162e+01
          LJ-14     Coulomb-14        LJ (SR)   Coulomb (SR)   Coul. recip.
    7.17680e+03    1.78748e+05    9.35894e+04   -1.67073e+06    5.43834e+03
 Position Rest.     Dih. Rest.      Potential    Kinetic En.   Total Energy
    1.90113e+02    9.21403e+01   -1.25698e+06    3.10043e+05   -9.46932e+05
  Conserved En.    Temperature Pressure (bar)   Constr. rmsd
   -9.42521e+05    3.09251e+02   -6.21508e+00    0.00000e+00

           Step           Time
          30000       60.00000

   Energies (kJ/mol)
           Bond            U-B    Proper Dih.  Improper Dih.      CMAP Dih.
    1.15054e+04    6.86820e+04    4.80987e+04    6.05933e+02    9.21252e+00
          LJ-14     Coulomb-14        LJ (SR)   Coulomb (SR)   Coul. recip.
    7.16850e+03    1.78770e+05    9.32499e+04   -1.66986e+06    5.65719e+03
 Position Rest.     Dih. Rest.      Potential    Kinetic En.   Total Energy
    2.15446e+02    7.84734e+01   -1.25582e+06    3.10630e+05   -9.45188e+05
  Conserved En.    Temperature Pressure (bar)   Constr. rmsd
   -9.42495e+05    3.09837e+02   -3.12488e+01    0.00000e+00

           Step           Time
          31000       62.00000

   Energies (kJ/mol)
           Bond            U-B    Proper Dih.  Improper Dih.      CMAP Dih.
    1.16336e+04    6.76272e+04    4.79904e+04    5.52057e+02    1.69672e+01
          LJ-14     Coulomb-14        LJ (SR)   Coulomb (SR)   Coul. recip.
    7.32203e+03    1.78829e+05    9.39537e+04   -1.67098e+06    5.48837e+03
 Position Rest.     Dih. Rest.      Potential    Kinetic En.   Total Energy
    2.01536e+02    7.81681e+01   -1.25729e+06    3.11275e+05   -9.46016e+05
  Conserved En.    Temperature Pressure (bar)   Constr. rmsd
   -9.42276e+05    3.10480e+02    8.72681e+01    0.00000e+00

           Step           Time
          32000       64.00000

   Energies (kJ/mol)
           Bond            U-B    Proper Dih.  Improper Dih.      CMAP Dih.
    1.13048e+04    6.84033e+04    4.82710e+04    6.32627e+02    1.64090e+01
          LJ-14     Coulomb-14        LJ (SR)   Coulomb (SR)   Coul. recip.
    7.31245e+03    1.78921e+05    9.31489e+04   -1.67168e+06    5.52035e+03
 Position Rest.     Dih. Rest.      Potential    Kinetic En.   Total Energy
    1.91035e+02    7.23179e+01   -1.25788e+06    3.11197e+05   -9.46685e+05
  Conserved En.    Temperature Pressure (bar)   Constr. rmsd
   -9.42059e+05    3.10402e+02   -1.22969e+02    0.00000e+00

           Step           Time
          33000       66.00000

   Energies (kJ/mol)
           Bond            U-B    Proper Dih.  Improper Dih.      CMAP Dih.
    1.21083e+04    6.87023e+04    4.82979e+04    5.71732e+02    2.60224e+01
          LJ-14     Coulomb-14        LJ (SR)   Coulomb (SR)   Coul. recip.
    7.25059e+03    1.78660e+05    9.16282e+04   -1.66802e+06    5.55804e+03
 Position Rest.     Dih. Rest.      Potential    Kinetic En.   Total Energy
    1.97382e+02    6.71352e+01   -1.25496e+06    3.11582e+05   -9.43373e+05
  Conserved En.    Temperature Pressure (bar)   Constr. rmsd
   -9.42074e+05    3.10786e+02   -1.09435e+02    0.00000e+00

           Step           Time
          34000       68.00000

   Energies (kJ/mol)
           Bond            U-B    Proper Dih.  Improper Dih.      CMAP Dih.
    1.19259e+04    6.78014e+04    4.81031e+04    6.16480e+02    2.67490e+01
          LJ-14     Coulomb-14        LJ (SR)   Coulomb (SR)   Coul. recip.
    7.45883e+03    1.78293e+05    9.15052e+04   -1.66737e+06    5.57191e+03
 Position Rest.     Dih. Rest.      Potential    Kinetic En.   Total Energy
    2.01097e+02    7.06795e+01   -1.25580e+06    3.12249e+05   -9.43547e+05
  Conserved En.    Temperature Pressure (bar)   Constr. rmsd
   -9.41846e+05    3.11451e+02    3.72500e+01    0.00000e+00

           Step           Time
          35000       70.00000

   Energies (kJ/mol)
           Bond            U-B    Proper Dih.  Improper Dih.      CMAP Dih.
    1.14197e+04    6.80245e+04    4.81836e+04    5.94527e+02   -6.80501e+00
          LJ-14     Coulomb-14        LJ (SR)   Coulomb (SR)   Coul. recip.
    7.39280e+03    1.78910e+05    9.20746e+04   -1.66823e+06    5.57014e+03
 Position Rest.     Dih. Rest.      Potential    Kinetic En.   Total Energy
    1.95456e+02    7.31747e+01   -1.25580e+06    3.10588e+05   -9.45213e+05
  Conserved En.    Temperature Pressure (bar)   Constr. rmsd
   -9.42298e+05    3.09794e+02   -8.97277e+01    0.00000e+00

           Step           Time
          36000       72.00000

   Energies (kJ/mol)
           Bond            U-B    Proper Dih.  Improper Dih.      CMAP Dih.
    1.16266e+04    6.83929e+04    4.81839e+04    5.70876e+02    5.35362e+01
          LJ-14     Coulomb-14        LJ (SR)   Coulomb (SR)   Coul. recip.
    7.35167e+03    1.78802e+05    9.26719e+04   -1.66910e+06    5.60011e+03
 Position Rest.     Dih. Rest.      Potential    Kinetic En.   Total Energy
    1.86891e+02    7.45731e+01   -1.25559e+06    3.12027e+05   -9.43559e+05
  Conserved En.    Temperature Pressure (bar)   Constr. rmsd
   -9.41866e+05    3.11229e+02   -1.01925e+02    0.00000e+00

           Step           Time
          37000       74.00000

   Energies (kJ/mol)
           Bond            U-B    Proper Dih.  Improper Dih.      CMAP Dih.
    1.17556e+04    6.86822e+04    4.79874e+04    6.21663e+02    1.54151e+01
          LJ-14     Coulomb-14        LJ (SR)   Coulomb (SR)   Coul. recip.
    7.29212e+03    1.78619e+05    9.32707e+04   -1.67015e+06    5.59118e+03
 Position Rest.     Dih. Rest.      Potential    Kinetic En.   Total Energy
    1.77461e+02    7.18423e+01   -1.25607e+06    3.10881e+05   -9.45188e+05
  Conserved En.    Temperature Pressure (bar)   Constr. rmsd
   -9.41377e+05    3.10087e+02   -2.27223e+01    0.00000e+00

           Step           Time
          38000       76.00000

   Energies (kJ/mol)
           Bond            U-B    Proper Dih.  Improper Dih.      CMAP Dih.
    1.16120e+04    6.79484e+04    4.79436e+04    6.24575e+02    3.91401e+01
          LJ-14     Coulomb-14        LJ (SR)   Coulomb (SR)   Coul. recip.
    7.20074e+03    1.78812e+05    9.32589e+04   -1.67070e+06    5.50213e+03
 Position Rest.     Dih. Rest.      Potential    Kinetic En.   Total Energy
    1.74410e+02    8.40196e+01   -1.25750e+06    3.11437e+05   -9.46066e+05
  Conserved En.    Temperature Pressure (bar)   Constr. rmsd
   -9.41292e+05    3.10642e+02    6.44637e+01    0.00000e+00

           Step           Time
          39000       78.00000

   Energies (kJ/mol)
           Bond            U-B    Proper Dih.  Improper Dih.      CMAP Dih.
    1.17460e+04    6.83239e+04    4.81331e+04    5.94122e+02   -2.42388e-01
          LJ-14     Coulomb-14        LJ (SR)   Coulomb (SR)   Coul. recip.
    7.24101e+03    1.79136e+05    9.25591e+04   -1.66862e+06    5.58148e+03
 Position Rest.     Dih. Rest.      Potential    Kinetic En.   Total Energy
    1.69928e+02    7.26440e+01   -1.25507e+06    3.10616e+05   -9.44450e+05
  Conserved En.    Temperature Pressure (bar)   Constr. rmsd
   -9.41010e+05    3.09822e+02   -3.58164e+01    0.00000e+00

           Step           Time
          40000       80.00000

   Energies (kJ/mol)
           Bond            U-B    Proper Dih.  Improper Dih.      CMAP Dih.
    1.20331e+04    6.81529e+04    4.82166e+04    5.87651e+02    3.79606e+01
          LJ-14     Coulomb-14        LJ (SR)   Coulomb (SR)   Coul. recip.
    7.39043e+03    1.78891e+05    9.22118e+04   -1.67054e+06    5.59446e+03
 Position Rest.     Dih. Rest.      Potential    Kinetic En.   Total Energy
    1.92384e+02    6.93188e+01   -1.25717e+06    3.12285e+05   -9.44881e+05
  Conserved En.    Temperature Pressure (bar)   Constr. rmsd
   -9.40711e+05    3.11487e+02    6.05132e+01    0.00000e+00

           Step           Time
          41000       82.00000

   Energies (kJ/mol)
           Bond            U-B    Proper Dih.  Improper Dih.      CMAP Dih.
    1.19466e+04    6.83313e+04    4.82474e+04    6.71343e+02    3.98525e+01
          LJ-14     Coulomb-14        LJ (SR)   Coulomb (SR)   Coul. recip.
    7.43900e+03    1.78875e+05    9.23233e+04   -1.67195e+06    5.41340e+03
 Position Rest.     Dih. Rest.      Potential    Kinetic En.   Total Energy
    1.81386e+02    7.50665e+01   -1.25840e+06    3.08515e+05   -9.49888e+05
  Conserved En.    Temperature Pressure (bar)   Constr. rmsd
   -9.40625e+05    3.07726e+02   -9.96831e+01    0.00000e+00

           Step           Time
          42000       84.00000

   Energies (kJ/mol)
           Bond            U-B    Proper Dih.  Improper Dih.      CMAP Dih.
    1.18054e+04    6.80177e+04    4.81676e+04    5.63501e+02   -1.08307e+00
          LJ-14     Coulomb-14        LJ (SR)   Coulomb (SR)   Coul. recip.
    7.15945e+03    1.79117e+05    9.34794e+04   -1.67245e+06    5.50705e+03
 Position Rest.     Dih. Rest.      Potential    Kinetic En.   Total Energy
    1.79540e+02    7.27369e+01   -1.25838e+06    3.09358e+05   -9.49026e+05
  Conserved En.    Temperature Pressure (bar)   Constr. rmsd
   -9.40489e+05    3.08567e+02   -1.40370e+02    0.00000e+00

           Step           Time
          43000       86.00000

   Energies (kJ/mol)
           Bond            U-B    Proper Dih.  Improper Dih.      CMAP Dih.
    1.17432e+04    6.86746e+04    4.80714e+04    5.22242e+02   -8.01342e+00
          LJ-14     Coulomb-14        LJ (SR)   Coulomb (SR)   Coul. recip.
    7.32931e+03    1.79176e+05    9.41288e+04   -1.67216e+06    5.45923e+03
 Position Rest.     Dih. Rest.      Potential    Kinetic En.   Total Energy
    2.11350e+02    7.60708e+01   -1.25677e+06    3.11678e+05   -9.45097e+05
  Conserved En.    Temperature Pressure (bar)   Constr. rmsd
   -9.40613e+05    3.10881e+02    1.24825e+02    0.00000e+00

           Step           Time
          44000       88.00000

   Energies (kJ/mol)
           Bond            U-B    Proper Dih.  Improper Dih.      CMAP Dih.
    1.16786e+04    6.77538e+04    4.79070e+04    5.95322e+02    3.91736e+01
          LJ-14     Coulomb-14        LJ (SR)   Coulomb (SR)   Coul. recip.
    7.28840e+03    1.78781e+05    9.32871e+04   -1.67088e+06    5.58057e+03
 Position Rest.     Dih. Rest.      Potential    Kinetic En.   Total Energy
    2.08357e+02    7.86479e+01   -1.25768e+06    3.11459e+05   -9.46220e+05
  Conserved En.    Temperature Pressure (bar)   Constr. rmsd
   -9.40744e+05    3.10663e+02    1.02651e+01    0.00000e+00

           Step           Time
          45000       90.00000

   Energies (kJ/mol)
           Bond            U-B    Proper Dih.  Improper Dih.      CMAP Dih.
    1.14673e+04    6.77944e+04    4.82147e+04    5.92782e+02   -2.19429e+01
          LJ-14     Coulomb-14        LJ (SR)   Coulomb (SR)   Coul. recip.
    7.20450e+03    1.78482e+05    9.33173e+04   -1.67196e+06    5.56109e+03
 Position Rest.     Dih. Rest.      Potential    Kinetic En.   Total Energy
    1.92376e+02    6.98106e+01   -1.25909e+06    3.10887e+05   -9.48198e+05
  Conserved En.    Temperature Pressure (bar)   Constr. rmsd
   -9.40819e+05    3.10093e+02    8.38697e+00    0.00000e+00

           Step           Time
          46000       92.00000

   Energies (kJ/mol)
           Bond            U-B    Proper Dih.  Improper Dih.      CMAP Dih.
    1.16878e+04    6.77889e+04    4.80598e+04    6.12034e+02    1.48157e+01
          LJ-14     Coulomb-14        LJ (SR)   Coulomb (SR)   Coul. recip.
    7.38995e+03    1.78760e+05    9.39031e+04   -1.67110e+06    5.47683e+03
 Position Rest.     Dih. Rest.      Potential    Kinetic En.   Total Energy
    1.86474e+02    8.30379e+01   -1.25713e+06    3.11518e+05   -9.45614e+05
  Conserved En.    Temperature Pressure (bar)   Constr. rmsd
   -9.40692e+05    3.10722e+02    8.62580e+01    0.00000e+00

           Step           Time
          47000       94.00000

   Energies (kJ/mol)
           Bond            U-B    Proper Dih.  Improper Dih.      CMAP Dih.
    1.16149e+04    6.85270e+04    4.83072e+04    5.76389e+02    7.38337e-01
          LJ-14     Coulomb-14        LJ (SR)   Coulomb (SR)   Coul. recip.
    7.28117e+03    1.78858e+05    9.41742e+04   -1.67229e+06    5.45604e+03
 Position Rest.     Dih. Rest.      Potential    Kinetic En.   Total Energy
    1.69999e+02    8.88258e+01   -1.25724e+06    3.10157e+05   -9.47082e+05
  Conserved En.    Temperature Pressure (bar)   Constr. rmsd
   -9.40271e+05    3.09365e+02    7.42909e+01    0.00000e+00

           Step           Time
          48000       96.00000

   Energies (kJ/mol)
           Bond            U-B    Proper Dih.  Improper Dih.      CMAP Dih.
    1.17888e+04    6.74154e+04    4.83155e+04    5.54660e+02    4.29819e+01
          LJ-14     Coulomb-14        LJ (SR)   Coulomb (SR)   Coul. recip.
    7.48201e+03    1.79317e+05    9.31180e+04   -1.67020e+06    5.44609e+03
 Position Rest.     Dih. Rest.      Potential    Kinetic En.   Total Energy
    1.87680e+02    7.34128e+01   -1.25646e+06    3.09663e+05   -9.46800e+05
  Conserved En.    Temperature Pressure (bar)   Constr. rmsd
   -9.40547e+05    3.08871e+02    3.73335e+01    0.00000e+00

           Step           Time
          49000       98.00000

   Energies (kJ/mol)
           Bond            U-B    Proper Dih.  Improper Dih.      CMAP Dih.
    1.16989e+04    6.73708e+04    4.83323e+04    5.39773e+02    2.10333e+01
          LJ-14     Coulomb-14        LJ (SR)   Coulomb (SR)   Coul. recip.
    7.13755e+03    1.78705e+05    9.34558e+04   -1.67209e+06    5.51505e+03
 Position Rest.     Dih. Rest.      Potential    Kinetic En.   Total Energy
    1.92586e+02    5.50052e+01   -1.25907e+06    3.10632e+05   -9.48433e+05
  Conserved En.    Temperature Pressure (bar)   Constr. rmsd
   -9.40394e+05    3.09838e+02   -4.20080e+01    0.00000e+00

           Step           Time
          50000      100.00000

   Energies (kJ/mol)
           Bond            U-B    Proper Dih.  Improper Dih.      CMAP Dih.
    1.15821e+04    6.78326e+04    4.84015e+04    5.81299e+02    1.56760e+01
          LJ-14     Coulomb-14        LJ (SR)   Coulomb (SR)   Coul. recip.
    7.30212e+03    1.78835e+05    9.31404e+04   -1.67162e+06    5.62482e+03
 Position Rest.     Dih. Rest.      Potential    Kinetic En.   Total Energy
    1.92489e+02    6.76916e+01   -1.25805e+06    3.09355e+05   -9.48692e+05
  Conserved En.    Temperature Pressure (bar)   Constr. rmsd
   -9.40222e+05    3.08564e+02   -1.27551e+01    0.00000e+00

           Step           Time
          51000      102.00000

   Energies (kJ/mol)
           Bond            U-B    Proper Dih.  Improper Dih.      CMAP Dih.
    1.17592e+04    6.74225e+04    4.85214e+04    6.25420e+02    7.83507e+00
          LJ-14     Coulomb-14        LJ (SR)   Coulomb (SR)   Coul. recip.
    7.35314e+03    1.79316e+05    9.26393e+04   -1.66855e+06    5.45684e+03
 Position Rest.     Dih. Rest.      Potential    Kinetic En.   Total Energy
    2.01214e+02    7.75324e+01   -1.25517e+06    3.11965e+05   -9.43209e+05
  Conserved En.    Temperature Pressure (bar)   Constr. rmsd
   -9.40365e+05    3.11167e+02   -8.66518e+01    0.00000e+00

           Step           Time
          52000      104.00000

   Energies (kJ/mol)
           Bond            U-B    Proper Dih.  Improper Dih.      CMAP Dih.
    1.16753e+04    6.82696e+04    4.85496e+04    6.26366e+02    1.80217e+01
          LJ-14     Coulomb-14        LJ (SR)   Coulomb (SR)   Coul. recip.
    7.21295e+03    1.79093e+05    9.40974e+04   -1.66932e+06    5.52011e+03
 Position Rest.     Dih. Rest.      Potential    Kinetic En.   Total Energy
    1.96387e+02    7.72918e+01   -1.25399e+06    3.10242e+05   -9.43746e+05
  Conserved En.    Temperature Pressure (bar)   Constr. rmsd
   -9.40251e+05    3.09449e+02    1.17142e+01    0.00000e+00

           Step           Time
          53000      106.00000

   Energies (kJ/mol)
           Bond            U-B    Proper Dih.  Improper Dih.      CMAP Dih.
    1.16975e+04    6.83241e+04    4.85405e+04    6.28038e+02    3.39802e-01
          LJ-14     Coulomb-14        LJ (SR)   Coulomb (SR)   Coul. recip.
    7.23378e+03    1.78850e+05    9.20771e+04   -1.66793e+06    5.46853e+03
 Position Rest.     Dih. Rest.      Potential    Kinetic En.   Total Energy
    1.98165e+02    7.48928e+01   -1.25484e+06    3.12156e+05   -9.42682e+05
  Conserved En.    Temperature Pressure (bar)   Constr. rmsd
   -9.40314e+05    3.11358e+02    1.04528e+01    0.00000e+00

           Step           Time
          54000      108.00000

   Energies (kJ/mol)
           Bond            U-B    Proper Dih.  Improper Dih.      CMAP Dih.
    1.16735e+04    6.84482e+04    4.84187e+04    5.09477e+02    5.78481e+00
          LJ-14     Coulomb-14        LJ (SR)   Coulomb (SR)   Coul. recip.
    7.32104e+03    1.78715e+05    9.47422e+04   -1.67065e+06    5.40800e+03
 Position Rest.     Dih. Rest.      Potential    Kinetic En.   Total Energy
    1.89114e+02    6.14410e+01   -1.25516e+06    3.11143e+05   -9.44016e+05
  Conserved En.    Temperature Pressure (bar)   Constr. rmsd
   -9.40594e+05    3.10348e+02    7.71174e+01    0.00000e+00

           Step           Time
          55000      110.00000

   Energies (kJ/mol)
           Bond            U-B    Proper Dih.  Improper Dih.      CMAP Dih.
    1.17254e+04    6.82364e+04    4.85105e+04    6.60344e+02    4.14890e+00
          LJ-14     Coulomb-14        LJ (SR)   Coulomb (SR)   Coul. recip.
    7.40705e+03    1.78964e+05    9.10573e+04   -1.66643e+06    5.53403e+03
 Position Rest.     Dih. Rest.      Potential    Kinetic En.   Total Energy
    2.05979e+02    7.99999e+01   -1.25404e+06    3.11090e+05   -9.42951e+05
  Conserved En.    Temperature Pressure (bar)   Constr. rmsd
   -9.40167e+05    3.10295e+02   -8.39474e+01    0.00000e+00

           Step           Time
          56000      112.00000

   Energies (kJ/mol)
           Bond            U-B    Proper Dih.  Improper Dih.      CMAP Dih.
    1.19365e+04    6.78497e+04    4.85988e+04    5.82362e+02    2.41521e+01
          LJ-14     Coulomb-14        LJ (SR)   Coulomb (SR)   Coul. recip.
    7.29334e+03    1.78599e+05    9.35328e+04   -1.67048e+06    5.46358e+03
 Position Rest.     Dih. Rest.      Potential    Kinetic En.   Total Energy
    2.16032e+02    8.47168e+01   -1.25630e+06    3.11531e+05   -9.44765e+05
  Conserved En.    Temperature Pressure (bar)   Constr. rmsd
   -9.40057e+05    3.10735e+02   -1.35647e+02    0.00000e+00

           Step           Time
          57000      114.00000

   Energies (kJ/mol)
           Bond            U-B    Proper Dih.  Improper Dih.      CMAP Dih.
    1.15400e+04    6.77077e+04    4.82038e+04    5.81787e+02    4.93553e+01
          LJ-14     Coulomb-14        LJ (SR)   Coulomb (SR)   Coul. recip.
    7.38169e+03    1.78625e+05    9.09343e+04   -1.66885e+06    5.50639e+03
 Position Rest.     Dih. Rest.      Potential    Kinetic En.   Total Energy
    2.12805e+02    6.57468e+01   -1.25804e+06    3.11100e+05   -9.46944e+05
  Conserved En.    Temperature Pressure (bar)   Constr. rmsd
   -9.39863e+05    3.10305e+02   -6.67920e+01    0.00000e+00

           Step           Time
          58000      116.00000

   Energies (kJ/mol)
           Bond            U-B    Proper Dih.  Improper Dih.      CMAP Dih.
    1.17089e+04    6.83066e+04    4.80704e+04    5.28578e+02   -1.01127e+01
          LJ-14     Coulomb-14        LJ (SR)   Coulomb (SR)   Coul. recip.
    7.34809e+03    1.78737e+05    9.34235e+04   -1.66869e+06    5.55070e+03
 Position Rest.     Dih. Rest.      Potential    Kinetic En.   Total Energy
    1.71840e+02    6.74762e+01   -1.25479e+06    3.10979e+05   -9.43812e+05
  Conserved En.    Temperature Pressure (bar)   Constr. rmsd
   -9.39392e+05    3.10185e+02    5.59980e+01    0.00000e+00

           Step           Time
          59000      118.00000

   Energies (kJ/mol)
           Bond            U-B    Proper Dih.  Improper Dih.      CMAP Dih.
    1.16596e+04    6.74399e+04    4.86139e+04    6.68798e+02   -4.99035e+00
          LJ-14     Coulomb-14        LJ (SR)   Coulomb (SR)   Coul. recip.
    7.39539e+03    1.79142e+05    9.21944e+04   -1.67126e+06    5.52120e+03
 Position Rest.     Dih. Rest.      Potential    Kinetic En.   Total Energy
    1.97212e+02    7.92223e+01   -1.25836e+06    3.12592e+05   -9.45766e+05
  Conserved En.    Temperature Pressure (bar)   Constr. rmsd
   -9.39093e+05    3.11793e+02    6.85479e+01    0.00000e+00

           Step           Time
          60000      120.00000

   Energies (kJ/mol)
           Bond            U-B    Proper Dih.  Improper Dih.      CMAP Dih.
    1.14958e+04    6.79172e+04    4.83749e+04    5.58614e+02    2.23842e+01
          LJ-14     Coulomb-14        LJ (SR)   Coulomb (SR)   Coul. recip.
    7.28238e+03    1.78879e+05    9.17690e+04   -1.67158e+06    5.40664e+03
 Position Rest.     Dih. Rest.      Potential    Kinetic En.   Total Energy
    2.07607e+02    7.77078e+01   -1.25959e+06    3.10165e+05   -9.49427e+05
  Conserved En.    Temperature Pressure (bar)   Constr. rmsd
   -9.38776e+05    3.09373e+02   -7.90935e+01    0.00000e+00

           Step           Time
          61000      122.00000

   Energies (kJ/mol)
           Bond            U-B    Proper Dih.  Improper Dih.      CMAP Dih.
    1.16210e+04    6.76234e+04    4.84212e+04    5.99683e+02   -6.57225e+00
          LJ-14     Coulomb-14        LJ (SR)   Coulomb (SR)   Coul. recip.
    7.32579e+03    1.79150e+05    9.32595e+04   -1.67196e+06    5.42897e+03
 Position Rest.     Dih. Rest.      Potential    Kinetic En.   Total Energy
    1.96168e+02    6.14725e+01   -1.25828e+06    3.09390e+05   -9.48892e+05
  Conserved En.    Temperature Pressure (bar)   Constr. rmsd
   -9.39015e+05    3.08599e+02    2.00445e+01    0.00000e+00

           Step           Time
          62000      124.00000

   Energies (kJ/mol)
           Bond            U-B    Proper Dih.  Improper Dih.      CMAP Dih.
    1.14909e+04    6.82557e+04    4.85484e+04    5.33431e+02   -1.18402e+01
          LJ-14     Coulomb-14        LJ (SR)   Coulomb (SR)   Coul. recip.
    7.20902e+03    1.78892e+05    9.23330e+04   -1.67102e+06    5.38252e+03
 Position Rest.     Dih. Rest.      Potential    Kinetic En.   Total Energy
    2.04081e+02    6.93613e+01   -1.25812e+06    3.09888e+05   -9.48228e+05
  Conserved En.    Temperature Pressure (bar)   Constr. rmsd
   -9.39006e+05    3.09096e+02   -1.73610e+02    0.00000e+00

           Step           Time
          63000      126.00000

   Energies (kJ/mol)
           Bond            U-B    Proper Dih.  Improper Dih.      CMAP Dih.
    1.17148e+04    6.75379e+04    4.83504e+04    5.92991e+02    8.98116e+00
          LJ-14     Coulomb-14        LJ (SR)   Coulomb (SR)   Coul. recip.
    7.46188e+03    1.79284e+05    9.51316e+04   -1.67304e+06    5.45504e+03
 Position Rest.     Dih. Rest.      Potential    Kinetic En.   Total Energy
    1.97228e+02    7.84392e+01   -1.25723e+06    3.09997e+05   -9.47234e+05
  Conserved En.    Temperature Pressure (bar)   Constr. rmsd
   -9.38931e+05    3.09204e+02    2.33004e+01    0.00000e+00

           Step           Time
          64000      128.00000

   Energies (kJ/mol)
           Bond            U-B    Proper Dih.  Improper Dih.      CMAP Dih.
    1.15521e+04    6.72199e+04    4.84655e+04    5.47150e+02   -5.07106e+00
          LJ-14     Coulomb-14        LJ (SR)   Coulomb (SR)   Coul. recip.
    7.39923e+03    1.79233e+05    9.16677e+04   -1.66942e+06    5.44424e+03
 Position Rest.     Dih. Rest.      Potential    Kinetic En.   Total Energy
    1.86246e+02    9.00318e+01   -1.25762e+06    3.11069e+05   -9.46551e+05
  Conserved En.    Temperature Pressure (bar)   Constr. rmsd
   -9.38357e+05    3.10274e+02    4.63195e+01    0.00000e+00

           Step           Time
          65000      130.00000

   Energies (kJ/mol)
           Bond            U-B    Proper Dih.  Improper Dih.      CMAP Dih.
    1.12894e+04    6.81174e+04    4.86449e+04    5.82670e+02   -4.01660e+00
          LJ-14     Coulomb-14        LJ (SR)   Coulomb (SR)   Coul. recip.
    7.48025e+03    1.78672e+05    9.31367e+04   -1.67164e+06    5.64347e+03
 Position Rest.     Dih. Rest.      Potential    Kinetic En.   Total Energy
    2.12423e+02    6.75816e+01   -1.25780e+06    3.10306e+05   -9.47494e+05
  Conserved En.    Temperature Pressure (bar)   Constr. rmsd
   -9.38230e+05    3.09513e+02    2.71581e+01    0.00000e+00

           Step           Time
          66000      132.00000

   Energies (kJ/mol)
           Bond            U-B    Proper Dih.  Improper Dih.      CMAP Dih.
    1.15810e+04    6.77984e+04    4.83167e+04    5.24570e+02    3.71110e+01
          LJ-14     Coulomb-14        LJ (SR)   Coulomb (SR)   Coul. recip.
    7.24073e+03    1.78878e+05    9.39743e+04   -1.67266e+06    5.57426e+03
 Position Rest.     Dih. Rest.      Potential    Kinetic En.   Total Energy
    2.21918e+02    8.58160e+01   -1.25842e+06    3.11143e+05   -9.47280e+05
  Conserved En.    Temperature Pressure (bar)   Constr. rmsd
   -9.38436e+05    3.10348e+02    8.81386e+01    0.00000e+00

           Step           Time
          67000      134.00000

   Energies (kJ/mol)
           Bond            U-B    Proper Dih.  Improper Dih.      CMAP Dih.
    1.18050e+04    6.85295e+04    4.81141e+04    6.52227e+02    4.49594e+00
          LJ-14     Coulomb-14        LJ (SR)   Coulomb (SR)   Coul. recip.
    7.41847e+03    1.78977e+05    9.24469e+04   -1.67068e+06    5.44285e+03
 Position Rest.     Dih. Rest.      Potential    Kinetic En.   Total Energy
    1.81677e+02    6.69155e+01   -1.25705e+06    3.10197e+05   -9.46848e+05
  Conserved En.    Temperature Pressure (bar)   Constr. rmsd
   -9.38226e+05    3.09405e+02   -3.23537e+01    0.00000e+00

           Step           Time
          68000      136.00000

   Energies (kJ/mol)
           Bond            U-B    Proper Dih.  Improper Dih.      CMAP Dih.
    1.15806e+04    6.82200e+04    4.83733e+04    5.92002e+02    1.35671e+01
          LJ-14     Coulomb-14        LJ (SR)   Coulomb (SR)   Coul. recip.
    7.30258e+03    1.78809e+05    9.45143e+04   -1.67162e+06    5.38810e+03
 Position Rest.     Dih. Rest.      Potential    Kinetic En.   Total Energy
    1.95847e+02    6.83815e+01   -1.25656e+06    3.09736e+05   -9.46827e+05
  Conserved En.    Temperature Pressure (bar)   Constr. rmsd
   -9.38325e+05    3.08945e+02    1.35942e+02    0.00000e+00

           Step           Time
          69000      138.00000

   Energies (kJ/mol)
           Bond            U-B    Proper Dih.  Improper Dih.      CMAP Dih.
    1.16339e+04    6.89455e+04    4.81809e+04    5.74659e+02    6.13356e-01
          LJ-14     Coulomb-14        LJ (SR)   Coulomb (SR)   Coul. recip.
    7.23322e+03    1.78625e+05    9.23305e+04   -1.66874e+06    5.49549e+03
 Position Rest.     Dih. Rest.      Potential    Kinetic En.   Total Energy
    2.08327e+02    7.23334e+01   -1.25544e+06    3.11008e+05   -9.44435e+05
  Conserved En.    Temperature Pressure (bar)   Constr. rmsd
   -9.38174e+05    3.10213e+02   -4.38608e+01    0.00000e+00

           Step           Time
          70000      140.00000

   Energies (kJ/mol)
           Bond            U-B    Proper Dih.  Improper Dih.      CMAP Dih.
    1.19467e+04    6.84683e+04    4.84178e+04    6.27017e+02    2.12456e+00
          LJ-14     Coulomb-14        LJ (SR)   Coulomb (SR)   Coul. recip.
    7.35921e+03    1.78551e+05    9.52462e+04   -1.67417e+06    5.45551e+03
 Position Rest.     Dih. Rest.      Potential    Kinetic En.   Total Energy
    2.06735e+02    8.19195e+01   -1.25781e+06    3.12439e+05   -9.45374e+05
  Conserved En.    Temperature Pressure (bar)   Constr. rmsd
   -9.37750e+05    3.11640e+02    1.17744e+02    0.00000e+00

           Step           Time
          71000      142.00000

   Energies (kJ/mol)
           Bond            U-B    Proper Dih.  Improper Dih.      CMAP Dih.
    1.16899e+04    6.83382e+04    4.83671e+04    5.99180e+02    8.41011e+00
          LJ-14     Coulomb-14        LJ (SR)   Coulomb (SR)   Coul. recip.
    7.37386e+03    1.78749e+05    9.34794e+04   -1.67076e+06    5.52275e+03
 Position Rest.     Dih. Rest.      Potential    Kinetic En.   Total Energy
    2.01045e+02    7.91778e+01   -1.25635e+06    3.10539e+05   -9.45814e+05
  Conserved En.    Temperature Pressure (bar)   Constr. rmsd
   -9.37917e+05    3.09745e+02    1.74080e+02    0.00000e+00

           Step           Time
          72000      144.00000

   Energies (kJ/mol)
           Bond            U-B    Proper Dih.  Improper Dih.      CMAP Dih.
    1.17188e+04    6.83642e+04    4.81619e+04    6.04133e+02    4.76405e+01
          LJ-14     Coulomb-14        LJ (SR)   Coulomb (SR)   Coul. recip.
    7.27841e+03    1.78291e+05    9.39628e+04   -1.67031e+06    5.42906e+03
 Position Rest.     Dih. Rest.      Potential    Kinetic En.   Total Energy
    1.84524e+02    9.52091e+01   -1.25617e+06    3.11047e+05   -9.45123e+05
  Conserved En.    Temperature Pressure (bar)   Constr. rmsd
   -9.37857e+05    3.10253e+02    6.94653e+01    0.00000e+00

           Step           Time
          73000      146.00000

   Energies (kJ/mol)
           Bond            U-B    Proper Dih.  Improper Dih.      CMAP Dih.
    1.17503e+04    6.79486e+04    4.81721e+04    5.64642e+02    3.47499e+01
          LJ-14     Coulomb-14        LJ (SR)   Coulomb (SR)   Coul. recip.
    7.44141e+03    1.78831e+05    9.36753e+04   -1.67156e+06    5.53862e+03
 Position Rest.     Dih. Rest.      Potential    Kinetic En.   Total Energy
    1.85700e+02    8.33079e+01   -1.25733e+06    3.11888e+05   -9.45446e+05
  Conserved En.    Temperature Pressure (bar)   Constr. rmsd
   -9.37733e+05    3.11091e+02    2.75386e+01    0.00000e+00

           Step           Time
          74000      148.00000

   Energies (kJ/mol)
           Bond            U-B    Proper Dih.  Improper Dih.      CMAP Dih.
    1.16398e+04    6.78684e+04    4.84703e+04    6.43551e+02    3.14975e+01
          LJ-14     Coulomb-14        LJ (SR)   Coulomb (SR)   Coul. recip.
    7.39221e+03    1.78954e+05    9.23289e+04   -1.66975e+06    5.56985e+03
 Position Rest.     Dih. Rest.      Potential    Kinetic En.   Total Energy
    2.11895e+02    7.61994e+01   -1.25657e+06    3.12365e+05   -9.44201e+05
  Conserved En.    Temperature Pressure (bar)   Constr. rmsd
   -9.37578e+05    3.11567e+02    8.29288e+01    0.00000e+00

           Step           Time
          75000      150.00000

   Energies (kJ/mol)
           Bond            U-B    Proper Dih.  Improper Dih.      CMAP Dih.
    1.16472e+04    6.76606e+04    4.83186e+04    5.76330e+02    1.68775e+01
          LJ-14     Coulomb-14        LJ (SR)   Coulomb (SR)   Coul. recip.
    7.20837e+03    1.78541e+05    9.32337e+04   -1.66919e+06    5.45864e+03
 Position Rest.     Dih. Rest.      Potential    Kinetic En.   Total Energy
    1.96744e+02    9.71915e+01   -1.25624e+06    3.10753e+05   -9.45487e+05
  Conserved En.    Temperature Pressure (bar)   Constr. rmsd
   -9.37544e+05    3.09958e+02   -2.37312e+01    0.00000e+00

           Step           Time
          76000      152.00000

   Energies (kJ/mol)
           Bond            U-B    Proper Dih.  Improper Dih.      CMAP Dih.
    1.17713e+04    6.80682e+04    4.83214e+04    5.54117e+02    1.87159e+01
          LJ-14     Coulomb-14        LJ (SR)   Coulomb (SR)   Coul. recip.
    7.37618e+03    1.78728e+05    9.28942e+04   -1.67112e+06    5.39732e+03
 Position Rest.     Dih. Rest.      Potential    Kinetic En.   Total Energy
    1.91706e+02    7.42288e+01   -1.25773e+06    3.11774e+05   -9.45955e+05
  Conserved En.    Temperature Pressure (bar)   Constr. rmsd
   -9.37643e+05    3.10977e+02   -3.02326e+01    0.00000e+00

           Step           Time
          77000      154.00000

   Energies (kJ/mol)
           Bond            U-B    Proper Dih.  Improper Dih.      CMAP Dih.
    1.20164e+04    6.82167e+04    4.82342e+04    6.72313e+02    3.22956e+01
          LJ-14     Coulomb-14        LJ (SR)   Coulomb (SR)   Coul. recip.
    7.25955e+03    1.78866e+05    9.25963e+04   -1.66940e+06    5.38251e+03
 Position Rest.     Dih. Rest.      Potential    Kinetic En.   Total Energy
    1.97319e+02    7.43178e+01   -1.25585e+06    3.10918e+05   -9.44931e+05
  Conserved En.    Temperature Pressure (bar)   Constr. rmsd
   -9.37800e+05    3.10124e+02   -1.32826e+01    0.00000e+00

           Step           Time
          78000      156.00000

   Energies (kJ/mol)
           Bond            U-B    Proper Dih.  Improper Dih.      CMAP Dih.
    1.16220e+04    6.76429e+04    4.84445e+04    6.10520e+02    3.74869e+01
          LJ-14     Coulomb-14        LJ (SR)   Coulomb (SR)   Coul. recip.
    7.20668e+03    1.78459e+05    9.27351e+04   -1.66988e+06    5.44154e+03
 Position Rest.     Dih. Rest.      Potential    Kinetic En.   Total Energy
    2.05989e+02    7.01656e+01   -1.25740e+06    3.11448e+05   -9.45953e+05
  Conserved En.    Temperature Pressure (bar)   Constr. rmsd
   -9.37897e+05    3.10652e+02   -9.44741e+01    0.00000e+00

           Step           Time
          79000      158.00000

   Energies (kJ/mol)
           Bond            U-B    Proper Dih.  Improper Dih.      CMAP Dih.
    1.17434e+04    6.74362e+04    4.83263e+04    5.68039e+02    6.22821e+00
          LJ-14     Coulomb-14        LJ (SR)   Coulomb (SR)   Coul. recip.
    7.28900e+03    1.78839e+05    9.46955e+04   -1.67280e+06    5.50311e+03
 Position Rest.     Dih. Rest.      Potential    Kinetic En.   Total Energy
    2.01927e+02    6.55360e+01   -1.25812e+06    3.12154e+05   -9.45971e+05
  Conserved En.    Temperature Pressure (bar)   Constr. rmsd
   -9.37797e+05    3.11356e+02    1.68619e+02    0.00000e+00

           Step           Time
          80000      160.00000

   Energies (kJ/mol)
           Bond            U-B    Proper Dih.  Improper Dih.      CMAP Dih.
    1.19957e+04    6.79008e+04    4.84709e+04    6.22022e+02    1.19911e+01
          LJ-14     Coulomb-14        LJ (SR)   Coulomb (SR)   Coul. recip.
    7.24114e+03    1.78663e+05    9.21201e+04   -1.66956e+06    5.34544e+03
 Position Rest.     Dih. Rest.      Potential    Kinetic En.   Total Energy
    2.09591e+02    8.31266e+01   -1.25690e+06    3.10095e+05   -9.46805e+05
  Conserved En.    Temperature Pressure (bar)   Constr. rmsd
   -9.36988e+05    3.09303e+02   -1.38621e+02    0.00000e+00

           Step           Time
          81000      162.00000

   Energies (kJ/mol)
           Bond            U-B    Proper Dih.  Improper Dih.      CMAP Dih.
    1.17880e+04    6.88540e+04    4.80978e+04    6.38052e+02   -5.13686e+00
          LJ-14     Coulomb-14        LJ (SR)   Coulomb (SR)   Coul. recip.
    7.28832e+03    1.78488e+05    9.33941e+04   -1.67060e+06    5.59694e+03
 Position Rest.     Dih. Rest.      Potential    Kinetic En.   Total Energy
    2.20031e+02    6.24225e+01   -1.25618e+06    3.12776e+05   -9.43406e+05
  Conserved En.    Temperature Pressure (bar)   Constr. rmsd
   -9.36690e+05    3.11976e+02    3.50174e+01    0.00000e+00

           Step           Time
          82000      164.00000

   Energies (kJ/mol)
           Bond            U-B    Proper Dih.  Improper Dih.      CMAP Dih.
    1.17726e+04    6.78026e+04    4.82308e+04    5.83081e+02    3.00184e+01
          LJ-14     Coulomb-14        LJ (SR)   Coulomb (SR)   Coul. recip.
    7.57177e+03    1.79122e+05    9.29234e+04   -1.67198e+06    5.53574e+03
 Position Rest.     Dih. Rest.      Potential    Kinetic En.   Total Energy
    2.10673e+02    6.76269e+01   -1.25813e+06    3.10288e+05   -9.47846e+05
  Conserved En.    Temperature Pressure (bar)   Constr. rmsd
   -9.37025e+05    3.09495e+02    9.94039e+01    0.00000e+00

           Step           Time
          83000      166.00000

   Energies (kJ/mol)
           Bond            U-B    Proper Dih.  Improper Dih.      CMAP Dih.
    1.14246e+04    6.70797e+04    4.80649e+04    5.63940e+02    2.54416e+01
          LJ-14     Coulomb-14        LJ (SR)   Coulomb (SR)   Coul. recip.
    7.34884e+03    1.78914e+05    9.34051e+04   -1.67257e+06    5.47004e+03
 Position Rest.     Dih. Rest.      Potential    Kinetic En.   Total Energy
    2.00424e+02    7.05510e+01   -1.26001e+06    3.11501e+05   -9.48506e+05
  Conserved En.    Temperature Pressure (bar)   Constr. rmsd
   -9.37060e+05    3.10705e+02   -3.18453e+01    0.00000e+00

           Step           Time
          84000      168.00000

   Energies (kJ/mol)
           Bond            U-B    Proper Dih.  Improper Dih.      CMAP Dih.
    1.15637e+04    6.80984e+04    4.79880e+04    6.27383e+02    3.59147e+00
          LJ-14     Coulomb-14        LJ (SR)   Coulomb (SR)   Coul. recip.
    7.20844e+03    1.78374e+05    9.27976e+04   -1.66934e+06    5.39310e+03
 Position Rest.     Dih. Rest.      Potential    Kinetic En.   Total Energy
    2.11830e+02    7.44868e+01   -1.25700e+06    3.10856e+05   -9.46146e+05
  Conserved En.    Temperature Pressure (bar)   Constr. rmsd
   -9.37319e+05    3.10062e+02   -7.61058e+01    0.00000e+00

           Step           Time
          85000      170.00000

   Energies (kJ/mol)
           Bond            U-B    Proper Dih.  Improper Dih.      CMAP Dih.
    1.14210e+04    6.77312e+04    4.82727e+04    5.58506e+02    1.87569e+01
          LJ-14     Coulomb-14        LJ (SR)   Coulomb (SR)   Coul. recip.
    7.30069e+03    1.78497e+05    9.22646e+04   -1.67100e+06    5.51011e+03
 Position Rest.     Dih. Rest.      Potential    Kinetic En.   Total Energy
    2.22769e+02    8.57026e+01   -1.25912e+06    3.11616e+05   -9.47501e+05
  Conserved En.    Temperature Pressure (bar)   Constr. rmsd
   -9.37072e+05    3.10820e+02   -5.48897e+00    0.00000e+00

           Step           Time
          86000      172.00000

   Energies (kJ/mol)
           Bond            U-B    Proper Dih.  Improper Dih.      CMAP Dih.
    1.15731e+04    6.72359e+04    4.83903e+04    5.56575e+02    1.17611e+01
          LJ-14     Coulomb-14        LJ (SR)   Coulomb (SR)   Coul. recip.
    7.42614e+03    1.78987e+05    9.38005e+04   -1.67232e+06    5.36352e+03
 Position Rest.     Dih. Rest.      Potential    Kinetic En.   Total Energy
    2.24618e+02    6.24157e+01   -1.25868e+06    3.09819e+05   -9.48866e+05
  Conserved En.    Temperature Pressure (bar)   Constr. rmsd
   -9.36678e+05    3.09027e+02    5.41809e+01    0.00000e+00

           Step           Time
          87000      174.00000

   Energies (kJ/mol)
           Bond            U-B    Proper Dih.  Improper Dih.      CMAP Dih.
    1.15907e+04    6.82289e+04    4.84446e+04    5.42555e+02   -2.19687e+01
          LJ-14     Coulomb-14        LJ (SR)   Coulomb (SR)   Coul. recip.
    7.32113e+03    1.78543e+05    9.52805e+04   -1.67353e+06    5.48459e+03
 Position Rest.     Dih. Rest.      Potential    Kinetic En.   Total Energy
    2.61101e+02    7.48473e+01   -1.25778e+06    3.10246e+05   -9.47532e+05
  Conserved En.    Temperature Pressure (bar)   Constr. rmsd
   -9.36691e+05    3.09453e+02    1.22445e+02    0.00000e+00

           Step           Time
          88000      176.00000

   Energies (kJ/mol)
           Bond            U-B    Proper Dih.  Improper Dih.      CMAP Dih.
    1.14874e+04    6.76347e+04    4.83794e+04    5.81276e+02   -1.24774e+01
          LJ-14     Coulomb-14        LJ (SR)   Coulomb (SR)   Coul. recip.
    7.29148e+03    1.78864e+05    9.31528e+04   -1.67134e+06    5.49069e+03
 Position Rest.     Dih. Rest.      Potential    Kinetic En.   Total Energy
    2.26245e+02    7.19791e+01   -1.25817e+06    3.10263e+05   -9.47905e+05
  Conserved En.    Temperature Pressure (bar)   Constr. rmsd
   -9.36604e+05    3.09470e+02   -8.60580e+01    0.00000e+00

           Step           Time
          89000      178.00000

   Energies (kJ/mol)
           Bond            U-B    Proper Dih.  Improper Dih.      CMAP Dih.
    1.15250e+04    6.77895e+04    4.83331e+04    5.74372e+02   -5.58296e+00
          LJ-14     Coulomb-14        LJ (SR)   Coulomb (SR)   Coul. recip.
    7.31201e+03    1.78577e+05    9.21230e+04   -1.66961e+06    5.55218e+03
 Position Rest.     Dih. Rest.      Potential    Kinetic En.   Total Energy
    2.43155e+02    9.01908e+01   -1.25749e+06    3.10041e+05   -9.47452e+05
  Conserved En.    Temperature Pressure (bar)   Constr. rmsd
   -9.36531e+05    3.09249e+02    6.59340e+01    0.00000e+00

           Step           Time
          90000      180.00000

   Energies (kJ/mol)
           Bond            U-B    Proper Dih.  Improper Dih.      CMAP Dih.
    1.17575e+04    6.77806e+04    4.83998e+04    5.05292e+02    2.20844e+01
          LJ-14     Coulomb-14        LJ (SR)   Coulomb (SR)   Coul. recip.
    7.32594e+03    1.78565e+05    9.48050e+04   -1.67310e+06    5.48225e+03
 Position Rest.     Dih. Rest.      Potential    Kinetic En.   Total Energy
    2.14155e+02    6.20981e+01   -1.25818e+06    3.10577e+05   -9.47598e+05
  Conserved En.    Temperature Pressure (bar)   Constr. rmsd
   -9.36344e+05    3.09784e+02    1.16214e+02    0.00000e+00

           Step           Time
          91000      182.00000

   Energies (kJ/mol)
           Bond            U-B    Proper Dih.  Improper Dih.      CMAP Dih.
    1.17225e+04    6.84141e+04    4.84573e+04    6.02768e+02    3.47623e+01
          LJ-14     Coulomb-14        LJ (SR)   Coulomb (SR)   Coul. recip.
    7.31106e+03    1.78455e+05    9.34743e+04   -1.67094e+06    5.54107e+03
 Position Rest.     Dih. Rest.      Potential    Kinetic En.   Total Energy
    2.15088e+02    7.80621e+01   -1.25664e+06    3.10705e+05   -9.45934e+05
  Conserved En.    Temperature Pressure (bar)   Constr. rmsd
   -9.36027e+05    3.09911e+02    6.73552e+01    0.00000e+00

           Step           Time
          92000      184.00000

   Energies (kJ/mol)
           Bond            U-B    Proper Dih.  Improper Dih.      CMAP Dih.
    1.17532e+04    6.80071e+04    4.84567e+04    6.10543e+02   -4.71529e+00
          LJ-14     Coulomb-14        LJ (SR)   Coulomb (SR)   Coul. recip.
    7.35950e+03    1.78712e+05    9.51431e+04   -1.67311e+06    5.48308e+03
 Position Rest.     Dih. Rest.      Potential    Kinetic En.   Total Energy
    2.33917e+02    7.98300e+01   -1.25727e+06    3.11548e+05   -9.45726e+05
  Conserved En.    Temperature Pressure (bar)   Constr. rmsd
   -9.36106e+05    3.10751e+02    1.35868e+02    0.00000e+00

           Step           Time
          93000      186.00000

   Energies (kJ/mol)
           Bond            U-B    Proper Dih.  Improper Dih.      CMAP Dih.
    1.19896e+04    6.84508e+04    4.84267e+04    6.07160e+02    4.27556e+01
          LJ-14     Coulomb-14        LJ (SR)   Coulomb (SR)   Coul. recip.
    7.16009e+03    1.78763e+05    9.31296e+04   -1.66887e+06    5.38383e+03
 Position Rest.     Dih. Rest.      Potential    Kinetic En.   Total Energy
    2.27448e+02    7.44530e+01   -1.25462e+06    3.10704e+05   -9.43913e+05
  Conserved En.    Temperature Pressure (bar)   Constr. rmsd
   -9.35558e+05    3.09910e+02   -3.73818e+01    0.00000e+00

           Step           Time
          94000      188.00000

   Energies (kJ/mol)
           Bond            U-B    Proper Dih.  Improper Dih.      CMAP Dih.
    1.15240e+04    6.76764e+04    4.82961e+04    5.66750e+02    1.27188e+01
          LJ-14     Coulomb-14        LJ (SR)   Coulomb (SR)   Coul. recip.
    7.34583e+03    1.78566e+05    9.31415e+04   -1.67066e+06    5.42615e+03
 Position Rest.     Dih. Rest.      Potential    Kinetic En.   Total Energy
    2.06323e+02    9.71617e+01   -1.25780e+06    3.11661e+05   -9.46144e+05
  Conserved En.    Temperature Pressure (bar)   Constr. rmsd
   -9.35986e+05    3.10864e+02    3.60926e+01    0.00000e+00

           Step           Time
          95000      190.00000

   Energies (kJ/mol)
           Bond            U-B    Proper Dih.  Improper Dih.      CMAP Dih.
    1.16670e+04    6.77952e+04    4.85372e+04    6.14118e+02    2.06830e+01
          LJ-14     Coulomb-14        LJ (SR)   Coulomb (SR)   Coul. recip.
    7.36847e+03    1.78486e+05    9.40515e+04   -1.67235e+06    5.52110e+03
 Position Rest.     Dih. Rest.      Potential    Kinetic En.   Total Energy
    2.09635e+02    7.65478e+01   -1.25800e+06    3.10965e+05   -9.47034e+05
  Conserved En.    Temperature Pressure (bar)   Constr. rmsd
   -9.35751e+05    3.10171e+02    8.59025e+01    0.00000e+00

           Step           Time
          96000      192.00000

   Energies (kJ/mol)
           Bond            U-B    Proper Dih.  Improper Dih.      CMAP Dih.
    1.13811e+04    6.79113e+04    4.85520e+04    6.12385e+02    1.64670e+01
          LJ-14     Coulomb-14        LJ (SR)   Coulomb (SR)   Coul. recip.
    7.38522e+03    1.78492e+05    9.23014e+04   -1.66977e+06    5.58343e+03
 Position Rest.     Dih. Rest.      Potential    Kinetic En.   Total Energy
    1.84757e+02    7.17344e+01   -1.25728e+06    3.11354e+05   -9.45927e+05
  Conserved En.    Temperature Pressure (bar)   Constr. rmsd
   -9.35997e+05    3.10558e+02   -1.70292e+01    0.00000e+00

           Step           Time
          97000      194.00000

   Energies (kJ/mol)
           Bond            U-B    Proper Dih.  Improper Dih.      CMAP Dih.
    1.15739e+04    6.83997e+04    4.87375e+04    6.07378e+02    3.09822e+01
          LJ-14     Coulomb-14        LJ (SR)   Coulomb (SR)   Coul. recip.
    7.32957e+03    1.78582e+05    9.23998e+04   -1.66824e+06    5.40637e+03
 Position Rest.     Dih. Rest.      Potential    Kinetic En.   Total Energy
    2.11487e+02    6.97091e+01   -1.25489e+06    3.10444e+05   -9.44446e+05
  Conserved En.    Temperature Pressure (bar)   Constr. rmsd
   -9.35605e+05    3.09651e+02   -2.82727e+01    0.00000e+00

           Step           Time
          98000      196.00000

   Energies (kJ/mol)
           Bond            U-B    Proper Dih.  Improper Dih.      CMAP Dih.
    1.15092e+04    6.83871e+04    4.83209e+04    5.74007e+02    1.56334e+01
          LJ-14     Coulomb-14        LJ (SR)   Coulomb (SR)   Coul. recip.
    7.45492e+03    1.78599e+05    9.33899e+04   -1.67187e+06    5.39211e+03
 Position Rest.     Dih. Rest.      Potential    Kinetic En.   Total Energy
    2.20254e+02    7.31286e+01   -1.25793e+06    3.10697e+05   -9.47235e+05
  Conserved En.    Temperature Pressure (bar)   Constr. rmsd
   -9.35214e+05    3.09903e+02    6.84056e+01    0.00000e+00

           Step           Time
          99000      198.00000

   Energies (kJ/mol)
           Bond            U-B    Proper Dih.  Improper Dih.      CMAP Dih.
    1.13644e+04    6.77538e+04    4.86705e+04    5.88449e+02    1.19304e+01
          LJ-14     Coulomb-14        LJ (SR)   Coulomb (SR)   Coul. recip.
    7.30558e+03    1.78279e+05    9.49409e+04   -1.67246e+06    5.47401e+03
 Position Rest.     Dih. Rest.      Potential    Kinetic En.   Total Energy
    2.21954e+02    7.65007e+01   -1.25777e+06    3.09598e+05   -9.48176e+05
  Conserved En.    Temperature Pressure (bar)   Constr. rmsd
   -9.35849e+05    3.08807e+02    2.42974e+01    0.00000e+00

           Step           Time
         100000      200.00000

   Energies (kJ/mol)
           Bond            U-B    Proper Dih.  Improper Dih.      CMAP Dih.
    1.16575e+04    6.77462e+04    4.82749e+04    5.38385e+02    2.08617e+01
          LJ-14     Coulomb-14        LJ (SR)   Coulomb (SR)   Coul. recip.
    7.39124e+03    1.78548e+05    9.09496e+04   -1.66912e+06    5.45556e+03
 Position Rest.     Dih. Rest.      Potential    Kinetic En.   Total Energy
    2.29646e+02    7.14863e+01   -1.25823e+06    3.10559e+05   -9.47675e+05
  Conserved En.    Temperature Pressure (bar)   Constr. rmsd
   -9.35517e+05    3.09766e+02   -1.74794e+02    0.00000e+00

           Step           Time
         101000      202.00000

   Energies (kJ/mol)
           Bond            U-B    Proper Dih.  Improper Dih.      CMAP Dih.
    1.16779e+04    6.79774e+04    4.84989e+04    6.08719e+02   -2.05350e+01
          LJ-14     Coulomb-14        LJ (SR)   Coulomb (SR)   Coul. recip.
    7.36122e+03    1.78102e+05    9.42404e+04   -1.67187e+06    5.58550e+03
 Position Rest.     Dih. Rest.      Potential    Kinetic En.   Total Energy
    2.22424e+02    8.59870e+01   -1.25753e+06    3.11035e+05   -9.46499e+05
  Conserved En.    Temperature Pressure (bar)   Constr. rmsd
   -9.35386e+05    3.10240e+02    1.18785e+02    0.00000e+00

           Step           Time
         102000      204.00000

   Energies (kJ/mol)
           Bond            U-B    Proper Dih.  Improper Dih.      CMAP Dih.
    1.16993e+04    6.79706e+04    4.85428e+04    5.72833e+02    2.57681e+01
          LJ-14     Coulomb-14        LJ (SR)   Coulomb (SR)   Coul. recip.
    7.26159e+03    1.78625e+05    9.23608e+04   -1.66919e+06    5.62412e+03
 Position Rest.     Dih. Rest.      Potential    Kinetic En.   Total Energy
    2.18526e+02    7.15949e+01   -1.25622e+06    3.11075e+05   -9.45144e+05
  Conserved En.    Temperature Pressure (bar)   Constr. rmsd
   -9.35672e+05    3.10280e+02   -1.00693e+02    0.00000e+00

           Step           Time
         103000      206.00000

   Energies (kJ/mol)
           Bond            U-B    Proper Dih.  Improper Dih.      CMAP Dih.
    1.17590e+04    6.72896e+04    4.82816e+04    6.10452e+02   -2.45518e-01
          LJ-14     Coulomb-14        LJ (SR)   Coulomb (SR)   Coul. recip.
    7.46431e+03    1.78582e+05    9.30931e+04   -1.66975e+06    5.44561e+03
 Position Rest.     Dih. Rest.      Potential    Kinetic En.   Total Energy
    2.11736e+02    7.24159e+01   -1.25694e+06    3.12084e+05   -9.44859e+05
  Conserved En.    Temperature Pressure (bar)   Constr. rmsd
   -9.35580e+05    3.11286e+02   -2.96716e+01    0.00000e+00

           Step           Time
         104000      208.00000

   Energies (kJ/mol)
           Bond            U-B    Proper Dih.  Improper Dih.      CMAP Dih.
    1.16227e+04    6.72819e+04    4.86510e+04    5.14781e+02   -3.56660e+00
          LJ-14     Coulomb-14        LJ (SR)   Coulomb (SR)   Coul. recip.
    7.44714e+03    1.78323e+05    9.21474e+04   -1.66803e+06    5.43000e+03
 Position Rest.     Dih. Rest.      Potential    Kinetic En.   Total Energy
    1.99672e+02    8.23003e+01   -1.25633e+06    3.10482e+05   -9.45852e+05
  Conserved En.    Temperature Pressure (bar)   Constr. rmsd
   -9.35485e+05    3.09689e+02    8.49362e+00    0.00000e+00

           Step           Time
         105000      210.00000

   Energies (kJ/mol)
           Bond            U-B    Proper Dih.  Improper Dih.      CMAP Dih.
    1.18433e+04    6.75653e+04    4.87478e+04    5.56491e+02    3.05697e+01
          LJ-14     Coulomb-14        LJ (SR)   Coulomb (SR)   Coul. recip.
    7.53404e+03    1.78663e+05    9.37639e+04   -1.67164e+06    5.54294e+03
 Position Rest.     Dih. Rest.      Potential    Kinetic En.   Total Energy
    2.13470e+02    7.77023e+01   -1.25710e+06    3.10292e+05   -9.46809e+05
  Conserved En.    Temperature Pressure (bar)   Constr. rmsd
   -9.35240e+05    3.09499e+02   -3.30611e+01    0.00000e+00

           Step           Time
         106000      212.00000

   Energies (kJ/mol)
           Bond            U-B    Proper Dih.  Improper Dih.      CMAP Dih.
    1.16686e+04    6.80027e+04    4.82954e+04    5.92964e+02    2.92393e+01
          LJ-14     Coulomb-14        LJ (SR)   Coulomb (SR)   Coul. recip.
    7.37015e+03    1.77994e+05    9.29047e+04   -1.67008e+06    5.51980e+03
 Position Rest.     Dih. Rest.      Potential    Kinetic En.   Total Energy
    2.28196e+02    8.04438e+01   -1.25740e+06    3.09488e+05   -9.47910e+05
  Conserved En.    Temperature Pressure (bar)   Constr. rmsd
   -9.35399e+05    3.08697e+02   -6.06530e+01    0.00000e+00

           Step           Time
         107000      214.00000

   Energies (kJ/mol)
           Bond            U-B    Proper Dih.  Improper Dih.      CMAP Dih.
    1.16652e+04    6.75419e+04    4.86388e+04    5.91438e+02    9.97654e+00
          LJ-14     Coulomb-14        LJ (SR)   Coulomb (SR)   Coul. recip.
    7.35603e+03    1.78589e+05    9.27637e+04   -1.67008e+06    5.41079e+03
 Position Rest.     Dih. Rest.      Potential    Kinetic En.   Total Energy
    2.19871e+02    8.47867e+01   -1.25721e+06    3.11103e+05   -9.46110e+05
  Conserved En.    Temperature Pressure (bar)   Constr. rmsd
   -9.35178e+05    3.10308e+02   -3.70249e+01    0.00000e+00

           Step           Time
         108000      216.00000

   Energies (kJ/mol)
           Bond            U-B    Proper Dih.  Improper Dih.      CMAP Dih.
    1.16828e+04    6.77542e+04    4.83815e+04    6.32612e+02    1.11049e+01
          LJ-14     Coulomb-14        LJ (SR)   Coulomb (SR)   Coul. recip.
    7.44441e+03    1.78056e+05    9.35961e+04   -1.67084e+06    5.57420e+03
 Position Rest.     Dih. Rest.      Potential    Kinetic En.   Total Energy
    1.95478e+02    6.92659e+01   -1.25744e+06    3.10360e+05   -9.47085e+05
  Conserved En.    Temperature Pressure (bar)   Constr. rmsd
   -9.35266e+05    3.09567e+02    8.33514e+01    0.00000e+00

           Step           Time
         109000      218.00000

   Energies (kJ/mol)
           Bond            U-B    Proper Dih.  Improper Dih.      CMAP Dih.
    1.17615e+04    6.80708e+04    4.82862e+04    6.21752e+02   -9.68954e+00
          LJ-14     Coulomb-14        LJ (SR)   Coulomb (SR)   Coul. recip.
    7.33107e+03    1.78557e+05    9.36517e+04   -1.67200e+06    5.63397e+03
 Position Rest.     Dih. Rest.      Potential    Kinetic En.   Total Energy
    2.07902e+02    8.00852e+01   -1.25781e+06    3.11826e+05   -9.45981e+05
  Conserved En.    Temperature Pressure (bar)   Constr. rmsd
   -9.34792e+05    3.11029e+02    5.37626e+01    0.00000e+00

           Step           Time
         110000      220.00000

   Energies (kJ/mol)
           Bond            U-B    Proper Dih.  Improper Dih.      CMAP Dih.
    1.19915e+04    6.79330e+04    4.81705e+04    6.27115e+02    2.89894e-01
          LJ-14     Coulomb-14        LJ (SR)   Coulomb (SR)   Coul. recip.
    7.41580e+03    1.78803e+05    9.45476e+04   -1.67265e+06    5.44718e+03
 Position Rest.     Dih. Rest.      Potential    Kinetic En.   Total Energy
    2.21668e+02    6.95853e+01   -1.25742e+06    3.11508e+05   -9.45914e+05
  Conserved En.    Temperature Pressure (bar)   Constr. rmsd
   -9.35110e+05    3.10712e+02    5.27428e+01    0.00000e+00

           Step           Time
         111000      222.00000

   Energies (kJ/mol)
           Bond            U-B    Proper Dih.  Improper Dih.      CMAP Dih.
    1.15727e+04    6.84163e+04    4.82305e+04    5.95025e+02   -2.49143e+00
          LJ-14     Coulomb-14        LJ (SR)   Coulomb (SR)   Coul. recip.
    7.24724e+03    1.78174e+05    9.35301e+04   -1.66970e+06    5.60112e+03
 Position Rest.     Dih. Rest.      Potential    Kinetic En.   Total Energy
    2.13007e+02    7.54432e+01   -1.25605e+06    3.10862e+05   -9.45185e+05
  Conserved En.    Temperature Pressure (bar)   Constr. rmsd
   -9.35169e+05    3.10068e+02   -1.84863e+02    0.00000e+00

           Step           Time
         112000      224.00000

   Energies (kJ/mol)
           Bond            U-B    Proper Dih.  Improper Dih.      CMAP Dih.
    1.13117e+04    6.78455e+04    4.85216e+04    5.89862e+02    2.45357e+00
          LJ-14     Coulomb-14        LJ (SR)   Coulomb (SR)   Coul. recip.
    7.44260e+03    1.78972e+05    9.30083e+04   -1.66973e+06    5.43611e+03
 Position Rest.     Dih. Rest.      Potential    Kinetic En.   Total Energy
    2.22329e+02    7.88752e+01   -1.25630e+06    3.12195e+05   -9.44103e+05
  Conserved En.    Temperature Pressure (bar)   Constr. rmsd
   -9.35357e+05    3.11397e+02    7.91598e+00    0.00000e+00

           Step           Time
         113000      226.00000

   Energies (kJ/mol)
           Bond            U-B    Proper Dih.  Improper Dih.      CMAP Dih.
    1.15831e+04    6.75688e+04    4.84414e+04    6.24443e+02   -1.06126e+00
          LJ-14     Coulomb-14        LJ (SR)   Coulomb (SR)   Coul. recip.
    7.45218e+03    1.78451e+05    9.39385e+04   -1.67053e+06    5.64129e+03
 Position Rest.     Dih. Rest.      Potential    Kinetic En.   Total Energy
    2.07997e+02    7.20613e+01   -1.25655e+06    3.13069e+05   -9.43481e+05
  Conserved En.    Temperature Pressure (bar)   Constr. rmsd
   -9.35352e+05    3.12269e+02    2.33787e+01    0.00000e+00

           Step           Time
         114000      228.00000

   Energies (kJ/mol)
           Bond            U-B    Proper Dih.  Improper Dih.      CMAP Dih.
    1.16170e+04    6.79831e+04    4.87165e+04    5.93755e+02   -2.50992e-01
          LJ-14     Coulomb-14        LJ (SR)   Coulomb (SR)   Coul. recip.
    7.40956e+03    1.78294e+05    9.11606e+04   -1.66728e+06    5.41715e+03
 Position Rest.     Dih. Rest.      Potential    Kinetic En.   Total Energy
    2.24029e+02    7.13619e+01   -1.25580e+06    3.10059e+05   -9.45736e+05
  Conserved En.    Temperature Pressure (bar)   Constr. rmsd
   -9.34879e+05    3.09267e+02   -1.76420e+02    0.00000e+00

           Step           Time
         115000      230.00000

   Energies (kJ/mol)
           Bond            U-B    Proper Dih.  Improper Dih.      CMAP Dih.
    1.14148e+04    6.73614e+04    4.83253e+04    5.80171e+02    2.33329e+01
          LJ-14     Coulomb-14        LJ (SR)   Coulomb (SR)   Coul. recip.
    7.47974e+03    1.79013e+05    9.40613e+04   -1.67245e+06    5.51803e+03
 Position Rest.     Dih. Rest.      Potential    Kinetic En.   Total Energy
    2.08111e+02    8.49801e+01   -1.25838e+06    3.11284e+05   -9.47097e+05
  Conserved En.    Temperature Pressure (bar)   Constr. rmsd
   -9.34646e+05    3.10489e+02    4.79031e+01    0.00000e+00

           Step           Time
         116000      232.00000

   Energies (kJ/mol)
           Bond            U-B    Proper Dih.  Improper Dih.      CMAP Dih.
    1.18371e+04    6.76152e+04    4.82632e+04    5.78659e+02   -1.97968e+01
          LJ-14     Coulomb-14        LJ (SR)   Coulomb (SR)   Coul. recip.
    7.33574e+03    1.78893e+05    9.49128e+04   -1.67310e+06    5.41500e+03
 Position Rest.     Dih. Rest.      Potential    Kinetic En.   Total Energy
    2.11699e+02    9.21849e+01   -1.25796e+06    3.11115e+05   -9.46847e+05
  Conserved En.    Temperature Pressure (bar)   Constr. rmsd
   -9.34501e+05    3.10320e+02    3.17266e+01    0.00000e+00

           Step           Time
         117000      234.00000

   Energies (kJ/mol)
           Bond            U-B    Proper Dih.  Improper Dih.      CMAP Dih.
    1.17171e+04    6.81622e+04    4.83644e+04    5.74824e+02   -5.03477e-01
          LJ-14     Coulomb-14        LJ (SR)   Coulomb (SR)   Coul. recip.
    7.25312e+03    1.78421e+05    9.39942e+04   -1.67121e+06    5.50671e+03
 Position Rest.     Dih. Rest.      Potential    Kinetic En.   Total Energy
    2.46714e+02    7.22601e+01   -1.25690e+06    3.11504e+05   -9.45392e+05
  Conserved En.    Temperature Pressure (bar)   Constr. rmsd
   -9.34512e+05    3.10708e+02   -1.14041e+01    0.00000e+00

           Step           Time
         118000      236.00000

   Energies (kJ/mol)
           Bond            U-B    Proper Dih.  Improper Dih.      CMAP Dih.
    1.14571e+04    6.83624e+04    4.81648e+04    5.67112e+02    1.87434e+00
          LJ-14     Coulomb-14        LJ (SR)   Coulomb (SR)   Coul. recip.
    7.52241e+03    1.78534e+05    9.33665e+04   -1.67044e+06    5.45624e+03
 Position Rest.     Dih. Rest.      Potential    Kinetic En.   Total Energy
    2.31811e+02    6.88596e+01   -1.25671e+06    3.09964e+05   -9.46744e+05
  Conserved En.    Temperature Pressure (bar)   Constr. rmsd
   -9.34178e+05    3.09172e+02   -4.92553e+01    0.00000e+00

           Step           Time
         119000      238.00000

   Energies (kJ/mol)
           Bond            U-B    Proper Dih.  Improper Dih.      CMAP Dih.
    1.15192e+04    6.76383e+04    4.84503e+04    5.81501e+02   -4.65338e+01
          LJ-14     Coulomb-14        LJ (SR)   Coulomb (SR)   Coul. recip.
    7.30693e+03    1.78955e+05    9.18555e+04   -1.66895e+06    5.38808e+03
 Position Rest.     Dih. Rest.      Potential    Kinetic En.   Total Energy
    2.06935e+02    8.96405e+01   -1.25700e+06    3.09234e+05   -9.47769e+05
  Conserved En.    Temperature Pressure (bar)   Constr. rmsd
   -9.33870e+05    3.08444e+02   -6.44513e+01    0.00000e+00

           Step           Time
         120000      240.00000

   Energies (kJ/mol)
           Bond            U-B    Proper Dih.  Improper Dih.      CMAP Dih.
    1.14591e+04    6.77476e+04    4.84425e+04    6.00335e+02   -1.39186e+01
          LJ-14     Coulomb-14        LJ (SR)   Coulomb (SR)   Coul. recip.
    7.32341e+03    1.78525e+05    9.49939e+04   -1.67316e+06    5.54760e+03
 Position Rest.     Dih. Rest.      Potential    Kinetic En.   Total Energy
    2.08232e+02    8.24684e+01   -1.25824e+06    3.09973e+05   -9.48269e+05
  Conserved En.    Temperature Pressure (bar)   Constr. rmsd
   -9.33702e+05    3.09181e+02    1.66534e+02    0.00000e+00

           Step           Time
         121000      242.00000

   Energies (kJ/mol)
           Bond            U-B    Proper Dih.  Improper Dih.      CMAP Dih.
    1.20725e+04    6.82568e+04    4.85029e+04    5.07771e+02   -1.94762e+00
          LJ-14     Coulomb-14        LJ (SR)   Coulomb (SR)   Coul. recip.
    7.21805e+03    1.78533e+05    9.42900e+04   -1.67196e+06    5.50015e+03
 Position Rest.     Dih. Rest.      Potential    Kinetic En.   Total Energy
    1.95496e+02    7.08170e+01   -1.25681e+06    3.10030e+05   -9.46782e+05
  Conserved En.    Temperature Pressure (bar)   Constr. rmsd
   -9.33736e+05    3.09238e+02   -9.43681e+01    0.00000e+00

           Step           Time
         122000      244.00000

   Energies (kJ/mol)
           Bond            U-B    Proper Dih.  Improper Dih.      CMAP Dih.
    1.18739e+04    6.79155e+04    4.85229e+04    5.91794e+02    2.81402e+01
          LJ-14     Coulomb-14        LJ (SR)   Coulomb (SR)   Coul. recip.
    7.29098e+03    1.78511e+05    9.30029e+04   -1.66950e+06    5.41257e+03
 Position Rest.     Dih. Rest.      Potential    Kinetic En.   Total Energy
    2.29449e+02    8.10885e+01   -1.25604e+06    3.12322e+05   -9.43720e+05
  Conserved En.    Temperature Pressure (bar)   Constr. rmsd
   -9.34027e+05    3.11523e+02   -5.51607e+01    0.00000e+00

           Step           Time
         123000      246.00000

   Energies (kJ/mol)
           Bond            U-B    Proper Dih.  Improper Dih.      CMAP Dih.
    1.17882e+04    6.84374e+04    4.83531e+04    5.64386e+02   -1.15774e+01
          LJ-14     Coulomb-14        LJ (SR)   Coulomb (SR)   Coul. recip.
    7.32089e+03    1.77892e+05    9.41930e+04   -1.67088e+06    5.61172e+03
 Position Rest.     Dih. Rest.      Potential    Kinetic En.   Total Energy
    2.32994e+02    6.25592e+01   -1.25643e+06    3.11701e+05   -9.44732e+05
  Conserved En.    Temperature Pressure (bar)   Constr. rmsd
   -9.33871e+05    3.10905e+02    8.08871e+01    0.00000e+00

           Step           Time
         124000      248.00000

   Energies (kJ/mol)
           Bond            U-B    Proper Dih.  Improper Dih.      CMAP Dih.
    1.16885e+04    6.80264e+04    4.84799e+04    6.75972e+02    1.96691e+00
          LJ-14     Coulomb-14        LJ (SR)   Coulomb (SR)   Coul. recip.
    7.28902e+03    1.78736e+05    9.43832e+04   -1.67247e+06    5.33670e+03
 Position Rest.     Dih. Rest.      Potential    Kinetic En.   Total Energy
    2.17712e+02    7.50295e+01   -1.25756e+06    3.12790e+05   -9.44771e+05
  Conserved En.    Temperature Pressure (bar)   Constr. rmsd
   -9.33618e+05    3.11991e+02   -1.50220e+01    0.00000e+00

           Step           Time
         125000      250.00000

   Energies (kJ/mol)
           Bond            U-B    Proper Dih.  Improper Dih.      CMAP Dih.
    1.18184e+04    6.79775e+04    4.82067e+04    5.57680e+02   -1.14421e+01
          LJ-14     Coulomb-14        LJ (SR)   Coulomb (SR)   Coul. recip.
    7.26945e+03    1.78647e+05    9.38005e+04   -1.67088e+06    5.43613e+03
 Position Rest.     Dih. Rest.      Potential    Kinetic En.   Total Energy
    2.36981e+02    7.70116e+01   -1.25686e+06    3.10089e+05   -9.46771e+05
  Conserved En.    Temperature Pressure (bar)   Constr. rmsd
   -9.33361e+05    3.09297e+02   -2.87125e+01    0.00000e+00

           Step           Time
         126000      252.00000

   Energies (kJ/mol)
           Bond            U-B    Proper Dih.  Improper Dih.      CMAP Dih.
    1.16718e+04    6.78825e+04    4.83478e+04    5.86232e+02   -3.92185e+01
          LJ-14     Coulomb-14        LJ (SR)   Coulomb (SR)   Coul. recip.
    7.32337e+03    1.78730e+05    9.23471e+04   -1.66903e+06    5.57220e+03
 Position Rest.     Dih. Rest.      Potential    Kinetic En.   Total Energy
    2.09341e+02    7.00770e+01   -1.25633e+06    3.11465e+05   -9.44864e+05
  Conserved En.    Temperature Pressure (bar)   Constr. rmsd
   -9.33354e+05    3.10669e+02   -3.91313e+01    0.00000e+00

           Step           Time
         127000      254.00000

   Energies (kJ/mol)
           Bond            U-B    Proper Dih.  Improper Dih.      CMAP Dih.
    1.19468e+04    6.87014e+04    4.83910e+04    6.04666e+02   -1.94819e+01
          LJ-14     Coulomb-14        LJ (SR)   Coulomb (SR)   Coul. recip.
    7.43348e+03    1.78481e+05    9.34475e+04   -1.66943e+06    5.43710e+03
 Position Rest.     Dih. Rest.      Potential    Kinetic En.   Total Energy
    2.34827e+02    6.84790e+01   -1.25470e+06    3.12638e+05   -9.42060e+05
  Conserved En.    Temperature Pressure (bar)   Constr. rmsd
   -9.33334e+05    3.11839e+02   -5.29740e+01    0.00000e+00

           Step           Time
         128000      256.00000

   Energies (kJ/mol)
           Bond            U-B    Proper Dih.  Improper Dih.      CMAP Dih.
    1.20229e+04    6.82177e+04    4.84669e+04    6.04478e+02   -1.85732e+01
          LJ-14     Coulomb-14        LJ (SR)   Coulomb (SR)   Coul. recip.
    7.59525e+03    1.78741e+05    9.19784e+04   -1.66891e+06    5.54475e+03
 Position Rest.     Dih. Rest.      Potential    Kinetic En.   Total Energy
    2.29034e+02    7.97305e+01   -1.25545e+06    3.13947e+05   -9.41500e+05
  Conserved En.    Temperature Pressure (bar)   Constr. rmsd
   -9.33119e+05    3.13145e+02   -6.36163e+01    0.00000e+00

           Step           Time
         129000      258.00000

   Energies (kJ/mol)
           Bond            U-B    Proper Dih.  Improper Dih.      CMAP Dih.
    1.14756e+04    6.79943e+04    4.82442e+04    6.29045e+02   -1.86328e+00
          LJ-14     Coulomb-14        LJ (SR)   Coulomb (SR)   Coul. recip.
    7.22875e+03    1.78773e+05    9.37711e+04   -1.67154e+06    5.56451e+03
 Position Rest.     Dih. Rest.      Potential    Kinetic En.   Total Energy
    2.39433e+02    9.31221e+01   -1.25753e+06    3.12662e+05   -9.44866e+05
  Conserved En.    Temperature Pressure (bar)   Constr. rmsd
   -9.33385e+05    3.11863e+02   -2.15564e+01    0.00000e+00

           Step           Time
         130000      260.00000

   Energies (kJ/mol)
           Bond            U-B    Proper Dih.  Improper Dih.      CMAP Dih.
    1.17480e+04    6.81716e+04    4.83437e+04    5.77542e+02   -1.08430e+01
          LJ-14     Coulomb-14        LJ (SR)   Coulomb (SR)   Coul. recip.
    7.26165e+03    1.78975e+05    9.20882e+04   -1.67108e+06    5.35349e+03
 Position Rest.     Dih. Rest.      Potential    Kinetic En.   Total Energy
    2.35151e+02    7.42809e+01   -1.25826e+06    3.10707e+05   -9.47555e+05
  Conserved En.    Temperature Pressure (bar)   Constr. rmsd
   -9.32890e+05    3.09913e+02   -1.96706e+02    0.00000e+00

           Step           Time
         131000      262.00000

   Energies (kJ/mol)
           Bond            U-B    Proper Dih.  Improper Dih.      CMAP Dih.
    1.15363e+04    6.74339e+04    4.85727e+04    6.04950e+02    6.90042e+00
          LJ-14     Coulomb-14        LJ (SR)   Coulomb (SR)   Coul. recip.
    7.29510e+03    1.79128e+05    9.38382e+04   -1.67458e+06    5.41885e+03
 Position Rest.     Dih. Rest.      Potential    Kinetic En.   Total Energy
    2.34199e+02    6.27335e+01   -1.26045e+06    3.11297e+05   -9.49157e+05
  Conserved En.    Temperature Pressure (bar)   Constr. rmsd
   -9.32997e+05    3.10501e+02   -5.81561e+01    0.00000e+00

           Step           Time
         132000      264.00000

   Energies (kJ/mol)
           Bond            U-B    Proper Dih.  Improper Dih.      CMAP Dih.
    1.17696e+04    6.79027e+04    4.82093e+04    6.38308e+02    6.20315e+00
          LJ-14     Coulomb-14        LJ (SR)   Coulomb (SR)   Coul. recip.
    7.26833e+03    1.79246e+05    9.37706e+04   -1.67184e+06    5.45060e+03
 Position Rest.     Dih. Rest.      Potential    Kinetic En.   Total Energy
    2.17979e+02    8.38085e+01   -1.25727e+06    3.10370e+05   -9.46903e+05
  Conserved En.    Temperature Pressure (bar)   Constr. rmsd
   -9.33015e+05    3.09577e+02   -7.41632e+01    0.00000e+00

           Step           Time
         133000      266.00000

   Energies (kJ/mol)
           Bond            U-B    Proper Dih.  Improper Dih.      CMAP Dih.
    1.19738e+04    6.84539e+04    4.82149e+04    5.88041e+02   -1.32432e+01
          LJ-14     Coulomb-14        LJ (SR)   Coulomb (SR)   Coul. recip.
    7.18372e+03    1.79032e+05    9.31704e+04   -1.67031e+06    5.44890e+03
 Position Rest.     Dih. Rest.      Potential    Kinetic En.   Total Energy
    2.24895e+02    7.18322e+01   -1.25596e+06    3.11695e+05   -9.44261e+05
  Conserved En.    Temperature Pressure (bar)   Constr. rmsd
   -9.32749e+05    3.10898e+02   -8.87925e+01    0.00000e+00

           Step           Time
         134000      268.00000

   Energies (kJ/mol)
           Bond            U-B    Proper Dih.  Improper Dih.      CMAP Dih.
    1.16439e+04    6.80734e+04    4.82070e+04    6.10052e+02    8.48893e+00
          LJ-14     Coulomb-14        LJ (SR)   Coulomb (SR)   Coul. recip.
    7.40072e+03    1.79134e+05    9.22909e+04   -1.67056e+06    5.44981e+03
 Position Rest.     Dih. Rest.      Potential    Kinetic En.   Total Energy
    2.03506e+02    7.06354e+01   -1.25746e+06    3.10330e+05   -9.47134e+05
  Conserved En.    Temperature Pressure (bar)   Constr. rmsd
   -9.32871e+05    3.09537e+02    2.43155e+01    0.00000e+00

           Step           Time
         135000      270.00000

   Energies (kJ/mol)
           Bond            U-B    Proper Dih.  Improper Dih.      CMAP Dih.
    1.16964e+04    6.78822e+04    4.83082e+04    5.52994e+02   -2.91197e+01
          LJ-14     Coulomb-14        LJ (SR)   Coulomb (SR)   Coul. recip.
    7.55329e+03    1.79230e+05    9.40473e+04   -1.67158e+06    5.54907e+03
 Position Rest.     Dih. Rest.      Potential    Kinetic En.   Total Energy
    2.18223e+02    8.52838e+01   -1.25648e+06    3.09311e+05   -9.47173e+05
  Conserved En.    Temperature Pressure (bar)   Constr. rmsd
   -9.32917e+05    3.08521e+02    5.61420e+01    0.00000e+00

           Step           Time
         136000      272.00000

   Energies (kJ/mol)
           Bond            U-B    Proper Dih.  Improper Dih.      CMAP Dih.
    1.14888e+04    6.76246e+04    4.84545e+04    5.30632e+02   -1.31555e+00
          LJ-14     Coulomb-14        LJ (SR)   Coulomb (SR)   Coul. recip.
    7.36088e+03    1.79059e+05    9.32594e+04   -1.67016e+06    5.56634e+03
 Position Rest.     Dih. Rest.      Potential    Kinetic En.   Total Energy
    2.01376e+02    7.43928e+01   -1.25654e+06    3.11291e+05   -9.45246e+05
  Conserved En.    Temperature Pressure (bar)   Constr. rmsd
   -9.33007e+05    3.10495e+02    4.84200e+01    0.00000e+00

           Step           Time
         137000      274.00000

   Energies (kJ/mol)
           Bond            U-B    Proper Dih.  Improper Dih.      CMAP Dih.
    1.17067e+04    6.77197e+04    4.83380e+04    5.31647e+02   -6.90737e+00
          LJ-14     Coulomb-14        LJ (SR)   Coulomb (SR)   Coul. recip.
    7.18374e+03    1.78560e+05    9.23991e+04   -1.67194e+06    5.42780e+03
 Position Rest.     Dih. Rest.      Potential    Kinetic En.   Total Energy
    2.26029e+02    8.44345e+01   -1.25977e+06    3.10031e+05   -9.49737e+05
  Conserved En.    Temperature Pressure (bar)   Constr. rmsd
   -9.32605e+05    3.09238e+02   -1.72316e+02    0.00000e+00

           Step           Time
         138000      276.00000

   Energies (kJ/mol)
           Bond            U-B    Proper Dih.  Improper Dih.      CMAP Dih.
    1.16214e+04    6.78519e+04    4.85627e+04    6.08633e+02   -3.68146e-01
          LJ-14     Coulomb-14        LJ (SR)   Coulomb (SR)   Coul. recip.
    7.43974e+03    1.78949e+05    9.18087e+04   -1.67061e+06    5.38744e+03
 Position Rest.     Dih. Rest.      Potential    Kinetic En.   Total Energy
    2.21981e+02    6.83168e+01   -1.25809e+06    3.11836e+05   -9.46258e+05
  Conserved En.    Temperature Pressure (bar)   Constr. rmsd
   -9.32615e+05    3.11039e+02   -5.90112e+01    0.00000e+00

           Step           Time
         139000      278.00000

   Energies (kJ/mol)
           Bond            U-B    Proper Dih.  Improper Dih.      CMAP Dih.
    1.16970e+04    6.80093e+04    4.80822e+04    5.82860e+02   -2.48680e+01
          LJ-14     Coulomb-14        LJ (SR)   Coulomb (SR)   Coul. recip.
    7.31389e+03    1.78700e+05    9.43449e+04   -1.67307e+06    5.49252e+03
 Position Rest.     Dih. Rest.      Potential    Kinetic En.   Total Energy
    2.16583e+02    8.03209e+01   -1.25857e+06    3.11683e+05   -9.46889e+05
  Conserved En.    Temperature Pressure (bar)   Constr. rmsd
   -9.32560e+05    3.10886e+02   -2.36013e+01    0.00000e+00

           Step           Time
         140000      280.00000

   Energies (kJ/mol)
           Bond            U-B    Proper Dih.  Improper Dih.      CMAP Dih.
    1.17569e+04    6.74474e+04    4.83436e+04    6.06304e+02   -1.59961e+01
          LJ-14     Coulomb-14        LJ (SR)   Coulomb (SR)   Coul. recip.
    7.35803e+03    1.78410e+05    9.29578e+04   -1.67104e+06    5.48713e+03
 Position Rest.     Dih. Rest.      Potential    Kinetic En.   Total Energy
    2.45734e+02    7.16622e+01   -1.25837e+06    3.09966e+05   -9.48406e+05
  Conserved En.    Temperature Pressure (bar)   Constr. rmsd
   -9.32376e+05    3.09174e+02    5.64038e+01    0.00000e+00

           Step           Time
         141000      282.00000

   Energies (kJ/mol)
           Bond            U-B    Proper Dih.  Improper Dih.      CMAP Dih.
    1.18007e+04    6.75290e+04    4.84919e+04    5.27087e+02    9.34251e+00
          LJ-14     Coulomb-14        LJ (SR)   Coulomb (SR)   Coul. recip.
    7.28249e+03    1.78921e+05    9.23268e+04   -1.67124e+06    5.53864e+03
 Position Rest.     Dih. Rest.      Potential    Kinetic En.   Total Energy
    2.23731e+02    7.88946e+01   -1.25851e+06    3.10998e+05   -9.47509e+05
  Conserved En.    Temperature Pressure (bar)   Constr. rmsd
   -9.31888e+05    3.10203e+02   -1.25443e+02    0.00000e+00

           Step           Time
         142000      284.00000

   Energies (kJ/mol)
           Bond            U-B    Proper Dih.  Improper Dih.      CMAP Dih.
    1.17324e+04    6.75426e+04    4.82864e+04    5.67096e+02    2.07487e+01
          LJ-14     Coulomb-14        LJ (SR)   Coulomb (SR)   Coul. recip.
    7.28780e+03    1.78489e+05    9.39102e+04   -1.67371e+06    5.49413e+03
 Position Rest.     Dih. Rest.      Potential    Kinetic En.   Total Energy
    2.37139e+02    7.42701e+01   -1.26007e+06    3.09863e+05   -9.50206e+05
  Conserved En.    Temperature Pressure (bar)   Constr. rmsd
   -9.31600e+05    3.09071e+02   -1.25875e+02    0.00000e+00

           Step           Time
         143000      286.00000

   Energies (kJ/mol)
           Bond            U-B    Proper Dih.  Improper Dih.      CMAP Dih.
    1.15373e+04    6.75638e+04    4.82566e+04    4.86994e+02    7.97848e+00
          LJ-14     Coulomb-14        LJ (SR)   Coulomb (SR)   Coul. recip.
    7.35186e+03    1.78846e+05    9.45279e+04   -1.67427e+06    5.48768e+03
 Position Rest.     Dih. Rest.      Potential    Kinetic En.   Total Energy
    2.55965e+02    6.27778e+01   -1.25988e+06    3.08871e+05   -9.51013e+05
  Conserved En.    Temperature Pressure (bar)   Constr. rmsd
   -9.31491e+05    3.08082e+02    6.94847e+01    0.00000e+00

           Step           Time
         144000      288.00000

   Energies (kJ/mol)
           Bond            U-B    Proper Dih.  Improper Dih.      CMAP Dih.
    1.15376e+04    6.79389e+04    4.84653e+04    6.19353e+02    7.86148e+00
          LJ-14     Coulomb-14        LJ (SR)   Coulomb (SR)   Coul. recip.
    7.24255e+03    1.78842e+05    9.27954e+04   -1.67164e+06    5.50831e+03
 Position Rest.     Dih. Rest.      Potential    Kinetic En.   Total Energy
    2.45802e+02    7.72789e+01   -1.25836e+06    3.10699e+05   -9.47662e+05
  Conserved En.    Temperature Pressure (bar)   Constr. rmsd
   -9.31683e+05    3.09905e+02   -5.96012e+00    0.00000e+00

           Step           Time
         145000      290.00000

   Energies (kJ/mol)
           Bond            U-B    Proper Dih.  Improper Dih.      CMAP Dih.
    1.15985e+04    6.82179e+04    4.83203e+04    5.76202e+02    5.40794e+00
          LJ-14     Coulomb-14        LJ (SR)   Coulomb (SR)   Coul. recip.
    7.21539e+03    1.78602e+05    9.33453e+04   -1.67195e+06    5.38904e+03
 Position Rest.     Dih. Rest.      Potential    Kinetic En.   Total Energy
    2.33947e+02    8.68799e+01   -1.25836e+06    3.09572e+05   -9.48783e+05
  Conserved En.    Temperature Pressure (bar)   Constr. rmsd
   -9.31606e+05    3.08781e+02   -1.03034e+02    0.00000e+00

           Step           Time
         146000      292.00000

   Energies (kJ/mol)
           Bond            U-B    Proper Dih.  Improper Dih.      CMAP Dih.
    1.15587e+04    6.78648e+04    4.84477e+04    5.16543e+02    4.14589e+00
          LJ-14     Coulomb-14        LJ (SR)   Coulomb (SR)   Coul. recip.
    7.42451e+03    1.78828e+05    9.37278e+04   -1.67404e+06    5.33926e+03
 Position Rest.     Dih. Rest.      Potential    Kinetic En.   Total Energy
    2.25046e+02    7.74100e+01   -1.26003e+06    3.10500e+05   -9.49530e+05
  Conserved En.    Temperature Pressure (bar)   Constr. rmsd
   -9.31365e+05    3.09706e+02   -1.22422e+01    0.00000e+00

           Step           Time
         147000      294.00000

   Energies (kJ/mol)
           Bond            U-B    Proper Dih.  Improper Dih.      CMAP Dih.
    1.18330e+04    6.78770e+04    4.84998e+04    5.74135e+02   -2.87551e+01
          LJ-14     Coulomb-14        LJ (SR)   Coulomb (SR)   Coul. recip.
    7.22290e+03    1.79181e+05    9.20215e+04   -1.67147e+06    5.62505e+03
 Position Rest.     Dih. Rest.      Potential    Kinetic En.   Total Energy
    2.23071e+02    7.00896e+01   -1.25838e+06    3.10674e+05   -9.47701e+05
  Conserved En.    Temperature Pressure (bar)   Constr. rmsd
   -9.31272e+05    3.09880e+02   -1.76736e+02    0.00000e+00

           Step           Time
         148000      296.00000

   Energies (kJ/mol)
           Bond            U-B    Proper Dih.  Improper Dih.      CMAP Dih.
    1.15691e+04    6.82812e+04    4.84288e+04    6.29707e+02   -1.60377e+01
          LJ-14     Coulomb-14        LJ (SR)   Coulomb (SR)   Coul. recip.
    7.32776e+03    1.79088e+05    9.13589e+04   -1.66968e+06    5.41434e+03
 Position Rest.     Dih. Rest.      Potential    Kinetic En.   Total Energy
    1.94673e+02    6.45712e+01   -1.25734e+06    3.11065e+05   -9.46278e+05
  Conserved En.    Temperature Pressure (bar)   Constr. rmsd
   -9.31381e+05    3.10270e+02   -1.34035e+02    0.00000e+00

           Step           Time
         149000      298.00000

   Energies (kJ/mol)
           Bond            U-B    Proper Dih.  Improper Dih.      CMAP Dih.
    1.16195e+04    6.77406e+04    4.84528e+04    5.71046e+02   -3.24420e+00
          LJ-14     Coulomb-14        LJ (SR)   Coulomb (SR)   Coul. recip.
    7.47535e+03    1.78666e+05    9.32926e+04   -1.67133e+06    5.39687e+03
 Position Rest.     Dih. Rest.      Potential    Kinetic En.   Total Energy
    2.08879e+02    7.65501e+01   -1.25783e+06    3.11221e+05   -9.46607e+05
  Conserved En.    Temperature Pressure (bar)   Constr. rmsd
   -9.31120e+05    3.10426e+02   -2.76663e+01    0.00000e+00

           Step           Time
         150000      300.00000

   Energies (kJ/mol)
           Bond            U-B    Proper Dih.  Improper Dih.      CMAP Dih.
    1.18011e+04    6.83167e+04    4.79588e+04    5.52453e+02    2.26602e+00
          LJ-14     Coulomb-14        LJ (SR)   Coulomb (SR)   Coul. recip.
    7.23220e+03    1.78868e+05    9.39600e+04   -1.67288e+06    5.44812e+03
 Position Rest.     Dih. Rest.      Potential    Kinetic En.   Total Energy
    2.21301e+02    8.50767e+01   -1.25843e+06    3.11294e+05   -9.47139e+05
  Conserved En.    Temperature Pressure (bar)   Constr. rmsd
   -9.30798e+05    3.10499e+02    1.03970e+01    0.00000e+00

           Step           Time
         151000      302.00000

   Energies (kJ/mol)
           Bond            U-B    Proper Dih.  Improper Dih.      CMAP Dih.
    1.16073e+04    6.77726e+04    4.81876e+04    5.64051e+02    8.58444e+00
          LJ-14     Coulomb-14        LJ (SR)   Coulomb (SR)   Coul. recip.
    7.25749e+03    1.78911e+05    9.39301e+04   -1.67411e+06    5.46858e+03
 Position Rest.     Dih. Rest.      Potential    Kinetic En.   Total Energy
    2.41160e+02    6.58582e+01   -1.26009e+06    3.09780e+05   -9.50314e+05
  Conserved En.    Temperature Pressure (bar)   Constr. rmsd
   -9.30821e+05    3.08988e+02    7.50873e+01    0.00000e+00

           Step           Time
         152000      304.00000

   Energies (kJ/mol)
           Bond            U-B    Proper Dih.  Improper Dih.      CMAP Dih.
    1.15457e+04    6.77553e+04    4.82583e+04    5.72097e+02    8.88336e+00
          LJ-14     Coulomb-14        LJ (SR)   Coulomb (SR)   Coul. recip.
    7.29761e+03    1.78915e+05    9.23525e+04   -1.67194e+06    5.55716e+03
 Position Rest.     Dih. Rest.      Potential    Kinetic En.   Total Energy
    1.95830e+02    8.02636e+01   -1.25940e+06    3.10292e+05   -9.49106e+05
  Conserved En.    Temperature Pressure (bar)   Constr. rmsd
   -9.30699e+05    3.09499e+02    1.06493e+01    0.00000e+00

           Step           Time
         153000      306.00000

   Energies (kJ/mol)
           Bond            U-B    Proper Dih.  Improper Dih.      CMAP Dih.
    1.16584e+04    6.80090e+04    4.79478e+04    5.83199e+02   -1.78739e+01
          LJ-14     Coulomb-14        LJ (SR)   Coulomb (SR)   Coul. recip.
    7.35232e+03    1.78717e+05    9.23937e+04   -1.67245e+06    5.30642e+03
 Position Rest.     Dih. Rest.      Potential    Kinetic En.   Total Energy
    2.10946e+02    8.12555e+01   -1.26021e+06    3.08694e+05   -9.51511e+05
  Conserved En.    Temperature Pressure (bar)   Constr. rmsd
   -9.30422e+05    3.07905e+02   -1.08792e+02    0.00000e+00

           Step           Time
         154000      308.00000

   Energies (kJ/mol)
           Bond            U-B    Proper Dih.  Improper Dih.      CMAP Dih.
    1.16274e+04    6.79916e+04    4.82515e+04    6.56463e+02    1.11700e+01
          LJ-14     Coulomb-14        LJ (SR)   Coulomb (SR)   Coul. recip.
    7.40372e+03    1.79185e+05    9.63855e+04   -1.67636e+06    5.56374e+03
 Position Rest.     Dih. Rest.      Potential    Kinetic En.   Total Energy
    2.16333e+02    7.95567e+01   -1.25899e+06    3.10071e+05   -9.48914e+05
  Conserved En.    Temperature Pressure (bar)   Constr. rmsd
   -9.30289e+05    3.09278e+02    6.28550e+01    0.00000e+00

           Step           Time
         155000      310.00000

   Energies (kJ/mol)
           Bond            U-B    Proper Dih.  Improper Dih.      CMAP Dih.
    1.18758e+04    6.79054e+04    4.83786e+04    6.34690e+02    1.22327e+01
          LJ-14     Coulomb-14        LJ (SR)   Coulomb (SR)   Coul. recip.
    7.26380e+03    1.78815e+05    9.37355e+04   -1.67301e+06    5.40123e+03
 Position Rest.     Dih. Rest.      Potential    Kinetic En.   Total Energy
    2.23747e+02    7.28658e+01   -1.25869e+06    3.09593e+05   -9.49102e+05
  Conserved En.    Temperature Pressure (bar)   Constr. rmsd
   -9.30019e+05    3.08802e+02   -3.86278e+00    0.00000e+00

           Step           Time
         156000      312.00000

   Energies (kJ/mol)
           Bond            U-B    Proper Dih.  Improper Dih.      CMAP Dih.
    1.16305e+04    6.82303e+04    4.83616e+04    5.38202e+02    7.35010e-01
          LJ-14     Coulomb-14        LJ (SR)   Coulomb (SR)   Coul. recip.
    7.28417e+03    1.78580e+05    9.38190e+04   -1.67294e+06    5.54889e+03
 Position Rest.     Dih. Rest.      Potential    Kinetic En.   Total Energy
    2.28865e+02    7.35699e+01   -1.25864e+06    3.10156e+05   -9.48486e+05
  Conserved En.    Temperature Pressure (bar)   Constr. rmsd
   -9.30339e+05    3.09363e+02    3.14013e+01    0.00000e+00

           Step           Time
         157000      314.00000

   Energies (kJ/mol)
           Bond            U-B    Proper Dih.  Improper Dih.      CMAP Dih.
    1.18672e+04    6.84233e+04    4.85281e+04    5.46892e+02   -3.23380e+00
          LJ-14     Coulomb-14        LJ (SR)   Coulomb (SR)   Coul. recip.
    7.21610e+03    1.78644e+05    9.32733e+04   -1.66990e+06    5.43046e+03
 Position Rest.     Dih. Rest.      Potential    Kinetic En.   Total Energy
    2.20024e+02    6.83409e+01   -1.25569e+06    3.12294e+05   -9.43393e+05
  Conserved En.    Temperature Pressure (bar)   Constr. rmsd
   -9.30108e+05    3.11495e+02    3.44134e+01    0.00000e+00

           Step           Time
         158000      316.00000

   Energies (kJ/mol)
           Bond            U-B    Proper Dih.  Improper Dih.      CMAP Dih.
    1.17348e+04    6.86261e+04    4.86685e+04    5.47648e+02   -2.18370e+01
          LJ-14     Coulomb-14        LJ (SR)   Coulomb (SR)   Coul. recip.
    7.30387e+03    1.78674e+05    9.33214e+04   -1.67171e+06    5.35527e+03
 Position Rest.     Dih. Rest.      Potential    Kinetic En.   Total Energy
    2.23458e+02    9.23516e+01   -1.25718e+06    3.10066e+05   -9.47116e+05
  Conserved En.    Temperature Pressure (bar)   Constr. rmsd
   -9.30051e+05    3.09274e+02    9.67438e+01    0.00000e+00

           Step           Time
         159000      318.00000

   Energies (kJ/mol)
           Bond            U-B    Proper Dih.  Improper Dih.      CMAP Dih.
    1.17598e+04    6.74161e+04    4.82475e+04    6.12577e+02   -1.32023e+01
          LJ-14     Coulomb-14        LJ (SR)   Coulomb (SR)   Coul. recip.
    7.43842e+03    1.78951e+05    9.44219e+04   -1.67400e+06    5.39353e+03
 Position Rest.     Dih. Rest.      Potential    Kinetic En.   Total Energy
    2.07393e+02    7.12826e+01   -1.25949e+06    3.11332e+05   -9.48162e+05
  Conserved En.    Temperature Pressure (bar)   Constr. rmsd
   -9.30035e+05    3.10537e+02    5.30729e+01    0.00000e+00

           Step           Time
         160000      320.00000

   Energies (kJ/mol)
           Bond            U-B    Proper Dih.  Improper Dih.      CMAP Dih.
    1.19366e+04    6.80490e+04    4.83982e+04    5.82682e+02    5.55508e-01
          LJ-14     Coulomb-14        LJ (SR)   Coulomb (SR)   Coul. recip.
    7.20114e+03    1.78538e+05    9.26521e+04   -1.67052e+06    5.29491e+03
 Position Rest.     Dih. Rest.      Potential    Kinetic En.   Total Energy
    2.07466e+02    7.74450e+01   -1.25758e+06    3.10467e+05   -9.47116e+05
  Conserved En.    Temperature Pressure (bar)   Constr. rmsd
   -9.29509e+05    3.09674e+02   -2.66297e+01    0.00000e+00

           Step           Time
         161000      322.00000

   Energies (kJ/mol)
           Bond            U-B    Proper Dih.  Improper Dih.      CMAP Dih.
    1.14214e+04    6.82785e+04    4.84420e+04    5.82466e+02   -1.90550e+01
          LJ-14     Coulomb-14        LJ (SR)   Coulomb (SR)   Coul. recip.
    7.32519e+03    1.79005e+05    9.26929e+04   -1.67069e+06    5.43786e+03
 Position Rest.     Dih. Rest.      Potential    Kinetic En.   Total Energy
    2.30685e+02    8.23212e+01   -1.25721e+06    3.11719e+05   -9.45488e+05
  Conserved En.    Temperature Pressure (bar)   Constr. rmsd
   -9.29429e+05    3.10923e+02    2.24584e+01    0.00000e+00

           Step           Time
         162000      324.00000

   Energies (kJ/mol)
           Bond            U-B    Proper Dih.  Improper Dih.      CMAP Dih.
    1.16077e+04    6.78622e+04    4.80530e+04    5.78130e+02   -1.34679e+01
          LJ-14     Coulomb-14        LJ (SR)   Coulomb (SR)   Coul. recip.
    7.27396e+03    1.79139e+05    9.44207e+04   -1.67407e+06    5.39710e+03
 Position Rest.     Dih. Rest.      Potential    Kinetic En.   Total Energy
    2.22903e+02    6.93660e+01   -1.25946e+06    3.10136e+05   -9.49326e+05
  Conserved En.    Temperature Pressure (bar)   Constr. rmsd
   -9.29842e+05    3.09343e+02    3.87412e+01    0.00000e+00

           Step           Time
         163000      326.00000

   Energies (kJ/mol)
           Bond            U-B    Proper Dih.  Improper Dih.      CMAP Dih.
    1.19344e+04    6.77824e+04    4.81961e+04    5.45695e+02   -3.25767e+00
          LJ-14     Coulomb-14        LJ (SR)   Coulomb (SR)   Coul. recip.
    7.37370e+03    1.78998e+05    9.29611e+04   -1.67190e+06    5.50228e+03
 Position Rest.     Dih. Rest.      Potential    Kinetic En.   Total Energy
    2.11201e+02    7.31415e+01   -1.25833e+06    3.09457e+05   -9.48870e+05
  Conserved En.    Temperature Pressure (bar)   Constr. rmsd
   -9.29290e+05    3.08667e+02    1.33568e+01    0.00000e+00

           Step           Time
         164000      328.00000

   Energies (kJ/mol)
           Bond            U-B    Proper Dih.  Improper Dih.      CMAP Dih.
    1.20741e+04    6.89032e+04    4.82450e+04    6.26188e+02   -4.39317e+00
          LJ-14     Coulomb-14        LJ (SR)   Coulomb (SR)   Coul. recip.
    7.40081e+03    1.79300e+05    9.12355e+04   -1.67019e+06    5.47613e+03
 Position Rest.     Dih. Rest.      Potential    Kinetic En.   Total Energy
    2.42559e+02    7.17982e+01   -1.25662e+06    3.10806e+05   -9.45810e+05
  Conserved En.    Temperature Pressure (bar)   Constr. rmsd
   -9.29540e+05    3.10011e+02   -6.21573e+01    0.00000e+00

           Step           Time
         165000      330.00000

   Energies (kJ/mol)
           Bond            U-B    Proper Dih.  Improper Dih.      CMAP Dih.
    1.16817e+04    6.77733e+04    4.83290e+04    5.38341e+02    2.40490e+00
          LJ-14     Coulomb-14        LJ (SR)   Coulomb (SR)   Coul. recip.
    7.28400e+03    1.79354e+05    9.26351e+04   -1.67229e+06    5.47405e+03
 Position Rest.     Dih. Rest.      Potential    Kinetic En.   Total Energy
    2.15740e+02    7.55857e+01   -1.25892e+06    3.11202e+05   -9.47723e+05
  Conserved En.    Temperature Pressure (bar)   Constr. rmsd
   -9.29606e+05    3.10407e+02   -7.95618e+01    0.00000e+00

           Step           Time
         166000      332.00000

   Energies (kJ/mol)
           Bond            U-B    Proper Dih.  Improper Dih.      CMAP Dih.
    1.15436e+04    6.75824e+04    4.84279e+04    6.46548e+02   -1.37363e+01
          LJ-14     Coulomb-14        LJ (SR)   Coulomb (SR)   Coul. recip.
    7.33534e+03    1.78578e+05    9.25168e+04   -1.66990e+06    5.45887e+03
 Position Rest.     Dih. Rest.      Potential    Kinetic En.   Total Energy
    2.33233e+02    8.63563e+01   -1.25751e+06    3.09381e+05   -9.48126e+05
  Conserved En.    Temperature Pressure (bar)   Constr. rmsd
   -9.29646e+05    3.08590e+02    1.19757e+02    0.00000e+00

           Step           Time
         167000      334.00000

   Energies (kJ/mol)
           Bond            U-B    Proper Dih.  Improper Dih.      CMAP Dih.
    1.16974e+04    6.81700e+04    4.84466e+04    6.32137e+02   -4.36763e+01
          LJ-14     Coulomb-14        LJ (SR)   Coulomb (SR)   Coul. recip.
    7.26004e+03    1.78922e+05    9.27013e+04   -1.66963e+06    5.46693e+03
 Position Rest.     Dih. Rest.      Potential    Kinetic En.   Total Energy
    2.10905e+02    7.82363e+01   -1.25609e+06    3.10476e+05   -9.45615e+05
  Conserved En.    Temperature Pressure (bar)   Constr. rmsd
   -9.29592e+05    3.09682e+02    1.74701e+02    0.00000e+00

           Step           Time
         168000      336.00000

   Energies (kJ/mol)
           Bond            U-B    Proper Dih.  Improper Dih.      CMAP Dih.
    1.16293e+04    6.82538e+04    4.85146e+04    5.79466e+02   -7.62005e-02
          LJ-14     Coulomb-14        LJ (SR)   Coulomb (SR)   Coul. recip.
    7.24770e+03    1.78748e+05    9.31091e+04   -1.67188e+06    5.61486e+03
 Position Rest.     Dih. Rest.      Potential    Kinetic En.   Total Energy
    2.24930e+02    7.78212e+01   -1.25788e+06    3.09751e+05   -9.48127e+05
  Conserved En.    Temperature Pressure (bar)   Constr. rmsd
   -9.29449e+05    3.08959e+02   -1.66775e+01    0.00000e+00

           Step           Time
         169000      338.00000

   Energies (kJ/mol)
           Bond            U-B    Proper Dih.  Improper Dih.      CMAP Dih.
    1.14575e+04    6.74593e+04    4.87570e+04    5.70190e+02    9.75703e+00
          LJ-14     Coulomb-14        LJ (SR)   Coulomb (SR)   Coul. recip.
    7.49329e+03    1.78910e+05    9.49882e+04   -1.67323e+06    5.52803e+03
 Position Rest.     Dih. Rest.      Potential    Kinetic En.   Total Energy
    2.02166e+02    6.86064e+01   -1.25778e+06    3.12650e+05   -9.45135e+05
  Conserved En.    Temperature Pressure (bar)   Constr. rmsd
   -9.29029e+05    3.11851e+02    1.05142e+02    0.00000e+00

           Step           Time
         170000      340.00000

   Energies (kJ/mol)
           Bond            U-B    Proper Dih.  Improper Dih.      CMAP Dih.
    1.16261e+04    6.74901e+04    4.83564e+04    6.11757e+02   -4.35232e+01
          LJ-14     Coulomb-14        LJ (SR)   Coulomb (SR)   Coul. recip.
    7.22321e+03    1.78627e+05    9.28096e+04   -1.67119e+06    5.47857e+03
 Position Rest.     Dih. Rest.      Potential    Kinetic En.   Total Energy
    2.00169e+02    7.34727e+01   -1.25874e+06    3.11041e+05   -9.47695e+05
  Conserved En.    Temperature Pressure (bar)   Constr. rmsd
   -9.29133e+05    3.10247e+02   -9.16719e+01    0.00000e+00

           Step           Time
         171000      342.00000

   Energies (kJ/mol)
           Bond            U-B    Proper Dih.  Improper Dih.      CMAP Dih.
    1.15684e+04    6.77459e+04    4.85407e+04    6.01633e+02   -4.67376e+01
          LJ-14     Coulomb-14        LJ (SR)   Coulomb (SR)   Coul. recip.
    7.41376e+03    1.78599e+05    9.18456e+04   -1.67150e+06    5.43104e+03
 Position Rest.     Dih. Rest.      Potential    Kinetic En.   Total Energy
    2.35697e+02    7.56883e+01   -1.25949e+06    3.10591e+05   -9.48900e+05
  Conserved En.    Temperature Pressure (bar)   Constr. rmsd
   -9.29219e+05    3.09797e+02   -6.35786e+01    0.00000e+00

           Step           Time
         172000      344.00000

   Energies (kJ/mol)
           Bond            U-B    Proper Dih.  Improper Dih.      CMAP Dih.
    1.15576e+04    6.76440e+04    4.86357e+04    5.48840e+02   -1.40230e+01
          LJ-14     Coulomb-14        LJ (SR)   Coulomb (SR)   Coul. recip.
    7.38695e+03    1.78957e+05    9.47771e+04   -1.67280e+06    5.38783e+03
 Position Rest.     Dih. Rest.      Potential    Kinetic En.   Total Energy
    2.03849e+02    7.04964e+01   -1.25764e+06    3.10417e+05   -9.47224e+05
  Conserved En.    Temperature Pressure (bar)   Constr. rmsd
   -9.28970e+05    3.09624e+02    2.03734e+02    0.00000e+00

           Step           Time
         173000      346.00000

   Energies (kJ/mol)
           Bond            U-B    Proper Dih.  Improper Dih.      CMAP Dih.
    1.16571e+04    6.79247e+04    4.85488e+04    5.71909e+02   -7.38010e+00
          LJ-14     Coulomb-14        LJ (SR)   Coulomb (SR)   Coul. recip.
    7.49387e+03    1.79300e+05    9.26487e+04   -1.67119e+06    5.51236e+03
 Position Rest.     Dih. Rest.      Potential    Kinetic En.   Total Energy
    1.99432e+02    8.31692e+01   -1.25726e+06    3.09921e+05   -9.47336e+05
  Conserved En.    Temperature Pressure (bar)   Constr. rmsd
   -9.29107e+05    3.09129e+02    5.93909e+01    0.00000e+00

           Step           Time
         174000      348.00000

   Energies (kJ/mol)
           Bond            U-B    Proper Dih.  Improper Dih.      CMAP Dih.
    1.15481e+04    6.82682e+04    4.82693e+04    5.64029e+02   -1.50004e+00
          LJ-14     Coulomb-14        LJ (SR)   Coulomb (SR)   Coul. recip.
    7.33905e+03    1.79154e+05    9.40189e+04   -1.67508e+06    5.59144e+03
 Position Rest.     Dih. Rest.      Potential    Kinetic En.   Total Energy
    1.99340e+02    7.26306e+01   -1.26005e+06    3.09322e+05   -9.50730e+05
  Conserved En.    Temperature Pressure (bar)   Constr. rmsd
   -9.28966e+05    3.08532e+02    1.49746e+01    0.00000e+00

           Step           Time
         175000      350.00000

   Energies (kJ/mol)
           Bond            U-B    Proper Dih.  Improper Dih.      CMAP Dih.
    1.18660e+04    6.81713e+04    4.85829e+04    5.46400e+02   -8.18484e+00
          LJ-14     Coulomb-14        LJ (SR)   Coulomb (SR)   Coul. recip.
    7.22468e+03    1.78311e+05    9.38989e+04   -1.67179e+06    5.53433e+03
 Position Rest.     Dih. Rest.      Potential    Kinetic En.   Total Energy
    2.25570e+02    6.24639e+01   -1.25738e+06    3.12260e+05   -9.45116e+05
  Conserved En.    Temperature Pressure (bar)   Constr. rmsd
   -9.28666e+05    3.11462e+02   -3.11013e+01    0.00000e+00

           Step           Time
         176000      352.00000

   Energies (kJ/mol)
           Bond            U-B    Proper Dih.  Improper Dih.      CMAP Dih.
    1.19981e+04    6.80295e+04    4.83152e+04    5.54832e+02   -6.60427e+00
          LJ-14     Coulomb-14        LJ (SR)   Coulomb (SR)   Coul. recip.
    7.40133e+03    1.78341e+05    9.48801e+04   -1.67242e+06    5.39887e+03
 Position Rest.     Dih. Rest.      Potential    Kinetic En.   Total Energy
    2.13753e+02    7.13061e+01   -1.25722e+06    3.10079e+05   -9.47142e+05
  Conserved En.    Temperature Pressure (bar)   Constr. rmsd
   -9.28819e+05    3.09286e+02    1.24836e+02    0.00000e+00

           Step           Time
         177000      354.00000

   Energies (kJ/mol)
           Bond            U-B    Proper Dih.  Improper Dih.      CMAP Dih.
    1.17583e+04    6.79062e+04    4.83709e+04    6.49167e+02   -3.40833e+01
          LJ-14     Coulomb-14        LJ (SR)   Coulomb (SR)   Coul. recip.
    7.38213e+03    1.78648e+05    9.38418e+04   -1.67261e+06    5.34799e+03
 Position Rest.     Dih. Rest.      Potential    Kinetic En.   Total Energy
    2.01801e+02    7.30034e+01   -1.25846e+06    3.10239e+05   -9.48223e+05
  Conserved En.    Temperature Pressure (bar)   Constr. rmsd
   -9.28566e+05    3.09446e+02    3.92208e+00    0.00000e+00

           Step           Time
         178000      356.00000

   Energies (kJ/mol)
           Bond            U-B    Proper Dih.  Improper Dih.      CMAP Dih.
    1.16220e+04    6.80181e+04    4.83872e+04    5.78484e+02    2.55076e+00
          LJ-14     Coulomb-14        LJ (SR)   Coulomb (SR)   Coul. recip.
    7.46939e+03    1.78795e+05    9.31104e+04   -1.67041e+06    5.56078e+03
 Position Rest.     Dih. Rest.      Potential    Kinetic En.   Total Energy
    2.30388e+02    8.02436e+01   -1.25656e+06    3.11852e+05   -9.44704e+05
  Conserved En.    Temperature Pressure (bar)   Constr. rmsd
   -9.28574e+05    3.11055e+02   -4.73925e+01    0.00000e+00

           Step           Time
         179000      358.00000

   Energies (kJ/mol)
           Bond            U-B    Proper Dih.  Improper Dih.      CMAP Dih.
    1.16915e+04    6.78805e+04    4.83975e+04    5.57653e+02   -2.34103e+01
          LJ-14     Coulomb-14        LJ (SR)   Coulomb (SR)   Coul. recip.
    7.44478e+03    1.78771e+05    9.22338e+04   -1.67032e+06    5.48360e+03
 Position Rest.     Dih. Rest.      Potential    Kinetic En.   Total Energy
    2.13509e+02    8.98735e+01   -1.25758e+06    3.11142e+05   -9.46438e+05
  Conserved En.    Temperature Pressure (bar)   Constr. rmsd
   -9.28628e+05    3.10347e+02   -4.33390e+01    0.00000e+00

           Step           Time
         180000      360.00000

   Energies (kJ/mol)
           Bond            U-B    Proper Dih.  Improper Dih.      CMAP Dih.
    1.20506e+04    6.80319e+04    4.85498e+04    5.79144e+02   -1.29321e+01
          LJ-14     Coulomb-14        LJ (SR)   Coulomb (SR)   Coul. recip.
    7.28623e+03    1.78390e+05    9.29839e+04   -1.67150e+06    5.42848e+03
 Position Rest.     Dih. Rest.      Potential    Kinetic En.   Total Energy
    1.95255e+02    7.47003e+01   -1.25794e+06    3.10722e+05   -9.47218e+05
  Conserved En.    Temperature Pressure (bar)   Constr. rmsd
   -9.28523e+05    3.09928e+02   -1.01016e+02    0.00000e+00

           Step           Time
         181000      362.00000

   Energies (kJ/mol)
           Bond            U-B    Proper Dih.  Improper Dih.      CMAP Dih.
    1.16199e+04    6.84062e+04    4.83468e+04    5.32816e+02    5.17895e+00
          LJ-14     Coulomb-14        LJ (SR)   Coulomb (SR)   Coul. recip.
    7.37477e+03    1.78515e+05    9.29651e+04   -1.67118e+06    5.47670e+03
 Position Rest.     Dih. Rest.      Potential    Kinetic En.   Total Energy
    1.99824e+02    6.80700e+01   -1.25767e+06    3.12616e+05   -9.45057e+05
  Conserved En.    Temperature Pressure (bar)   Constr. rmsd
   -9.28378e+05    3.11817e+02   -2.39362e+01    0.00000e+00

           Step           Time
         182000      364.00000

   Energies (kJ/mol)
           Bond            U-B    Proper Dih.  Improper Dih.      CMAP Dih.
    1.18394e+04    6.80156e+04    4.85149e+04    5.85124e+02    7.39708e+00
          LJ-14     Coulomb-14        LJ (SR)   Coulomb (SR)   Coul. recip.
    7.27579e+03    1.78335e+05    9.39593e+04   -1.67129e+06    5.39753e+03
 Position Rest.     Dih. Rest.      Potential    Kinetic En.   Total Energy
    1.88953e+02    7.84920e+01   -1.25709e+06    3.12477e+05   -9.44614e+05
  Conserved En.    Temperature Pressure (bar)   Constr. rmsd
   -9.28179e+05    3.11678e+02    5.33322e+01    0.00000e+00

           Step           Time
         183000      366.00000

   Energies (kJ/mol)
           Bond            U-B    Proper Dih.  Improper Dih.      CMAP Dih.
    1.17457e+04    6.82149e+04    4.84829e+04    5.68969e+02    1.48462e+01
          LJ-14     Coulomb-14        LJ (SR)   Coulomb (SR)   Coul. recip.
    7.18685e+03    1.77989e+05    9.35754e+04   -1.67076e+06    5.46090e+03
 Position Rest.     Dih. Rest.      Potential    Kinetic En.   Total Energy
    2.00087e+02    6.98090e+01   -1.25725e+06    3.12911e+05   -9.44341e+05
  Conserved En.    Temperature Pressure (bar)   Constr. rmsd
   -9.27895e+05    3.12111e+02    3.91702e+01    0.00000e+00

           Step           Time
         184000      368.00000

   Energies (kJ/mol)
           Bond            U-B    Proper Dih.  Improper Dih.      CMAP Dih.
    1.16350e+04    6.82041e+04    4.83343e+04    5.68544e+02   -7.69075e+00
          LJ-14     Coulomb-14        LJ (SR)   Coulomb (SR)   Coul. recip.
    7.39951e+03    1.78611e+05    9.26912e+04   -1.67271e+06    5.63936e+03
 Position Rest.     Dih. Rest.      Potential    Kinetic En.   Total Energy
    2.24948e+02    7.98927e+01   -1.25932e+06    3.11042e+05   -9.48282e+05
  Conserved En.    Temperature Pressure (bar)   Constr. rmsd
   -9.27849e+05    3.10248e+02    5.06054e+01    0.00000e+00

           Step           Time
         185000      370.00000

   Energies (kJ/mol)
           Bond            U-B    Proper Dih.  Improper Dih.      CMAP Dih.
    1.14957e+04    6.77675e+04    4.84640e+04    6.17325e+02   -8.76234e+00
          LJ-14     Coulomb-14        LJ (SR)   Coulomb (SR)   Coul. recip.
    7.33680e+03    1.78218e+05    9.53129e+04   -1.67283e+06    5.49234e+03
 Position Rest.     Dih. Rest.      Potential    Kinetic En.   Total Energy
    2.23732e+02    8.07004e+01   -1.25783e+06    3.10727e+05   -9.47103e+05
  Conserved En.    Temperature Pressure (bar)   Constr. rmsd
   -9.28106e+05    3.09933e+02    1.17087e+02    0.00000e+00

           Step           Time
         186000      372.00000

   Energies (kJ/mol)
           Bond            U-B    Proper Dih.  Improper Dih.      CMAP Dih.
    1.17401e+04    6.71642e+04    4.85479e+04    6.28293e+02   -1.70676e+00
          LJ-14     Coulomb-14        LJ (SR)   Coulomb (SR)   Coul. recip.
    7.34015e+03    1.78545e+05    9.24534e+04   -1.67097e+06    5.40273e+03
 Position Rest.     Dih. Rest.      Potential    Kinetic En.   Total Energy
    2.27672e+02    7.13165e+01   -1.25885e+06    3.09993e+05   -9.48853e+05
  Conserved En.    Temperature Pressure (bar)   Constr. rmsd
   -9.27891e+05    3.09201e+02    1.14863e-01    0.00000e+00

           Step           Time
         187000      374.00000

   Energies (kJ/mol)
           Bond            U-B    Proper Dih.  Improper Dih.      CMAP Dih.
    1.18879e+04    6.81005e+04    4.84013e+04    6.50507e+02   -2.27474e+00
          LJ-14     Coulomb-14        LJ (SR)   Coulomb (SR)   Coul. recip.
    7.29804e+03    1.78318e+05    9.32308e+04   -1.67010e+06    5.46754e+03
 Position Rest.     Dih. Rest.      Potential    Kinetic En.   Total Energy
    2.15055e+02    8.07059e+01   -1.25645e+06    3.12499e+05   -9.43952e+05
  Conserved En.    Temperature Pressure (bar)   Constr. rmsd
   -9.28289e+05    3.11700e+02    1.15290e+00    0.00000e+00

           Step           Time
         188000      376.00000

   Energies (kJ/mol)
           Bond            U-B    Proper Dih.  Improper Dih.      CMAP Dih.
    1.13773e+04    6.87090e+04    4.82703e+04    5.20406e+02    7.24086e+00
          LJ-14     Coulomb-14        LJ (SR)   Coulomb (SR)   Coul. recip.
    7.38386e+03    1.78693e+05    9.20965e+04   -1.66797e+06    5.46643e+03
 Position Rest.     Dih. Rest.      Potential    Kinetic En.   Total Energy
    2.03526e+02    8.50731e+01   -1.25516e+06    3.12101e+05   -9.43059e+05
  Conserved En.    Temperature Pressure (bar)   Constr. rmsd
   -9.27903e+05    3.11304e+02    6.10733e+01    0.00000e+00

           Step           Time
         189000      378.00000

   Energies (kJ/mol)
           Bond            U-B    Proper Dih.  Improper Dih.      CMAP Dih.
    1.17527e+04    6.83097e+04    4.84845e+04    6.08301e+02    1.35385e+01
          LJ-14     Coulomb-14        LJ (SR)   Coulomb (SR)   Coul. recip.
    7.35017e+03    1.78282e+05    9.21999e+04   -1.66849e+06    5.62550e+03
 Position Rest.     Dih. Rest.      Potential    Kinetic En.   Total Energy
    2.05764e+02    6.81904e+01   -1.25559e+06    3.10776e+05   -9.44819e+05
  Conserved En.    Temperature Pressure (bar)   Constr. rmsd
   -9.28089e+05    3.09982e+02   -1.17654e+02    0.00000e+00

           Step           Time
         190000      380.00000

   Energies (kJ/mol)
           Bond            U-B    Proper Dih.  Improper Dih.      CMAP Dih.
    1.18200e+04    6.80700e+04    4.84859e+04    5.13910e+02   -1.93454e+01
          LJ-14     Coulomb-14        LJ (SR)   Coulomb (SR)   Coul. recip.
    7.10826e+03    1.78638e+05    9.38230e+04   -1.67067e+06    5.52310e+03
 Position Rest.     Dih. Rest.      Potential    Kinetic En.   Total Energy
    2.17010e+02    7.30879e+01   -1.25642e+06    3.09430e+05   -9.46991e+05
  Conserved En.    Temperature Pressure (bar)   Constr. rmsd
   -9.27828e+05    3.08640e+02   -5.17393e+01    0.00000e+00

           Step           Time
         191000      382.00000

   Energies (kJ/mol)
           Bond            U-B    Proper Dih.  Improper Dih.      CMAP Dih.
    1.15105e+04    6.82720e+04    4.83883e+04    5.91128e+02    1.25197e+01
          LJ-14     Coulomb-14        LJ (SR)   Coulomb (SR)   Coul. recip.
    7.38604e+03    1.78579e+05    9.15866e+04   -1.66775e+06    5.52372e+03
 Position Rest.     Dih. Rest.      Potential    Kinetic En.   Total Energy
    1.90519e+02    8.04759e+01   -1.25563e+06    3.10636e+05   -9.44996e+05
  Conserved En.    Temperature Pressure (bar)   Constr. rmsd
   -9.27810e+05    3.09842e+02    5.15108e+01    0.00000e+00

           Step           Time
         192000      384.00000

   Energies (kJ/mol)
           Bond            U-B    Proper Dih.  Improper Dih.      CMAP Dih.
    1.14820e+04    6.76461e+04    4.82967e+04    6.30530e+02   -3.51171e-01
          LJ-14     Coulomb-14        LJ (SR)   Coulomb (SR)   Coul. recip.
    7.35216e+03    1.78644e+05    9.35372e+04   -1.67041e+06    5.52629e+03
 Position Rest.     Dih. Rest.      Potential    Kinetic En.   Total Energy
    1.92995e+02    6.98057e+01   -1.25703e+06    3.12099e+05   -9.44929e+05
  Conserved En.    Temperature Pressure (bar)   Constr. rmsd
   -9.27725e+05    3.11301e+02   -6.13636e+01    0.00000e+00

           Step           Time
         193000      386.00000

   Energies (kJ/mol)
           Bond            U-B    Proper Dih.  Improper Dih.      CMAP Dih.
    1.16155e+04    6.74956e+04    4.85117e+04    6.13281e+02    3.36534e+01
          LJ-14     Coulomb-14        LJ (SR)   Coulomb (SR)   Coul. recip.
    7.48930e+03    1.78940e+05    9.41178e+04   -1.67226e+06    5.42320e+03
 Position Rest.     Dih. Rest.      Potential    Kinetic En.   Total Energy
    1.98704e+02    8.06054e+01   -1.25774e+06    3.11866e+05   -9.45875e+05
  Conserved En.    Temperature Pressure (bar)   Constr. rmsd
   -9.27655e+05    3.11069e+02    1.20289e+02    0.00000e+00

           Step           Time
         194000      388.00000

   Energies (kJ/mol)
           Bond            U-B    Proper Dih.  Improper Dih.      CMAP Dih.
    1.16221e+04    6.79287e+04    4.85696e+04    5.69366e+02   -2.36906e+01
          LJ-14     Coulomb-14        LJ (SR)   Coulomb (SR)   Coul. recip.
    7.38061e+03    1.78502e+05    9.30346e+04   -1.66975e+06    5.43972e+03
 Position Rest.     Dih. Rest.      Potential    Kinetic En.   Total Energy
    2.15770e+02    7.14769e+01   -1.25644e+06    3.11728e+05   -9.44713e+05
  Conserved En.    Temperature Pressure (bar)   Constr. rmsd
   -9.27717e+05    3.10932e+02    4.32626e+01    0.00000e+00

           Step           Time
         195000      390.00000

   Energies (kJ/mol)
           Bond            U-B    Proper Dih.  Improper Dih.      CMAP Dih.
    1.19996e+04    6.84612e+04    4.83824e+04    5.17061e+02    1.91733e+00
          LJ-14     Coulomb-14        LJ (SR)   Coulomb (SR)   Coul. recip.
    7.38521e+03    1.78503e+05    9.35308e+04   -1.66918e+06    5.54904e+03
 Position Rest.     Dih. Rest.      Potential    Kinetic En.   Total Energy
    2.13752e+02    7.15514e+01   -1.25457e+06    3.11780e+05   -9.42790e+05
  Conserved En.    Temperature Pressure (bar)   Constr. rmsd
   -9.27628e+05    3.10983e+02    5.87107e+01    0.00000e+00

           Step           Time
         196000      392.00000

   Energies (kJ/mol)
           Bond            U-B    Proper Dih.  Improper Dih.      CMAP Dih.
    1.18327e+04    6.74663e+04    4.82786e+04    6.81665e+02    1.58539e+01
          LJ-14     Coulomb-14        LJ (SR)   Coulomb (SR)   Coul. recip.
    7.50385e+03    1.78836e+05    9.34302e+04   -1.67033e+06    5.38298e+03
 Position Rest.     Dih. Rest.      Potential    Kinetic En.   Total Energy
    2.25180e+02    7.50813e+01   -1.25660e+06    3.11446e+05   -9.45157e+05
  Conserved En.    Temperature Pressure (bar)   Constr. rmsd
   -9.27243e+05    3.10650e+02   -7.52566e+01    0.00000e+00

           Step           Time
         197000      394.00000

   Energies (kJ/mol)
           Bond            U-B    Proper Dih.  Improper Dih.      CMAP Dih.
    1.18729e+04    6.85177e+04    4.86923e+04    6.46785e+02   -2.23110e+01
          LJ-14     Coulomb-14        LJ (SR)   Coulomb (SR)   Coul. recip.
    7.27945e+03    1.78286e+05    9.28165e+04   -1.66773e+06    5.37420e+03
 Position Rest.     Dih. Rest.      Potential    Kinetic En.   Total Energy
    2.22272e+02    6.61899e+01   -1.25397e+06    3.11540e+05   -9.42434e+05
  Conserved En.    Temperature Pressure (bar)   Constr. rmsd
   -9.26710e+05    3.10744e+02   -2.56636e+01    0.00000e+00

           Step           Time
         198000      396.00000

   Energies (kJ/mol)
           Bond            U-B    Proper Dih.  Improper Dih.      CMAP Dih.
    1.17804e+04    6.84137e+04    4.84320e+04    5.36777e+02   -9.68013e+00
          LJ-14     Coulomb-14        LJ (SR)   Coulomb (SR)   Coul. recip.
    7.44409e+03    1.78706e+05    9.12757e+04   -1.66614e+06    5.47266e+03
 Position Rest.     Dih. Rest.      Potential    Kinetic En.   Total Energy
    2.18784e+02    7.04420e+01   -1.25380e+06    3.11608e+05   -9.42194e+05
  Conserved En.    Temperature Pressure (bar)   Constr. rmsd
   -9.26741e+05    3.10811e+02    3.12583e+01    0.00000e+00

           Step           Time
         199000      398.00000

   Energies (kJ/mol)
           Bond            U-B    Proper Dih.  Improper Dih.      CMAP Dih.
    1.17676e+04    6.83336e+04    4.84656e+04    6.18003e+02    2.18752e+01
          LJ-14     Coulomb-14        LJ (SR)   Coulomb (SR)   Coul. recip.
    7.27382e+03    1.78336e+05    9.19242e+04   -1.66819e+06    5.59263e+03
 Position Rest.     Dih. Rest.      Potential    Kinetic En.   Total Energy
    2.00809e+02    7.80245e+01   -1.25557e+06    3.12243e+05   -9.43330e+05
  Conserved En.    Temperature Pressure (bar)   Constr. rmsd
   -9.26604e+05    3.11445e+02    4.06343e+01    0.00000e+00

           Step           Time
         200000      400.00000

   Energies (kJ/mol)
           Bond            U-B    Proper Dih.  Improper Dih.      CMAP Dih.
    1.15351e+04    6.83927e+04    4.86212e+04    6.30097e+02    1.54391e+01
          LJ-14     Coulomb-14        LJ (SR)   Coulomb (SR)   Coul. recip.
    7.23438e+03    1.78307e+05    9.26520e+04   -1.66963e+06    5.42041e+03
 Position Rest.     Dih. Rest.      Potential    Kinetic En.   Total Energy
    2.04539e+02    7.63483e+01   -1.25655e+06    3.12546e+05   -9.44000e+05
  Conserved En.    Temperature Pressure (bar)   Constr. rmsd
   -9.26673e+05    3.11747e+02   -3.69052e+00    0.00000e+00

           Step           Time
         201000      402.00000

   Energies (kJ/mol)
           Bond            U-B    Proper Dih.  Improper Dih.      CMAP Dih.
    1.17020e+04    6.73869e+04    4.83441e+04    5.69535e+02    2.89782e+00
          LJ-14     Coulomb-14        LJ (SR)   Coulomb (SR)   Coul. recip.
    7.34716e+03    1.78882e+05    9.48639e+04   -1.67258e+06    5.49413e+03
 Position Rest.     Dih. Rest.      Potential    Kinetic En.   Total Energy
    2.05340e+02    7.03333e+01   -1.25771e+06    3.10667e+05   -9.47043e+05
  Conserved En.    Temperature Pressure (bar)   Constr. rmsd
   -9.26667e+05    3.09873e+02    1.74816e+02    0.00000e+00

           Step           Time
         202000      404.00000

   Energies (kJ/mol)
           Bond            U-B    Proper Dih.  Improper Dih.      CMAP Dih.
    1.14277e+04    6.81672e+04    4.86391e+04    5.82690e+02    7.14984e+00
          LJ-14     Coulomb-14        LJ (SR)   Coulomb (SR)   Coul. recip.
    7.38270e+03    1.78383e+05    9.43990e+04   -1.67137e+06    5.55113e+03
 Position Rest.     Dih. Rest.      Potential    Kinetic En.   Total Energy
    1.91922e+02    7.87451e+01   -1.25656e+06    3.12368e+05   -9.44188e+05
  Conserved En.    Temperature Pressure (bar)   Constr. rmsd
   -9.26726e+05    3.11570e+02    1.77348e+02    0.00000e+00

           Step           Time
         203000      406.00000

   Energies (kJ/mol)
           Bond            U-B    Proper Dih.  Improper Dih.      CMAP Dih.
    1.16641e+04    6.88118e+04    4.85464e+04    6.13871e+02   -6.80537e+00
          LJ-14     Coulomb-14        LJ (SR)   Coulomb (SR)   Coul. recip.
    7.27169e+03    1.78567e+05    9.10787e+04   -1.66487e+06    5.54054e+03
 Position Rest.     Dih. Rest.      Potential    Kinetic En.   Total Energy
    2.06033e+02    6.81616e+01   -1.25251e+06    3.12772e+05   -9.39739e+05
  Conserved En.    Temperature Pressure (bar)   Constr. rmsd
   -9.26704e+05    3.11973e+02    5.08218e+01    0.00000e+00

           Step           Time
         204000      408.00000

   Energies (kJ/mol)
           Bond            U-B    Proper Dih.  Improper Dih.      CMAP Dih.
    1.18404e+04    6.80794e+04    4.84370e+04    5.71390e+02    2.51146e+01
          LJ-14     Coulomb-14        LJ (SR)   Coulomb (SR)   Coul. recip.
    7.16631e+03    1.78295e+05    9.12730e+04   -1.66671e+06    5.48452e+03
 Position Rest.     Dih. Rest.      Potential    Kinetic En.   Total Energy
    2.26546e+02    7.04391e+01   -1.25524e+06    3.11927e+05   -9.43316e+05
  Conserved En.    Temperature Pressure (bar)   Constr. rmsd
   -9.26655e+05    3.11129e+02   -1.12921e+02    0.00000e+00

           Step           Time
         205000      410.00000

   Energies (kJ/mol)
           Bond            U-B    Proper Dih.  Improper Dih.      CMAP Dih.
    1.17517e+04    6.82884e+04    4.84947e+04    5.97308e+02   -3.89582e+00
          LJ-14     Coulomb-14        LJ (SR)   Coulomb (SR)   Coul. recip.
    7.34972e+03    1.78292e+05    9.33370e+04   -1.66991e+06    5.52682e+03
 Position Rest.     Dih. Rest.      Potential    Kinetic En.   Total Energy
    2.16608e+02    6.90498e+01   -1.25600e+06    3.09954e+05   -9.46042e+05
  Conserved En.    Temperature Pressure (bar)   Constr. rmsd
   -9.26567e+05    3.09162e+02   -4.48976e+01    0.00000e+00

           Step           Time
         206000      412.00000

   Energies (kJ/mol)
           Bond            U-B    Proper Dih.  Improper Dih.      CMAP Dih.
    1.20887e+04    6.86398e+04    4.86307e+04    5.83248e+02   -2.04951e+01
          LJ-14     Coulomb-14        LJ (SR)   Coulomb (SR)   Coul. recip.
    7.20054e+03    1.77880e+05    9.36380e+04   -1.66823e+06    5.50742e+03
 Position Rest.     Dih. Rest.      Potential    Kinetic En.   Total Energy
    2.16483e+02    7.85865e+01   -1.25379e+06    3.09124e+05   -9.44664e+05
  Conserved En.    Temperature Pressure (bar)   Constr. rmsd
   -9.26520e+05    3.08335e+02    1.55770e+01    0.00000e+00

           Step           Time
         207000      414.00000

   Energies (kJ/mol)
           Bond            U-B    Proper Dih.  Improper Dih.      CMAP Dih.
    1.19137e+04    6.82594e+04    4.83868e+04    5.95289e+02    1.17624e+01
          LJ-14     Coulomb-14        LJ (SR)   Coulomb (SR)   Coul. recip.
    7.12148e+03    1.78453e+05    9.16208e+04   -1.66992e+06    5.52629e+03
 Position Rest.     Dih. Rest.      Potential    Kinetic En.   Total Energy
    2.35138e+02    6.60777e+01   -1.25773e+06    3.10137e+05   -9.47596e+05
  Conserved En.    Temperature Pressure (bar)   Constr. rmsd
   -9.26007e+05    3.09345e+02   -2.49374e+02    0.00000e+00

           Step           Time
         208000      416.00000

   Energies (kJ/mol)
           Bond            U-B    Proper Dih.  Improper Dih.      CMAP Dih.
    1.19436e+04    6.85021e+04    4.85950e+04    6.17595e+02    2.22050e+01
          LJ-14     Coulomb-14        LJ (SR)   Coulomb (SR)   Coul. recip.
    7.16518e+03    1.78491e+05    9.35707e+04   -1.66996e+06    5.44782e+03
 Position Rest.     Dih. Rest.      Potential    Kinetic En.   Total Energy
    2.16149e+02    8.84153e+01   -1.25530e+06    3.12793e+05   -9.42508e+05
  Conserved En.    Temperature Pressure (bar)   Constr. rmsd
   -9.25934e+05    3.11994e+02    4.54940e+01    0.00000e+00

           Step           Time
         209000      418.00000

   Energies (kJ/mol)
           Bond            U-B    Proper Dih.  Improper Dih.      CMAP Dih.
    1.18972e+04    6.85805e+04    4.85115e+04    5.38997e+02    2.32206e+01
          LJ-14     Coulomb-14        LJ (SR)   Coulomb (SR)   Coul. recip.
    7.32009e+03    1.78269e+05    9.27345e+04   -1.66795e+06    5.60855e+03
 Position Rest.     Dih. Rest.      Potential    Kinetic En.   Total Energy
    2.33888e+02    9.01897e+01   -1.25415e+06    3.11226e+05   -9.42922e+05
  Conserved En.    Temperature Pressure (bar)   Constr. rmsd
   -9.25898e+05    3.10430e+02    5.26214e+01    0.00000e+00

           Step           Time
         210000      420.00000

   Energies (kJ/mol)
           Bond            U-B    Proper Dih.  Improper Dih.      CMAP Dih.
    1.19003e+04    6.85186e+04    4.84360e+04    5.78752e+02    5.32826e+01
          LJ-14     Coulomb-14        LJ (SR)   Coulomb (SR)   Coul. recip.
    7.44547e+03    1.78801e+05    9.36521e+04   -1.67015e+06    5.45321e+03
 Position Rest.     Dih. Rest.      Potential    Kinetic En.   Total Energy
    2.22730e+02    8.53190e+01   -1.25500e+06    3.12528e+05   -9.42471e+05
  Conserved En.    Temperature Pressure (bar)   Constr. rmsd
   -9.26214e+05    3.11730e+02    3.26507e+00    0.00000e+00

           Step           Time
         211000      422.00000

   Energies (kJ/mol)
           Bond            U-B    Proper Dih.  Improper Dih.      CMAP Dih.
    1.17426e+04    6.79299e+04    4.83007e+04    5.78700e+02    4.53298e+01
          LJ-14     Coulomb-14        LJ (SR)   Coulomb (SR)   Coul. recip.
    7.22745e+03    1.78718e+05    9.21987e+04   -1.67069e+06    5.36108e+03
 Position Rest.     Dih. Rest.      Potential    Kinetic En.   Total Energy
    2.01624e+02    6.97669e+01   -1.25831e+06    3.11168e+05   -9.47145e+05
  Conserved En.    Temperature Pressure (bar)   Constr. rmsd
   -9.25877e+05    3.10373e+02   -1.52079e+02    0.00000e+00

           Step           Time
         212000      424.00000

   Energies (kJ/mol)
           Bond            U-B    Proper Dih.  Improper Dih.      CMAP Dih.
    1.16695e+04    6.76949e+04    4.84848e+04    5.92404e+02    3.14165e+01
          LJ-14     Coulomb-14        LJ (SR)   Coulomb (SR)   Coul. recip.
    7.26884e+03    1.78721e+05    9.38624e+04   -1.67212e+06    5.46316e+03
 Position Rest.     Dih. Rest.      Potential    Kinetic En.   Total Energy
    2.13734e+02    8.70376e+01   -1.25803e+06    3.11240e+05   -9.46785e+05
  Conserved En.    Temperature Pressure (bar)   Constr. rmsd
   -9.25646e+05    3.10445e+02   -9.48293e+01    0.00000e+00

           Step           Time
         213000      426.00000

   Energies (kJ/mol)
           Bond            U-B    Proper Dih.  Improper Dih.      CMAP Dih.
    1.17447e+04    6.79513e+04    4.84666e+04    5.72340e+02    9.51130e-01
          LJ-14     Coulomb-14        LJ (SR)   Coulomb (SR)   Coul. recip.
    7.38454e+03    1.78858e+05    9.31972e+04   -1.66983e+06    5.45637e+03
 Position Rest.     Dih. Rest.      Potential    Kinetic En.   Total Energy
    2.31187e+02    9.01989e+01   -1.25587e+06    3.09729e+05   -9.46145e+05
  Conserved En.    Temperature Pressure (bar)   Constr. rmsd
   -9.25847e+05    3.08937e+02   -9.48321e+01    0.00000e+00

           Step           Time
         214000      428.00000

   Energies (kJ/mol)
           Bond            U-B    Proper Dih.  Improper Dih.      CMAP Dih.
    1.18388e+04    6.82989e+04    4.85351e+04    6.53971e+02    1.48961e+01
          LJ-14     Coulomb-14        LJ (SR)   Coulomb (SR)   Coul. recip.
    7.41364e+03    1.78893e+05    9.30277e+04   -1.66844e+06    5.63209e+03
 Position Rest.     Dih. Rest.      Potential    Kinetic En.   Total Energy
    2.34056e+02    7.02741e+01   -1.25383e+06    3.12126e+05   -9.41702e+05
  Conserved En.    Temperature Pressure (bar)   Constr. rmsd
   -9.25592e+05    3.11329e+02   -2.95030e+01    0.00000e+00

           Step           Time
         215000      430.00000

   Energies (kJ/mol)
           Bond            U-B    Proper Dih.  Improper Dih.      CMAP Dih.
    1.17725e+04    6.78195e+04    4.84217e+04    5.53164e+02    2.38831e+01
          LJ-14     Coulomb-14        LJ (SR)   Coulomb (SR)   Coul. recip.
    7.38629e+03    1.78738e+05    9.31772e+04   -1.67004e+06    5.51157e+03
 Position Rest.     Dih. Rest.      Potential    Kinetic En.   Total Energy
    2.26868e+02    7.38533e+01   -1.25633e+06    3.11417e+05   -9.44914e+05
  Conserved En.    Temperature Pressure (bar)   Constr. rmsd
   -9.25118e+05    3.10621e+02   -5.09419e+01    0.00000e+00

           Step           Time
         216000      432.00000

   Energies (kJ/mol)
           Bond            U-B    Proper Dih.  Improper Dih.      CMAP Dih.
    1.15511e+04    6.77073e+04    4.85101e+04    5.66610e+02    6.00256e+00
          LJ-14     Coulomb-14        LJ (SR)   Coulomb (SR)   Coul. recip.
    7.32485e+03    1.78633e+05    9.24111e+04   -1.66825e+06    5.37042e+03
 Position Rest.     Dih. Rest.      Potential    Kinetic En.   Total Energy
    2.07506e+02    6.48124e+01   -1.25589e+06    3.11243e+05   -9.44650e+05
  Conserved En.    Temperature Pressure (bar)   Constr. rmsd
   -9.24949e+05    3.10448e+02    3.57875e+01    0.00000e+00

           Step           Time
         217000      434.00000

   Energies (kJ/mol)
           Bond            U-B    Proper Dih.  Improper Dih.      CMAP Dih.
    1.19029e+04    6.83890e+04    4.84754e+04    6.17233e+02   -2.27640e+00
          LJ-14     Coulomb-14        LJ (SR)   Coulomb (SR)   Coul. recip.
    7.38920e+03    1.78885e+05    9.43158e+04   -1.67219e+06    5.51657e+03
 Position Rest.     Dih. Rest.      Potential    Kinetic En.   Total Energy
    2.24427e+02    6.66088e+01   -1.25641e+06    3.12271e+05   -9.44139e+05
  Conserved En.    Temperature Pressure (bar)   Constr. rmsd
   -9.25222e+05    3.11473e+02    1.77736e+01    0.00000e+00

           Step           Time
         218000      436.00000

   Energies (kJ/mol)
           Bond            U-B    Proper Dih.  Improper Dih.      CMAP Dih.
    1.13374e+04    6.83222e+04    4.84434e+04    6.61185e+02    1.59182e+01
          LJ-14     Coulomb-14        LJ (SR)   Coulomb (SR)   Coul. recip.
    7.22368e+03    1.78596e+05    9.46948e+04   -1.67124e+06    5.47034e+03
 Position Rest.     Dih. Rest.      Potential    Kinetic En.   Total Energy
    2.12594e+02    7.53312e+01   -1.25619e+06    3.11438e+05   -9.44754e+05
  Conserved En.    Temperature Pressure (bar)   Constr. rmsd
   -9.25339e+05    3.10642e+02    7.63825e+01    0.00000e+00

           Step           Time
         219000      438.00000

   Energies (kJ/mol)
           Bond            U-B    Proper Dih.  Improper Dih.      CMAP Dih.
    1.16386e+04    6.82412e+04    4.85698e+04    6.04411e+02   -7.34013e+00
          LJ-14     Coulomb-14        LJ (SR)   Coulomb (SR)   Coul. recip.
    7.25133e+03    1.78583e+05    9.10744e+04   -1.66839e+06    5.50538e+03
 Position Rest.     Dih. Rest.      Potential    Kinetic En.   Total Energy
    2.04173e+02    8.95820e+01   -1.25664e+06    3.10065e+05   -9.46573e+05
  Conserved En.    Temperature Pressure (bar)   Constr. rmsd
   -9.25140e+05    3.09272e+02   -1.95017e+02    0.00000e+00

           Step           Time
         220000      440.00000

   Energies (kJ/mol)
           Bond            U-B    Proper Dih.  Improper Dih.      CMAP Dih.
    1.14469e+04    6.84937e+04    4.85624e+04    6.29298e+02   -5.63799e+00
          LJ-14     Coulomb-14        LJ (SR)   Coulomb (SR)   Coul. recip.
    7.46209e+03    1.78766e+05    9.24252e+04   -1.66945e+06    5.45929e+03
 Position Rest.     Dih. Rest.      Potential    Kinetic En.   Total Energy
    2.43287e+02    7.42613e+01   -1.25590e+06    3.12398e+05   -9.43499e+05
  Conserved En.    Temperature Pressure (bar)   Constr. rmsd
   -9.24924e+05    3.11600e+02    5.95546e+01    0.00000e+00

           Step           Time
         221000      442.00000

   Energies (kJ/mol)
           Bond            U-B    Proper Dih.  Improper Dih.      CMAP Dih.
    1.13110e+04    6.83274e+04    4.83456e+04    5.75357e+02    9.98548e+00
          LJ-14     Coulomb-14        LJ (SR)   Coulomb (SR)   Coul. recip.
    7.38959e+03    1.78934e+05    9.47985e+04   -1.66978e+06    5.42562e+03
 Position Rest.     Dih. Rest.      Potential    Kinetic En.   Total Energy
    2.09655e+02    7.75149e+01   -1.25438e+06    3.10382e+05   -9.43995e+05
  Conserved En.    Temperature Pressure (bar)   Constr. rmsd
   -9.24920e+05    3.09589e+02    1.17596e+02    0.00000e+00

           Step           Time
         222000      444.00000

   Energies (kJ/mol)
           Bond            U-B    Proper Dih.  Improper Dih.      CMAP Dih.
    1.14167e+04    6.82105e+04    4.85848e+04    6.10160e+02    4.66935e+00
          LJ-14     Coulomb-14        LJ (SR)   Coulomb (SR)   Coul. recip.
    7.40737e+03    1.78784e+05    9.54807e+04   -1.67399e+06    5.43824e+03
 Position Rest.     Dih. Rest.      Potential    Kinetic En.   Total Energy
    2.32409e+02    7.56115e+01   -1.25774e+06    3.12039e+05   -9.45706e+05
  Conserved En.    Temperature Pressure (bar)   Constr. rmsd
   -9.24760e+05    3.11241e+02    2.23083e+02    0.00000e+00

           Step           Time
         223000      446.00000

   Energies (kJ/mol)
           Bond            U-B    Proper Dih.  Improper Dih.      CMAP Dih.
    1.14035e+04    6.75852e+04    4.86731e+04    6.62056e+02    7.54044e+00
          LJ-14     Coulomb-14        LJ (SR)   Coulomb (SR)   Coul. recip.
    7.33219e+03    1.78977e+05    9.07180e+04   -1.66812e+06    5.51015e+03
 Position Rest.     Dih. Rest.      Potential    Kinetic En.   Total Energy
    2.14814e+02    8.57301e+01   -1.25695e+06    3.10582e+05   -9.46368e+05
  Conserved En.    Temperature Pressure (bar)   Constr. rmsd
   -9.24621e+05    3.09788e+02   -1.01129e+02    0.00000e+00

           Step           Time
         224000      448.00000

   Energies (kJ/mol)
           Bond            U-B    Proper Dih.  Improper Dih.      CMAP Dih.
    1.18790e+04    6.73758e+04    4.86434e+04    5.95836e+02   -1.00667e+01
          LJ-14     Coulomb-14        LJ (SR)   Coulomb (SR)   Coul. recip.
    7.30407e+03    1.78900e+05    9.28244e+04   -1.67020e+06    5.50538e+03
 Position Rest.     Dih. Rest.      Potential    Kinetic En.   Total Energy
    2.36421e+02    7.84929e+01   -1.25687e+06    3.11921e+05   -9.44951e+05
  Conserved En.    Temperature Pressure (bar)   Constr. rmsd
   -9.24540e+05    3.11124e+02   -9.16497e+01    0.00000e+00

           Step           Time
         225000      450.00000

   Energies (kJ/mol)
           Bond            U-B    Proper Dih.  Improper Dih.      CMAP Dih.
    1.16189e+04    6.78582e+04    4.84165e+04    6.29319e+02    4.37255e+01
          LJ-14     Coulomb-14        LJ (SR)   Coulomb (SR)   Coul. recip.
    7.30898e+03    1.78418e+05    9.18043e+04   -1.66939e+06    5.48132e+03
 Position Rest.     Dih. Rest.      Potential    Kinetic En.   Total Energy
    2.37413e+02    7.58065e+01   -1.25750e+06    3.10093e+05   -9.47407e+05
  Conserved En.    Temperature Pressure (bar)   Constr. rmsd
   -9.24214e+05    3.09300e+02   -1.30677e+02    0.00000e+00

           Step           Time
         226000      452.00000

   Energies (kJ/mol)
           Bond            U-B    Proper Dih.  Improper Dih.      CMAP Dih.
    1.15313e+04    6.84496e+04    4.83875e+04    5.42595e+02    1.74595e+00
          LJ-14     Coulomb-14        LJ (SR)   Coulomb (SR)   Coul. recip.
    7.13296e+03    1.78317e+05    9.29972e+04   -1.67026e+06    5.36113e+03
 Position Rest.     Dih. Rest.      Potential    Kinetic En.   Total Energy
    2.38612e+02    6.60888e+01   -1.25723e+06    3.11116e+05   -9.46118e+05
  Conserved En.    Temperature Pressure (bar)   Constr. rmsd
   -9.24122e+05    3.10321e+02   -3.57780e+01    0.00000e+00

           Step           Time
         227000      454.00000

   Energies (kJ/mol)
           Bond            U-B    Proper Dih.  Improper Dih.      CMAP Dih.
    1.14469e+04    6.75345e+04    4.83760e+04    5.88202e+02   -1.02332e+01
          LJ-14     Coulomb-14        LJ (SR)   Coulomb (SR)   Coul. recip.
    7.40875e+03    1.78561e+05    9.31771e+04   -1.67080e+06    5.39771e+03
 Position Rest.     Dih. Rest.      Potential    Kinetic En.   Total Energy
    2.41280e+02    7.70798e+01   -1.25800e+06    3.12496e+05   -9.45506e+05
  Conserved En.    Temperature Pressure (bar)   Constr. rmsd
   -9.24341e+05    3.11698e+02    1.33055e+02    0.00000e+00

           Step           Time
         228000      456.00000

   Energies (kJ/mol)
           Bond            U-B    Proper Dih.  Improper Dih.      CMAP Dih.
    1.14662e+04    6.73165e+04    4.84560e+04    5.79562e+02    1.35883e+01
          LJ-14     Coulomb-14        LJ (SR)   Coulomb (SR)   Coul. recip.
    7.25315e+03    1.78584e+05    9.27884e+04   -1.67122e+06    5.54196e+03
 Position Rest.     Dih. Rest.      Potential    Kinetic En.   Total Energy
    2.42358e+02    9.84439e+01   -1.25888e+06    3.11061e+05   -9.47822e+05
  Conserved En.    Temperature Pressure (bar)   Constr. rmsd
   -9.23967e+05    3.10266e+02   -1.67827e+02    0.00000e+00

           Step           Time
         229000      458.00000

   Energies (kJ/mol)
           Bond            U-B    Proper Dih.  Improper Dih.      CMAP Dih.
    1.14718e+04    6.84849e+04    4.85958e+04    6.44981e+02    2.98945e+01
          LJ-14     Coulomb-14        LJ (SR)   Coulomb (SR)   Coul. recip.
    7.24892e+03    1.78481e+05    9.10433e+04   -1.66945e+06    5.41319e+03
 Position Rest.     Dih. Rest.      Potential    Kinetic En.   Total Energy
    2.45149e+02    7.72682e+01   -1.25772e+06    3.10745e+05   -9.46972e+05
  Conserved En.    Temperature Pressure (bar)   Constr. rmsd
   -9.23678e+05    3.09951e+02   -1.43029e+02    0.00000e+00

           Step           Time
         230000      460.00000

   Energies (kJ/mol)
           Bond            U-B    Proper Dih.  Improper Dih.      CMAP Dih.
    1.16220e+04    6.81103e+04    4.86153e+04    5.50270e+02    4.55166e+01
          LJ-14     Coulomb-14        LJ (SR)   Coulomb (SR)   Coul. recip.
    7.30135e+03    1.78209e+05    9.33946e+04   -1.67165e+06    5.38107e+03
 Position Rest.     Dih. Rest.      Potential    Kinetic En.   Total Energy
    2.19956e+02    7.56761e+01   -1.25812e+06    3.12397e+05   -9.45727e+05
  Conserved En.    Temperature Pressure (bar)   Constr. rmsd
   -9.23847e+05    3.11599e+02    3.50573e+01    0.00000e+00

           Step           Time
         231000      462.00000

   Energies (kJ/mol)
           Bond            U-B    Proper Dih.  Improper Dih.      CMAP Dih.
    1.15448e+04    6.72108e+04    4.86326e+04    6.02456e+02    9.59806e-02
          LJ-14     Coulomb-14        LJ (SR)   Coulomb (SR)   Coul. recip.
    7.31004e+03    1.78543e+05    9.23611e+04   -1.67087e+06    5.53330e+03
 Position Rest.     Dih. Rest.      Potential    Kinetic En.   Total Energy
    2.18737e+02    8.02177e+01   -1.25883e+06    3.11938e+05   -9.46890e+05
  Conserved En.    Temperature Pressure (bar)   Constr. rmsd
   -9.24019e+05    3.11141e+02   -5.78771e+01    0.00000e+00

           Step           Time
         232000      464.00000

   Energies (kJ/mol)
           Bond            U-B    Proper Dih.  Improper Dih.      CMAP Dih.
    1.14431e+04    6.81769e+04    4.86723e+04    5.68964e+02    3.36169e+01
          LJ-14     Coulomb-14        LJ (SR)   Coulomb (SR)   Coul. recip.
    7.14060e+03    1.77777e+05    9.33691e+04   -1.67135e+06    5.50522e+03
 Position Rest.     Dih. Rest.      Potential    Kinetic En.   Total Energy
    2.21959e+02    7.75765e+01   -1.25836e+06    3.11838e+05   -9.46523e+05
  Conserved En.    Temperature Pressure (bar)   Constr. rmsd
   -9.23650e+05    3.11041e+02    6.15151e+01    0.00000e+00

           Step           Time
         233000      466.00000

   Energies (kJ/mol)
           Bond            U-B    Proper Dih.  Improper Dih.      CMAP Dih.
    1.13672e+04    6.75270e+04    4.85846e+04    5.35847e+02    2.81327e+01
          LJ-14     Coulomb-14        LJ (SR)   Coulomb (SR)   Coul. recip.
    7.40310e+03    1.78631e+05    9.26220e+04   -1.67034e+06    5.51720e+03
 Position Rest.     Dih. Rest.      Potential    Kinetic En.   Total Energy
    2.34938e+02    7.63150e+01   -1.25781e+06    3.09133e+05   -9.48680e+05
  Conserved En.    Temperature Pressure (bar)   Constr. rmsd
   -9.23560e+05    3.08343e+02    1.05067e+02    0.00000e+00

           Step           Time
         234000      468.00000

   Energies (kJ/mol)
           Bond            U-B    Proper Dih.  Improper Dih.      CMAP Dih.
    1.18256e+04    6.76725e+04    4.86437e+04    5.55529e+02    4.99818e+01
          LJ-14     Coulomb-14        LJ (SR)   Coulomb (SR)   Coul. recip.
    7.38729e+03    1.78233e+05    9.33076e+04   -1.67012e+06    5.44944e+03
 Position Rest.     Dih. Rest.      Potential    Kinetic En.   Total Energy
    2.15451e+02    6.60389e+01   -1.25671e+06    3.10333e+05   -9.46381e+05
  Conserved En.    Temperature Pressure (bar)   Constr. rmsd
   -9.23735e+05    3.09540e+02   -6.12203e+01    0.00000e+00

           Step           Time
         235000      470.00000

   Energies (kJ/mol)
           Bond            U-B    Proper Dih.  Improper Dih.      CMAP Dih.
    1.16070e+04    6.82229e+04    4.85212e+04    5.77933e+02    3.20440e+01
          LJ-14     Coulomb-14        LJ (SR)   Coulomb (SR)   Coul. recip.
    7.25615e+03    1.78336e+05    9.46621e+04   -1.67312e+06    5.51773e+03
 Position Rest.     Dih. Rest.      Potential    Kinetic En.   Total Energy
    2.23846e+02    6.51518e+01   -1.25810e+06    3.12287e+05   -9.45812e+05
  Conserved En.    Temperature Pressure (bar)   Constr. rmsd
   -9.23530e+05    3.11489e+02    6.22159e+01    0.00000e+00

           Step           Time
         236000      472.00000

   Energies (kJ/mol)
           Bond            U-B    Proper Dih.  Improper Dih.      CMAP Dih.
    1.15348e+04    6.78698e+04    4.84502e+04    5.48139e+02    5.29848e+01
          LJ-14     Coulomb-14        LJ (SR)   Coulomb (SR)   Coul. recip.
    7.33092e+03    1.78462e+05    9.49304e+04   -1.67175e+06    5.43552e+03
 Position Rest.     Dih. Rest.      Potential    Kinetic En.   Total Energy
    2.29366e+02    6.64380e+01   -1.25684e+06    3.09973e+05   -9.46871e+05
  Conserved En.    Temperature Pressure (bar)   Constr. rmsd
   -9.23523e+05    3.09181e+02    1.76725e+02    0.00000e+00

           Step           Time
         237000      474.00000

   Energies (kJ/mol)
           Bond            U-B    Proper Dih.  Improper Dih.      CMAP Dih.
    1.17099e+04    6.78261e+04    4.84915e+04    6.05585e+02    5.97957e+01
          LJ-14     Coulomb-14        LJ (SR)   Coulomb (SR)   Coul. recip.
    7.25505e+03    1.77999e+05    9.32562e+04   -1.67017e+06    5.49594e+03
 Position Rest.     Dih. Rest.      Potential    Kinetic En.   Total Energy
    2.19989e+02    6.79314e+01   -1.25718e+06    3.11970e+05   -9.45211e+05
  Conserved En.    Temperature Pressure (bar)   Constr. rmsd
   -9.23706e+05    3.11172e+02   -1.16923e+01    0.00000e+00

           Step           Time
         238000      476.00000

   Energies (kJ/mol)
           Bond            U-B    Proper Dih.  Improper Dih.      CMAP Dih.
    1.12857e+04    6.81179e+04    4.86207e+04    5.67975e+02    4.48007e+01
          LJ-14     Coulomb-14        LJ (SR)   Coulomb (SR)   Coul. recip.
    7.45414e+03    1.77990e+05    9.25264e+04   -1.66957e+06    5.50038e+03
 Position Rest.     Dih. Rest.      Potential    Kinetic En.   Total Energy
    2.41201e+02    7.31866e+01   -1.25715e+06    3.11688e+05   -9.45458e+05
  Conserved En.    Temperature Pressure (bar)   Constr. rmsd
   -9.23837e+05    3.10891e+02    7.93791e+01    0.00000e+00

           Step           Time
         239000      478.00000

   Energies (kJ/mol)
           Bond            U-B    Proper Dih.  Improper Dih.      CMAP Dih.
    1.16285e+04    6.78946e+04    4.83866e+04    6.26257e+02    2.40306e+01
          LJ-14     Coulomb-14        LJ (SR)   Coulomb (SR)   Coul. recip.
    7.27449e+03    1.77696e+05    9.31070e+04   -1.66970e+06    5.42660e+03
 Position Rest.     Dih. Rest.      Potential    Kinetic En.   Total Energy
    2.33539e+02    7.76685e+01   -1.25732e+06    3.10485e+05   -9.46836e+05
  Conserved En.    Temperature Pressure (bar)   Constr. rmsd
   -9.23551e+05    3.09691e+02   -2.78141e+01    0.00000e+00

           Step           Time
         240000      480.00000

   Energies (kJ/mol)
           Bond            U-B    Proper Dih.  Improper Dih.      CMAP Dih.
    1.17501e+04    6.85081e+04    4.86606e+04    6.02240e+02    5.89830e+00
          LJ-14     Coulomb-14        LJ (SR)   Coulomb (SR)   Coul. recip.
    7.15935e+03    1.77930e+05    9.24555e+04   -1.66954e+06    5.39918e+03
 Position Rest.     Dih. Rest.      Potential    Kinetic En.   Total Energy
    2.49667e+02    7.86885e+01   -1.25674e+06    3.11725e+05   -9.45015e+05
  Conserved En.    Temperature Pressure (bar)   Constr. rmsd
   -9.23369e+05    3.10928e+02   -2.02798e+02    0.00000e+00

           Step           Time
         241000      482.00000

   Energies (kJ/mol)
           Bond            U-B    Proper Dih.  Improper Dih.      CMAP Dih.
    1.16230e+04    6.82057e+04    4.86284e+04    6.73143e+02    5.66177e+01
          LJ-14     Coulomb-14        LJ (SR)   Coulomb (SR)   Coul. recip.
    7.49042e+03    1.77850e+05    9.24028e+04   -1.66782e+06    5.53671e+03
 Position Rest.     Dih. Rest.      Potential    Kinetic En.   Total Energy
    2.46146e+02    8.17508e+01   -1.25502e+06    3.12057e+05   -9.42966e+05
  Conserved En.    Temperature Pressure (bar)   Constr. rmsd
   -9.22941e+05    3.11259e+02    1.51498e+02    0.00000e+00

           Step           Time
         242000      484.00000

   Energies (kJ/mol)
           Bond            U-B    Proper Dih.  Improper Dih.      CMAP Dih.
    1.17074e+04    6.80222e+04    4.84876e+04    6.92698e+02   -1.22266e+01
          LJ-14     Coulomb-14        LJ (SR)   Coulomb (SR)   Coul. recip.
    7.43852e+03    1.78143e+05    9.39791e+04   -1.67004e+06    5.50583e+03
 Position Rest.     Dih. Rest.      Potential    Kinetic En.   Total Energy
    2.60058e+02    8.01553e+01   -1.25574e+06    3.10789e+05   -9.44947e+05
  Conserved En.    Temperature Pressure (bar)   Constr. rmsd
   -9.23027e+05    3.09995e+02    1.04833e+02    0.00000e+00

           Step           Time
         243000      486.00000

   Energies (kJ/mol)
           Bond            U-B    Proper Dih.  Improper Dih.      CMAP Dih.
    1.18888e+04    6.79376e+04    4.84740e+04    6.76636e+02    4.05182e+01
          LJ-14     Coulomb-14        LJ (SR)   Coulomb (SR)   Coul. recip.
    7.33879e+03    1.77720e+05    9.33403e+04   -1.66976e+06    5.49205e+03
 Position Rest.     Dih. Rest.      Potential    Kinetic En.   Total Energy
    2.29303e+02    6.70080e+01   -1.25656e+06    3.10048e+05   -9.46511e+05
  Conserved En.    Temperature Pressure (bar)   Constr. rmsd
   -9.22917e+05    3.09256e+02   -3.28153e+01    0.00000e+00

           Step           Time
         244000      488.00000

   Energies (kJ/mol)
           Bond            U-B    Proper Dih.  Improper Dih.      CMAP Dih.
    1.15603e+04    6.84147e+04    4.82784e+04    6.12613e+02    5.97498e+01
          LJ-14     Coulomb-14        LJ (SR)   Coulomb (SR)   Coul. recip.
    7.41825e+03    1.77612e+05    9.30338e+04   -1.67070e+06    5.47492e+03
 Position Rest.     Dih. Rest.      Potential    Kinetic En.   Total Energy
    1.99543e+02    7.60447e+01   -1.25796e+06    3.10307e+05   -9.47655e+05
  Conserved En.    Temperature Pressure (bar)   Constr. rmsd
   -9.22748e+05    3.09514e+02   -5.46987e+01    0.00000e+00

           Step           Time
         245000      490.00000

   Energies (kJ/mol)
           Bond            U-B    Proper Dih.  Improper Dih.      CMAP Dih.
    1.15663e+04    6.77412e+04    4.83079e+04    5.63023e+02    2.96406e+01
          LJ-14     Coulomb-14        LJ (SR)   Coulomb (SR)   Coul. recip.
    7.55783e+03    1.77718e+05    9.25674e+04   -1.67128e+06    5.38368e+03
 Position Rest.     Dih. Rest.      Potential    Kinetic En.   Total Energy
    2.27581e+02    6.57281e+01   -1.25956e+06    3.10301e+05   -9.49255e+05
  Conserved En.    Temperature Pressure (bar)   Constr. rmsd
   -9.22764e+05    3.09508e+02    9.43437e+01    0.00000e+00

           Step           Time
         246000      492.00000

   Energies (kJ/mol)
           Bond            U-B    Proper Dih.  Improper Dih.      CMAP Dih.
    1.15882e+04    6.76067e+04    4.84055e+04    5.30865e+02    2.76590e+00
          LJ-14     Coulomb-14        LJ (SR)   Coulomb (SR)   Coul. recip.
    7.45892e+03    1.78076e+05    9.30161e+04   -1.67126e+06    5.39825e+03
 Position Rest.     Dih. Rest.      Potential    Kinetic En.   Total Energy
    2.21341e+02    7.88373e+01   -1.25887e+06    3.09767e+05   -9.49105e+05
  Conserved En.    Temperature Pressure (bar)   Constr. rmsd
   -9.22864e+05    3.08975e+02    1.05908e+02    0.00000e+00

           Step           Time
         247000      494.00000

   Energies (kJ/mol)
           Bond            U-B    Proper Dih.  Improper Dih.      CMAP Dih.
    1.15518e+04    6.77284e+04    4.81381e+04    6.77570e+02    5.49844e+01
          LJ-14     Coulomb-14        LJ (SR)   Coulomb (SR)   Coul. recip.
    7.30469e+03    1.77759e+05    9.10026e+04   -1.66777e+06    5.71294e+03
 Position Rest.     Dih. Rest.      Potential    Kinetic En.   Total Energy
    2.24080e+02    7.74514e+01   -1.25754e+06    3.11662e+05   -9.45876e+05
  Conserved En.    Temperature Pressure (bar)   Constr. rmsd
   -9.22545e+05    3.10865e+02   -1.24143e+02    0.00000e+00

           Step           Time
         248000      496.00000

   Energies (kJ/mol)
           Bond            U-B    Proper Dih.  Improper Dih.      CMAP Dih.
    1.18116e+04    6.77387e+04    4.82307e+04    5.63535e+02    4.24136e+01
          LJ-14     Coulomb-14        LJ (SR)   Coulomb (SR)   Coul. recip.
    7.42270e+03    1.78527e+05    9.27540e+04   -1.66933e+06    5.37317e+03
 Position Rest.     Dih. Rest.      Potential    Kinetic En.   Total Energy
    2.08775e+02    6.90140e+01   -1.25659e+06    3.12358e+05   -9.44232e+05
  Conserved En.    Temperature Pressure (bar)   Constr. rmsd
   -9.22583e+05    3.11560e+02   -2.65666e+01    0.00000e+00

           Step           Time
         249000      498.00000

   Energies (kJ/mol)
           Bond            U-B    Proper Dih.  Improper Dih.      CMAP Dih.
    1.18324e+04    6.84993e+04    4.83356e+04    5.58756e+02    2.60104e+01
          LJ-14     Coulomb-14        LJ (SR)   Coulomb (SR)   Coul. recip.
    7.34269e+03    1.78448e+05    9.29734e+04   -1.67074e+06    5.42822e+03
 Position Rest.     Dih. Rest.      Potential    Kinetic En.   Total Energy
    2.18487e+02    6.78810e+01   -1.25701e+06    3.11920e+05   -9.45092e+05
  Conserved En.    Temperature Pressure (bar)   Constr. rmsd
   -9.22361e+05    3.11123e+02    1.45231e+01    0.00000e+00

           Step           Time
         250000      500.00000

Writing checkpoint, step 250000 at Sun Jul 12 21:15:48 2026


   Energies (kJ/mol)
           Bond            U-B    Proper Dih.  Improper Dih.      CMAP Dih.
    1.16753e+04    6.79134e+04    4.85014e+04    6.35321e+02    1.86670e+01
          LJ-14     Coulomb-14        LJ (SR)   Coulomb (SR)   Coul. recip.
    7.59390e+03    1.78513e+05    9.12901e+04   -1.66729e+06    5.57024e+03
 Position Rest.     Dih. Rest.      Potential    Kinetic En.   Total Energy
    2.21717e+02    7.67248e+01   -1.25528e+06    3.11551e+05   -9.43728e+05
  Conserved En.    Temperature Pressure (bar)   Constr. rmsd
   -9.22755e+05    3.10754e+02   -3.12583e+01    0.00000e+00


Energy conservation over simulation part #1 of length 500 ps, time 0 to 500 ps
  Conserved energy drift: 3.67e-04 kJ/mol/ps per atom


	<======  ###############  ==>
	<====  A V E R A G E S  ====>
	<==  ###############  ======>

	Statistics over 250001 steps using 2501 frames

   Energies (kJ/mol)
           Bond            U-B    Proper Dih.  Improper Dih.      CMAP Dih.
    1.16592e+04    6.79997e+04    4.83875e+04    5.85489e+02    8.23082e+00
          LJ-14     Coulomb-14        LJ (SR)   Coulomb (SR)   Coul. recip.
    7.33413e+03    1.78648e+05    9.31233e+04   -1.67072e+06    5.48078e+03
 Position Rest.     Dih. Rest.      Potential    Kinetic En.   Total Energy
    2.09760e+02    7.59444e+01   -1.25720e+06    3.11092e+05   -9.46112e+05
  Conserved En.    Temperature Pressure (bar)   Constr. rmsd
   -9.33467e+05    3.10297e+02   -4.85508e+00    0.00000e+00

          Box-X          Box-Y          Box-Z
    8.16775e+00    8.16775e+00    1.71060e+01

   Total Virial (kJ/mol)
    1.02970e+05   -1.83985e+01   -3.17657e+01
   -1.83921e+01    1.03025e+05   -8.40200e+00
   -3.17593e+01   -8.39018e+00    1.05602e+05

   Pressure (bar)
   -3.30657e+00   -5.74670e-01   -1.38225e+00
   -5.74858e-01   -4.55942e+00   -1.16173e+00
   -1.38244e+00   -1.16208e+00   -6.69925e+00

         T-SOLU         T-MEMB         T-SOLV
    3.11679e+02    3.10712e+02    3.10149e+02


	M E G A - F L O P S   A C C O U N T I N G

 NB=Group-cutoff nonbonded kernels    NxN=N-by-N cluster Verlet kernels
 RF=Reaction-Field  VdW=Van der Waals  QSTab=quadratic-spline table
 W3=SPC/TIP3p  W4=TIP4p (single or pairs)
 V&F=Potential and force  V=Potential only  F=Force only

 Computing:                               M-Number         M-Flops  % Flops
-----------------------------------------------------------------------------
 Pair Search distance check           38901.459440      350113.135     0.0
 NxN Ewald Elec. + LJ [F]          39902877.400320  3112424437.225    98.1
 NxN Ewald Elec. + LJ [V&F]          403220.344704    52015424.467     1.6
 1,4 nonbonded interactions           16882.567530     1519431.078     0.0
 Shift-X                                288.742951        1732.458     0.0
 Bonds                                 2522.510090      148828.095     0.0
 Propers                              21053.334213     4821213.535     0.2
 Impropers                              126.250505       26260.105     0.0
 Dihedral Restr.                         82.500330       16500.066     0.0
 Pos. Restr.                            120.750483        6037.524     0.0
 Virial                                 288.855496        5199.399     0.0
 Stop-CM                                288.742951        2887.430     0.0
 P-Coupling                             288.742951        1732.458     0.0
 Calc-Ekin                              577.485902       15592.119     0.0
 CMAP                                     8.750035       14875.060     0.0
 Urey-Bradley                         12287.299149     2248575.744     0.1
-----------------------------------------------------------------------------
 Total                                              3173618839.897   100.0
-----------------------------------------------------------------------------


      R E A L   C Y C L E   A N D   T I M E   A C C O U N T I N G

On 1 MPI rank, each using 47 OpenMP threads

 Activity:              Num   Num      Call    Wall time         Giga-Cycles
                        Ranks Threads  Count      (s)         total sum    %
--------------------------------------------------------------------------------
 Neighbor search           1   47       2501      17.794       1835.377   2.3
 Launch PP GPU ops.        1   47     497501      16.809       1733.844   2.2
 Force                     1   47     250001      46.421       4788.204   6.0
 PME GPU mesh              1   47     250001      13.999       1443.951   1.8
 Wait Bonded GPU           1   47       2501       0.005          0.469   0.0
 Wait GPU NB local         1   47     250001      14.735       1519.894   1.9
 Wait GPU state copy       1   47     265003     650.030      67048.947  84.7
 NB X/F buffer ops.        1   47       2501       0.425         43.857   0.1
 Write traj.               1   47         51       0.672         69.332   0.1
 Rest                                              6.507        671.188   0.8
--------------------------------------------------------------------------------
 Total                                           767.397      79155.063 100.0
--------------------------------------------------------------------------------
 Breakdown of PME mesh activities
--------------------------------------------------------------------------------
 Wait PME GPU gather       1   47     250001       2.385        246.003   0.3
 Reduce GPU PME F          1   47     250001       0.249         25.653   0.0
 Launch PME GPU ops.       1   47    2250009      10.908       1125.169   1.4
--------------------------------------------------------------------------------

               Core t (s)   Wall t (s)        (%)
       Time:    36066.733      767.397     4699.9
                 (ns/day)    (hour/ns)
Performance:       56.294        0.426
Finished mdrun on rank 0 Sun Jul 12 21:15:48 2026

