Time_ns,Peptide_1
0.0,3.5771244570064056
0.2,3.553798491908333
0.4,3.682374871634474
0.6,3.8041356283834853
0.8,3.7376904363849905
1.0,3.656175742915642
1.2,3.7038203568509536
1.4,3.8653412819983153
1.6,3.913209408222258
1.8,3.6431556783048036
2.0,3.6013850903973252
2.2,3.5158750657230473
2.4,3.43090574797007
2.6,3.541290860282078
2.8,3.6228508092791945
3.0,3.5161951212610183
3.2,3.639324619617662
3.4,3.761601884090731
3.6,3.545640234310731
3.8,3.5151298210750497
4.0,3.7123894227296144
4.2,3.602538653142118
4.4,3.7066859129578624
4.6,3.866735038938231
4.8,3.992297793965614
5.0,4.053647881833937
5.2,3.989560841360262
5.4,3.984436188127132
5.6,3.9266579753441766
5.8,3.8615784522040806
6.0,3.845048488333615
6.2,3.966286462216338
6.4,4.074525007009972
6.6,4.054083403166356
6.8,4.221229100173002
7.0,4.4743105109872285
7.2,4.549108937986931
7.4,4.368332704170124
7.6,4.708873520319958
7.8,4.428847586281922
8.0,4.582899742452406
8.2,4.643836901233536
8.4,4.439846605265353
8.6,4.640659488184701
8.8,4.4533409215184365
9.0,4.631846714743709
9.2,4.59112565888567
9.4,4.740093060319326
9.6,4.567465478159542
9.8,4.362534891288494
10.0,4.645528228150711
10.2,4.5244115956772
10.4,4.411553559712
10.6,4.328588862361892
10.8,4.251603797424543
11.0,4.30086027838103
11.2,4.496936614245517
11.4,4.37581451722853
11.6,4.494993470898562
11.8,4.3493658894650356
12.0,4.2226624795641285
12.2,4.442895931957231
12.4,4.527844820511833
12.6,4.698694542969826
12.8,4.668394386001694
13.0,4.321484053716183
13.2,4.39084168779457
13.4,4.60568206729146
13.6,4.6613050779440295
13.8,4.6707430953586915
14.0,4.61962691371617
14.2,4.541020402830377
14.4,4.5731489681989235
14.6,4.553706444943384
14.8,4.66961593801809
15.0,4.765471134931047
15.2,4.606377095491925
15.4,4.517552536014327
15.6,4.522777183926207
15.8,4.657940450488727
16.0,4.66375229864976
16.2,4.6295707917512114
16.4,4.5563441402587035
16.6,4.290432647597564
16.8,4.508701262001532
17.0,4.598322431957911
17.2,4.649145326183332
17.4,4.838720954599944
17.6,4.928206127148557
17.8,5.177135769786374
18.0,5.198813203844686
18.2,5.226892610743169
18.4,5.2832673572858955
18.6,5.154141443290143
18.8,4.980341517170817
19.0,5.078242248735808
19.2,5.012125661312533
19.4,4.943544458682513
19.6,5.165809736663026
19.8,5.050595854316868
20.0,4.983575484221677
20.2,4.875739199512195
20.4,4.861760507913116
20.6,5.072122363793236
20.8,4.962804111409959
21.0,4.924853650529062
21.2,5.1511240899625115
21.4,5.231810061179708
21.6,5.11562693425156
21.8,4.8938449468645135
22.0,5.080468755206175
22.2,5.13266063446341
22.4,4.857566874873639
22.6,5.0045110543006945
22.8,5.115446784937616
23.0,5.249285044241104
23.2,5.306116793938671
23.4,5.380580894143724
23.6,5.14940993706424
23.8,5.128860142357043
24.0,4.819459733547154
24.2,4.837349038547626
24.4,4.964946094059549
24.6,4.939915123892169
24.8,4.85426804721342
25.0,4.9015131367244065
25.2,4.942030810407903
25.4,4.917117745063495
25.6,4.868259535784492
25.8,4.963623038969716
26.0,4.842357060516993
26.2,5.10275730551579
26.4,4.9984039487227525
26.6,4.869640662280864
26.8,5.157429776242047
27.0,5.030744381520585
27.2,5.004189130952031
27.4,4.844976675820755
27.6,5.094924801975032
27.8,5.1080806715072375
28.0,4.859284280717312
28.2,4.827789006608237
28.4,4.698974360272572
28.6,4.882899934344697
28.8,4.7410862306673645
29.0,5.176462313605658
29.2,4.955267928758748
29.4,4.939691475868852
29.6,5.160157458907671
29.8,5.109092490253021
30.0,4.959899287010927
30.2,4.895244087967612
30.4,5.088611655891972
30.6,5.0577009115483165
30.8,5.197196822162429
31.0,5.23199693346843
31.2,5.108942719011625
31.4,5.1656780247548575
31.6,5.3013218919661185
31.8,5.263541338822538
32.0,5.372338539242559
32.2,5.259034185553289
32.4,5.412671277446028
32.6,5.330382719539348
32.8,5.317406380058291
33.0,5.282222767656949
33.2,5.187705552943283
33.4,5.168622426870677
33.6,5.317013309477126
33.8,5.206528201481802
34.0,5.013908896767618
34.2,4.973859552524982
34.4,4.889977897560325
34.6,5.064444771225593
34.8,5.205618288775874
35.0,5.140307012655119
35.2,5.1693965364456815
35.4,5.32364094002346
35.6,5.541634840934829
35.8,5.483052830028269
36.0,5.381497677909623
36.2,5.245309873641778
36.4,5.531474253570377
36.6,5.38546106252032
36.8,5.619218109682633
37.0,5.5352316900692164
37.2,5.552708307607137
37.4,5.781748362248261
37.6,5.557481862317483
37.8,5.737453186186593
38.0,5.6039806510258465
38.2,5.854407505652681
38.4,6.0088233264983355
38.6,5.6481520340993825
38.8,5.763810322446216
39.0,5.792069281439245
39.2,5.567149427801022
39.4,5.799695198261258
39.6,5.365766640335192
39.8,5.489189762799764
40.0,5.575158080199335
40.2,5.556745836897287
40.4,5.431074361416205
40.6,5.259619507258959
40.8,5.151910595551427
41.0,5.032247833760936
41.2,5.125970882026278
41.4,5.064696811936578
41.6,5.02103053800634
41.8,4.9857859562001625
42.0,5.04184752078498
42.2,4.984150618763619
42.4,5.135230585246451
42.6,5.030858272560012
42.8,4.953437899944985
43.0,5.052395113532216
43.2,4.904725138338346
43.4,5.033432893189363
43.6,4.655789571048224
43.8,4.67368924120992
44.0,4.46220054151836
44.2,4.502902361661139
44.4,4.461794175066049
44.6,4.469787218345955
44.8,4.46142530321408
45.0,4.3616492257153645
45.2,4.5446441983118895
45.4,4.522066134855614
45.6,4.585353686380836
45.8,4.775320373988695
46.0,4.663936626338822
46.2,5.034611151707827
46.4,4.73484885779784
46.6,4.980184531637549
46.8,4.9318315890068725
47.0,4.843806335345087
47.2,5.075996623653104
47.4,5.189344747377717
47.6,5.194308132473882
47.8,5.291157513959687
48.0,5.197848339665363
48.2,5.33618289875802
48.4,5.34677934674032
48.6,5.482850906000999
48.8,5.443362620197785
49.0,5.668502103082531
49.2,5.540943577351692
49.4,5.459932346147055
49.6,5.276483390846835
49.8,5.484285154069637
50.0,5.361919715446186
50.2,5.323226606878839
50.4,5.482275725742848
50.6,5.451199083817177
50.8,5.607336554735175
51.0,5.485753891586631
51.2,5.487565843089083
51.4,5.563769157977711
51.6,5.727938979723952
51.8,5.7875450094668714
52.0,5.678218033649971
52.2,5.591638769523038
52.4,5.55370796241054
52.6,5.626326911108853
52.8,5.792503457881155
53.0,5.364171732416337
53.2,5.526720962313708
53.4,5.622005299965343
53.6,5.4752784665723375
53.8,5.309136369146545
54.0,5.08904584765327
54.2,5.22084029734671
54.4,5.255765151370225
54.6,5.178488848768857
54.8,5.205386451622022
55.0,5.223492991103502
55.2,4.964381798186441
55.4,5.001024650958177
55.6,5.177847802299732
55.8,5.100361613095673
56.0,5.109257544436741
56.2,5.324273427575108
56.4,5.401760132403698
56.6,5.548695377687432
56.8,5.520209744191318
57.0,5.256398448072488
57.2,5.477359973306782
57.4,5.33639479520028
57.6,5.4617743340800535
57.8,5.729071412917124
58.0,5.519887885960634
58.2,5.573067939321723
58.4,5.677553811419963
58.6,5.671038862920182
58.8,5.933131753708339
59.0,6.022543930362749
59.2,5.890403554276332
59.4,5.684837268428909
59.6,5.625452486710225
59.8,5.670317189279591
60.0,5.656062248772313
60.2,5.598281028421205
60.4,5.70025171033663
60.6,5.70408210208587
60.8,5.841071480880853
61.0,5.751730287220535
61.2,5.296007894687499
61.4,5.4199250731862465
61.6,5.756095566256156
61.8,5.696938015892426
62.0,5.934207683707015
62.2,6.106882447343061
62.4,5.984956378793386
62.6,6.057762485393033
62.8,5.805100985662518
63.0,5.681767274670788
63.2,5.558547294490131
63.4,5.647301261941558
63.6,5.823683920471063
63.8,5.786071023781537
64.0,5.788060802989243
64.2,6.066795117223941
64.4,5.892435819995852
64.6,6.0077037298839855
64.8,6.114932680394532
65.0,5.934101836561268
65.2,5.950430722789758
65.4,6.022778411171695
65.6,6.056609659833453
65.8,5.9380391657551925
66.0,6.112210651654014
66.2,5.902496183175293
66.4,5.9626986794159045
66.6,6.135649721727022
66.8,6.283867584421853
67.0,6.317594574208488
67.2,6.402750072597009
67.4,6.17034142893208
67.6,5.99054796758163
67.8,5.960453692371385
68.0,5.710319505333938
68.2,5.643781404446087
68.4,5.794066288349082
68.6,6.148063213498542
68.8,5.830220602579331
69.0,5.7603942498062946
69.2,5.785289263114488
69.4,5.627752151155977
69.6,5.626203700709087
69.8,5.436062965391709
70.0,5.460671763856826
70.2,5.137763793345684
70.4,4.966093707124578
70.6,5.284098807556231
70.8,4.997237459116822
71.0,5.210387901872837
71.2,5.540044956235956
71.4,5.366298357826697
71.6,5.49462951685965
71.8,5.58792808739697
72.0,5.44940421071022
72.2,5.548720182360041
72.4,5.521707287225738
72.6,5.650453361853675
72.8,5.73221036921199
73.0,5.636169394918373
73.2,5.788934246816003
73.4,5.733338400156812
73.6,5.637270188414566
73.8,5.555896825497696
74.0,5.259043125258184
74.2,5.132356417128279
74.4,4.8756124205605555
74.6,4.784074178419334
74.8,4.659320721917566
75.0,4.588419455601109
75.2,4.740136800007328
75.4,4.880737422112933
75.6,4.732207735869751
75.8,4.485088940321309
76.0,4.624344837483934
76.2,4.334503106360792
76.4,4.3659596116061286
76.6,4.28626236933726
76.8,4.308714041508943
77.0,3.973388905487967
77.2,3.7884844616921525
77.4,4.014937526205022
77.6,3.8901042083656194
77.8,3.948131846686236
78.0,3.9437607088426865
78.2,3.8086990294840435
78.4,3.6537266293163357
78.6,3.601510463310949
78.8,3.8764821901583204
79.0,3.982791051908153
79.2,3.9625014421027123
79.4,3.8674850026575585
79.6,4.0514449085885955
79.8,4.010221360893093
80.0,3.8311146172854365
80.2,3.9286963485141437
80.4,4.158081453216591
80.6,4.096908124663948
80.8,4.150222921025836
81.0,4.458529571269447
81.2,4.238121218381739
81.4,4.000533449508684
81.6,3.9707313533767143
81.8,4.123983197074963
82.0,4.266212935787515
82.2,4.144208095402751
82.4,4.072605807286665
82.6,4.225709827408085
82.8,4.119337352388552
83.0,4.011984420271028
83.2,4.004031297358236
83.4,3.840392458141855
83.6,3.924650032679182
83.8,3.600761255575739
84.0,3.7429485075134687
84.2,3.76921275872174
84.4,4.031188105238276
84.6,4.083032565225233
84.8,4.066609189156323
85.0,4.321507492590884
85.2,4.254754380457591
85.4,4.191250363807856
85.6,4.336346668322189
85.8,4.231939497838628
86.0,4.248932340357606
86.2,4.409342912972091
86.4,4.452533815421745
86.6,4.793093469013094
86.8,4.864640667430336
87.0,4.894897977928514
87.2,5.0422458594932875
87.4,4.831195542318138
87.6,4.909613860298942
87.8,4.822545152317293
88.0,4.7525048163233
88.2,4.634509680774727
88.4,5.0616819813879985
88.6,4.918148451744563
88.8,4.895029576164381
89.0,4.930035410651426
89.2,5.095689332408237
89.4,5.079684656382302
89.6,5.145456454288059
89.8,5.003549369617611
90.0,4.75442180771191
90.2,4.822300994461579
90.4,4.511285648511095
90.6,4.657165732112887
90.8,4.745744787501608
91.0,5.024592416842025
91.2,4.834242103881151
91.4,5.119313177006087
91.6,4.646481025309008
91.8,4.668165174034643
92.0,4.896555977127106
92.2,4.65650027370668
92.4,4.702988406357175
92.6,4.7187729325365435
92.8,4.693133703749895
93.0,4.746991459962758
93.2,4.6555118734057634
93.4,4.6254714035565065
93.6,4.612658048684294
93.8,4.616764337363173
94.0,4.8003718143233485
94.2,5.0830662341848605
94.4,5.077823975190762
94.6,4.946409865751296
94.8,4.827931359664753
95.0,4.705564992590505
95.2,4.771414273372747
95.4,4.59100159661459
95.6,4.5166336432239165
95.8,4.509436601206994
96.0,4.705022963766617
96.2,4.643884004089922
96.4,4.760471106617434
96.6,4.475165276903242
96.8,4.665686064322484
97.0,4.899126667108974
97.2,4.927424881232129
97.4,4.657632370908235
97.6,4.822694195623133
97.8,4.88419160297945
98.0,4.884160810103301
98.2,5.053187357031632
98.4,5.207158831478112
98.6,5.301802830944521
98.8,4.9615861239272
99.0,5.1462083748237
99.2,4.915581551473823
99.4,4.852688526171329
99.6,4.740943737754499
99.8,4.717875747449353
100.0,4.802848154493864
100.2,4.7151730164483805
100.4,4.683360255552284
100.6,4.789726136618743
100.8,4.809171573500322
101.0,4.4555685499606215
101.2,4.571407277146841
101.4,4.4929247507978305
101.6,4.188884247330151
101.8,4.313208472904052
102.0,4.115606837137489
102.2,3.916639395666852
102.4,4.0546934465475175
102.6,3.7753513226530044
102.8,4.095345687702451
103.0,3.9998366751898167
103.2,3.8916458761635115
103.4,3.8937430815123637
103.6,3.910307929804719
103.8,3.706403418437049
104.0,3.9336192308784312
104.2,4.043847155450548
104.4,3.9221015240850448
104.6,4.0273663234351
104.8,3.8918035300586626
105.0,4.015012724655198
105.2,4.582414036652879
105.4,4.25253242685196
105.6,4.47838915982364
105.8,4.304850999298563
106.0,4.333119371984308
106.2,4.414543415785005
106.4,4.476363314110641
106.6,4.561470968176529
106.8,4.5300894152333715
107.0,4.55041090304691
107.2,4.576452845777272
107.4,4.813944293794982
107.6,4.867258799896203
107.8,4.85346034715112
108.0,4.907064240381637
108.2,5.111301053019498
108.4,5.049514424044169
108.6,5.074062006146971
108.8,5.024994498209982
109.0,4.979682051691557
109.2,5.219069212157551
109.4,5.166471305827123
109.6,5.405479175834682
109.8,5.36108024397015
110.0,5.301094544852614
110.2,5.423620426269554
110.4,5.398607884442377
110.6,5.456399911134401
110.8,5.458269983325404
111.0,5.491184530328263
111.2,5.331533831397017
111.4,5.429977748309941
111.6,5.3503795704185615
111.8,5.167395288856641
112.0,5.167117772530606
112.2,5.2321117921415965
112.4,5.266029392152575
112.6,5.0923616710035
112.8,5.138270066682473
113.0,5.1282918801177715
113.2,4.977536886309957
113.4,5.365744754755225
113.6,5.361761379217281
113.8,5.337489742217911
114.0,5.563270559451897
114.2,5.477014643998825
114.4,5.515896164401341
114.6,5.294566019797
114.8,5.234165616330755
115.0,5.3627641529058785
115.2,5.396762766543432
115.4,5.616721927200951
115.6,5.734136674419833
115.8,5.497638384948893
116.0,5.532076543559494
116.2,5.526144303893247
116.4,5.385971674504319
116.6,5.479059496044687
116.8,5.613127989185969
117.0,5.428023921113531
117.2,5.435487889912462
117.4,5.44108990816361
117.6,5.4739627503833255
117.8,5.474126475967591
118.0,5.27617584320484
118.2,5.175687313153751
118.4,5.099657910487279
118.6,5.394827845088248
118.8,5.240329735874534
119.0,5.149196070586728
119.2,5.308835828270384
119.4,5.111459072319613
119.6,5.25130360046472
119.8,5.400532692698871
120.0,5.228770363289854
120.2,5.17191221688039
120.4,5.316499252790455
120.6,5.3155958621194
120.8,5.1990452792791455
121.0,5.335908629421624
121.2,5.068329871260321
121.4,5.316539787231496
121.6,5.018874135357038
121.8,5.086374967755134
122.0,4.915990651841424
122.2,5.13364617574444
122.4,5.265521014579661
122.6,5.375881639546822
122.8,5.778008020380128
123.0,5.66921518413678
123.2,5.6839471380820346
123.4,5.820570374884812
123.6,5.78906933430763
123.8,5.831998038838144
124.0,5.750715053341091
124.2,5.388742217002305
124.4,5.497091593806673
124.6,5.752514806907632
124.8,5.798757537003333
125.0,5.459909953617606
125.2,5.574934352013178
125.4,5.554411472387956
125.6,5.892049583907724
125.8,5.56885520569681
126.0,5.5037197140840295
126.2,5.497876618021527
126.4,5.653480466885165
126.6,5.6139009370810395
126.8,5.485818245645374
127.0,5.519879957952373
127.2,5.361127992761961
127.4,5.530269647988972
127.6,5.792777727195215
127.8,5.534952035714971
128.0,5.482067178848496
128.2,5.173797391314801
128.4,5.3949651887381584
128.6,5.3964242935737285
128.8,5.585195769998755
129.0,5.7908034405276165
129.2,5.86821341108077
129.4,5.792701210355872
129.6,5.754801023151661
129.8,5.7519018089004295
130.0,5.501921606101893
130.2,5.5270211082637655
130.4,5.3349290888601395
130.6,5.37995799466101
130.8,5.430355735294723
131.0,5.47162480738252
131.2,5.260240439446161
131.4,5.148692614313601
131.6,4.9957501741862504
131.8,5.044075275821475
132.0,5.083506679266763
132.2,4.954483691561698
132.4,4.706340281027368
132.6,4.650566780656414
132.8,4.545135023048683
133.0,4.637337791243002
133.2,5.028886338906792
133.4,4.860121015428373
133.6,4.659081359424685
133.8,4.813534513207622
134.0,4.694452643770067
134.2,4.696445538994102
134.4,4.679832423094054
134.6,4.45693234984474
134.8,4.496480407656087
135.0,4.151270087845143
135.2,4.0408278859751245
135.4,4.2473305027576815
135.6,4.267515680004863
135.8,3.95126622947877
136.0,3.9029379840332648
136.2,3.727401466419472
136.4,3.6236696314376413
136.6,3.7757757944726142
136.8,3.825980785954928
137.0,4.040139695625916
137.2,3.814469849154544
137.4,4.018548811922916
137.6,4.210692761621273
137.8,4.272671966173661
138.0,4.380961052252639
138.2,4.711150532313923
138.4,4.78185894309474
138.6,4.795158809137842
138.8,4.821223018867692
139.0,4.874076518364168
139.2,4.611779210744624
139.4,4.777497312628732
139.6,4.786896580654459
139.8,4.740582160475107
140.0,5.188046528449081
140.2,5.152825860010099
140.4,5.220005100768942
140.6,5.298224614489451
140.8,5.209877750135311
141.0,5.131421926007832
141.2,5.290043139327227
141.4,5.209047801835164
141.6,5.351055661974179
141.8,5.3494529602568175
142.0,5.123315044130764
142.2,5.029052373764201
142.4,4.837178054876699
142.6,4.896129190083338
142.8,4.545770737205126
143.0,4.449692007233242
143.2,4.53368786265799
143.4,4.865320992075132
143.6,4.807109385943507
143.8,4.756640983709966
144.0,4.835168450571709
144.2,4.562032636060408
144.4,4.786666373423719
144.6,4.613050139067356
144.8,4.89652006789056
145.0,4.829111105181324
145.2,4.6572095326241065
145.4,4.496464781602791
145.6,4.4412335644924035
145.8,4.616612240142316
146.0,4.770743446067223
146.2,4.70507072218967
146.4,4.782282682267363
146.6,5.007127005149883
146.8,5.173336918249913
147.0,5.194289249687195
147.2,5.014149009841464
147.4,4.9658634740287635
147.6,4.700179796073005
147.8,4.4996089315147305
148.0,4.580540040276751
148.2,4.42426910511544
148.4,4.505610243616702
148.6,4.3085944722091085
148.8,4.207253792517056
149.0,3.9770221916357
149.2,3.9155709912605627
149.4,4.003583974142311
149.6,3.844332279723265
149.8,3.7966182294323967
150.0,3.547524381268259
150.2,3.6965633352396536
150.4,3.6949063061132934
150.6,3.7134418651176127
150.8,3.6299904186625205
151.0,3.632798038922061
151.2,3.8989176848290805
151.4,4.219493977182438
151.6,4.243571480558989
151.8,4.278413098171199
152.0,4.297496312321872
152.2,4.283847253201741
152.4,4.527671306437186
152.6,4.467819525210123
152.8,4.058166279043169
153.0,4.302293287170871
153.2,4.578181896756766
153.4,4.416508496804889
153.6,4.337576627722977
153.8,4.5209737111952
154.0,4.366395799018843
154.2,4.446101041018101
154.4,4.569251310296642
154.6,4.565838030318583
154.8,4.474344840312003
155.0,4.55036727346045
155.2,4.582290227227361
155.4,4.465159527420032
155.6,4.709710894514368
155.8,4.649375400188127
156.0,4.791300003064302
156.2,5.124603157142342
156.4,5.308743779417888
156.6,5.160232541006777
156.8,4.95989594667126
157.0,4.790896294105805
157.2,4.8924112684158825
157.4,4.8100718533238105
157.6,4.7572380807719306
157.8,4.786281372575553
158.0,4.872696130237751
158.2,4.789853390894201
158.4,4.9746668701041505
158.6,5.103723330316928
158.8,5.039324293870253
159.0,4.710023525197117
159.2,4.641014220487706
159.4,4.77106185406228
159.6,4.694049734394376
159.8,4.537050993134702
160.0,4.787549274809286
160.2,4.6848420475212444
160.4,4.84947857860071
160.6,4.680659464434342
160.8,4.833052521855555
161.0,4.630682902385029
161.2,4.431178653537093
161.4,4.651839741472183
161.6,4.725472076481944
161.8,4.671353306026645
162.0,4.629571845237345
162.2,4.270028266863369
162.4,4.344054293723786
162.6,4.083947298333138
162.8,3.9128392459689785
163.0,4.151981894394238
163.2,4.182832470868089
163.4,4.0866312269721385
163.6,4.0349852412241045
163.8,4.054945974668284
164.0,4.145996956730019
164.2,4.464462419355506
164.4,4.597235928723953
164.6,4.5058131538769945
164.8,4.538954896989578
165.0,4.502075504016354
165.2,4.462668895407607
165.4,4.646596088924906
165.6,4.593077057265866
165.8,4.552203645278764
166.0,4.50322643317096
166.2,4.621001927609475
166.4,4.671384008000555
166.6,4.571510280050607
166.8,4.54854964703565
167.0,4.622080148382078
167.2,4.71123108693979
167.4,4.971362447787222
167.6,5.059203506922986
167.8,4.893871723038415
168.0,4.9825938346923655
168.2,5.136949133076021
168.4,4.941396904767277
168.6,4.850344956168572
168.8,4.7526681256658545
169.0,4.842501336700123
169.2,5.009964193454797
169.4,4.890513194846806
169.6,5.038633254172137
169.8,4.895501230345687
170.0,4.854622738493954
170.2,4.899966279251567
170.4,4.8527728204976235
170.6,4.84391039089301
170.8,4.8300479529211255
171.0,4.928192054907008
171.2,5.099018796669571
171.4,5.291305576794301
171.6,5.547943225480287
171.8,5.496840388364204
172.0,5.563698871261952
172.2,5.5927569107840736
172.4,5.417562262709273
172.6,5.500152942476769
172.8,5.720522343690552
173.0,5.769379255025698
173.2,5.879643771138717
173.4,5.688552195594951
173.6,5.590886310737042
173.8,5.461637822069724
174.0,5.511297046828814
174.2,5.710304782739809
174.4,5.620842157098316
174.6,5.647238862884355
174.8,5.842801966646759
175.0,5.717101819809633
175.2,5.467958351416927
175.4,5.503139365341104
175.6,5.676827521861898
175.8,5.570394854795678
176.0,5.7448154505616476
176.2,5.523184908166089
176.4,5.652400356629126
176.6,5.554060988673596
176.8,5.630072857990202
177.0,5.53577018668574
177.2,5.435849599302599
177.4,5.439590429468259
177.6,5.624461612050532
177.8,5.5011689018108285
178.0,5.631952242726161
178.2,5.529516856882081
178.4,5.705169471340324
178.6,5.816188748742994
178.8,5.521870268297841
179.0,5.5073009057798155
179.2,5.467946594682243
179.4,5.537120598635612
179.6,5.39383527694171
179.8,5.428607336785138
180.0,5.710841276197863
180.2,5.731276142064388
180.4,5.653941664512957
180.6,5.481036873922415
180.8,5.487083935399806
181.0,5.414123284452165
181.2,5.470132310684115
181.4,5.524946898392152
181.6,5.5264833989036495
181.8,5.568777882075853
182.0,5.456559402023668
182.2,5.21221302342609
182.4,5.353883714674376
182.6,5.177249945713713
182.8,5.106306026935086
183.0,4.790001260252305
183.2,4.900439417703156
183.4,4.879094203340944
183.6,5.112227847463952
183.8,5.2212403226424335
184.0,5.243555279989208
184.2,5.343680009322766
184.4,5.341315580407285
184.6,5.753704626591019
184.8,5.67487855322267
185.0,5.871675522792707
185.2,5.948092135230229
185.4,5.96495868444163
185.6,5.953581929661907
185.8,5.925918963912884
186.0,6.060291602860392
186.2,5.9076388555512995
186.4,5.852787154710458
186.6,5.817936694162075
186.8,5.632777789322686
187.0,5.717173078353121
187.2,5.890797588026048
187.4,5.683788034194225
187.6,5.6770351617650245
187.8,5.628331229217147
188.0,5.869477003321163
188.2,5.872264533976756
188.4,5.7983802074885045
188.6,5.965738630517752
188.8,5.6970505787243395
189.0,5.530221232128545
189.2,5.729021268313307
189.4,5.71628443365219
189.6,5.913234113243631
189.8,5.831496593002528
190.0,5.799083843170404
190.2,5.8917093242221785
190.4,5.778683638191849
190.6,5.830990979077122
190.8,5.784240226789127
191.0,6.023762271815732
191.2,5.91608277847515
191.4,5.960645712153532
191.6,5.926617852457458
191.8,6.123550720899932
192.0,6.280270433840146
192.2,6.0688457598365115
192.4,6.529802010979087
192.6,6.216182854375323
192.8,6.32185188176215
193.0,6.3974245012484054
193.2,6.4048222614425
193.4,6.52462989981158
193.6,6.492221479512086
193.8,6.437470550739568
194.0,6.430204026966026
194.2,6.377455153584538
194.4,6.229762410151635
194.6,6.370902556281024
194.8,6.253067016131857
195.0,6.245778098680259
195.2,6.165480748041492
195.4,6.112107935457496
195.6,5.952979440156181
195.8,5.7453814617128085
196.0,5.802142828608529
196.2,5.705013492834905
196.4,5.726669576118718
196.6,5.725643232493049
196.8,5.680053817198242
197.0,5.435339733568904
197.2,5.5415137260899
197.4,5.6006301950753565
197.6,5.50170061588514
197.8,5.277331533419072
198.0,5.428663824487629
198.2,5.208902142802119
198.4,5.16055093767649
198.6,5.161269877878023
198.8,5.322910874784203
199.0,5.05094222626166
199.2,4.9878817852049115
199.4,5.013036770778523
199.6,4.886764790685557
199.8,5.018203945053067
200.0,5.12532299616781
200.2,5.081587937953344
200.4,4.8919001325549365
200.6,4.800477672558457
200.8,4.721313224035726
201.0,4.9616978028367935
201.2,4.780063242921974
201.4,4.904812017480245
201.6,4.858236109958942
201.8,4.9406823945228115
202.0,4.871543418030056
202.2,4.82624670338209
202.4,4.585080102859694
202.6,4.553679134319414
202.8,4.802546103206732
203.0,4.801231451046869
203.2,4.604728626197508
203.4,4.562266814151384
203.6,4.788093097211365
203.8,4.633580262918514
204.0,4.69416646105298
204.2,4.220214544599367
204.4,4.469532523600579
204.6,4.658971418702685
204.8,5.079010529247501
205.0,4.973515618254383
205.2,4.771829818615944
205.4,4.67433888437335
205.6,4.827188917066925
205.8,4.844389618444298
206.0,4.801268954628181
206.2,4.645863959032701
206.4,4.5331653018092695
206.6,4.536254126642085
206.8,4.683225563668943
207.0,4.867229527591012
207.2,5.059377838678497
207.4,5.0562747205371394
207.6,5.2672059099357575
207.8,5.187825112689883
208.0,4.997491210160213
208.2,5.129727918114021
208.4,5.260634342942511
208.6,5.165217563443777
208.8,5.237313584173258
209.0,5.015027513871913
209.2,5.210704353372522
209.4,4.915037057632634
209.6,5.021327900267557
209.8,4.79569755549996
210.0,4.904244351542911
210.2,5.0829164502610045
210.4,4.7350649534035325
210.6,4.662837033161284
210.8,4.821290870397946
211.0,4.742471205723945
211.2,4.89600938814654
211.4,4.89250107641193
211.6,4.814488909670349
211.8,4.7291177817709436
212.0,4.8766044451557935
212.2,4.710211708264703
212.4,4.9099502837547995
212.6,4.943457847336188
212.8,5.10640366777452
213.0,5.039718660227312
213.2,5.012063092407542
213.4,5.076101461733893
213.6,5.0772596657052995
213.8,5.006311614662668
214.0,4.9547809391683835
214.2,5.149161504039599
214.4,4.978524263182653
214.6,4.844523029880552
214.8,4.946717743252518
215.0,4.997393008537859
215.2,4.849610208596503
215.4,5.020076237350429
215.6,5.040076852616528
215.8,4.876159861212186
216.0,4.764883559608417
216.2,4.914876315934559
216.4,4.955497450753582
216.6,5.117610382377927
216.8,4.845818907716099
217.0,4.894938343451853
217.2,4.610883093211887
217.4,4.593828158029094
217.6,4.489010127929366
217.8,4.444052735811708
218.0,4.703758703503379
218.2,4.474537909095579
218.4,4.476607535262134
218.6,4.815782296684361
218.8,4.738351077527272
219.0,4.939948551472752
219.2,4.93008933980555
219.4,4.880757785095032
219.6,4.778689790896115
219.8,4.715145797117419
220.0,4.558173706450072
220.2,4.626187731275374
220.4,4.533426234451966
220.6,4.464591083213753
220.8,4.243611324425755
221.0,4.421716954002028
221.2,4.43733855629316
221.4,4.403202267574108
221.6,4.405996186948724
221.8,4.071347896204193
222.0,4.117640598250098
222.2,4.108230042086227
222.4,4.29163203287502
222.6,4.339995533156778
222.8,4.233065430349017
223.0,3.9535239558877393
223.2,3.9419978141269514
223.4,3.731472914442851
223.6,3.9106788343872565
223.8,3.8180801549443633
224.0,3.756348876340197
224.2,3.7283788309141666
224.4,3.8817748350326524
224.6,3.8878401639731903
224.8,3.8754357233995282
225.0,4.197096933843674
225.2,4.345364278689312
225.4,4.419321474454787
225.6,4.288637643444572
225.8,4.259477467419204
226.0,4.3118038942244725
226.2,4.456009045551126
226.4,4.554672050430587
226.6,4.371384308658698
226.8,4.057941829407728
227.0,4.132412503538755
227.2,4.111690286826455
227.4,4.128724785074144
227.6,4.38041803145823
227.8,4.300929949291072
228.0,4.482278032931871
228.2,4.865833380661307
228.4,5.052323777198237
228.6,5.327896493551236
228.8,5.434667530508506
229.0,5.341941556953636
229.2,5.2682753697508815
229.4,5.574195052124149
229.6,5.504213095031796
229.8,5.688156956448286
230.0,5.67360068079509
230.2,5.562676647907093
230.4,5.466373212022904
230.6,5.731362282086653
230.8,5.6830042829462215
231.0,5.860577994428896
231.2,5.696770531035247
231.4,5.631346846698477
231.6,5.5471229503828585
231.8,5.610091090441859
232.0,5.617322902231273
232.2,5.442591413198098
232.4,5.750785364180388
232.6,5.734420249961957
232.8,6.070514887282966
233.0,6.0819712158119135
233.2,6.006391437449356
233.4,6.046200512612994
233.6,5.874282330738607
233.8,6.0087996005908515
234.0,5.958632088539045
234.2,5.875293806709197
234.4,5.7110038378132755
234.6,5.777249283087512
234.8,5.463021011612952
235.0,5.566402935804939
235.2,5.53064826234589
235.4,5.802791209166024
235.6,5.835040466857556
235.8,5.952477679757499
236.0,5.891435002356181
236.2,5.734150334010787
236.4,5.713786603455732
236.6,5.688882280413411
236.8,5.7612689288191055
237.0,5.6520293974351805
237.2,5.687481588176777
237.4,5.530572016261503
237.6,5.602140862630348
237.8,5.508150842903705
238.0,5.710128345285427
238.2,5.657068848430679
238.4,5.550107022358066
238.6,5.512995556574115
238.8,5.372601393569569
239.0,5.3909340303334465
239.2,5.593313161602508
239.4,5.3935935679310845
239.6,5.248213392427501
239.8,5.245154288251033
240.0,5.236070124292102
240.2,5.1356102407110615
240.4,5.029893173095293
240.6,4.857935476577499
240.8,4.8378604979284505
241.0,5.045040365176571
241.2,5.179205697173729
241.4,5.325694387203425
241.6,5.48731802043323
241.8,5.130165184157033
242.0,5.158430426996131
242.2,5.021949348539723
242.4,5.43655720457658
242.6,5.2484094675540245
242.8,5.351493700679977
243.0,5.336968997635061
243.2,5.066597493553383
243.4,4.8292287903198705
243.6,4.5357152392858024
243.8,4.552105937149398
244.0,4.518650054700431
244.2,4.3635363845422965
244.4,4.369208833153429
244.6,4.399256711660011
244.8,4.325581423500315
245.0,4.359238247935361
245.2,4.413588444720148
245.4,4.276280608362581
245.6,3.991166302859938
245.8,4.185173988108976
246.0,4.29504470330012
246.2,4.218052188919524
246.4,4.4403894377167
246.6,4.256060390908225
246.8,4.168054040297979
247.0,4.227205094226372
247.2,4.310525522031913
247.4,4.481673001060398
247.6,4.572902662901791
247.8,4.299757312628292
248.0,4.296600907342229
248.2,4.420255497072304
248.4,4.4399669929983485
248.6,4.2163768089358795
248.8,4.420202844301716
249.0,4.416139609389151
249.2,4.336082945607476
249.4,4.454575247730504
249.6,4.114361193958718
249.8,4.094571796031234
250.0,4.201391498565206
250.2,4.135010050177057
250.4,4.516463862090969
250.6,4.310201112914548
250.8,4.153913942586573
251.0,4.268692329879251
251.2,4.098379544399386
251.4,4.1280831784689385
251.6,4.134250095308178
251.8,3.860961371853553
252.0,3.7789876338988657
252.2,3.8558261606620254
252.4,3.8947916578982134
252.6,3.844910736580251
252.8,3.7780099277731143
253.0,3.822729772697871
253.2,3.7905844130766035
253.4,3.6479518486342446
253.6,3.7893051979720416
253.8,3.7902115182568297
254.0,3.6232879648758494
254.2,3.7220985079258075
254.4,3.8182764448343454
254.6,3.992493766327731
254.8,4.176785490096637
255.0,4.431998988076108
255.2,4.6007435382042114
255.4,4.698009150375201
255.6,4.7844129854679345
255.8,4.814569518018014
256.0,4.677373885915475
256.2,4.698843832830473
256.4,4.915819979984773
256.6,4.44762900105996
256.8,4.562759939800637
257.0,4.626168125385649
257.2,4.574354863266315
257.4,4.76176037773374
257.6,4.794215537669056
257.8,4.903063194786567
258.0,4.850342754423167
258.2,5.115251323236067
258.4,4.955085220788516
258.6,4.828373312514406
258.8,4.95797566546243
259.0,4.917642582832022
259.2,4.932748526229629
259.4,4.990297870292249
259.6,4.902133563761771
259.8,4.851871434182948
260.0,4.938410810159299
260.2,4.9866433098252445
260.4,4.917047171600288
260.6,4.935517606161837
260.8,4.908897303409428
261.0,4.793620071687295
261.2,4.751854125434859
261.4,4.923853591445634
261.6,4.90773633036392
261.8,4.850689253527417
262.0,4.878945790160296
262.2,4.8452181181741665
262.4,5.0524987087254125
262.6,4.878236261553884
262.8,4.746287850498898
263.0,4.822685309013812
263.2,4.8272820100115865
263.4,4.908014131592196
263.6,4.792308788702753
263.8,4.727699613377762
264.0,4.462335253074936
264.2,4.689390117337302
264.4,4.469345864220657
264.6,4.800041233984951
264.8,4.717251526402286
265.0,4.697828974293474
265.2,4.593334771682045
265.4,4.606308422536786
265.6,4.643797334190307
265.8,4.705647112054308
266.0,4.655950853101713
266.2,4.50827282867548
266.4,4.635214254915788
266.6,4.607827293743023
266.8,4.651538212066852
267.0,4.626917708869305
267.2,4.590211664121545
267.4,4.576231056568093
267.6,4.458570135898061
267.8,4.694627536030655
268.0,4.8941689443347896
268.2,4.942283336094697
268.4,4.826218604073985
268.6,5.013524844986015
268.8,5.0040717628736715
269.0,4.835209912507363
269.2,5.07953956071673
269.4,5.046149749643701
269.6,4.887799821071934
269.8,4.924385239649756
270.0,4.749709363044273
270.2,4.736726810855884
270.4,4.767655952252444
270.6,4.942566654265411
270.8,4.996873144497108
271.0,5.1589291168435985
271.2,4.962611772983674
271.4,5.110363599141348
271.6,4.938426686628123
271.8,4.920699153061743
272.0,4.813888678278996
272.2,4.613261499619523
272.4,4.556840360479256
272.6,4.475642285564907
272.8,4.426887706490266
273.0,4.249265866666194
273.2,4.120306600262401
273.4,4.120513100523382
273.6,3.950051487943177
273.8,4.024873223300174
274.0,3.888868601568234
274.2,4.1326294271276725
274.4,3.8603971518834417
274.6,3.850914374864959
274.8,3.846402527807436
275.0,4.025942913073912
275.2,3.989134088896768
275.4,3.9660461938406617
275.6,4.020423763725851
275.8,4.075937464415332
276.0,4.0533243059521515
276.2,3.772706334984748
276.4,3.875094486470031
276.6,4.040790482120458
276.8,3.896907446853889
277.0,3.8350472441374848
277.2,3.9391553614966215
277.4,3.831739410349005
277.6,3.961071653314037
277.8,4.110714071828285
278.0,4.165619007180707
278.2,4.165809392339873
278.4,3.899980304411848
278.6,4.092373957332011
278.8,3.80987156437427
279.0,3.898216897769382
279.2,3.9804127726504173
279.4,4.201680624942544
279.6,3.942395010752722
279.8,3.998187907451603
280.0,4.2914452081532755
280.2,4.064325840477426
280.4,4.134450826062229
280.6,4.052806633758023
280.8,3.664223733580341
281.0,3.708731761815383
281.2,3.801977845290311
281.4,3.62096975939984
281.6,3.716183436833517
281.8,3.642651914089747
282.0,4.0206650274726625
282.2,4.123511079321789
282.4,3.9278018390446094
282.6,3.9131490489007272
282.8,3.7838625883427346
283.0,3.974370193809472
283.2,3.9419094628186624
283.4,3.9607901220494814
283.6,3.6656749516350193
283.8,3.470739143709348
284.0,3.5179598035020665
284.2,3.550186019875591
284.4,3.393707554224879
284.6,3.438434689265811
284.8,3.300326913587225
285.0,3.547542157158486
285.2,3.4468390941850617
285.4,3.2473484626900295
285.6,3.2601792057593726
285.8,3.342819034105061
286.0,3.232742776344186
286.2,3.3997257210959893
286.4,3.5413100872994008
286.6,3.4297432016213287
286.8,3.764671249169716
287.0,3.643440145483015
287.2,3.7865874052244433
287.4,3.9970083552040974
287.6,4.0197207902021646
287.8,3.963119123467557
288.0,3.9972380166640846
288.2,3.888613116447429
288.4,4.2903944746107125
288.6,4.5151841283615965
288.8,4.250880900943841
289.0,4.1502177802042866
289.2,4.063574603644168
289.4,4.141302558231881
289.6,3.8609012301596612
289.8,4.149828983925158
290.0,3.9464176663238493
290.2,3.8327605014530097
290.4,3.945650860398276
290.6,4.106622061032422
290.8,4.359516373287477
291.0,3.987045965807269
291.2,3.959089963177521
291.4,4.315397091596871
291.6,4.438989442755332
291.8,4.341541384785557
292.0,4.475936094103181
292.2,4.413708007783534
292.4,4.331708989985332
292.6,4.528959345091098
292.8,4.3572141421659785
293.0,4.310807396427709
293.2,4.1693767133641115
293.4,4.162975831055586
293.6,4.230826990268461
293.8,4.0604638764224985
294.0,4.3303084414869275
294.2,3.986176497088396
294.4,3.8025417458859083
294.6,3.962807083664615
294.8,3.9486865393490143
295.0,3.966074738089061
295.2,4.141691953860086
295.4,4.086668170671183
295.6,4.365663272768073
295.8,4.5792644326945595
296.0,4.560990316868094
296.2,4.60525749684405
296.4,4.799273066771102
296.6,4.966235326886492
296.8,4.802617161776828
297.0,4.866911079682387
297.2,5.021559162776202
297.4,4.993875775051832
297.6,5.112026366013151
297.8,4.9485722176835845
298.0,5.151838997219628
298.2,5.090466505751617
298.4,4.920505630228218
298.6,5.081883481647455
298.8,5.061359004285169
299.0,4.915757555852246
299.2,5.1053395085141995
299.4,5.260701479351241
299.6,5.144329982596991
299.8,5.007628142455083
300.0,4.922466227582536
300.2,5.189521068982065
300.4,5.345472502994947
300.6,5.212101741049832
300.8,4.7531656558949935
301.0,4.780834298416803
301.2,4.834257415455381
301.4,4.917256572979152
301.6,4.972691508183949
301.8,4.861481661492476
302.0,4.921516745489798
302.2,5.081747794780167
302.4,4.852561716465788
302.6,5.049134422910394
302.8,5.128135987061179
303.0,5.288966901535451
303.2,5.30054020931211
303.4,5.169335149467525
303.6,5.173658711517848
303.8,5.2727642329442155
304.0,5.341399107597921
304.2,5.286147016317244
304.4,5.0073679354550595
304.6,4.970974377603023
304.8,5.222298325911323
305.0,5.067510082041176
305.2,4.866623122240183
305.4,4.849515555736885
305.6,4.944130270006433
305.8,5.05521765031211
306.0,5.075486592458569
306.2,4.9671829999060595
306.4,5.119788395462306
306.6,5.188605904976477
306.8,4.924492197111047
307.0,5.25423110372947
307.2,5.302137916349083
307.4,5.150623905775229
307.6,5.137787767816954
307.8,5.3470174452106916
308.0,5.217595343035327
308.2,5.1338954639029915
308.4,5.1880409062966475
308.6,5.435371219048687
308.8,5.403849949620879
309.0,5.333543125433286
309.2,5.364980354403707
309.4,5.4226125207341305
309.6,5.618086084289414
309.8,5.1195713517848365
310.0,5.274418402396218
310.2,5.128458925111287
310.4,5.170425468186648
310.6,5.181872599689225
310.8,5.213443735343237
311.0,5.3942702481227975
311.2,5.139704999623861
311.4,5.2437778586473405
311.6,5.330725282947458
311.8,5.311341863288167
312.0,5.3850916519731875
312.2,5.343080330766308
312.4,5.279318221958427
312.6,5.056245756135005
312.8,5.105282410349944
313.0,5.261265180989195
313.2,5.498825405192146
313.4,5.3469404081810845
313.6,5.5367046480412725
313.8,5.707268526503164
314.0,5.366538964605874
314.2,5.2339713061054844
314.4,5.181827833894728
314.6,4.914691397849643
314.8,4.980089843004125
315.0,5.045752578335418
315.2,5.119449446299889
315.4,5.042511355396699
315.6,4.709367537851293
315.8,4.748669128073196
316.0,4.841431178336903
316.2,4.751889842205439
316.4,5.0686520635773995
316.6,5.246206627220031
316.8,5.077287635084561
317.0,5.235737442599595
317.2,5.222377431801082
317.4,5.1275403310879355
317.6,5.147198146798411
317.8,5.162436963998733
318.0,5.096835645694363
318.2,5.1957264164064885
318.4,5.140188367870083
318.6,4.901581169238899
318.8,4.778274973979952
319.0,4.87018647594876
319.2,4.79760674888358
319.4,4.751753057929958
319.6,4.93375211918416
319.8,5.031414514859437
320.0,5.297275885458204
320.2,5.037058057935965
320.4,5.311991494410501
320.6,5.173621382950481
320.8,5.1837154517067585
321.0,5.340471744317726
321.2,5.354796414199058
321.4,5.341014456223317
321.6,5.524008909886124
321.8,5.5603224182636986
322.0,5.173158795268255
322.2,5.091757998635583
322.4,5.330771830255237
322.6,5.544573347175674
322.8,5.165238084395683
323.0,5.022147227890618
323.2,4.865003200346363
323.4,4.893413126268171
323.6,4.938918839662886
323.8,4.746788619132222
324.0,4.746920071867491
324.2,4.413076851176118
324.4,4.458039617808424
324.6,4.466221424406884
324.8,4.502440013952606
325.0,4.344856128008583
325.2,4.443983064926795
325.4,4.464009179119817
325.6,4.590630518269712
325.8,4.6174752607932215
326.0,4.675925995363712
326.2,4.687214908518751
326.4,4.565653809265824
326.6,4.399872134657227
326.8,4.526138754500145
327.0,4.299857439065713
327.2,4.330519190292988
327.4,4.48067138260501
327.6,4.5223778967265895
327.8,4.646828613621851
328.0,4.753578840260452
328.2,4.595877779271624
328.4,4.408288728551403
328.6,4.706928219616825
328.8,5.1099082208754325
329.0,5.0712641697547625
329.2,5.316185515262426
329.4,5.440414740539267
329.6,5.37049351446165
329.8,5.394432366588017
330.0,5.239601803097207
330.2,5.124712761706811
330.4,5.439957523553115
330.6,5.295868792803962
330.8,5.37687524079711
331.0,5.087210530290036
331.2,5.098326090428436
331.4,5.141897803916612
331.6,4.914160024609112
331.8,4.946011444786453
332.0,4.881522027564609
332.2,5.050812837330129
332.4,4.737223943135801
332.6,4.6926673786896576
332.8,5.010635767528232
333.0,4.98839906415159
333.2,4.9915132263187365
333.4,4.710935248681672
333.6,4.8389223195611955
333.8,4.910437000363238
334.0,5.132827029856859
334.2,5.2872139245360295
334.4,4.856762051744274
334.6,4.989535713975637
334.8,4.819858115662534
335.0,5.083079734756092
335.2,4.9980568393946765
335.4,4.947074293263714
335.6,4.850460645350977
335.8,4.80011008771983
336.0,4.872591848056805
336.2,4.949578880861076
336.4,4.952338101828915
336.6,4.738797838162348
336.8,4.6979142245678895
337.0,4.638678449981447
337.2,4.769765772392102
337.4,4.308539085646197
337.6,4.3895976015151525
337.8,4.401659852012106
338.0,4.375312617198696
338.2,4.590343993439044
338.4,4.591149686244795
338.6,4.479425181076536
338.8,4.463329512952843
339.0,4.282912839016376
339.2,4.504273337191269
339.4,4.732023176224954
339.6,4.665124041773089
339.8,4.719271283556706
340.0,4.58773582309488
340.2,4.72005233572435
340.4,4.646104552194
340.6,4.409536785800636
340.8,4.42744145006133
341.0,4.308809898567118
341.2,4.203677272720595
341.4,4.225706708187499
341.6,4.093268859907809
341.8,3.8061910162765735
342.0,3.805109435875033
342.2,3.971623591476977
342.4,4.101929151630431
342.6,4.079757634354513
342.8,3.8840100854874384
343.0,3.8985985752743435
343.2,3.798168996527941
343.4,3.881827745186576
343.6,4.070951215409773
343.8,4.085033498787549
344.0,3.900527937782711
344.2,3.637917254463461
344.4,3.4543693249028453
344.6,3.783458386970588
344.8,3.8776273975815485
345.0,3.8007366249933856
345.2,3.6007701784418042
345.4,3.7236918543939828
345.6,3.8340643622221084
345.8,4.108189570958283
346.0,3.794732469286144
346.2,4.025752341808028
346.4,4.030071332631807
346.6,3.9497214297260084
346.8,3.8362876241613644
347.0,3.8835114739456738
347.2,3.8310426322918514
347.4,3.932539491175537
347.6,4.103466664615582
347.8,3.755315889795366
348.0,3.8259766112691063
348.2,3.730732831847284
348.4,3.693441988965759
348.6,3.8751621616997385
348.8,4.024248371245601
349.0,3.9458603811312423
349.2,3.8667388375696996
349.4,3.818822421192511
349.6,3.8685947551954625
349.8,3.607244075740478
350.0,3.701658142588475
350.2,3.5426531508538273
350.4,3.584994851847836
350.6,3.4635819149010647
350.8,3.500619923746296
351.0,3.5024378560887004
351.2,3.5792700673661253
351.4,3.672221274081515
351.6,3.678591950515399
351.8,3.6751484989447123
352.0,3.9407565369407767
352.2,4.082268588655574
352.4,4.057243204046619
352.6,4.151937009448966
352.8,4.194995002066042
353.0,4.357699185150694
353.2,4.409412615821479
353.4,4.410526471953478
353.6,4.408629981258644
353.8,4.270156003437192
354.0,4.25105433939011
354.2,3.9633068951042993
354.4,4.272430056937108
354.6,4.311461328675553
354.8,4.387115605250067
355.0,4.360156447690229
355.2,4.0277766126667105
355.4,4.406189390987787
355.6,4.337050423878669
355.8,4.560727481013188
356.0,4.490911339570569
356.2,4.0844683232896735
356.4,4.031596604579348
356.6,3.9780349396196764
356.8,3.9419029848652967
357.0,3.756320280161534
357.2,3.7208438892571314
357.4,3.639512891576473
357.6,3.8928616300802883
357.8,3.695514432295992
358.0,3.7492428648925467
358.2,3.7329917688470795
358.4,3.939276615294192
358.6,3.9385410751235588
358.8,3.8770534348316907
359.0,3.757102562716627
359.2,3.8261083088429944
359.4,3.9983772368783246
359.6,3.8783074766164467
359.8,3.7469802555427556
360.0,3.860645119772169
360.2,3.9715833503442983
360.4,4.005885330383512
360.6,3.940189586916887
360.8,4.118016702301857
361.0,4.1849191834415755
361.2,4.418443333164549
361.4,4.203129006607032
361.6,4.570962901902828
361.8,4.39605710311173
362.0,4.337591345389254
362.2,4.242456925020951
362.4,4.080885153641032
362.6,4.307868985884661
362.8,4.430380227873984
363.0,4.398009918506256
363.2,4.406348649567374
363.4,4.041903697578101
363.6,4.288775315622527
363.8,4.3254253387072605
364.0,4.337741000820635
364.2,4.396069396771065
364.4,4.577546538028333
364.6,4.393574250580658
364.8,4.541664566985586
365.0,4.247394656689418
365.2,4.279205933594055
365.4,4.218575141147212
365.6,4.1433674732139805
365.8,4.134860459577967
366.0,4.28466935439398
366.2,4.403165428481817
366.4,4.425981447402648
366.6,4.258952209964349
366.8,4.391397595060854
367.0,4.25871238595305
367.2,4.429209477800794
367.4,4.740526735133104
367.6,4.689681334448
367.8,4.730221390971063
368.0,4.777892669002906
368.2,4.431433631506852
368.4,4.682351087183854
368.6,5.107053533497812
368.8,5.009982777109977
369.0,5.107156782253138
369.2,5.262152238461764
369.4,5.203542081516829
369.6,5.452456935014025
369.8,5.4412528998094585
370.0,5.202471619695276
370.2,5.101768272087995
370.4,5.099849949109915
370.6,5.012448787467218
370.8,5.214571632672071
371.0,5.3081884539804065
371.2,5.380283396639034
371.4,5.455305157183746
371.6,5.848540611145751
371.8,5.762257881822849
372.0,5.687439723796009
372.2,5.652747928648009
372.4,6.120180024264643
372.6,5.856749422709022
372.8,5.871654088943472
373.0,5.748285898917518
373.2,5.674568924369172
373.4,5.613850398633772
373.6,5.74796581404259
373.8,5.8356210093719
374.0,5.4290446921662365
374.2,5.300486438019924
374.4,5.302602703987775
374.6,5.415992190216064
374.8,5.448587115728074
375.0,5.471426741537638
375.2,5.138866020532052
375.4,4.880893237746669
375.6,4.886136503402429
375.8,4.555296000463038
376.0,4.513128624482389
376.2,4.343763489720619
376.4,4.358718072104811
376.6,4.678965210250112
376.8,4.8446428568280675
377.0,4.900276590840028
377.2,4.962364696011376
377.4,4.8957696673969195
377.6,5.111788878616897
377.8,4.964533903284676
378.0,5.272273591911141
378.2,5.2919678072621705
378.4,5.187278730423809
378.6,5.198824058781291
378.8,5.3730336882896825
379.0,5.251455017403061
379.2,5.186946334198649
379.4,5.2221058542071965
379.6,5.197824417767608
379.8,5.284194807015723
380.0,5.284340450279082
380.2,5.456809727324911
380.4,5.531094751607325
380.6,5.416067501896602
380.8,5.557162866394563
381.0,5.296574855977623
381.2,5.084320185878505
381.4,4.942755635040112
381.6,5.249512417410466
381.8,5.260670316634625
382.0,5.149226244770011
382.2,5.033566198661823
382.4,5.089601979692075
382.6,5.008191334498854
382.8,4.819012356366099
383.0,4.850594262511439
383.2,4.870201532706829
383.4,4.918801824624731
383.6,4.82606615083573
383.8,4.94197658552285
384.0,4.933111244564688
384.2,5.0674711650754105
384.4,5.264228955508207
384.6,5.07566603384385
384.8,4.902766830239589
385.0,4.954245449929527
385.2,4.903894915592247
385.4,4.779125305816963
385.6,4.643182350209933
385.8,4.653435659292176
386.0,4.785160345088767
386.2,4.842427952996141
386.4,4.917195890606926
386.6,4.821533097479297
386.8,4.826765635457371
387.0,5.113832138378179
387.2,4.648585080466459
387.4,4.774546428656496
387.6,4.794872114744479
387.8,4.58093049359229
388.0,4.7824729556405465
388.2,4.751289696145064
388.4,4.639377945789027
388.6,4.74623931903082
388.8,4.693615521427402
389.0,4.699258304861238
389.2,4.86082568618597
389.4,4.789436782573063
389.6,5.047820468314877
389.8,4.880941636073574
390.0,4.9034282333759
390.2,4.825018282593902
390.4,4.96768790641975
390.6,4.998535496996487
390.8,4.882051693541632
391.0,4.853539027627033
391.2,5.04193327340933
391.4,5.040707139470738
391.6,5.047182334906619
391.8,5.351985811640963
392.0,5.276586738226611
392.2,5.487388057299935
392.4,5.2961344156690044
392.6,5.658179961626418
392.8,5.53999482313498
393.0,5.45057457064207
393.2,5.186928622246323
393.4,5.085771969437196
393.6,5.329462756348253
393.8,5.15691542403025
394.0,5.171894916345401
394.2,5.0084837713648955
394.4,5.118699746034206
394.6,4.945146064811947
394.8,5.053961276903565
395.0,5.0516215546818675
395.2,4.890243833684299
395.4,4.92903648014132
395.6,5.00714841762418
395.8,4.7951482660948965
396.0,4.705568756899391
396.2,4.519268360452412
396.4,4.411588841139745
396.6,4.23032547439682
396.8,4.044408606536743
397.0,4.384490510108581
397.2,4.61475496396028
397.4,4.473426919042998
397.6,4.667232352020042
397.8,4.565076985317398
398.0,4.642645465859434
398.2,4.698059718175149
398.4,4.625602033636109
398.6,4.428474430730861
398.8,4.410216877602299
399.0,4.511586740118178
399.2,4.2290728875757235
399.4,4.239766251474803
399.6,4.395823830742158
399.8,4.262124563746851
400.0,4.313111427685335
400.2,4.598802644684319
400.4,4.572312035902563
400.6,4.444268564549308
400.8,4.549297481020876
401.0,4.623252546369429
401.2,4.948361437747117
401.4,4.561520146505345
401.6,4.424749590943354
401.8,4.421856303504333
402.0,4.463471871403865
402.2,4.670255318576421
402.4,4.421828033087137
402.6,4.614934885169783
402.8,4.473365541431839
403.0,4.854933285020738
403.2,4.585795714329123
403.4,4.570714944529339
403.6,4.784822699886337
403.8,4.3569898955311945
404.0,4.714630170995154
404.2,5.001125971780241
404.4,5.180531530684588
404.6,5.224797800336337
404.8,5.330147567567947
405.0,5.331826167556744
405.2,5.200610490774634
405.4,5.30863314291318
405.6,5.308967694156787
405.8,5.308102337320477
406.0,5.1127725392302
406.2,5.209474723827636
406.4,5.066081800797825
406.6,5.0112426801805885
406.8,5.235826957749094
407.0,5.629613079439919
407.2,5.563068092899094
407.4,5.534326551039129
407.6,5.521423842529879
407.8,5.490511300695874
408.0,5.464015498264798
408.2,5.2979104301222
408.4,5.216437809571799
408.6,5.324139080080946
408.8,5.477259678451904
409.0,5.18415862829614
409.2,5.359398888055833
409.4,5.5661314254909815
409.6,5.42742828548208
409.8,5.440441505301841
410.0,5.344930166052325
410.2,5.067613974865061
410.4,5.184021098046548
410.6,5.2631035773003525
410.8,5.076850545465002
411.0,5.082171874558049
411.2,5.254016778677289
411.4,5.535288164867433
411.6,5.627483328295064
411.8,5.816493835245998
412.0,5.62148992578477
412.2,5.749775985831827
412.4,5.76114329265803
412.6,5.826924713218539
412.8,5.509479621031316
413.0,5.572089570551892
413.2,5.394695221456892
413.4,5.37779128036326
413.6,5.5127712691913775
413.8,5.410968946162345
414.0,5.398171459441706
414.2,5.560798166711256
414.4,5.774852870704604
414.6,5.383585504494313
414.8,5.3848843520990535
415.0,5.252699021497733
415.2,5.338365171685437
415.4,5.102920204384298
415.6,5.050847929828099
415.8,4.844770992056029
416.0,4.904074562255799
416.2,4.773889290120929
416.4,4.680538405857337
416.6,4.692601064721628
416.8,4.973699860239806
417.0,4.8140065528329075
417.2,4.953052028519667
417.4,4.924966073710835
417.6,4.993600218842268
417.8,4.924240081491343
418.0,4.920617079165275
418.2,4.891888512362475
418.4,4.715753002564442
418.6,4.64542924111492
418.8,4.853554720249207
419.0,4.7774678631851435
419.2,4.965937395642625
419.4,4.834435073003828
419.6,4.737267950956156
419.8,4.873300458882158
420.0,4.913919667157301
420.2,4.927209811158637
420.4,4.74182535590019
420.6,4.662738444590394
420.8,4.737304822064859
421.0,4.777098596440436
421.2,4.880407545649772
421.4,4.836899680391929
421.6,4.8449723635928486
421.8,4.857368602489605
422.0,5.013500968672302
422.2,5.047369445264266
422.4,5.158234926517781
422.6,5.073998122894115
422.8,5.3382203081476565
423.0,5.2483462995717876
423.2,5.2772619673598555
423.4,4.861462622794724
423.6,4.945958840325215
423.8,4.849687671568779
424.0,4.795969474123026
424.2,4.877714871983441
424.4,4.721356913181491
424.6,4.887862787736822
424.8,4.8680417959477875
425.0,4.545308125076705
425.2,4.529774679752732
425.4,4.636575089659997
425.6,4.320789103910897
425.8,4.373315038294322
426.0,4.398428914593885
426.2,4.288653246690403
426.4,4.1567639371304175
426.6,4.339796352915931
426.8,4.348342847328077
427.0,4.313427742644722
427.2,4.3775101574786035
427.4,4.13500948331507
427.6,3.8706301911040537
427.8,4.045330041808512
428.0,4.14472876420146
428.2,4.163434339988829
428.4,4.200504976488156
428.6,4.048495007422059
428.8,4.2257923197120215
429.0,4.179613709642785
429.2,4.052470280773495
429.4,4.14146412095047
429.6,4.321526148597846
429.8,4.244140238195454
430.0,4.6391016255823345
430.2,4.4973021603624534
430.4,4.414417649875671
430.6,4.341769048569402
430.8,4.662930916905618
431.0,4.2447024882023285
431.2,4.27865171677569
431.4,4.621220182508468
431.6,4.7499689291150915
431.8,4.816785854185025
432.0,4.712699039485685
432.2,4.783546148919189
432.4,4.895634232198284
432.6,4.998451048603721
432.8,5.195416091110385
433.0,5.3197069649706865
433.2,5.2246800641448345
433.4,5.363686480377856
433.6,5.47537523336015
433.8,5.629889406471437
434.0,5.426640762232344
434.2,5.26316357391752
434.4,5.080002281431775
434.6,5.01008746589174
434.8,4.90556863532749
435.0,4.892494022218807
435.2,4.87403578717613
435.4,4.749568415458309
435.6,4.661846045722378
435.8,4.728134211916934
436.0,4.903826169053005
436.2,4.808128928640304
436.4,4.915140528327872
436.6,4.877020367700584
436.8,4.863595782770348
437.0,4.891816315781918
437.2,4.802950408729487
437.4,4.842267026377302
437.6,4.910624647715398
437.8,4.782839086851052
438.0,4.997388325293511
438.2,5.0160723653967825
438.4,5.108439913596365
438.6,4.9687182247311465
438.8,5.065114756875721
439.0,4.909742037023477
439.2,5.020359746715301
439.4,5.040185421602896
439.6,5.049570991556663
439.8,4.984474404774077
440.0,4.654293755696946
440.2,4.4974995109601625
440.4,4.27776392672518
440.6,4.667488678216104
440.8,4.763390804078279
441.0,4.545399803657613
441.2,4.398286628790613
441.4,4.553076191028897
441.6,4.581034367491563
441.8,4.584636535106537
442.0,4.514501765180504
442.2,4.235764674559356
442.4,4.431341085820616
442.6,4.620261835363262
442.8,4.720411174902165
443.0,4.630452598405866
443.2,4.289390252424677
443.4,4.4715290914381445
443.6,4.6048885921021885
443.8,4.800823466582222
444.0,4.953311362740274
444.2,5.161330914056768
444.4,4.776577961755265
444.6,4.776584292471676
444.8,4.7029253584223
445.0,4.8126809757712845
445.2,5.022481201307995
445.4,4.972567230566311
445.6,4.936743648875864
445.8,5.0458053714364155
446.0,5.093037480799325
446.2,5.195092166844623
446.4,5.4134856323173555
446.6,5.233873559698483
446.8,4.957659936614603
447.0,4.956587941980127
447.2,4.8500158754910085
447.4,4.839465057895852
447.6,5.100368165509796
447.8,4.933137554785591
448.0,4.993678848213959
448.2,4.764908901873778
448.4,4.3646679269397515
448.6,4.4335239571188225
448.8,4.588419940798732
449.0,4.484585046016905
449.2,4.455709840063573
449.4,4.477827686336314
449.6,4.76297542937351
449.8,5.118569179122527
450.0,4.7285313580292465
450.2,4.9987873367336535
450.4,5.063708932703978
450.6,4.9577980005750675
450.8,5.14776221262701
451.0,5.012639800597743
451.2,5.188996552672796
451.4,5.029286550308506
451.6,4.884977342658669
451.8,4.878246595060112
452.0,4.978632290561996
452.2,5.225946267128625
452.4,5.229977245852611
452.6,5.303320798484852
452.8,5.305296943803077
453.0,5.14232127551618
453.2,5.386771447447366
453.4,5.117446040127557
453.6,5.102962694234179
453.8,5.0658328645069295
454.0,5.211976758545642
454.2,5.516523906455509
454.4,5.464338846620332
454.6,5.222049524391053
454.8,5.304880223882076
455.0,5.377420497550656
455.2,5.226641652040084
455.4,5.058135510983389
455.6,5.270927391889676
455.8,5.490160219536513
456.0,5.3431141837140705
456.2,5.365646863019029
456.4,5.250226245353968
456.6,5.140007934294511
456.8,5.207863816131015
457.0,5.254640210936699
457.2,5.3328697665979305
457.4,5.412298729961597
457.6,5.58249945699173
457.8,5.395852047933534
458.0,5.378141297510094
458.2,5.5248541435673335
458.4,5.588901896391577
458.6,5.450477249208871
458.8,5.527318248039357
459.0,5.536071923965262
459.2,5.419470812620325
459.4,5.374823228149318
459.6,5.332499104349382
459.8,5.428440328248889
460.0,5.281022931082973
460.2,5.41155385956646
460.4,5.468383128461777
460.6,5.377397985534371
460.8,5.463179347982433
461.0,5.234231163974796
461.2,5.415222480728929
461.4,5.398519406364613
461.6,5.050078901398086
461.8,5.224537475397838
462.0,5.32828006108145
462.2,5.398503038505018
462.4,5.3651865471795634
462.6,5.139423218288135
462.8,5.230141209452663
463.0,5.206934210559482
463.2,5.036548034236908
463.4,5.012076711732353
463.6,5.252733097613889
463.8,5.373357810192042
464.0,5.546941479874059
464.2,5.4557422146689065
464.4,5.461032122725836
464.6,5.364353230279034
464.8,5.305807425770263
465.0,5.27503185817304
465.2,5.3470567911853
465.4,5.558441586012139
465.6,5.357834226496148
465.8,5.4252693945044035
466.0,5.704639438634107
466.2,5.662964301004465
466.4,5.633963565480364
466.6,5.672462891773758
466.8,5.5458685757859145
467.0,5.249993492724708
467.2,5.273238515249074
467.4,5.200060413579914
467.6,5.25232524945622
467.8,5.079058799740447
468.0,5.10029917748462
468.2,4.982271503166565
468.4,4.962092687553009
468.6,4.860753566722704
468.8,4.823690944863581
469.0,4.737568366909247
469.2,4.755235576143938
469.4,4.631691546295679
469.6,4.3983982827173405
469.8,4.638114178008124
470.0,4.330984306859859
470.2,4.487394444278955
470.4,4.382689233617444
470.6,4.626248047400816
470.8,4.509085122333149
471.0,4.239582997312823
471.2,4.379580151670272
471.4,4.304488938495432
471.6,4.477174510697017
471.8,4.374591226425335
472.0,4.394502553919255
472.2,4.344761278050959
472.4,4.242455081270132
472.6,4.3727282798479905
472.8,4.3693748875931915
473.0,4.578983466343096
473.2,4.481749290084771
473.4,4.398589808952313
473.6,4.146928812036067
473.8,4.11150771893973
474.0,4.2983692723498965
474.2,4.441060584279448
474.4,4.320047212671804
474.6,4.231250462682308
474.8,4.5667336520090736
475.0,4.414268525262007
475.2,4.207460178542144
475.4,4.3112371402434695
475.6,4.524664897156596
475.8,4.321812628904524
476.0,4.431576846967925
476.2,4.341777669479363
476.4,4.281741799605569
476.6,3.977361851084909
476.8,4.035532707568109
477.0,3.9879306308922557
477.2,3.7743365203880375
477.4,3.4488401283729946
477.6,3.726459810233401
477.8,3.876076878767459
478.0,3.961183794721388
478.2,3.8030814014263328
478.4,3.8941785485513813
478.6,3.875149817636573
478.8,3.723182956180879
479.0,3.8447466754273867
479.2,3.6528402238094064
479.4,3.8202402113318716
479.6,3.955675117284172
479.8,3.9382836499597333
480.0,3.9366066800408825
480.2,3.989866434196374
480.4,3.6943582741117185
480.6,3.472581006478047
480.8,3.521488103334133
481.0,3.389737809386486
481.2,3.499589848697164
481.4,3.4675361438476413
481.6,3.4618078210246246
481.8,3.332795029072468
482.0,3.2998860826614607
482.2,3.20242310666472
482.4,3.3395349913614005
482.6,3.463281750101541
482.8,3.546844275396068
483.0,3.5804396902721463
483.2,3.459715569304482
483.4,3.372727589064337
483.6,3.3876050694988074
483.8,3.3734612282875296
484.0,3.6747072618357435
484.2,3.749848735670833
484.4,3.66978889069027
484.6,3.576126976486682
484.8,3.76872639199635
485.0,3.707685739739518
485.2,3.7129640351975994
485.4,3.9047512310986683
485.6,4.089232270263801
485.8,3.9705338123832803
486.0,4.096515936528558
486.2,4.259054704136464
486.4,4.626866774241716
486.6,4.639271452262786
486.8,4.537944909441178
487.0,4.590941331325697
487.2,4.685834162109641
487.4,5.015434879587245
487.6,5.266526121606014
487.8,5.099111442810534
488.0,4.894016384651737
488.2,4.867419248178129
488.4,4.588264234714662
488.6,4.532477393317787
488.8,4.623264771732084
489.0,4.786012649253157
489.2,4.63160117506537
489.4,4.572555851461432
489.6,4.657543205541943
489.8,4.917621225396144
490.0,4.810308583259433
490.2,4.933293396323862
490.4,4.888259376514988
490.6,4.766403624331664
490.8,4.716755707503229
491.0,4.743486002495517
491.2,4.277602445639874
491.4,4.348419155052955
491.6,4.483982420206722
491.8,4.215055117684656
492.0,4.367345947629664
492.2,4.341928805879416
492.4,4.261296221376895
492.6,4.3694895245754
492.8,4.292250810263037
493.0,4.441212571521139
493.2,4.458581756910599
493.4,4.4287661834154886
493.6,4.453239005354473
493.8,4.713039931599901
494.0,4.750339750019722
494.2,4.901244196201506
494.4,4.8046363230995155
494.6,4.6570617073362355
494.8,4.782933213182367
495.0,5.047015678153362
495.2,5.1618957007945525
495.4,5.006532182168668
495.6,4.819170211761521
495.8,5.095663184151581
496.0,4.917863788956098
496.2,5.1987397506932
496.4,5.0605179881975335
496.6,4.916448661964662
496.8,5.04399495167056
497.0,5.144313368591355
497.2,4.923987791163776
497.4,4.881992002350602
497.6,4.873279593380207
497.8,4.749480058594395
498.0,4.755774152057719
498.2,4.907189311199046
498.4,4.861411575677946
498.6,4.841010772282263
498.8,4.668329809267117
499.0,4.640916067864666
499.2,4.468775828575008
499.4,4.44599194023971
499.6,4.399602913835243
499.8,4.560042413370092
500.0,4.4730835683579055
500.2,4.408368577706825
500.4,4.3351793090611555
500.6,4.322628687789832
500.8,4.230428774092779
501.0,4.3899402163260035
501.2,4.283560996099131
501.4,4.174230627987713
501.6,4.198233491863503
501.8,3.937902603241502
502.0,4.07694939979443
502.2,4.373410407645236
502.4,4.637406044719628
502.6,4.243078302856922
502.8,4.292312478915827
503.0,4.178493132017058
503.2,4.2558051621184
503.4,3.947583443361914
503.6,4.028398438680569
503.8,4.2397743295583545
504.0,4.168323329936268
504.2,4.206412867040825
504.4,3.975234288629444
504.6,4.152054674632555
504.8,3.9434540746422106
505.0,4.214363080786673
505.2,4.522260597671814
505.4,4.268444513933437
505.6,4.119078969233091
505.8,4.24533719546939
506.0,4.134903936875439
506.2,4.141977961372387
506.4,3.9577760383038143
506.6,4.08366871881978
506.8,3.7286221251001033
507.0,3.757177040814361
507.2,3.523851319051154
507.4,3.522954536903156
507.6,3.315171485856265
507.8,3.2946235416239062
508.0,3.38021046354009
508.2,3.696692480665088
508.4,3.391611638843375
508.6,3.2913703145974993
508.8,3.575166997350285
509.0,3.4799550441272276
509.2,3.4901037467435234
509.4,3.488181941849624
509.6,3.503662160047266
509.8,3.6131881687013894
510.0,3.3848465782758135
510.2,3.143451452986367
510.4,3.213520093278452
510.6,3.242778094886551
510.8,3.627260673658415
511.0,3.311428700736615
511.2,3.693923229482385
511.4,3.528773784731352
511.6,3.338257306530235
511.8,3.390189640528517
512.0,3.5635911620577203
512.2,3.5442347581383453
512.4,3.593786907113327
512.6,3.5395499883006365
512.8,3.5796855655438335
513.0,3.796464843585981
513.2,3.515569290624928
513.4,3.4365481490396284
513.6,3.3439124303753114
513.8,3.6573607857562576
514.0,3.8120478860922256
514.2,3.689104766858154
514.4,3.5745521915519447
514.6,3.602373194849756
514.8,3.6112645541242614
515.0,3.6742159997620414
515.2,3.7209287814748513
515.4,3.7748473266955855
515.6,3.7961128984197403
515.8,3.49955839207593
516.0,3.8107744216737864
516.2,3.7565011082985045
516.4,3.9904409023670535
516.6,3.952643585790031
516.8,3.919030041768549
517.0,3.6982516832763768
517.2,3.8162270098536557
517.4,3.845839150012506
517.6,3.798039783673592
517.8,3.880819184736078
518.0,3.938476104936254
518.2,3.8234877072895936
518.4,3.70366943375823
518.6,3.5611300388630878
518.8,3.755387780614364
519.0,3.3253576092718067
519.2,3.359741745518201
519.4,3.272293160068771
519.6,3.3034375030084946
519.8,3.4677720855917666
520.0,3.530637761449241
520.2,3.804967384582687
520.4,3.5430415610577417
520.6,3.5561073239857515
520.8,3.475297936639371
521.0,3.5594325031404788
521.2,3.573341299722897
521.4,3.6721977000692423
521.6,3.5399332730587476
521.8,3.6072960418348052
522.0,3.489890609498422
522.2,3.37233064522893
522.4,3.4906107880870563
522.6,3.4275327173118644
522.8,3.478023302094836
523.0,3.8485805380147085
523.2,3.7902452658888457
523.4,4.005267290165183
523.6,3.992094274032875
523.8,3.996211486355684
524.0,3.825147058616495
524.2,4.017061069397034
524.4,3.6949184059647195
524.6,3.75870190016268
524.8,3.8288553992882823
525.0,3.8881273358590365
525.2,3.9203350582093375
525.4,3.809494677144461
525.6,3.766035053886989
525.8,3.690753238759542
526.0,3.581537926135683
526.2,3.5395953759585392
526.4,3.2862334492365823
526.6,3.3600982072313332
526.8,3.304237141647216
527.0,3.3451764480239374
527.2,3.5011020567758653
527.4,3.5248839736472446
527.6,3.5153054495094738
527.8,3.5704309662144293
528.0,3.6305351041673672
528.2,3.645965843022647
528.4,3.7810842244757294
528.6,3.8618388247441064
528.8,4.075728582838055
529.0,3.55700617330837
529.2,3.646408357203158
529.4,3.886359970982473
529.6,3.8029130371379685
529.8,3.6511132892619518
530.0,3.7131804187069055
530.2,4.062941845085911
530.4,3.8062487094607045
530.6,3.9291380815744774
530.8,3.728446231847416
531.0,3.8878074535878655
531.2,3.8232112690979227
531.4,3.767181049293072
531.6,3.460549216660147
531.8,3.776634262339896
532.0,3.909067809901507
532.2,3.8656105333897948
532.4,3.8339181790055816
532.6,3.6652317752848056
532.8,3.7771884962866524
533.0,3.5895064222133586
533.2,3.542804499680925
533.4,3.3780672488834456
533.6,3.373182716343641
533.8,3.339564280628379
534.0,3.006848380108218
534.2,3.2495149955962686
534.4,3.314120328699265
534.6,3.2843494330256937
534.8,3.3963383628575237
535.0,3.293917190804912
535.2,3.4533039369681324
535.4,3.4741447800296363
535.6,3.351140913621588
535.8,3.672868797777367
536.0,3.5147799655410155
536.2,3.570542998148662
536.4,3.5382032578833345
536.6,3.4342073266256756
536.8,3.5477590087985478
537.0,3.4146785047663384
537.2,3.496478930573744
537.4,3.5696667333605685
537.6,3.300303320399393
537.8,3.0343809526170586
538.0,3.0385987238279917
538.2,3.053605634304761
538.4,3.1213674027613365
538.6,3.3361413753869904
538.8,3.256254747805552
539.0,3.0310094598818846
539.2,3.334682410471951
539.4,3.390488357231185
539.6,3.467118635160132
539.8,3.6954884371032515
540.0,3.34347355632591
540.2,3.5664432505617225
540.4,3.4994033710484587
540.6,3.3750643043137476
540.8,3.511688363388437
541.0,3.6155301209155644
541.2,3.6755694697886083
541.4,3.701280514397389
541.6,3.726339367719884
541.8,3.6167453076767635
542.0,3.472535861938519
542.2,3.542456816766844
542.4,3.6540665228233684
542.6,3.695527635771911
542.8,3.225182286723971
543.0,3.5038412372073924
543.2,3.732491750886869
543.4,3.522761013823775
543.6,3.531090659417578
543.8,3.5673822056256697
544.0,3.569776388435038
544.2,3.4567731426397743
544.4,3.452251077027617
544.6,3.258995333363502
544.8,3.1756304564850932
545.0,3.5079346272432232
545.2,3.2872980712628244
545.4,3.412012841098954
545.6,3.433405898777618
545.8,3.5352913109992135
546.0,3.520920728131815
546.2,3.8747972089501603
546.4,3.92111662636342
546.6,3.8614934869989335
546.8,4.06400586994142
547.0,3.968862111456126
547.2,4.045988913463607
547.4,4.2640501801274535
547.6,4.10811572416956
547.8,4.138279479324083
548.0,4.215182553343238
548.2,3.955500620535311
548.4,3.787980152206614
548.6,3.853647149823532
548.8,3.900606667699181
549.0,3.6174370636989157
549.2,3.6081586977271263
549.4,3.5856381878165005
549.6,3.666132910816842
549.8,3.5696529955327447
550.0,3.522863425417721
550.2,3.32120035638898
550.4,3.055398090878634
550.6,3.328910315708451
550.8,3.1948534819264944
551.0,3.2726133069474437
551.2,3.4154718515864815
551.4,3.4730959076393653
551.6,3.338431075247984
551.8,3.496324624769074
552.0,3.6320669063266657
552.2,3.5686877504775527
552.4,3.59636689142502
552.6,3.8927304515765218
552.8,3.82887184153057
553.0,3.4964481072377573
553.2,3.6697592490105158
553.4,3.762361371993907
553.6,3.6547359212008432
553.8,3.5628814893842278
554.0,3.2987062951969772
554.2,3.267339808844541
554.4,3.4064832472441418
554.6,3.479571628405141
554.8,3.431851157312603
555.0,3.5465626618542556
555.2,3.279120996829792
555.4,3.186857535552673
555.6,3.3685587797111527
555.8,3.3810842123685694
556.0,3.325789783760599
556.2,3.136179817116173
556.4,3.3120383050258946
556.6,3.427926699230713
556.8,3.5179925346945096
557.0,3.703443794467234
557.2,3.6299892721317097
557.4,3.6073149055730322
557.6,3.7335214604121822
557.8,3.8011120656140926
558.0,3.973509603552586
558.2,3.7129457803153327
558.4,4.090522921710816
558.6,3.9313760373987607
558.8,3.991494460444647
559.0,3.920913917982039
559.2,3.9707162878309035
559.4,4.20335091747976
559.6,4.228611950389402
559.8,4.039331664708078
560.0,4.08526889908339
560.2,4.021138026268108
560.4,4.030098300218986
560.6,3.978057935313858
560.8,3.8681343681784366
561.0,3.8197915661032704
561.2,3.806178317958725
561.4,4.230262789082346
561.6,4.276694616827126
561.8,3.9613847522001215
562.0,3.7894403146161486
562.2,3.8756849261862687
562.4,3.8018047183804495
562.6,3.7859868941915016
562.8,3.8923046363209983
563.0,4.180293242523519
563.2,4.151681703567071
563.4,4.203923451041285
563.6,4.063334149183829
563.8,4.3332528721271935
564.0,4.582554546486304
564.2,4.139776944165657
564.4,4.401256657117065
564.6,4.409385838334238
564.8,4.35186140439781
565.0,4.526254495387704
565.2,4.568392861474915
565.4,4.56829906619296
565.6,4.694531784679124
565.8,4.597658674434614
566.0,5.028493914945271
566.2,4.967439397085174
566.4,4.7134065455956256
566.6,4.669516272401503
566.8,4.681121235571054
567.0,4.611308086977871
567.2,4.779923398156355
567.4,4.819298412182105
567.6,4.535409802389667
567.8,4.363965210654325
568.0,4.21379995856932
568.2,4.222722631191118
568.4,4.011769366837562
568.6,4.062581143194008
568.8,3.9408971165233035
569.0,4.195954565641166
569.2,4.097911510790031
569.4,3.937951473520484
569.6,3.8080333400904465
569.8,3.680484045221661
570.0,3.6966240397738757
570.2,3.9670328225328704
570.4,3.90831076831716
570.6,4.010546249078747
570.8,3.770603877835587
571.0,4.036627811364046
571.2,4.072999612992756
571.4,3.9569189257274973
571.6,3.862568893693626
571.8,3.749686712149591
572.0,4.184665813523337
572.2,3.8324826756712183
572.4,3.587425856315242
572.6,3.5521742397763556
572.8,3.5868063928969196
573.0,3.6708032327534177
573.2,3.7523859427800765
573.4,3.8984252508455164
573.6,4.117857761010912
573.8,4.064742518157366
574.0,4.1745806049862395
574.2,4.113727235478099
574.4,4.280666172252141
574.6,4.218757771147958
574.8,4.3545655489516415
575.0,4.486190195307461
575.2,4.489620377719715
575.4,4.338249605047484
575.6,4.514877998825423
575.8,4.530656646926332
576.0,4.644563063763533
576.2,4.754095938472222
576.4,4.836915123100843
576.6,5.008263596905205
576.8,5.173319394903001
577.0,4.869699303308945
577.2,5.128114004668397
577.4,4.9552688451385105
577.6,5.27672021220602
577.8,5.25660855091696
578.0,5.394106997388105
578.2,5.518652971953219
578.4,5.463501529831342
578.6,5.297534472521345
578.8,5.24949744475276
579.0,5.189522659098027
579.2,5.285630536696097
579.4,5.116466007817285
579.6,4.975000923754329
579.8,4.955810814829104
580.0,4.8895966389552
580.2,4.978570883804704
580.4,5.022646906864489
580.6,5.0722962178646505
580.8,5.071155919205849
581.0,4.922885124605073
581.2,5.041388158452843
581.4,5.018495527574161
581.6,5.173670549477246
581.8,5.0471516079050955
582.0,5.046415788955643
582.2,5.157756812166668
582.4,5.0214656429752855
582.6,5.098479102569127
582.8,5.165822155798601
583.0,5.202921670848965
583.2,5.148537829849405
583.4,5.141756355527225
583.6,5.323564940013204
583.8,5.249609354468873
584.0,5.201823036901659
584.2,5.241632435036651
584.4,5.461014064162526
584.6,5.6526178691257325
584.8,5.648525439728227
585.0,5.316775236592621
585.2,5.171922509214949
585.4,4.948349812145587
585.6,5.33094572805563
585.8,5.106702319527583
586.0,5.058022576796246
586.2,5.07609356042923
586.4,5.098653085922203
586.6,5.074543835448759
586.8,5.310070635368556
587.0,5.518852068881853
587.2,5.847848995581797
587.4,5.661953040054955
587.6,5.321062291728857
587.8,5.103110768434417
588.0,5.352419009541619
588.2,5.0930650425222606
588.4,4.991790563581396
588.6,4.950325072383384
588.8,5.114338761373185
589.0,5.242543513619383
589.2,5.155952365398265
589.4,5.168766651998977
589.6,5.20466225113412
589.8,5.111375084584271
590.0,5.026462912654004
590.2,4.5815770739552
590.4,4.611047827812005
590.6,4.617295351867298
590.8,4.826035692053265
591.0,4.968655020049525
591.2,5.171616087528613
591.4,5.0318416473341205
591.6,5.013529223188263
591.8,4.950529709768601
592.0,5.032441925721169
592.2,5.068563243398634
592.4,4.992374206510452
592.6,4.628590600476869
592.8,4.4739796011640305
593.0,4.333807252838425
593.2,4.345585856275269
593.4,4.405165754460887
593.6,4.467039003560502
593.8,4.3285159891629466
594.0,4.167139444927461
594.2,4.307169146590889
594.4,4.532773154123229
594.6,4.447054714593653
594.8,4.442202908968662
595.0,4.574041562668153
595.2,4.530560599512777
595.4,4.408035382439259
595.6,4.236879401747995
595.8,4.128300760785381
596.0,4.423888808725959
596.2,4.456549258064792
596.4,4.319714945200383
596.6,4.253616809352903
596.8,4.292968260874186
597.0,4.157674724940784
597.2,4.1873649772056805
597.4,4.176495875457785
597.6,4.299404505622566
597.8,4.091158539310271
598.0,4.048187105872636
598.2,4.095613104546318
598.4,3.867493585206433
598.6,3.998058361480435
598.8,3.9216016806546152
599.0,3.913657474905119
599.2,3.7591505183244496
599.4,3.990418659650511
599.6,3.941406847070814
599.8,3.9329559463470156
600.0,4.005599395601429
600.2,4.117725797233962
600.4,3.908295198517902
600.6,4.057556836223762
600.8,4.115668902177967
601.0,4.304770554868332
601.2,4.214417792463928
601.4,4.19215910712955
601.6,4.076124618654215
601.8,4.26262543238356
602.0,4.434083662153325
602.2,4.077793044483778
602.4,4.084618324683321
602.6,4.109298199218375
602.8,3.779213588886757
603.0,3.823858321046904
603.2,3.861287504394412
603.4,3.819048102487325
603.6,3.8591005686706006
603.8,3.8709300128137594
604.0,3.6595811697384244
604.2,3.6932697358450572
604.4,3.9657743285611797
604.6,3.7657492508962123
604.8,3.9590019588929817
605.0,3.9006653725063845
605.2,4.093950802884783
605.4,4.165489426564573
605.6,3.998566574542906
605.8,4.236745927438593
606.0,3.90927882210206
606.2,3.6997521833849962
606.4,3.8819430087897575
606.6,4.159261780388697
606.8,3.9441274101537758
607.0,3.8625320161412433
607.2,3.9108283843798857
607.4,4.067589458433007
607.6,4.0435833094031715
607.8,4.04246630873355
608.0,3.9076337145346374
608.2,4.1878246382009365
608.4,4.190260465111069
608.6,4.512709011578826
608.8,4.305140622521682
609.0,4.042340911214958
609.2,4.088055794243114
609.4,4.05847485996728
609.6,4.410814832572555
609.8,4.524410853639614
610.0,4.617118579318371
610.2,4.401013991138558
610.4,4.372459185646997
610.6,4.47806821018954
610.8,4.611117012757627
611.0,4.803962932993112
611.2,4.676206014682114
611.4,4.715666607160483
611.6,4.625969082793526
611.8,4.6680363934250435
612.0,4.662486564961673
612.2,4.863511785467116
612.4,5.002338352192315
612.6,5.096606092280685
612.8,4.944079371663823
613.0,4.665239908225175
613.2,4.497809799651232
613.4,4.380326070981752
613.6,4.564201770236903
613.8,4.429853176615008
614.0,4.445799741957101
614.2,4.5307897296095945
614.4,4.317637166942996
614.6,4.164728827880236
614.8,4.138931480633021
615.0,4.279503806590135
615.2,4.202871146987094
615.4,4.191474232732454
615.6,4.278876455917855
615.8,4.341579415639464
616.0,4.161439804188147
616.2,4.339840064370421
616.4,4.295244267101529
616.6,4.289077586382839
616.8,4.310773499155546
617.0,4.173323702081725
617.2,4.373498423581493
617.4,4.18817556371347
617.6,4.314196421580894
617.8,4.405569055491954
618.0,4.714333937307156
618.2,4.679200079204488
618.4,4.776440988143005
618.6,4.733372513418458
618.8,4.7536233417541
619.0,4.574796807082759
619.2,4.637170262338078
619.4,4.771798966555625
619.6,4.97874394186747
619.8,4.827593294873395
620.0,4.973185350247785
620.2,5.0093810540698485
620.4,4.992780907652887
620.6,5.212233179445594
620.8,5.1910726613835365
621.0,5.117163592038316
621.2,5.16076370682107
621.4,5.127046121878275
621.6,5.425727966449388
621.8,5.355075417874026
622.0,5.310527997340616
622.2,5.367507763723197
622.4,5.218650461050464
622.6,5.023846943501021
622.8,5.185738286276691
623.0,5.258680341054954
623.2,5.59457699223077
623.4,5.602685731837873
623.6,5.448945582512838
623.8,5.649588333901294
624.0,5.676345473642178
624.2,5.842494015481989
624.4,5.701059415668573
624.6,5.511777552458467
624.8,5.5670686085025345
625.0,5.532236437459357
625.2,5.488040214371636
625.4,5.543709917643478
625.6,5.537726686388351
625.8,5.604014932192823
626.0,5.538639152764037
626.2,5.336902930213544
626.4,5.130616700928158
626.6,5.110473992015842
626.8,5.169335174618897
627.0,5.278390067213303
627.2,5.260975856729081
627.4,5.250281353053989
627.6,5.28825472832921
627.8,5.306156920912786
628.0,5.582530950112822
628.2,5.510057004711477
628.4,5.695471430754217
628.6,5.751540364853348
628.8,5.884935128799202
629.0,5.736056393836705
629.2,5.9107787368057325
629.4,5.626193005364486
629.6,5.73361477335714
629.8,5.706066334640426
630.0,5.822057004777505
630.2,5.9437421268303465
630.4,5.82486311097572
630.6,5.583681894138181
630.8,5.6736657845528295
631.0,5.452565766617387
631.2,5.629075110598802
631.4,5.586165529776994
631.6,5.709317215835735
631.8,5.892869372191767
632.0,5.763083441526146
632.2,5.788727557226204
632.4,5.62588957202772
632.6,5.8257089191123255
632.8,5.846254730446351
633.0,5.923897864540452
633.2,5.905730191175097
633.4,6.07571960836985
633.6,5.938271916317502
633.8,5.723460572460585
634.0,5.8414506549004415
634.2,6.016599412005087
634.4,6.009350331178958
634.6,5.846067584097639
634.8,5.853790361128748
635.0,5.761906817220597
635.2,5.786135054682215
635.4,5.8859658681627876
635.6,6.074189573521575
635.8,6.148653907532059
636.0,6.020249461240874
636.2,5.8264963703829835
636.4,5.715730514171877
636.6,5.703485122867885
636.8,5.909942245468298
637.0,6.096637787681631
637.2,6.076946173708811
637.4,5.972837396130017
637.6,5.9139166504473915
637.8,5.576288356018931
638.0,5.511759052430973
638.2,5.5287749617765
638.4,5.257305039261275
638.6,5.289699579029878
638.8,5.149526951401227
639.0,4.856866426811073
639.2,5.039307210267151
639.4,5.096190587016304
639.6,5.156320155120419
639.8,4.792673286128089
640.0,4.743727165328276
640.2,4.838193661985888
640.4,4.799104424297107
640.6,4.932379934358089
640.8,4.705693531861013
641.0,4.8231753386751475
641.2,4.670852095002866
641.4,4.766136107040314
641.6,4.80738288064073
641.8,4.815124703138594
642.0,4.971932501895913
642.2,4.874806795401472
642.4,4.995875916840976
642.6,5.001581091495762
642.8,5.155915602140044
643.0,5.13587682059314
643.2,5.237663958606474
643.4,5.4280933406968845
643.6,5.358905463444962
643.8,5.454850262789742
644.0,5.406130311826036
644.2,5.351176879442141
644.4,5.4758364156450785
644.6,5.549606909510278
644.8,5.399248404125892
645.0,5.374240535075813
645.2,5.400510393308103
645.4,5.340191470585637
645.6,5.561029199199192
645.8,5.627820927052653
646.0,5.539379901954099
646.2,5.513353214473702
646.4,5.615843260363503
646.6,5.676128164473107
646.8,5.584179626099986
647.0,5.6168433424434925
647.2,5.651069237305885
647.4,5.598552276383574
647.6,5.446350996458283
647.8,5.341715656627892
648.0,5.551360033373118
648.2,5.56424018739551
648.4,5.714560436748068
648.6,5.571124630942594
648.8,5.7073183346423795
649.0,5.671092722856473
649.2,5.454936068489916
649.4,5.419268799131009
649.6,5.767485679625079
649.8,5.603070271290355
650.0,5.435652493621923
650.2,5.4788350014548035
650.4,5.361722257275675
650.6,5.5345110352681495
650.8,5.513174779897435
651.0,5.334365719381061
651.2,5.348088476679074
651.4,5.172075168234459
651.6,5.097373654227228
651.8,5.1980213713894
652.0,5.202401163829768
652.2,5.1771224299942
652.4,5.327011343142981
652.6,5.696773325190031
652.8,5.184133496042511
653.0,5.219405933942868
653.2,5.1915233620578265
653.4,5.420180074309165
653.6,5.354018267632929
653.8,5.544095494555588
654.0,5.414355048793206
654.2,5.462043860186487
654.4,5.320701121401035
654.6,5.447090988060937
654.8,5.448156624121919
655.0,5.353561624050805
655.2,5.250874840589809
655.4,5.535846465707451
655.6,5.530777662147584
655.8,5.267493070053384
656.0,5.437797906343723
656.2,5.378877267469437
656.4,5.125610107581419
656.6,5.224510594650976
656.8,5.101326681990889
657.0,5.2234714120676236
657.2,5.224158154860268
657.4,4.933475110146788
657.6,5.060380042010324
657.8,4.962768421338445
658.0,5.101368437345807
658.2,5.167479820070556
658.4,4.915645419798517
658.6,4.950700925877788
658.8,4.940579725503597
659.0,4.815870923786874
659.2,4.921567102867527
659.4,4.809307462098857
659.6,4.906069224630541
659.8,4.773787265151839
660.0,4.718831975096949
660.2,4.837915415295666
660.4,5.0329892458990955
660.6,4.794491773790043
660.8,4.807698791289028
661.0,5.033539235145964
661.2,5.051685756014995
661.4,4.978930698831863
661.6,4.925315956013058
661.8,4.942813941830474
662.0,4.766436612238783
662.2,4.4691729961009585
662.4,4.9155217402248725
662.6,4.79600276929817
662.8,5.101189313043074
663.0,5.028614065593158
663.2,5.364684765020361
663.4,5.357408593722436
663.6,5.145194744835807
663.8,5.288801175228084
664.0,5.580337015960813
664.2,5.17088746891748
664.4,5.315206056415863
664.6,5.309565225805288
664.8,5.072272677472374
665.0,5.178234607236783
665.2,5.376421456488405
665.4,5.381067758670417
665.6,5.180009986595281
665.8,5.104949096112979
666.0,5.103992976768363
666.2,5.024546830302931
666.4,5.057238186048207
666.6,5.131820512592094
666.8,5.118842647203664
667.0,5.211862136527088
667.2,5.338205565033173
667.4,5.164374200776207
667.6,5.413037109949379
667.8,5.584268340364072
668.0,5.48225806697226
668.2,5.381545188861018
668.4,5.524182175888814
668.6,5.288362612906002
668.8,5.284550548239055
669.0,5.186925565006972
669.2,5.106050950493215
669.4,5.110331817649939
669.6,5.03201622519671
669.8,4.825763498565233
670.0,4.6531939690253274
670.2,4.856800910485424
670.4,4.874605850913524
670.6,4.649282451873434
670.8,4.697293284892607
671.0,4.644180957825408
671.2,4.743933186301694
671.4,4.633210377855324
671.6,4.580009608857182
671.8,4.57460849101693
672.0,4.608563237000489
672.2,4.929975772054352
672.4,4.799488678476788
672.6,4.683796255292884
672.8,4.951999365329968
673.0,5.073350614969986
673.2,5.257283030793881
673.4,5.227697339192521
673.6,5.383225246622281
673.8,5.146003097164981
674.0,5.329188261362843
674.2,5.106634343057706
674.4,5.128334155434034
674.6,5.101701423860275
674.8,4.958714881153548
675.0,4.970139312719369
675.2,4.8430753090919225
675.4,4.955873980450732
675.6,5.069638499815353
675.8,5.327288960766751
676.0,5.395228474529855
676.2,5.313047840592809
676.4,5.3737060817846425
676.6,5.242667870755527
676.8,5.1730651735846696
677.0,5.181827831998362
677.2,5.258400773879064
677.4,5.365792889648114
677.6,5.0759252818249845
677.8,5.389468290673057
678.0,5.467454788537622
678.2,5.342231060193134
678.4,5.390793161399483
678.6,5.4071360057635935
678.8,5.356489108977804
679.0,5.174617357691988
679.2,5.30852849781114
679.4,5.290694391416782
679.6,5.197662737258991
679.8,5.198101676044264
680.0,5.066507490138718
680.2,5.135036383112849
680.4,5.616996816444775
680.6,5.4603272695321206
680.8,5.372277092860913
681.0,5.353101541232476
681.2,5.244338794915917
681.4,5.111623034610835
681.6,5.120526500500752
681.8,4.930784699925394
682.0,5.056916314304474
682.2,5.069404317114833
682.4,4.965937806044854
682.6,4.804568152489603
682.8,4.816743969029729
683.0,5.028443168741766
683.2,4.94935790893465
683.4,4.8777638298441115
683.6,4.808816207671915
683.8,4.780528193902644
684.0,4.815123312198445
684.2,4.713565173676196
684.4,4.678115792883251
684.6,4.6498133646163256
684.8,4.898552686728296
685.0,4.800181685133099
685.2,4.983563781861398
685.4,4.893755267897571
685.6,4.994997218625594
685.8,4.947407724149402
686.0,4.948640010206292
686.2,5.011240634322646
686.4,5.004933033430502
686.6,4.863584265022729
686.8,4.552190880938671
687.0,4.751778093128003
687.2,4.638395418575582
687.4,4.716775229941192
687.6,4.823103905058591
687.8,5.050011766517107
688.0,5.093278079837319
688.2,5.152293216070081
688.4,5.021513590244019
688.6,4.778445532262641
688.8,5.0325001933319236
689.0,4.816864979089926
689.2,4.582894590702283
689.4,4.742196584561643
689.6,4.748850389497988
689.8,4.740231045590384
690.0,4.840384165457806
690.2,4.825640962923545
690.4,4.790120620582148
690.6,4.7439008012936075
690.8,4.770742865246868
691.0,4.979980457355708
691.2,4.883113716024931
691.4,4.815245875928323
691.6,5.231168596399635
691.8,4.88802819185264
692.0,5.064914671681493
692.2,5.177905521827702
692.4,5.099559393984995
692.6,5.086058834377238
692.8,5.295317688445856
693.0,5.266147395917556
693.2,5.179739166462386
693.4,5.476347189783879
693.6,5.397759929996159
693.8,5.416960858224055
694.0,5.352291622477132
694.2,5.210033774696896
694.4,5.286475219738371
694.6,5.248982584930416
694.8,5.1552380155961455
695.0,5.272816341858186
695.2,5.243545288460905
695.4,5.273603932138211
695.6,5.645605527046781
695.8,5.480216902493266
696.0,5.5363211854413885
696.2,5.568485884427989
696.4,5.504436392344326
696.6,5.2644846309601
696.8,5.366615213909984
697.0,4.994019402303621
697.2,5.189735159603591
697.4,4.914365745128235
697.6,4.529566301482386
697.8,4.72059593514048
698.0,5.007350088198453
698.2,4.935638288694918
698.4,5.199231295977718
698.6,4.813552361809778
698.8,4.725922662060945
699.0,4.420089110654268
699.2,4.440431517937073
699.4,4.492228748656539
699.6,4.482293313805168
699.8,4.5067757953118255
700.0,4.6922311411654505
700.2,4.547536454736837
700.4,4.37461459983801
700.6,4.656671463110643
700.8,4.164858229835469
701.0,4.195456278678597
701.2,4.1303327411188056
701.4,4.164211154289719
701.6,4.278629005888289
701.8,4.350402536566914
702.0,4.528144471185145
702.2,4.490544137702386
702.4,4.626742354118171
702.6,4.81714840908695
702.8,4.836547275164854
703.0,4.88479680951324
703.2,5.0441679479502675
703.4,4.80797454632139
703.6,4.801471249251547
703.8,4.5856376501529095
704.0,4.939854572816182
704.2,4.8408923052043304
704.4,4.923767766929268
704.6,5.185035954688312
704.8,5.02362809663945
705.0,4.997396035877158
705.2,4.907624295823737
705.4,4.780074251145518
705.6,4.636029592689543
705.8,4.746338475200053
706.0,4.816724559631364
706.2,5.0117630511542375
706.4,4.879200451035552
706.6,4.585909773588593
706.8,4.629949922848938
707.0,4.588115348392382
707.2,4.513968232723368
707.4,4.508308456222837
707.6,4.472215845525224
707.8,4.659265442295687
708.0,4.725968965818597
708.2,4.860346595895056
708.4,5.067462328809237
708.6,4.9668753672588695
708.8,4.706096252093536
709.0,4.939916603224113
709.2,4.936867006463617
709.4,4.863536061647457
709.6,4.737025555527482
709.8,4.595519867513541
710.0,4.516468755287631
710.2,4.640800301731926
710.4,4.470873636752552
710.6,4.582381092517887
710.8,4.595693206276717
711.0,4.465754902768447
711.2,4.667928482251202
711.4,4.221016748054967
711.6,4.454932259322755
711.8,4.38470253678563
712.0,4.261509165097312
712.2,4.339512866820673
712.4,4.261625565453775
712.6,4.217314335043027
712.8,4.18555193748695
713.0,4.021461886542573
713.2,4.208129501417829
713.4,4.429044425416131
713.6,4.380007388051879
713.8,4.5605713847824125
714.0,4.217635778480157
714.2,4.194600452437101
714.4,4.025687210113817
714.6,4.02257323442163
714.8,3.9945723319051636
715.0,3.9133858897794287
715.2,3.8089957966286345
715.4,3.9009522295067938
715.6,3.754770776554902
715.8,3.902441300490605
716.0,3.695346407444916
716.2,3.6683218282576595
716.4,3.6641824304158317
716.6,3.606014647329114
716.8,3.3854435364427435
717.0,3.6869992172823043
717.2,3.745961604073122
717.4,3.938824518508266
717.6,3.7190613922087485
717.8,4.034492684466553
718.0,3.945257466266748
718.2,4.038597125046406
718.4,4.031135148325511
718.6,4.1687631039106385
718.8,4.041379074570239
719.0,3.8211006038452306
719.2,3.724283530848872
719.4,4.044414266943647
719.6,3.708216879107443
719.8,3.7618119476376717
720.0,3.9125246585645974
720.2,4.039392926633828
720.4,4.180425808794189
720.6,4.129893180775265
720.8,3.935902794518614
721.0,3.9465407300360367
721.2,4.062213573475182
721.4,3.8487992359487295
721.6,3.93871444405114
721.8,3.754497427918431
722.0,3.4611224308264763
722.2,3.4875579041830145
722.4,3.5457344096620416
722.6,3.552499086633989
722.8,3.602102122189885
723.0,3.7416532264551483
723.2,3.6259880584234425
723.4,3.60114199312661
723.6,3.80534001663466
723.8,3.705031700048605
724.0,3.635188678276573
724.2,3.933398558028906
724.4,3.652523453121286
724.6,3.84708794541329
724.8,3.6955613993110275
725.0,3.692684550520167
725.2,3.7971541166341125
725.4,3.864216987150747
725.6,3.884493673488708
725.8,3.6548373199658015
726.0,3.9360122898735206
726.2,3.799497236674445
726.4,3.9952188421487924
726.6,4.037417933469458
726.8,3.9540634611059358
727.0,4.126052146513867
727.2,3.8940465873093126
727.4,3.796713422248347
727.6,3.9357660139614317
727.8,4.17083721192296
728.0,4.123486409220039
728.2,4.097610259919497
728.4,4.300818715425707
728.6,4.128063663838922
728.8,4.331795016340314
729.0,4.3239951617082255
729.2,4.590534716017693
729.4,4.471326793607654
729.6,4.543532332924261
729.8,4.35796387820011
730.0,4.550175991332268
730.2,4.435391626725429
730.4,4.448014665452947
730.6,4.538662733028889
730.8,4.237275885353055
731.0,4.28272213607328
731.2,4.358820126345831
731.4,4.128375005582322
731.6,4.056607793381904
731.8,4.107094864682088
732.0,4.143037035101864
732.2,4.208952536333158
732.4,4.21620981107856
732.6,4.2495728383832665
732.8,4.335698010476356
733.0,4.208782714969731
733.2,4.4022374527843064
733.4,4.1551352773116115
733.6,4.187247731932854
733.8,4.337635989007376
734.0,4.158258576336907
734.2,4.226531925171174
734.4,4.181063621107986
734.6,4.334512064093739
734.8,4.148267583608648
735.0,4.384684690943185
735.2,4.540840657783195
735.4,4.8296774771341076
735.6,4.932706834047229
735.8,4.726996671190949
736.0,4.86555592051252
736.2,4.8461842524605245
736.4,4.607248905431472
736.6,4.732302786954902
736.8,4.759070195860097
737.0,4.890540870641663
737.2,4.925791065443818
737.4,4.691340179098518
737.6,4.53665480298883
737.8,4.634921621611167
738.0,4.758422659902026
738.2,4.711806007678781
738.4,4.758687781020166
738.6,4.785888898908766
738.8,4.823560281899778
739.0,4.915279639593308
739.2,4.739438851091631
739.4,4.798111486520227
739.6,4.730807154820468
739.8,4.729990256481437
740.0,4.851115175547214
740.2,4.69257970451401
740.4,4.8529529515746574
740.6,4.879285774625284
740.8,4.594719799292992
741.0,4.855912280325246
741.2,4.825211235895313
741.4,4.6504742914486625
741.6,4.496540682162253
741.8,4.83787453669394
742.0,4.704593250883011
742.2,4.598266431158637
742.4,4.538461253397797
742.6,4.862778785126165
742.8,4.858622766132259
743.0,4.718787166182594
743.2,4.465390425497114
743.4,4.535873746684847
743.6,4.496154177919417
743.8,4.546062146168771
744.0,4.783345287907294
744.2,4.74913273392385
744.4,4.641895002834446
744.6,4.605024070623539
744.8,4.752676080852627
745.0,4.822145035588246
745.2,4.756635323731522
745.4,4.799986819530113
745.6,4.755803250459917
745.8,4.672655891781366
746.0,4.733171674405602
746.2,4.666862253015978
746.4,4.580064839161618
746.6,4.589275697594374
746.8,4.682593784350717
747.0,4.793984687998009
747.2,4.9232873427774
747.4,4.890152882371003
747.6,4.979005255042331
747.8,4.831286031706902
748.0,4.680300004669997
748.2,4.571289493757381
748.4,4.418699820950058
748.6,4.393777234631679
748.8,4.6691632386207775
749.0,4.6127307624114104
749.2,4.479092493254235
749.4,4.341272362174566
749.6,4.485334379959507
749.8,4.4555791158195825
750.0,4.472278906084465
750.2,4.433865879090142
750.4,4.41144137688672
750.6,4.509415328045671
750.8,4.409787372106483
751.0,4.336977527917122
751.2,4.322207598955
751.4,4.464468200872009
751.6,4.672361795700101
751.8,4.864235627984552
752.0,4.527966868597565
752.2,4.720157125344486
752.4,4.553916274274314
752.6,4.332205769817296
752.8,4.085704770949753
753.0,4.221717214567619
753.2,4.080485735284367
753.4,4.410488693025348
753.6,4.363101027418022
753.8,4.330316489546801
754.0,4.431785600378111
754.2,4.065743783782136
754.4,4.130447115253071
754.6,3.8931837583812303
754.8,3.6350369624517747
755.0,3.7124789569287464
755.2,3.853888029907485
755.4,3.8092748870533013
755.6,3.9545847232673133
755.8,3.7717335486281343
756.0,3.9495004852510096
756.2,3.9239066204403956
756.4,3.77155337643891
756.6,3.804179816492466
756.8,3.638429103406851
757.0,3.9410720440307787
757.2,4.131142044153936
757.4,3.837458004214771
757.6,3.688409496808142
757.8,3.8539293165486064
758.0,4.091572044984214
758.2,4.028149688203889
758.4,3.875323192593475
758.6,3.852336630653712
758.8,4.167352116707233
759.0,4.108454982981016
759.2,4.2422601471193495
759.4,4.280402781344926
759.6,4.626255838680319
759.8,4.430019801058854
760.0,4.3461356371867215
760.2,4.366149027489321
760.4,4.244455045324772
760.6,4.232862703903042
760.8,4.351452641760405
761.0,4.479600376955794
761.2,4.651801673176722
761.4,4.459715252355026
761.6,4.82660062289262
761.8,4.7464970508727315
762.0,4.803655122036027
762.2,4.576477426784312
762.4,4.686259456096716
762.6,4.78518890099441
762.8,4.632023391590557
763.0,4.636235462822665
763.2,4.575209094096256
763.4,4.419892849029744
763.6,4.310430696284424
763.8,4.411842471500355
764.0,4.354488000255159
764.2,4.391663293652243
764.4,4.432066760100735
764.6,4.428023024208267
764.8,4.555794103335877
765.0,4.247321966670981
765.2,4.371128599199488
765.4,4.5255694832299165
765.6,4.359055193456188
765.8,4.326294568826601
766.0,4.247268345830044
766.2,4.309208054632128
766.4,4.299738045432342
766.6,4.042830004443798
766.8,4.3427810284411725
767.0,4.083606688001101
767.2,3.9530943375412426
767.4,4.094536246794341
767.6,4.10974544413256
767.8,4.236943704913241
768.0,4.579738930643243
768.2,4.569721404382523
768.4,4.224984324696385
768.6,4.126105802246407
768.8,4.024971949160889
769.0,3.9344355038624435
769.2,3.9069299810619613
769.4,3.9113862060151527
769.6,4.0341023910324365
769.8,3.8968166601933456
770.0,3.7009564356884663
770.2,3.6746541391341934
770.4,3.690696379988082
770.6,3.615955370165969
770.8,3.5177169368683705
771.0,3.4534862185357094
771.2,3.773659237340537
771.4,3.641450552500675
771.6,3.6634123783158357
771.8,3.5903388642372756
772.0,3.350873226882789
772.2,3.6830036465539395
772.4,3.7806599119348885
772.6,3.7706245212589575
772.8,3.9995120534438153
773.0,3.969686749466581
773.2,3.700316160786529
773.4,3.7942357081901967
773.6,3.691575772389061
773.8,3.619559763408282
774.0,3.9139103550805885
774.2,4.005612358194213
774.4,3.814615797475179
774.6,3.6801521280650196
774.8,3.7023412843988535
775.0,3.928736657908864
775.2,3.484886962829518
775.4,3.495416349075628
775.6,3.5742440361864567
775.8,3.6390066626823803
776.0,3.662844742941845
776.2,3.457077829441759
776.4,3.4560377428391718
776.6,3.4641365429585607
776.8,3.687054469060896
777.0,3.604582321088608
777.2,3.65194396994189
777.4,3.6616418092063174
777.6,3.7164697490315666
777.8,3.8370646479265087
778.0,3.8313238192834165
778.2,3.711945904985269
778.4,3.641523878997854
778.6,3.5058658033870556
778.8,3.436525489449585
779.0,3.5518536506297487
779.2,3.4008600350960583
779.4,3.560991186905062
779.6,3.516623113883419
779.8,3.730038321813677
780.0,3.568701591264208
780.2,3.3801765585545986
780.4,3.4425793588454794
780.6,3.474334645952446
780.8,3.4573023808051855
781.0,3.4752554710423094
781.2,3.4728844255988394
781.4,3.539743875047393
781.6,3.731656585178957
781.8,3.824452040227227
782.0,3.686002777295148
782.2,3.5205518861338656
782.4,3.5053201281048976
782.6,3.3360481653335907
782.8,3.368147474013223
783.0,3.5651279294829696
783.2,3.463388925726315
783.4,3.3083265961393375
783.6,3.286601613908996
783.8,3.31632607277199
784.0,3.2707212034445563
784.2,3.530225768802545
784.4,3.4801107927902555
784.6,3.4891278187139907
784.8,3.450940777224746
785.0,3.6953461659392848
785.2,3.513413599530023
785.4,3.6101084578372706
785.6,3.3680475910599506
785.8,3.353553366448093
786.0,3.171003450398354
786.2,3.1943523215731573
786.4,3.2065516838783656
786.6,3.3074753566961785
786.8,3.1261272065285644
787.0,3.241055080804692
787.2,3.1872419166205868
787.4,2.9591336307950913
787.6,3.0052065265312375
787.8,3.1166355283197094
788.0,3.0086670030891054
788.2,3.1805780644535986
788.4,3.17382535969199
788.6,3.2226972296339538
788.8,3.2351507811590574
789.0,3.221813927714911
789.2,3.2839397487574855
789.4,3.3504925637337593
789.6,3.4034122530015005
789.8,3.4368137957169793
790.0,3.567268537853213
790.2,3.6582673909507366
790.4,3.8674454212612352
790.6,3.869515952158701
790.8,3.761018739879112
791.0,3.866880099797468
791.2,3.5804084340810074
791.4,3.5668673404712252
791.6,3.6057072123428076
791.8,3.632326424171463
792.0,3.7180604212956925
792.2,3.7311900508622804
792.4,3.5310531610389466
792.6,3.5054416282107272
792.8,3.4541131754734704
793.0,3.4994918459730533
793.2,3.4966453876872263
793.4,3.4765612760704947
793.6,3.1853245266465064
793.8,3.477958132835888
794.0,3.2630101753344465
794.2,3.232020531840422
794.4,3.1555557000373815
794.6,3.391623618340519
794.8,3.457208341430608
795.0,3.271043204285287
795.2,3.3367012033572165
795.4,3.282055421776436
795.6,3.196583453798481
795.8,3.3906742289498863
796.0,3.2074139764016514
796.2,3.2401295911359873
796.4,3.2653670017085252
796.6,3.175079943876099
796.8,3.183490566811519
797.0,3.3147668051323325
797.2,3.2868336800988622
797.4,3.4204773159187623
797.6,3.3965564703729227
797.8,3.6252856153046693
798.0,3.6543251847884752
798.2,3.7590215571222356
798.4,3.754934629901973
798.6,3.541438358425059
798.8,3.6768743886061888
799.0,3.4735903680599445
799.2,3.4703844614018813
799.4,3.4422441196129006
799.6,3.3744122505549514
799.8,3.577088966614344
800.0,3.7423916124492256
800.2,3.6794721773415167
800.4,3.559361120136772
800.6,3.8953191644478293
800.8,3.771746160974431
801.0,3.540009256791266
801.2,3.5564179523098196
801.4,3.483482900970061
801.6,3.39638278736093
801.8,3.3128540572152816
802.0,3.552035514402794
802.2,3.222369274815087
802.4,3.368609996805159
802.6,3.5351846336215713
802.8,3.405178431269976
803.0,3.5227209333163874
803.2,3.5338695667234967
803.4,3.616062848440408
803.6,3.3922447539780483
803.8,3.4189482023799767
804.0,3.4558354825825104
804.2,3.4760737420820886
804.4,3.7415552182660425
804.6,3.864551620278016
804.8,3.799848278711886
805.0,3.665703004793694
805.2,3.570507159900243
805.4,3.8185712499615763
805.6,3.8221367527918915
805.8,3.906574253833311
806.0,3.87023792473167
806.2,3.8694540858066997
806.4,3.888663129058149
806.6,3.7320710837260274
806.8,3.9678104641838856
807.0,4.038294497393252
807.2,3.997481346235708
807.4,4.114899454324512
807.6,4.224119388354543
807.8,4.081784828089482
808.0,4.2066737635659175
808.2,4.481330421478232
808.4,4.394182992153078
808.6,4.23806262281227
808.8,4.220865013316274
809.0,4.222007861492976
809.2,4.4100055931439295
809.4,4.408672704941109
809.6,4.40612806996552
809.8,4.734604806668022
810.0,4.615939439991368
810.2,4.633560290327323
810.4,4.518936390081558
810.6,4.5630860225426275
810.8,4.57901843954191
811.0,4.595203517063347
811.2,4.527069329488261
811.4,4.4846343469822845
811.6,4.3860826975493925
811.8,4.6143241447471315
812.0,4.596005460368697
812.2,4.9313919108997055
812.4,5.060160890149347
812.6,4.925024034140891
812.8,5.205232618843013
813.0,5.369514201243918
813.2,5.196856369674353
813.4,5.027684350925931
813.6,5.027003603367293
813.8,5.339117960366984
814.0,5.221782024297763
814.2,5.297333668261462
814.4,5.464415790580212
814.6,5.213492062368829
814.8,5.153321135329472
815.0,4.832203774206231
815.2,5.179987497936963
815.4,4.9590838305640315
815.6,4.831888420864463
815.8,5.1226376716672775
816.0,5.11631098350774
816.2,5.130760398270262
816.4,5.324008206631581
816.6,5.24952295293075
816.8,5.390963603684832
817.0,5.2047068311966065
817.2,5.485139657759644
817.4,5.7234021619942315
817.6,5.470329568073417
817.8,5.47990751995731
818.0,5.538018669806771
818.2,5.389874095179077
818.4,5.352246239664307
818.6,5.284729958089267
818.8,5.236406089255336
819.0,5.246104942056258
819.2,5.35267449513925
819.4,5.316962889990245
819.6,5.1783242821733895
819.8,5.1027493004819275
820.0,5.0759778440563625
820.2,5.004085914440687
820.4,4.961377553924054
820.6,4.8775551042788265
820.8,4.860567082150671
821.0,4.829288024549774
821.2,4.838564131885091
821.4,4.743145406447038
821.6,4.962691592969105
821.8,5.07459192170254
822.0,4.616381603258465
822.2,4.674242087045825
822.4,4.5976001760194745
822.6,4.604321711346663
822.8,4.176506376322562
823.0,4.405378358333149
823.2,4.29502973527215
823.4,4.448805797608733
823.6,4.4147298195011
823.8,4.368302152106344
824.0,4.265671922711741
824.2,4.179981757762215
824.4,3.9374753114906356
824.6,3.826054922557779
824.8,3.7713797884162976
825.0,3.7064315742995846
825.2,4.014519829557759
825.4,4.000090790775015
825.6,3.9859071524842338
825.8,3.9269480285147216
826.0,3.9014369650705376
826.2,4.089590886653266
826.4,4.173277987490298
826.6,3.7868080403865827
826.8,3.888853239987202
827.0,3.977436646301771
827.2,4.004132763071645
827.4,3.9019031195159597
827.6,3.8210912954686065
827.8,4.148296146391527
828.0,4.098583930688785
828.2,4.2339039334605
828.4,4.124949864710931
828.6,4.257227590870543
828.8,4.045021157192549
829.0,4.043503543983013
829.2,4.223769247856591
829.4,4.102402693335807
829.6,3.992195081799087
829.8,4.144355000778481
830.0,4.1783811509913615
830.2,3.914752658087268
830.4,3.814723796616395
830.6,4.157147686896666
830.8,4.1590897258191575
831.0,4.507842995784014
831.2,4.45287127835201
831.4,4.334251271445394
831.6,4.358024165955462
831.8,4.348597288198668
832.0,4.351243972457938
832.2,4.555009644850916
832.4,4.790429646559005
832.6,4.798780264760731
832.8,4.74465279271562
833.0,4.765833338976764
833.2,4.8121271334634415
833.4,4.836614075349525
833.6,4.975307485908762
833.8,4.9758813308611884
834.0,5.200013765731509
834.2,4.994044580948987
834.4,4.961835169528124
834.6,5.103184063442815
834.8,5.0783297331255435
835.0,5.06825110271435
835.2,4.87245258033684
835.4,4.564659869559356
835.6,4.726180021607046
835.8,4.683026566095645
836.0,4.788928591319163
836.2,5.036184789200595
836.4,4.817586223412882
836.6,4.749015905584155
836.8,4.762297763192425
837.0,4.688503997298066
837.2,4.640984013978135
837.4,5.088936847761844
837.6,4.852352641308524
837.8,4.77552422674909
838.0,4.8903201286519415
838.2,4.722599703361224
838.4,4.835205880782109
838.6,4.569293783134234
838.8,4.4745072117822735
839.0,4.558962961061002
839.2,4.436186677665186
839.4,4.48865171823897
839.6,4.350191470915014
839.8,4.5595146829352595
840.0,4.458483181877863
840.2,4.526376568571415
840.4,4.532036175709658
840.6,4.536666514196128
840.8,4.491578121041908
841.0,4.4656627411233885
841.2,4.471167851124353
841.4,4.38914909051069
841.6,4.434631346875161
841.8,4.653089142458054
842.0,4.66390117563293
842.2,4.579609549791767
842.4,4.7255374574685245
842.6,4.738603606192497
842.8,4.614866937040761
843.0,4.439816227035754
843.2,4.587638120830853
843.4,4.446612192254885
843.6,4.349950883907715
843.8,4.406763222413963
844.0,4.306617393143332
844.2,4.341274170857267
844.4,4.129086688520239
844.6,4.327412626454554
844.8,4.2254305713272915
845.0,4.408865817716305
845.2,4.618699766540166
845.4,4.620616984968392
845.6,4.3300909807680235
845.8,4.175266836143479
846.0,4.292699249565731
846.2,4.304767744192518
846.4,4.426340748704339
846.6,4.051057739303872
846.8,4.00620948472234
847.0,4.09916095394205
847.2,4.327842236941562
847.4,4.659937651051389
847.6,4.7052658712308935
847.8,4.74272645537479
848.0,4.341800228337069
848.2,4.525603058159044
848.4,4.441849266058527
848.6,4.306393292303376
848.8,3.9295529375455325
849.0,4.383875908685014
849.2,4.39385884820981
849.4,4.136602359249942
849.6,3.922962397508006
849.8,3.796801948290234
850.0,4.20250905836087
850.2,4.058924831486745
850.4,4.142170929915984
850.6,4.109992538499091
850.8,4.046715460090368
851.0,4.105255637538237
851.2,3.9761545441567647
851.4,3.9760392285530655
851.6,3.76224334677562
851.8,3.8323090207070125
852.0,3.8224676137203364
852.2,3.7977724024418174
852.4,3.9021871333631846
852.6,3.678577866276569
852.8,3.4877001317952008
853.0,3.618216707163623
853.2,3.561837608964197
853.4,3.5606565129300303
853.6,3.52344091271201
853.8,3.4274282430586305
854.0,3.258674162721643
854.2,3.1285287714769097
854.4,3.302761925194778
854.6,3.2939340277977722
854.8,3.3950505065332535
855.0,3.303345139928964
855.2,3.5678500339593286
855.4,3.296624239155798
855.6,3.3897605183249975
855.8,3.1089328869445993
856.0,3.3649525983574438
856.2,3.2937612023216825
856.4,3.4203683504960667
856.6,3.118598954164158
856.8,3.220114461103817
857.0,3.1573988946968052
857.2,3.342849981836438
857.4,3.33782252131254
857.6,3.280886965707729
857.8,3.3677637646670204
858.0,3.4850393425440114
858.2,3.454758807188571
858.4,3.4138987847557174
858.6,3.5812315455293544
858.8,3.696808181602628
859.0,3.6573849950111734
859.2,3.6035214703187775
859.4,3.727096546435988
859.6,3.5823765330139046
859.8,3.5444980818625793
860.0,3.4395899987527074
860.2,3.586995400559918
860.4,3.583919304284513
860.6,3.559656296433347
860.8,3.4936917846392657
861.0,3.5213000500904634
861.2,3.611696484069841
861.4,3.341731729323672
861.6,3.3960437946749633
861.8,3.4156653475647736
862.0,3.4020267385860015
862.2,3.487916395040303
862.4,3.709338607473854
862.6,3.419421050970913
862.8,3.292605016375604
863.0,3.19955742503485
863.2,3.218812994897011
863.4,3.274554020065182
863.6,3.250885412903082
863.8,3.3551223474579377
864.0,3.466060281440796
864.2,3.331236408848727
864.4,3.806411441167588
864.6,3.8832817568032483
864.8,3.7224842929198196
865.0,3.7954612427499623
865.2,3.591283573733409
865.4,3.427672507258985
865.6,3.317113327661865
865.8,3.545800595600789
866.0,3.5728504907151044
866.2,3.463882584364282
866.4,3.4768003493285384
866.6,3.4770169013616803
866.8,3.2761264760237325
867.0,3.6950556491744777
867.2,3.7184240755241103
867.4,3.634672896918039
867.6,3.8518634019656552
867.8,3.691948328038924
868.0,3.7833451467188923
868.2,3.949974321644595
868.4,3.967693473060904
868.6,3.720229062100898
868.8,3.9275016249651156
869.0,4.223181489011747
869.2,3.9469414088685704
869.4,3.975635415324745
869.6,4.197191967071472
869.8,4.028802492881036
870.0,3.9274214355976986
870.2,3.900688440457735
870.4,3.696938592156116
870.6,3.6994256681683737
870.8,3.6732972210275587
871.0,3.9631788221461783
871.2,3.9507677284420146
871.4,3.6125069060666566
871.6,3.5245408372724603
871.8,3.418612158001598
872.0,3.5571684108779467
872.2,3.731543005199037
872.4,3.8018897075180567
872.6,3.7703354784467775
872.8,3.9833939919213925
873.0,4.027868926046027
873.2,3.9023865478781397
873.4,3.8309260886424963
873.6,4.0629033183570336
873.8,4.047691428390065
874.0,3.9618319329617315
874.2,4.1296982965347535
874.4,4.232860858281022
874.6,4.291282474547355
874.8,4.308821940232107
875.0,4.286059002460244
875.2,4.179718264238842
875.4,4.206551467834789
875.6,4.165874230540696
875.8,4.237422323424791
876.0,4.336058369506768
876.2,4.3448213096800234
876.4,4.710781890028786
876.6,4.616383085393387
876.8,4.762724405604055
877.0,4.525001603974755
877.2,4.52034247523571
877.4,4.547198540922054
877.6,4.627306929427185
877.8,4.706200917073099
878.0,4.382804909307802
878.2,4.372896404160661
878.4,4.259636327731291
878.6,4.240607889381458
878.8,4.119384425008155
879.0,3.794152558485294
879.2,4.012786013687677
879.4,4.024666886767065
879.6,4.104517723970788
879.8,3.9970546332125263
880.0,3.879563434981189
880.2,4.184657332651691
880.4,4.16745453394634
880.6,4.3990592205390895
880.8,4.362408576945675
881.0,4.3064918899648665
881.2,3.8253018644083903
881.4,3.8495494928970855
881.6,3.9860582583210786
881.8,3.9229755127902934
882.0,3.871611455486169
882.2,3.791523636479047
882.4,3.9099165056111698
882.6,3.777564039006785
882.8,3.9318671172639053
883.0,3.815576436366841
883.2,4.1856696676464855
883.4,3.834288711012683
883.6,4.265912512893948
883.8,4.210059070164436
884.0,4.055034543185373
884.2,3.9676563004031125
884.4,4.122639747741582
884.6,4.167298430779641
884.8,4.089376578669125
885.0,4.237826391136746
885.2,4.1753304495555765
885.4,4.183795199347612
885.6,4.407701814000294
885.8,4.481609299675689
886.0,4.377890247530765
886.2,4.398168940539328
886.4,4.229821128482375
886.6,4.170578749521871
886.8,4.054763888819559
887.0,4.201432098276148
887.2,4.355083845268878
887.4,4.141356471465824
887.6,4.233458181511672
887.8,3.9364476436569382
888.0,4.034071289683904
888.2,3.9177289623247864
888.4,3.5600422294943534
888.6,3.5276474505620934
888.8,3.5032217710408196
889.0,3.414482030077162
889.2,3.49927351387736
889.4,3.5699345641958518
889.6,3.617401105599844
889.8,3.5286822236838904
890.0,3.4245785112319194
890.2,3.2125515310111457
890.4,3.3725661398552074
890.6,3.306393992148006
890.8,3.2595566046819697
891.0,3.297138923673061
891.2,3.3824231182006033
891.4,3.40407551999961
891.6,3.3127867594254834
891.8,3.2898193511285947
892.0,3.3025830248568835
892.2,3.531186163989918
892.4,3.4142056708112465
892.6,3.3261258622375225
892.8,3.5964726430072065
893.0,3.6251764220364926
893.2,3.5996274840502585
893.4,3.8738883491946368
893.6,3.6793642150605255
893.8,3.761033407591485
894.0,3.7267363523979924
894.2,4.050023674906112
894.4,3.9402189389123823
894.6,3.8737767943425894
894.8,3.855124941321411
895.0,3.8357070607137707
895.2,3.6566095407939923
895.4,3.92727534006143
895.6,3.987115282680184
895.8,4.123598261780922
896.0,4.172794909306997
896.2,3.9559438263662887
896.4,3.9492018819033894
896.6,3.920297259751023
896.8,3.9776642583521142
897.0,4.020505448024016
897.2,4.114842614435798
897.4,4.01769548935689
897.6,4.1387263930649985
897.8,4.294874460927701
898.0,4.327811111370552
898.2,4.185233331960049
898.4,4.23429084859066
898.6,4.274204054679109
898.8,3.9933279634083654
899.0,3.8148965379963657
899.2,3.592664013491894
899.4,3.402372155154195
899.6,3.7251782661520343
899.8,3.743261498424123
900.0,3.639626248044462
900.2,3.8044506853821427
900.4,3.7898985264072866
900.6,3.9009709501874017
900.8,4.133175943215472
901.0,4.236752840001095
901.2,4.131278756093165
901.4,4.179413591799818
901.6,4.2468284509192396
901.8,4.412139421055439
902.0,4.571305063816087
902.2,4.406576005536054
902.4,4.232613492844953
902.6,4.379308058193706
902.8,4.304004176230283
903.0,4.515283634647737
903.2,4.719025865829048
903.4,4.5203778819416645
903.6,4.441497473793749
903.8,4.559809165088028
904.0,4.390978775427117
904.2,4.296627331209848
904.4,4.386883911473213
904.6,4.042510858174751
904.8,4.22809727584146
905.0,4.134374558696472
905.2,4.069305212137167
905.4,4.225747690349323
905.6,4.385886603917972
905.8,4.26585523162422
906.0,3.9908958058074355
906.2,3.7975025619564535
906.4,4.148399664905956
906.6,3.9813798775328695
906.8,3.9836804264902255
907.0,4.125289604181539
907.2,4.198828924592977
907.4,4.179181166270819
907.6,4.308394513503308
907.8,4.228582285296511
908.0,4.02694303820597
908.2,4.147735353414216
908.4,4.2518060088616485
908.6,4.17953144436504
908.8,4.1355377617742
909.0,4.114806419171466
909.2,4.4237372514215565
909.4,4.7829480789527485
909.6,4.927511746994831
909.8,4.7539215812376545
910.0,4.705625078728049
910.2,4.876898676054188
910.4,4.941964656349212
910.6,4.737180156063216
910.8,4.535038104050702
911.0,4.557469385972205
911.2,4.646873575596764
911.4,4.624772719929186
911.6,4.7368194452136425
911.8,4.587291416055279
912.0,4.481385078579311
912.2,4.193082217555444
912.4,4.470795018314714
912.6,4.42458501242631
912.8,4.02714473829439
913.0,3.9411118274462105
913.2,4.071467098723794
913.4,3.849120620392727
913.6,3.9660603242559898
913.8,4.013241042334537
914.0,4.013606369375278
914.2,4.015073991914894
914.4,4.183165020833586
914.6,4.432422098206088
914.8,4.5800111417025064
915.0,4.727419097057149
915.2,4.636901822872262
915.4,4.539265689421799
915.6,4.515519950434676
915.8,4.628706751980392
916.0,4.28427560187856
916.2,4.354651871894465
916.4,4.486979996712953
916.6,4.511323207078473
916.8,4.42920507154608
917.0,4.323042234267214
917.2,4.485471857076712
917.4,4.401219461407722
917.6,4.384009524454103
917.8,4.283549329306787
918.0,4.502710113866518
918.2,4.508088552272174
918.4,4.411585141233975
918.6,4.3692538672140735
918.8,4.523209221679208
919.0,4.363779696236637
919.2,4.342765211178724
919.4,4.118595844358969
919.6,4.025979732467679
919.8,3.7165951724940687
920.0,3.5931780967749214
920.2,3.584070701932534
920.4,3.5730447575055537
920.6,3.490881896197372
920.8,3.4266317496090135
921.0,3.3732674564824316
921.2,3.6484716289554626
921.4,3.521641475857471
921.6,3.5143996693515747
921.8,3.595010617694248
922.0,3.444522000037961
922.2,3.7078769085006806
922.4,4.084766817164519
922.6,4.178188476034279
922.8,3.88302335664667
923.0,3.9757491201870394
923.2,4.057208782553998
923.4,3.7589557347545126
923.6,3.6415390657068336
923.8,3.669253540140054
924.0,3.590532938456163
924.2,3.2676258357733454
924.4,3.376566861298041
924.6,3.491767511896351
924.8,3.7581517981533685
925.0,3.8337559531285685
925.2,3.9895063660480075
925.4,4.221291660491394
925.6,4.2569073989193695
925.8,4.030864422362736
926.0,4.018822951202205
926.2,3.7913388246140176
926.4,3.4812240530306835
926.6,3.487710828379518
926.8,3.5059295116351405
927.0,3.3928167531106888
927.2,3.435789522126883
927.4,3.3035705811420097
927.6,3.3659603888103247
927.8,3.2851857897398147
928.0,3.3990485678261257
928.2,3.315368675062662
928.4,3.6962252325231466
928.6,3.558200478283819
928.8,3.4955632507294574
929.0,3.4543505877007608
929.2,3.338707257844493
929.4,3.4656479551613746
929.6,3.296240836147662
929.8,3.4525365722577237
930.0,3.3851681751980687
930.2,3.5489614543801413
930.4,3.8891650759564813
930.6,4.042325935188408
930.8,4.042764167570976
931.0,4.003428335879164
931.2,3.898787325095212
931.4,4.071396507126591
931.6,4.292148198812864
931.8,4.0786855905876624
932.0,4.004592211717885
932.2,3.814656226486584
932.4,3.94638002276725
932.6,3.6702316145834937
932.8,3.7677889493159915
933.0,3.8981158889927143
933.2,3.9192656746652306
933.4,3.733846084138739
933.6,3.631009224500925
933.8,3.6950644330220563
934.0,3.8015290934972104
934.2,3.904120314249739
934.4,3.694194829142597
934.6,3.7728728772714297
934.8,3.6841185466219724
935.0,3.82409613058701
935.2,3.928061091353989
935.4,3.7858936999627106
935.6,3.757161973613039
935.8,3.5573381099283843
936.0,3.4019483750186175
936.2,3.436590097762394
936.4,3.6499701475166564
936.6,3.5785599009568125
936.8,3.6076035417619132
937.0,3.5972877431712345
937.2,3.4862115126278237
937.4,3.799767415796672
937.6,3.5366107123231747
937.8,3.7742421485917
938.0,3.6287815898182516
938.2,3.7397396564307606
938.4,3.7146773744781383
938.6,3.469658317412385
938.8,3.8864579965092876
939.0,3.9075115855344515
939.2,3.783029388865193
939.4,3.9681427792858086
939.6,3.9838953777587593
939.8,3.8801105369159887
940.0,4.073129134816465
940.2,4.022653783951638
940.4,3.881956801393958
940.6,3.8408519831746655
940.8,3.8390207973601753
941.0,3.782951561277007
941.2,3.8607009227757096
941.4,4.03248060445483
941.6,3.9220281112876973
941.8,3.880818114131628
942.0,3.8608321938441836
942.2,3.8674133594909583
942.4,3.6980652285262257
942.6,3.91154038910012
942.8,3.812787415609332
943.0,3.8093376124018232
943.2,3.743715955884277
943.4,3.6763496417463855
943.6,3.8284279462226714
943.8,3.848392579105319
944.0,3.9842084244327833
944.2,4.009190359364881
944.4,4.057570312106086
944.6,3.6698002260340994
944.8,3.6832756975178524
945.0,3.5982122118611066
945.2,3.7449602319304023
945.4,3.5666745854918602
945.6,3.3971275353864283
945.8,3.273775360666882
946.0,3.3514983138162995
946.2,3.4311765024372427
946.4,3.6414526584324616
946.6,3.4521414870584923
946.8,3.5009055255664547
947.0,3.521114040801723
947.2,3.6378144886557853
947.4,3.7620524857300786
947.6,3.5589786570210546
947.8,3.566401725216259
948.0,3.459376197950242
948.2,3.5686308206885347
948.4,3.694269929480603
948.6,3.7593031881027983
948.8,3.606446127294441
949.0,3.472736596543109
949.2,3.4420584894096193
949.4,3.5947949266249273
949.6,3.3876557710344217
949.8,3.633423179679534
950.0,3.6369424271150277
950.2,3.314428250710465
950.4,3.0126639173263094
950.6,3.005315590516015
950.8,3.0308031567953018
951.0,3.039198503573231
951.2,3.135390369690572
951.4,3.2229283421432466
951.6,3.1009112137794825
951.8,3.2937306026613737
952.0,3.154417078659805
952.2,2.8044877923148417
952.4,2.8959700371659904
952.6,2.9216200506951404
952.8,3.0849676099721535
953.0,3.070313251068867
953.2,2.7929197819894283
953.4,2.8102471871967394
953.6,2.9429964200218324
953.8,2.9566457006991107
954.0,3.0122661684154535
954.2,2.880634154991287
954.4,3.2228676707517088
954.6,3.2589743338242134
954.8,3.2860891042823352
955.0,3.3041059195971294
955.2,3.29170104929497
955.4,3.3316855065599786
955.6,3.5232041643438294
955.8,3.5397738291218266
956.0,3.3402461554986482
956.2,3.256590096083448
956.4,3.2805836183302364
956.6,3.348095333830717
956.8,3.5141248280281707
957.0,3.5790891327646164
957.2,3.688426536373676
957.4,3.643566847205535
957.6,3.4322976688003353
957.8,3.4697397136219505
958.0,3.702748408934255
958.2,3.6662712885469366
958.4,3.6678387649048214
958.6,3.902938966365807
958.8,3.8986424246433153
959.0,3.9224414368346125
959.2,3.5282033678635436
959.4,3.666461578778633
959.6,3.7317079902335184
959.8,3.6621816674749814
960.0,3.8978350008754186
960.2,3.8289155388138862
960.4,3.863954602104923
960.6,3.6110397175547613
960.8,3.701513260298709
961.0,3.4008492044846568
961.2,3.364485738962292
961.4,3.364071896590824
961.6,3.6416154720733744
961.8,3.661469557522515
962.0,3.809575451491099
962.2,3.7819527789670193
962.4,3.6312843662385226
962.6,3.667585305935229
962.8,3.673485857884737
963.0,3.5857689761561398
963.2,3.5120632849073834
963.4,3.5161486472859007
963.6,3.490792312038338
963.8,3.6388720795116427
964.0,3.4890902290014854
964.2,3.7288481120444827
964.4,3.681895173123247
964.6,3.712319756016531
964.8,3.598055181757822
965.0,3.8622442831348023
965.2,4.081832158202273
965.4,4.13327167706276
965.6,4.070805029955457
965.8,4.046675810842355
966.0,3.8524060362583112
966.2,3.8005664334009537
966.4,3.821498664930329
966.6,3.725124289693075
966.8,3.9776577219643867
967.0,3.8649122586813025
967.2,3.8846963484881973
967.4,3.840027702834319
967.6,3.984132403827739
967.8,3.9564967766910044
968.0,4.093504571318324
968.2,3.968446264221891
968.4,4.02243378136456
968.6,4.134877821309314
968.8,4.150933600237003
969.0,3.8502805989490714
969.2,3.6638715424286885
969.4,3.786998091456125
969.6,3.7909399095958864
969.8,3.9243466197573453
970.0,4.079615158807087
970.2,3.9859897229872168
970.4,4.022243810611667
970.6,4.0358650114038
970.8,3.9358108143768424
971.0,3.7568205669499175
971.2,3.8834924906712436
971.4,3.78014103786698
971.6,3.411116680188047
971.8,3.450616732719439
972.0,3.361910437269768
972.2,3.4762324819687658
972.4,3.345380295807228
972.6,3.611483030600314
972.8,3.4436888064910844
973.0,3.254476564419415
973.2,3.378831254545978
973.4,3.417466358489249
973.6,3.5010463320117724
973.8,3.468776637419715
974.0,3.535868198217294
974.2,3.4089728864330024
974.4,3.1952915111540467
974.6,3.4742618286532694
974.8,3.115570221834841
975.0,3.3329435934450506
975.2,3.307223547559875
975.4,3.362936389688648
975.6,3.4438817316702233
975.8,3.5142868200782953
976.0,3.5659272854726347
976.2,3.7190828158928424
976.4,3.6673435857447036
976.6,3.490637173245181
976.8,3.7961674906628975
977.0,3.8656471547818567
977.2,3.903125200171862
977.4,3.7577876521245392
977.6,3.923194965541652
977.8,3.7540720640086063
978.0,3.530591923879873
978.2,3.629810996557489
978.4,3.6887214246207436
978.6,3.587209372825098
978.8,3.751131842354483
979.0,3.9117912939249644
979.2,3.790065741715705
979.4,3.8406505504869575
979.6,3.6618680271121016
979.8,3.5589137650330533
980.0,3.8470690873306945
980.2,3.9711922874899654
980.4,3.813880443454378
980.6,3.8232754581261537
980.8,3.6689761550488234
981.0,3.636621678375435
981.2,3.806570753920995
981.4,3.5378468008190316
981.6,3.593841874817312
981.8,3.5759018592514593
982.0,3.69055184148168
982.2,3.3212390953646733
982.4,3.3867088467850355
982.6,3.520146587489698
982.8,3.51920552138847
983.0,3.445315505585731
983.2,3.315617949391605
983.4,3.276643894395666
983.6,3.2495244436817288
983.8,3.4426927747094638
984.0,3.325896603610805
984.2,3.361129503263386
984.4,3.588172689148845
984.6,3.5744329784583995
984.8,3.7327161986316026
985.0,3.4584503628511984
985.2,3.554522363329406
985.4,3.5157238928230856
985.6,3.3616157250265637
985.8,3.4230378223000297
986.0,3.3192368369860503
986.2,3.472110290644537
986.4,3.4601785779276546
986.6,3.3654432595260597
986.8,3.234671130342778
987.0,3.034250747087264
987.2,3.0315536436916886
987.4,3.1878730855366277
987.6,3.314570840039821
987.8,3.4714283469240987
988.0,3.520720484688313
988.2,3.783522646966135
988.4,3.4749384684150195
988.6,3.4827027623760975
988.8,3.632107014318862
989.0,3.811354587375517
989.2,3.9297243206460317
989.4,4.0212096221681435
989.6,4.092258825117975
989.8,3.9876359535659427
990.0,4.258191910093303
990.2,4.283627231644357
990.4,4.242279750881345
990.6,4.471416326823948
990.8,4.427974280164949
991.0,4.200809932923637
991.2,4.151943662016972
991.4,3.8461182707438266
991.6,3.7190183998231126
991.8,3.826609433946721
992.0,3.7694455957086355
992.2,3.756067235711427
992.4,3.3815761412245546
992.6,3.4872531230052615
992.8,3.574151966485995
993.0,3.495433216851318
993.2,3.5639638413403927
993.4,3.4716079993774307
993.6,3.8437200915005816
993.8,3.7104583612822597
994.0,3.6241121184927065
994.2,3.9609231020730093
994.4,3.911589686259695
994.6,3.735778654644644
994.8,3.909241478243468
995.0,4.079924596389121
995.2,4.175398801967654
995.4,4.292609969159773
995.6,4.28488754401815
995.8,4.392708034489297
996.0,4.493085846930491
996.2,4.451086455597118
996.4,4.62618515358139
996.6,4.581779844645325
996.8,4.376465439572584
997.0,4.551270775410442
997.2,4.481651377318048
997.4,4.499027341169672
997.6,4.16167622832269
997.8,4.232149366200931
998.0,4.443169319449131
998.2,4.450298967103128
998.4,4.342845493642096
998.6,4.550636002848593
998.8,4.613978581418405
999.0,4.558838196247573
999.2,4.4315963419999065
999.4,4.602884077164235
999.6,4.642480479434914
999.8,4.764545590617436
1000.0,4.936275007382331
