Time_ns,Peptide_1
0.0,6.660750348754675e-08
0.2,0.32732422953229046
0.4,0.5551628039037362
0.6,0.3990499902898329
0.8,0.4782248424975834
1.0,0.5566849086577706
1.2,0.5909432464369722
1.4,0.520087407589655
1.6,0.5833385563935327
1.8,0.617162882503752
2.0,0.46067688116787353
2.2,0.4969303360896382
2.4,0.46407580879952615
2.6,0.4204467396072076
2.8,0.38202268020620433
3.0,0.3771948477544577
3.2,0.4679345516196548
3.4,0.4346442862940953
3.6,0.4891322662858947
3.8,0.5747763714954512
4.0,0.6123561041141837
4.2,0.6296257814495074
4.4,0.6109200418135947
4.6,0.686535463047077
4.8,0.6992671163342143
5.0,0.7093017122395434
5.2,0.7463222892766445
5.4,0.6794973587344391
5.6,0.6251679394047434
5.8,0.6506775240471878
6.0,0.5622585531547248
6.2,0.6104571430270304
6.4,0.6250504831873476
6.6,0.5859840812925883
6.8,0.7380783554816713
7.0,0.8244589292664182
7.2,0.9796462726763432
7.4,1.0324076548201262
7.6,0.973851602704879
7.8,1.0246081528080646
8.0,1.0085376345082884
8.2,0.8540771922000202
8.4,0.9055656904090803
8.6,0.9381691634586776
8.8,1.0199026172932277
9.0,0.988142451987428
9.2,0.9478528273294666
9.4,1.0720392391661298
9.6,0.942534124155489
9.8,0.9914640376877853
10.0,0.8979988106619887
10.2,0.9454301014802449
10.4,0.9142856099014132
10.6,0.8867601664556878
10.8,0.8921375550886186
11.0,0.8436476729671902
11.2,0.909770098504126
11.4,0.8508450018692152
11.6,0.8268649431316165
11.8,0.8631967779419781
12.0,0.8321120853955069
12.2,0.9221849274957311
12.4,0.8640659905297087
12.6,0.7608341827506373
12.8,0.7364192997054367
13.0,0.9141276492413299
13.2,1.0120176997137247
13.4,0.9338337001037751
13.6,0.895927814382779
13.8,1.0030643585863142
14.0,1.033100010524808
14.2,1.0220288311700965
14.4,0.994700406234475
14.6,0.9181550080254353
14.8,0.9763604348866739
15.0,1.0233719263982466
15.2,0.9227205474393205
15.4,0.8735653562212098
15.6,0.8370305007600246
15.8,0.7692625676597068
16.0,0.7468729411604415
16.2,0.7851435137546476
16.4,0.769831725220515
16.6,0.7562536493521581
16.8,0.8269437031361969
17.0,0.7931603059815163
17.2,0.8164000427067333
17.4,0.8396155092157043
17.6,0.9111337923268209
17.8,0.842434257646369
18.0,0.8513019831915759
18.2,0.7857290501971881
18.4,0.7445810593136523
18.6,0.7753709448246106
18.8,0.9152547211127369
19.0,0.8358389728573107
19.2,0.8965478472484435
19.4,0.9260359855736121
19.6,0.9104746750953497
19.8,0.920893760030751
20.0,1.0048073730348923
20.2,1.0137796391852327
20.4,1.0395583992476587
20.6,1.066980240965384
20.8,1.082542175896301
21.0,1.0307764856037993
21.2,1.143682309580559
21.4,1.2272947471912896
21.6,1.1971509451209887
21.8,1.2384094046489655
22.0,1.2350618129180477
22.2,1.2648883252539336
22.4,1.2597906340660867
22.6,1.2397170153295196
22.8,1.2386506692728176
23.0,1.2406672485932069
23.2,1.106131549985552
23.4,0.9875174570139287
23.6,0.9102681904682356
23.8,0.8570896898681681
24.0,0.7375600660675062
24.2,0.7617563395190071
24.4,0.7103621515299972
24.6,0.7370884620924608
24.8,0.7146828522454751
25.0,0.8386005688395425
25.2,0.8899458107335525
25.4,1.0190684178166776
25.6,1.0378942911771771
25.8,0.9844752258776767
26.0,1.0410422154185122
26.2,1.044215621253858
26.4,1.0234896436408012
26.6,0.872783832152194
26.8,0.8864849936484056
27.0,1.0194953326010485
27.2,1.147015333910557
27.4,1.0698360797013058
27.6,1.1095610881403397
27.8,1.0052212666482772
28.0,1.0082338577380288
28.2,1.1139826467851077
28.4,0.9395143715413166
28.6,0.985792147208177
28.8,0.9212362612991614
29.0,0.801490458312232
29.2,0.9638433580162836
29.4,0.9339587506953084
29.6,0.859791186849739
29.8,0.8385491436758474
30.0,0.9468230397827672
30.2,0.8459443146585709
30.4,0.7802680197202144
30.6,0.8100730776216507
30.8,0.8754114651872296
31.0,0.7890926219223419
31.2,0.8078081407388866
31.4,0.7509152415837643
31.6,0.7430527210963088
31.8,0.7067968661822989
32.0,0.7796142159317115
32.2,0.7736378266128685
32.4,0.8184234684680955
32.6,0.7252231509778627
32.8,0.6017533826727715
33.0,0.5941744233642962
33.2,0.5467998597539263
33.4,0.5177223509478343
33.6,0.5843686887773959
33.8,0.585963966801641
34.0,0.6494155233025111
34.2,0.6381682138600258
34.4,0.4951954620648542
34.6,0.5885271152844852
34.8,0.6065850998818546
35.0,0.5298770855142273
35.2,0.5956177221194534
35.4,0.43619630174011964
35.6,0.46219574829446675
35.8,0.5464235497720115
36.0,0.6149047571276827
36.2,0.6643832788612705
36.4,0.6734107359091837
36.6,0.7053535170701356
36.8,0.797257969346518
37.0,0.6701628770908951
37.2,0.7446346103745154
37.4,0.6010757825448121
37.6,0.5674727085576905
37.8,0.5357343810592852
38.0,0.5716126983182072
38.2,0.5157793527108281
38.4,0.502240182197067
38.6,0.5113359077932519
38.8,0.5086654573340987
39.0,0.5405834916114614
39.2,0.6150751779243064
39.4,0.610703100966684
39.6,0.6441997322919565
39.8,0.5798785017332218
40.0,0.8189465076473648
40.2,0.9318702643427874
40.4,0.9890908992371891
40.6,0.8183880903931275
40.8,0.8637872749610583
41.0,1.0023311826836272
41.2,1.002177099755234
41.4,0.952721548425758
41.6,0.9037451193946986
41.8,0.8308065604388357
42.0,0.7792183435494915
42.2,0.871140711949062
42.4,0.9027055733482598
42.6,0.9767041041720625
42.8,0.9565750390288905
43.0,0.7405512330405969
43.2,0.7036898002984141
43.4,0.6519071342159065
43.6,0.7901534860637435
43.8,0.7991976661207937
44.0,0.6510156926493489
44.2,0.7153721361420807
44.4,0.7386752657910173
44.6,0.7309225424652219
44.8,0.7845964880051601
45.0,0.7644302246876595
45.2,0.7143528962525555
45.4,0.7909452697392602
45.6,0.7839605019661261
45.8,0.7897249205085636
46.0,0.8548176635452307
46.2,0.912794865583567
46.4,0.8522469842159873
46.6,0.909163718601666
46.8,0.7372848920718227
47.0,0.7704478608828279
47.2,0.8111650498974254
47.4,0.8449963866471382
47.6,0.8128837729643841
47.8,0.9092976750105588
48.0,0.7728264962297076
48.2,0.8180005574625214
48.4,0.8854753472910184
48.6,0.8739231991139491
48.8,0.833118484759729
49.0,0.8193018836990588
49.2,0.786810067884937
49.4,0.8153628737452042
49.6,0.7097709529666206
49.8,0.870725198565571
50.0,0.8028619580957368
50.2,0.8325618245494144
50.4,0.8192525264622892
50.6,0.8106143197634166
50.8,0.7064520491639482
51.0,0.8877168163451318
51.2,0.8747512092514983
51.4,0.8520024871557361
51.6,0.7110160788419948
51.8,0.844679910322124
52.0,0.7507883853106565
52.2,0.7342236964523021
52.4,0.8198278167701956
52.6,0.8754731501403132
52.8,0.9590358711471719
53.0,1.061670278595175
53.2,1.0259026075801594
53.4,0.999628852073043
53.6,1.0269213549816618
53.8,0.9402285977352671
54.0,0.8865778049959498
54.2,1.0168929587565392
54.4,1.0882104317018755
54.6,1.0780004835936148
54.8,1.1337370117785919
55.0,1.1164807609637155
55.2,1.1517585346920758
55.4,1.1392204602358753
55.6,1.0923048682075565
55.8,1.1040622587029636
56.0,1.1470710405416185
56.2,1.1182417307849182
56.4,1.1440356760728694
56.6,1.2428070054770388
56.8,1.198879782062746
57.0,1.071843061683156
57.2,1.2092703920438115
57.4,1.265230864104557
57.6,1.267688722274927
57.8,1.3983444833887895
58.0,1.4125438843179279
58.2,1.4158084137729268
58.4,1.44639954989112
58.6,1.4975813111220433
58.8,1.450184692566028
59.0,1.4362606461763572
59.2,1.4549135441937062
59.4,1.4627944319431057
59.6,1.4368318628193462
59.8,1.457235326668501
60.0,1.3974140785508662
60.2,1.420050157405071
60.4,1.4176631165450333
60.6,1.4362904061494377
60.8,1.4452926887833693
61.0,1.3791621153089728
61.2,1.4094376594554394
61.4,1.5456400421810133
61.6,1.451334658335065
61.8,1.4803531481987493
62.0,1.5130634084652623
62.2,1.3854170613691588
62.4,1.3819313744164732
62.6,1.4194021045520062
62.8,1.4202395646671566
63.0,1.3769276533241945
63.2,1.3864720418235106
63.4,1.422700822858985
63.6,1.3854794722348667
63.8,1.394389351373369
64.0,1.3488150682063407
64.2,1.4102989567806425
64.4,1.4025489209000064
64.6,1.4116720550354163
64.8,1.3269110907560424
65.0,1.373676084204216
65.2,1.4052361793048653
65.4,1.3284721132337587
65.6,1.2966311675166797
65.8,1.338445331004926
66.0,1.4390135969800002
66.2,1.4256170155923968
66.4,1.4048557586135364
66.6,1.3996834003394159
66.8,1.428660782239285
67.0,1.4827129885565897
67.2,1.4512738505923866
67.4,1.4348882107647523
67.6,1.44302681436141
67.8,1.4289799393859701
68.0,1.4307991822547836
68.2,1.370480479196447
68.4,1.4410197235422386
68.6,1.3868055077028538
68.8,1.4257981963524098
69.0,1.4415577842256762
69.2,1.390606727016626
69.4,1.460887104149496
69.6,1.3684221698523222
69.8,1.4552652804633568
70.0,1.5532737426649719
70.2,1.5731842951546486
70.4,1.5815110983185119
70.6,1.603328254892982
70.8,1.632637963956101
71.0,1.6262371648882161
71.2,1.6340669982788185
71.4,1.6083013628276581
71.6,1.603750522059094
71.8,1.6295828432542598
72.0,1.6285336664633046
72.2,1.6109940351608423
72.4,1.5624050126604994
72.6,1.6179384297787265
72.8,1.5668079469976819
73.0,1.5614995334531274
73.2,1.5978995932862832
73.4,1.6031731754696312
73.6,1.6115120963719565
73.8,1.581157341155349
74.0,1.580966625694165
74.2,1.6098800479363315
74.4,1.4556559762666121
74.6,1.5086380243805055
74.8,1.4491376175339998
75.0,1.4450313267424406
75.2,1.4771571115455762
75.4,1.5074276834783746
75.6,1.4240925291126412
75.8,1.349749041350961
76.0,1.561212801859547
76.2,1.5999475363139541
76.4,1.5652062068884713
76.6,1.544640770515465
76.8,1.577350812074506
77.0,1.5864203165302562
77.2,1.6028889185737742
77.4,1.5723720123187495
77.6,1.5979735224265867
77.8,1.5734664196618338
78.0,1.579582541930924
78.2,1.6144080067926694
78.4,1.5044292161977706
78.6,1.4999326456985367
78.8,1.4418102887253197
79.0,1.4087817200522357
79.2,1.4693450086530901
79.4,1.578398021988627
79.6,1.532589647080157
79.8,1.3784188403087434
80.0,1.4376276764582172
80.2,1.522602745319764
80.4,1.5238108097790888
80.6,1.4572854402724773
80.8,1.4170638574280294
81.0,1.4129707899583033
81.2,1.3923698652161496
81.4,1.3570454044666402
81.6,1.276692681764953
81.8,1.281865688462006
82.0,1.3769527416784453
82.2,1.4491326281176462
82.4,1.425294195660792
82.6,1.2874222047281998
82.8,1.181543792441643
83.0,1.171467528663397
83.2,1.3258089104863076
83.4,1.3439585778218914
83.6,1.21358530372266
83.8,1.2836406694546958
84.0,1.1857927915945994
84.2,1.1997375911058894
84.4,1.2189577047621234
84.6,1.3146601228512151
84.8,1.3708708805446455
85.0,1.3203531058234983
85.2,1.2730296061290232
85.4,1.239374653010379
85.6,1.1399442019348955
85.8,1.225206601511315
86.0,1.123906707731177
86.2,1.086549443877142
86.4,1.199507418623529
86.6,1.1268013670000867
86.8,1.212027515975084
87.0,1.2730138429979982
87.2,1.2092945162678208
87.4,1.1998361887398794
87.6,1.1354093609754732
87.8,1.1684690864004477
88.0,1.1563202685259721
88.2,1.0864329404291102
88.4,1.1070420750633692
88.6,1.1353899418452194
88.8,1.1749571067997366
89.0,1.2145778468521367
89.2,1.191005402560123
89.4,1.1878134945140668
89.6,1.2128596223266614
89.8,1.1799560350211782
90.0,1.1643894233424232
90.2,1.1018624197430764
90.4,1.11231539131721
90.6,1.072213637648863
90.8,1.0979257413305568
91.0,1.0538322471310826
91.2,1.111875095558266
91.4,1.097789415742462
91.6,1.2006107263991006
91.8,1.2093759141073304
92.0,1.206194662170549
92.2,1.1599317008783718
92.4,1.2663641977095808
92.6,1.3681196813866892
92.8,1.3940155844615238
93.0,1.5184363170104032
93.2,1.3704358056517338
93.4,1.4072723029888698
93.6,1.4060655711209566
93.8,1.324115968756128
94.0,1.2408320477925685
94.2,1.2945438881696236
94.4,1.2573826866343008
94.6,1.22320866808653
94.8,1.204000476667891
95.0,1.2142387934171466
95.2,1.2194819580653744
95.4,1.262607298895082
95.6,1.2861630780113271
95.8,1.270730288268136
96.0,1.2417679818695964
96.2,1.305445241892067
96.4,1.32958260890743
96.6,1.2502996646858315
96.8,1.335817050510451
97.0,1.31293506206293
97.2,1.2832029646886445
97.4,1.1679109293518946
97.6,1.1328270800268607
97.8,1.201164241148134
98.0,1.217757512931819
98.2,1.178509527068963
98.4,1.2099319293306603
98.6,1.138943032971128
98.8,1.2370742489498343
99.0,1.1280446457601978
99.2,1.1662257925887336
99.4,1.1782381681421565
99.6,1.170861659285917
99.8,1.153145493558391
100.0,1.053510375179858
100.2,0.9731791617008236
100.4,1.0483644556768412
100.6,0.890994322333869
100.8,0.9469902128277086
101.0,0.913734052915961
101.2,0.9238067085120066
101.4,0.9987391260385126
101.6,0.946726772848909
101.8,1.0925084071778306
102.0,1.0130616098657539
102.2,1.050996623946101
102.4,1.033588906486457
102.6,1.0614869513585852
102.8,1.1126917871513142
103.0,1.06521161316831
103.2,1.1222565369955384
103.4,1.063239035829205
103.6,1.02978442350597
103.8,1.0839718524787991
104.0,1.0453050609668433
104.2,1.0224622232233036
104.4,0.9757975329601771
104.6,1.0925719754311705
104.8,1.111969334206265
105.0,1.0876624443293377
105.2,1.1308748855512916
105.4,1.124823234176568
105.6,1.1460960462605083
105.8,1.0313182257082016
106.0,1.1284102294950227
106.2,1.1291314451050085
106.4,1.0995567920817046
106.6,1.1327346444681026
106.8,1.0782810763228967
107.0,0.9722440967953808
107.2,1.0128507629966186
107.4,1.0841428586912987
107.6,1.0672771608575744
107.8,1.1186907207988221
108.0,1.112106969511378
108.2,1.0616992923701645
108.4,1.1193718384989046
108.6,1.149858729974088
108.8,1.1849997478817444
109.0,1.1576772632037602
109.2,1.2751445030110018
109.4,1.299656159636214
109.6,1.300478659585587
109.8,1.3110667251740065
110.0,1.2583574623098304
110.2,1.2795874636213627
110.4,1.202983328314214
110.6,1.3787282385902162
110.8,1.36766798093071
111.0,1.3729581383092742
111.2,1.320515476156596
111.4,1.2152820037631475
111.6,1.270132613312141
111.8,1.1496457308608266
112.0,1.1070614289169005
112.2,1.130468047663287
112.4,1.092081936475641
112.6,1.1895177247063047
112.8,1.2512854970942002
113.0,1.3487069033288628
113.2,1.3941058666862376
113.4,1.4141305851784327
113.6,1.345914628600983
113.8,1.4397249850609133
114.0,1.4044080880168255
114.2,1.3885979839913305
114.4,1.3609193466723644
114.6,1.3523729746975468
114.8,1.3362106049096663
115.0,1.272871985226196
115.2,1.2957529039879405
115.4,1.2590228894353974
115.6,1.3193149808938647
115.8,1.2999133285731435
116.0,1.204030449665325
116.2,1.2441984928267464
116.4,1.0747755476310845
116.6,1.1000468516611712
116.8,1.1887549455915476
117.0,1.1760552285938288
117.2,1.1415087603698708
117.4,1.1278625928910144
117.6,1.1164407338673448
117.8,1.108578910051856
118.0,1.0408191746480078
118.2,1.0985475650093501
118.4,1.032148669757198
118.6,1.0450252736151933
118.8,0.9923247558554962
119.0,1.213159398759739
119.2,1.182886028054687
119.4,1.1805806430365995
119.6,1.2131269362956345
119.8,1.1998619555399843
120.0,1.2126125148838773
120.2,1.1847234021193613
120.4,1.1953987018854484
120.6,1.184278687867423
120.8,1.112082267783267
121.0,1.161474336460151
121.2,1.1754832557210384
121.4,1.2302290780356198
121.6,1.284328367251217
121.8,1.2421514347256841
122.0,1.2782234885370038
122.2,1.3658953188785516
122.4,1.3321249597601237
122.6,1.286780767780778
122.8,1.2292166790412984
123.0,1.1892247711449544
123.2,1.2580980159402153
123.4,1.2787589650619517
123.6,1.2852202431381903
123.8,1.338422468755139
124.0,1.2529433121568831
124.2,1.1989749868085533
124.4,1.1914133711536299
124.6,1.077070439856644
124.8,1.0420924152402522
125.0,0.9644708207343562
125.2,0.9362960505658101
125.4,0.9232422333903386
125.6,0.9359162511747652
125.8,1.0431151128694551
126.0,1.0266733353989999
126.2,0.9907297601849651
126.4,0.9883644512764984
126.6,0.9471575535662454
126.8,1.05975115140473
127.0,1.0231934609660542
127.2,1.0223722467119842
127.4,1.0186551827841652
127.6,1.0591114300336142
127.8,1.0968254004356885
128.0,1.1042012995087271
128.2,1.0580785338655387
128.4,1.09637014463069
128.6,1.1328597648639747
128.8,1.0805827666551544
129.0,1.153618967696611
129.2,1.186586449923246
129.4,1.1144014109622862
129.6,1.1546692670118182
129.8,1.1992074744080239
130.0,1.179345598650007
130.2,1.2045669199326527
130.4,1.2305521815851905
130.6,1.252962881812103
130.8,1.3147018007289453
131.0,1.3633512165417982
131.2,1.3613242733000246
131.4,1.324827648465575
131.6,1.3572128299505595
131.8,1.352733842417623
132.0,1.351859692073318
132.2,1.2966225660896886
132.4,1.3484087268390819
132.6,1.2929821677833122
132.8,1.2175277016386876
133.0,1.117729173649055
133.2,1.0555124648564183
133.4,1.0713784761374188
133.6,1.1441690867277874
133.8,1.2120613076847018
134.0,1.2296445401316527
134.2,1.2310425247764398
134.4,1.2184854391146493
134.6,1.2019341284854115
134.8,1.231941351264044
135.0,1.2128912333810147
135.2,1.217849003355767
135.4,1.2411382933364037
135.6,1.144983667379816
135.8,1.1739674170603023
136.0,1.209136446644353
136.2,1.182692595984602
136.4,1.1882621216050833
136.6,1.070735357794746
136.8,1.076435059093026
137.0,1.0791632549921428
137.2,1.06382595493591
137.4,1.116356996305059
137.6,1.0091117876674016
137.8,1.0856252538416633
138.0,1.1058918532253272
138.2,1.107266820164006
138.4,1.1034898086187233
138.6,1.1103948111187258
138.8,1.0753426016756318
139.0,0.9575116591484305
139.2,0.8942399713812114
139.4,1.0626650431154205
139.6,1.073157368660458
139.8,1.0111952055496025
140.0,0.8823745234264507
140.2,0.7117215820009154
140.4,0.8973214883493055
140.6,0.858664303425757
140.8,0.8251082037640328
141.0,0.8329995409150168
141.2,0.7778126852155365
141.4,0.606194499920832
141.6,0.72707099879506
141.8,0.6853399507100661
142.0,0.8357832956087489
142.2,0.829273307928359
142.4,0.7999403249462984
142.6,0.8761016921529305
142.8,0.8155377774854058
143.0,0.8317924427198891
143.2,0.78566228172186
143.4,0.8752606525604778
143.6,0.8165815992812465
143.8,0.7543929355349518
144.0,0.9187162923597771
144.2,0.8017153982517303
144.4,0.7797841620541979
144.6,0.7928108186545577
144.8,0.885647868231737
145.0,0.8917712226253636
145.2,0.8352921032829015
145.4,0.9267429135510762
145.6,0.8502456393355077
145.8,0.9203937218394381
146.0,0.9786051455559173
146.2,0.8656457273672175
146.4,0.8484017447445282
146.6,0.8488917495526989
146.8,0.7971690238828855
147.0,0.8941297007564947
147.2,0.7932405635496848
147.4,0.8364926705615581
147.6,0.9848692722416613
147.8,0.9414821738742709
148.0,1.006619118971061
148.2,1.0002243044168786
148.4,1.0739369125953508
148.6,1.049343499365611
148.8,1.0710748471776257
149.0,1.138261347037624
149.2,1.182685663953011
149.4,1.188957101398703
149.6,1.1857347155705695
149.8,1.231947215019423
150.0,1.2818640495722602
150.2,1.2588342789718205
150.4,1.2116084796060629
150.6,1.121176476493554
150.8,1.1203065799885794
151.0,1.048314925665763
151.2,0.984488559940792
151.4,0.9995582508373799
151.6,1.0692501059074924
151.8,1.0343145268342253
152.0,1.060128124126109
152.2,1.0791054564888882
152.4,1.0330501655590743
152.6,1.0426105094926241
152.8,1.109322600481619
153.0,1.1328979683110911
153.2,0.9832329830312716
153.4,1.0128404391956758
153.6,1.039716031856867
153.8,1.0511090095231914
154.0,0.9927013250140059
154.2,0.8836486331785147
154.4,0.891070948738743
154.6,0.9383024292402536
154.8,0.8665771035484715
155.0,0.9086387867136464
155.2,0.9691972530297246
155.4,1.0950358063800147
155.6,1.1894281572151923
155.8,1.0776190791768383
156.0,1.138425120058639
156.2,1.215334862954371
156.4,1.1577852962081994
156.6,1.0417900979177228
156.8,1.0875052957818503
157.0,1.1392293094864052
157.2,1.0381443093696618
157.4,1.0787035409329844
157.6,1.069081238167448
157.8,1.227792605148302
158.0,1.1625048124988027
158.2,1.2349606634123789
158.4,1.196579376032372
158.6,1.101761702442283
158.8,1.192618388457412
159.0,1.1603330058388783
159.2,1.2520229518978947
159.4,1.2820318520397964
159.6,1.2068025374954707
159.8,1.1307804353139066
160.0,1.1610907743920054
160.2,1.2350711802729195
160.4,1.1783803579708743
160.6,1.2203096369445037
160.8,1.1571078353888986
161.0,1.2505726636595185
161.2,1.2872336205964099
161.4,1.3367644698582477
161.6,1.320921657098876
161.8,1.3465325444357439
162.0,1.3509377024209734
162.2,1.3883485824149902
162.4,1.4553174914968916
162.6,1.3951367139220834
162.8,1.3488053011078232
163.0,1.1884651225904261
163.2,1.3121993398258884
163.4,1.295752662260629
163.6,1.2875209718323188
163.8,1.3390453259214814
164.0,1.2541211996672996
164.2,1.2713620133637413
164.4,1.2701553586212782
164.6,1.2676146367490058
164.8,1.263324121697158
165.0,1.2159944820455857
165.2,1.1781744033918693
165.4,1.0789681433154472
165.6,1.009283175781982
165.8,0.9839595400174466
166.0,0.9434045498268476
166.2,1.0691604578082434
166.4,1.185330477115873
166.6,1.1377198602167145
166.8,1.0600823384770135
167.0,0.9738811473874996
167.2,1.0139024066092805
167.4,1.044895034280262
167.6,1.0581091749849443
167.8,0.9728759186902307
168.0,1.0621842893780158
168.2,1.032573595525679
168.4,0.9912103181880069
168.6,0.9784654166988138
168.8,1.0883103835336525
169.0,1.0989834513797205
169.2,1.2378407978063122
169.4,1.1814580493292166
169.6,1.1998721599748596
169.8,1.2361906189533631
170.0,1.21825746649337
170.2,1.1816004015136585
170.4,1.076509921036664
170.6,1.0069919395060505
170.8,0.9066030794505137
171.0,0.8598367572807991
171.2,0.8927235137669515
171.4,0.947824340027247
171.6,0.9688577064625943
171.8,0.9170581404909542
172.0,0.996939632263812
172.2,0.9921390295935039
172.4,0.9704421821671302
172.6,1.0025269320016945
172.8,1.1170820142006983
173.0,1.1206725221843834
173.2,1.0821813368188393
173.4,1.1052471472328382
173.6,1.1349728721433077
173.8,1.0504738727563123
174.0,0.9937096517321209
174.2,0.9203271385919317
174.4,0.8760791443930707
174.6,0.8500066079906283
174.8,0.869204585209085
175.0,0.8981982807544167
175.2,0.8611629349647973
175.4,0.8170507854359219
175.6,0.8217969404617499
175.8,0.754184306918209
176.0,0.7386808918041715
176.2,0.7631671007060821
176.4,0.785272483445985
176.6,0.7743927669548323
176.8,0.7775564139335156
177.0,0.8090621574201536
177.2,0.747352548744096
177.4,0.7986463403314114
177.6,0.732954526072281
177.8,0.7653418176207508
178.0,0.6999476203779871
178.2,0.7192144060603
178.4,0.7030312849365756
178.6,0.8115296740293795
178.8,0.7553399111124791
179.0,0.7284643074918683
179.2,0.7556250607223758
179.4,0.6705194101360303
179.6,0.6649380612657502
179.8,0.7049999228507156
180.0,0.6764213126760168
180.2,0.8245596116007317
180.4,0.8040028243110641
180.6,0.8721142037810754
180.8,0.8859427248460809
181.0,0.7855103407487376
181.2,0.7885779465743361
181.4,0.9523396128323144
181.6,1.0626314377955817
181.8,1.176576317842248
182.0,1.0101235680922152
182.2,1.1009079680045901
182.4,0.9427677982553453
182.6,1.057208156272907
182.8,0.9992414416747655
183.0,0.8402460577463229
183.2,0.7590170304376633
183.4,0.7284118050033036
183.6,0.7474251640502003
183.8,0.7237135937324686
184.0,0.6892362934532688
184.2,0.7378778966056057
184.4,0.7891496021171476
184.6,0.9267459207130246
184.8,1.0120048697643793
185.0,1.0196405344382855
185.2,1.0697614962453654
185.4,1.0635589946563635
185.6,1.0414707156519378
185.8,1.0661913232461429
186.0,1.0360748684059704
186.2,1.1861197738818627
186.4,1.0591291152343678
186.6,1.0545768583823416
186.8,1.0372158461063865
187.0,1.095601629413213
187.2,1.0785216873787118
187.4,1.0954901968834765
187.6,0.9362846984782207
187.8,0.9664178236003377
188.0,0.9424690602967674
188.2,1.0568943556940655
188.4,1.1357316147541523
188.6,1.129843876704165
188.8,1.127100558495654
189.0,1.2207900766205544
189.2,1.1639219058706578
189.4,1.1876813445594987
189.6,1.145654332498645
189.8,1.1174970421107715
190.0,1.070677266238765
190.2,1.029159508458775
190.4,1.1598755219293004
190.6,1.0901318285259407
190.8,1.1332219768449563
191.0,1.1330260957471199
191.2,1.1317492718227473
191.4,1.1655794801906738
191.6,1.1373370598598085
191.8,1.101664372794748
192.0,1.0157849325781787
192.2,0.9617409484540952
192.4,0.9483168889006501
192.6,0.930395102818658
192.8,0.9896563273871315
193.0,0.9187639985814864
193.2,0.9362591558018731
193.4,0.9600073491716431
193.6,0.8248184343906881
193.8,0.9226009437493554
194.0,0.8853987378538332
194.2,0.9089258620440408
194.4,0.9711530935456318
194.6,0.8433730695294566
194.8,0.9659597410906983
195.0,0.9771766017337532
195.2,0.9363936251340661
195.4,0.8713315344219902
195.6,0.9138179819115724
195.8,0.8540008403323057
196.0,0.8534816320242108
196.2,0.7869569132514592
196.4,0.8570984338149824
196.6,0.8298308648897541
196.8,0.8428694784410169
197.0,0.7920911663173297
197.2,0.8900899751047255
197.4,0.9089885612009022
197.6,0.8979806422607812
197.8,0.9455853294360503
198.0,0.9536970993529286
198.2,0.9544766942440127
198.4,0.8512407487545154
198.6,0.879511072202388
198.8,0.9434732263368959
199.0,0.9874104469552005
199.2,1.046850300307299
199.4,1.0331961128672513
199.6,1.0987358573385246
199.8,0.9749423993187859
200.0,0.9959529245080369
200.2,0.9529853416636003
200.4,1.038377597675192
200.6,1.0790260613085947
200.8,1.163280529634029
201.0,1.0740996919274397
201.2,1.0458588575249896
201.4,1.0677407961196672
201.6,1.087822676509138
201.8,1.0725503373475482
202.0,1.0616404875938976
202.2,0.956086417234952
202.4,0.9533033844522292
202.6,1.0060373006991072
202.8,1.030054758772853
203.0,1.0968790095601544
203.2,1.0239666509930803
203.4,1.047544679078537
203.6,0.9544529087798731
203.8,0.9848208171671748
204.0,0.9322839181315148
204.2,0.9553897547788374
204.4,0.9670721134853844
204.6,1.0511352111501857
204.8,1.0319543174556678
205.0,1.0050583720107815
205.2,1.069381346401126
205.4,1.0549522199867505
205.6,1.0665071895428724
205.8,1.0283536744490742
206.0,1.0520584993225925
206.2,1.0814333562017653
206.4,1.0120615701535045
206.6,0.9945986812872294
206.8,0.920788076152291
207.0,0.877493177790037
207.2,0.9018042225838594
207.4,0.8550502501189043
207.6,0.9600266551347595
207.8,0.9884146814099672
208.0,0.95898786594073
208.2,0.9407626650315388
208.4,0.8537508990777349
208.6,0.7624200919701306
208.8,0.8773651572898858
209.0,0.8493353819484855
209.2,0.9632364494176612
209.4,1.0334409528867294
209.6,1.2176676221434901
209.8,1.1136032598684726
210.0,1.1552040566075972
210.2,1.167055505649636
210.4,1.2785399613146173
210.6,1.2883878410322416
210.8,1.2485253273066634
211.0,1.3451929632222426
211.2,1.2226493497281226
211.4,1.2178638312808912
211.6,1.1512315834139406
211.8,1.285441881355632
212.0,1.210288752820013
212.2,1.1574964455011325
212.4,1.298457580716409
212.6,1.284092345858976
212.8,1.3495621323239129
213.0,1.327929428813259
213.2,1.3950833379023453
213.4,1.4221715050283972
213.6,1.3924006826249105
213.8,1.2339115677521764
214.0,1.2104136229188969
214.2,1.355190018844263
214.4,1.2580696320483369
214.6,1.3097807748381547
214.8,1.3449302780943442
215.0,1.3426546443929561
215.2,1.3680761231822947
215.4,1.3540182781959458
215.6,1.2769421907807545
215.8,1.267873755322176
216.0,1.1770609809643007
216.2,1.256590598836374
216.4,1.2548570765832328
216.6,1.1861355861779583
216.8,1.1402722051151035
217.0,1.1022492675867641
217.2,1.03049084557601
217.4,0.9788769034410647
217.6,0.9861575052921016
217.8,0.9886084045625745
218.0,0.9377343877439837
218.2,0.9882167926638529
218.4,0.9932776562684191
218.6,0.9882852251065521
218.8,1.0126666863437395
219.0,1.005617194120583
219.2,0.9469254267545013
219.4,0.9548745728701624
219.6,0.9723020784852198
219.8,0.9663530486487044
220.0,1.0222303781119142
220.2,1.0365169488885717
220.4,1.0400300784588954
220.6,0.9269732167788313
220.8,0.9467493096257001
221.0,0.975352151585325
221.2,0.9675249827701091
221.4,0.9625104453589989
221.6,0.9975814122243613
221.8,1.0391683139968533
222.0,0.9943306370798958
222.2,1.0281043007218786
222.4,1.0292697839955471
222.6,0.970236395787734
222.8,0.931152513844201
223.0,0.8890011481044784
223.2,0.7833445842211132
223.4,0.76860157598057
223.6,0.8447631881899083
223.8,0.7255951836638976
224.0,0.7836140283635478
224.2,0.8417321957742814
224.4,0.9470804573335855
224.6,0.9405909751328088
224.8,0.8729281871741387
225.0,0.926326828496254
225.2,0.9054594691481956
225.4,0.9801134601797987
225.6,0.9145647636234034
225.8,0.886604336699923
226.0,0.8922410663999581
226.2,0.8743725703655688
226.4,1.0421820037979181
226.6,1.001155542143434
226.8,1.0489854942812464
227.0,0.9328772160058151
227.2,0.8998673734508748
227.4,0.8947075599818689
227.6,0.8939914737551243
227.8,0.791320320687707
228.0,0.7844627531020973
228.2,0.8137774847179436
228.4,0.8774603179282223
228.6,0.9628146092069864
228.8,0.8639991536884338
229.0,0.799665072679261
229.2,0.7689063381501186
229.4,0.751625032026845
229.6,0.8453752266241924
229.8,0.8254879634075687
230.0,0.7367044596046084
230.2,0.7546228154985948
230.4,0.795518077507245
230.6,0.8451095570256373
230.8,0.8181002669024473
231.0,0.9008698682746952
231.2,0.9295366770345312
231.4,1.0204103132798032
231.6,1.0267222378595569
231.8,0.9360497320316072
232.0,0.8559176956415614
232.2,0.9590263834640235
232.4,0.8860429667992806
232.6,0.8976134766273323
232.8,0.8564866364698667
233.0,0.7658947269608634
233.2,0.7883255751750148
233.4,0.8737719321950287
233.6,0.8211434218751135
233.8,0.8239161987285382
234.0,0.7954104882152139
234.2,0.7336945410688325
234.4,0.6599176525922619
234.6,0.7301905550988657
234.8,0.7196354579645828
235.0,0.6666100821567095
235.2,0.6792068649936492
235.4,0.6984524017585974
235.6,0.7204106565497941
235.8,0.6554739580027635
236.0,0.7648657497996038
236.2,0.7313433827867611
236.4,0.7545774633475733
236.6,0.8118620406676103
236.8,0.7842918897231342
237.0,0.6644173717089481
237.2,0.7091818880233607
237.4,0.8572796416977392
237.6,0.7824279693986249
237.8,0.7218703396272885
238.0,0.6975401816082394
238.2,0.6873767017670935
238.4,0.6765219545086699
238.6,0.7314443174613225
238.8,0.8119241461039101
239.0,0.8294106707012039
239.2,0.8236289344635972
239.4,0.7628594999669562
239.6,0.6671118532604616
239.8,0.7754391879703924
240.0,0.5958360348696594
240.2,0.6947529782675388
240.4,0.6129844376062981
240.6,0.655270704982478
240.8,0.6703580902092279
241.0,0.7383309762303203
241.2,0.71852408766994
241.4,0.6518563714064272
241.6,0.7120044373836513
241.8,0.7093795356534168
242.0,0.7086118058019283
242.2,0.7425272994451572
242.4,0.7189611290236059
242.6,0.7905647258382966
242.8,0.68302433813641
243.0,0.741475912047991
243.2,0.5792382630686685
243.4,0.6100887139119394
243.6,0.6272673894640264
243.8,0.7381071557836554
244.0,0.762864551198897
244.2,0.9212142784799866
244.4,0.8423726569096377
244.6,0.9156438270394215
244.8,1.0650622019212448
245.0,1.1726140414780928
245.2,0.9186065288237175
245.4,1.0150170230294635
245.6,1.0386658578388
245.8,1.0389177709083461
246.0,0.9741823383402552
246.2,0.8455908556173369
246.4,0.8861117294726494
246.6,0.7600253223175272
246.8,0.8415087153653781
247.0,0.7115085755176457
247.2,0.7693167298633721
247.4,0.6414218645446914
247.6,0.7007766023050297
247.8,0.673577538141438
248.0,0.6200408999021991
248.2,0.7043625578930609
248.4,0.6973096242233904
248.6,0.8455181809671559
248.8,0.8328028305273577
249.0,0.9201723229047672
249.2,0.9484217952161759
249.4,0.8899865080187549
249.6,0.9928073575559211
249.8,1.0512534510894296
250.0,0.9837560942864562
250.2,0.9135856492351204
250.4,0.9345568969944187
250.6,0.9184176468942369
250.8,0.7732813771983205
251.0,0.7900418418390395
251.2,0.8396513570329767
251.4,0.8060658181854171
251.6,0.8110346301070352
251.8,0.8585376353355866
252.0,0.8302721881903894
252.2,0.8397209387278777
252.4,0.8269334635102146
252.6,0.9424343592952094
252.8,1.0019564527432046
253.0,0.9967637747633369
253.2,1.0716090540282877
253.4,1.0808731314340752
253.6,1.0434966218138104
253.8,1.031420947816303
254.0,1.0112724571932634
254.2,0.9995614679604294
254.4,1.0226266698126922
254.6,1.0445492250308734
254.8,1.0967567991917941
255.0,1.073166887937357
255.2,1.0255424848025472
255.4,0.9352719044275298
255.6,0.9929614787779732
255.8,0.9083445872001995
256.0,0.9281368662461649
256.2,0.8111786946769891
256.4,0.9641692383504588
256.6,0.9557975862683896
256.8,0.9397213023339566
257.0,0.8108847802845501
257.2,0.9476054307478625
257.4,0.8517737963203149
257.6,0.7287476031881848
257.8,0.7111053409123651
258.0,0.7841766954951168
258.2,0.8025254871477816
258.4,0.6866243164091751
258.6,0.6922614628515726
258.8,0.5994331992979132
259.0,0.62760973573527
259.2,0.7043174691254814
259.4,0.6553272259356602
259.6,0.7798198883287776
259.8,0.6644901988060316
260.0,0.5587331600189469
260.2,0.7140867225898668
260.4,0.6346583548747158
260.6,0.7446188995253352
260.8,0.8836242877488351
261.0,0.8527557167070638
261.2,0.8272260980112345
261.4,0.7330213730489794
261.6,0.9118160607610226
261.8,1.0170341643929472
262.0,1.0801124331886442
262.2,1.057566645683918
262.4,1.085347090708183
262.6,1.1561073250389469
262.8,1.1515524681853755
263.0,1.218097882968146
263.2,1.1934707677852707
263.4,1.268812057614263
263.6,1.180534675966613
263.8,1.1602451998757757
264.0,1.1516743442316792
264.2,1.2024042569961946
264.4,1.1703151381291186
264.6,1.1880043262140347
264.8,1.180702847223637
265.0,1.202361375935461
265.2,1.1297231717443335
265.4,1.137683810959731
265.6,1.2684431550183668
265.8,1.1036306973077041
266.0,1.0387210906320101
266.2,0.9641108263396443
266.4,0.903216107472973
266.6,0.958180129414737
266.8,0.900570511658653
267.0,0.8527775528779765
267.2,0.9183273296351349
267.4,0.9148040385061614
267.6,0.9569278580978544
267.8,0.8758635850678506
268.0,0.9752692892022375
268.2,1.0154236646826456
268.4,0.9473626055651904
268.6,1.0261591990174999
268.8,0.9316018169856836
269.0,0.8945201828967267
269.2,0.8303232292206019
269.4,0.8156063592125529
269.6,0.9745431876775736
269.8,0.8083184836005712
270.0,0.9144378468900582
270.2,0.7544074305778257
270.4,0.7218952219720638
270.6,0.7426599988118737
270.8,0.693185477656673
271.0,0.6550514319892662
271.2,0.6613267620130738
271.4,0.7687339117335512
271.6,0.8055834769195606
271.8,0.8733090840195841
272.0,0.9050226517379502
272.2,0.9277505317042284
272.4,0.7214782656353899
272.6,0.876338259739278
272.8,0.9733995623165091
273.0,0.8803543342359268
273.2,0.9004807331550811
273.4,0.9988257144160129
273.6,1.0093656037062775
273.8,0.9492833838120032
274.0,0.8385269098828889
274.2,0.8039051896637472
274.4,0.8521089425975742
274.6,0.8822218785208907
274.8,0.8832653768245532
275.0,0.858087457104374
275.2,0.8202748288643462
275.4,0.8943467625441022
275.6,0.799282646944546
275.8,0.9691293728428271
276.0,0.9152363403853825
276.2,1.0460852050628027
276.4,1.0203138470786752
276.6,1.0063032087691755
276.8,1.044157105523892
277.0,0.9979304120314989
277.2,0.9206543292390583
277.4,0.9025533684150207
277.6,0.8986363092378798
277.8,0.9273539356220721
278.0,0.9162484928677737
278.2,1.0445277034325502
278.4,0.9271339286781769
278.6,0.8816944045583591
278.8,0.966812299329525
279.0,0.9744535363698686
279.2,0.7526717057541734
279.4,0.9187893675885197
279.6,0.854870276039543
279.8,1.023404638974734
280.0,0.9596106092827226
280.2,0.9425024891489583
280.4,0.9248464538570442
280.6,0.7631083859427121
280.8,0.8215813327635934
281.0,0.6599009991528598
281.2,0.656801813422258
281.4,0.6623375830452874
281.6,0.6934642636568648
281.8,0.6473752363221585
282.0,0.6880158275095787
282.2,0.6523787498509102
282.4,0.7182219209836688
282.6,0.7060745098924257
282.8,0.6647220633837716
283.0,0.6947624386290523
283.2,0.705724828320271
283.4,0.6863468878176039
283.6,0.7159233190597507
283.8,0.8089664753888195
284.0,0.8500497029193588
284.2,0.6884840918685844
284.4,0.7038595815530442
284.6,0.7086120312314865
284.8,0.781623953604017
285.0,0.6573272427943995
285.2,0.6134815361087143
285.4,0.701407915709151
285.6,0.8048009976257401
285.8,0.8270385633809857
286.0,0.8688300417436722
286.2,0.8785521948138573
286.4,0.9864267704262495
286.6,0.9468894601510721
286.8,0.9287730301201179
287.0,0.9650463174238955
287.2,1.054270257891861
287.4,0.9590362133559236
287.6,0.8619498406378268
287.8,0.7822852079666129
288.0,0.7513983565480536
288.2,0.7403660232562672
288.4,0.7530490735229509
288.6,0.7684009105332725
288.8,0.8403712679421584
289.0,0.7784491978212595
289.2,0.6735915602916017
289.4,0.6660974994492379
289.6,0.7541499878407907
289.8,0.7393227377847003
290.0,0.7987979276910115
290.2,0.7726014615599968
290.4,0.8056448045050354
290.6,0.8913718955036988
290.8,0.591643776457164
291.0,0.7773505195676604
291.2,0.9956936112501804
291.4,0.9682821922276229
291.6,0.9484590456262263
291.8,0.7658261293640114
292.0,0.7995443646774941
292.2,0.8090735781727201
292.4,0.7990523740552194
292.6,0.6764916777135986
292.8,0.7095099337390983
293.0,0.8440553016906589
293.2,0.9090021489911122
293.4,0.920329322037434
293.6,0.9692434845659607
293.8,1.0366605197991925
294.0,0.9632772145783848
294.2,1.2495566689725002
294.4,1.2634794520609285
294.6,1.3611530433077466
294.8,1.2822953129626595
295.0,1.2674521326396109
295.2,1.3443435527041963
295.4,1.247086430572012
295.6,1.2924406866473892
295.8,1.2760515968085047
296.0,1.342033197175057
296.2,1.319057881422042
296.4,1.3453585277843034
296.6,1.3785400054409227
296.8,1.3649778881573993
297.0,1.3023504926863687
297.2,1.4130404316135732
297.4,1.4378766732218853
297.6,1.330277245670448
297.8,1.2876816391260206
298.0,1.3329792724262388
298.2,1.3657455980360254
298.4,1.289079734813065
298.6,1.3389175851030397
298.8,1.4356821183744868
299.0,1.5667482254805156
299.2,1.5136616589954204
299.4,1.5732950502362413
299.6,1.5475157338435193
299.8,1.5320166442210787
300.0,1.563931354508842
300.2,1.5106368649420647
300.4,1.3845955670009897
300.6,1.36061044312757
300.8,1.3964742706670445
301.0,1.370034316096203
301.2,1.3961774038769643
301.4,1.3974064893305327
301.6,1.354218438599188
301.8,1.5090288516044974
302.0,1.4879242425549533
302.2,1.3178292275295036
302.4,1.3693455645366477
302.6,1.329997419742982
302.8,1.438086072976779
303.0,1.445756087432506
303.2,1.5164455308742717
303.4,1.4904874764484728
303.6,1.4781627910850834
303.8,1.3575568009283505
304.0,1.3996248417980017
304.2,1.4428713487208502
304.4,1.4956022516043255
304.6,1.4945756928492675
304.8,1.5312114877454048
305.0,1.46532375581414
305.2,1.4297975584812288
305.4,1.535013536924974
305.6,1.5236411347241603
305.8,1.5219196815212108
306.0,1.5035302254232144
306.2,1.5022584956844076
306.4,1.5081792825501295
306.6,1.4654633899640923
306.8,1.5093473293655402
307.0,1.4711052723283484
307.2,1.4263376435554889
307.4,1.454914809401709
307.6,1.3694474279603477
307.8,1.435148681543906
308.0,1.4099171156104453
308.2,1.4360728011916795
308.4,1.4085151971368868
308.6,1.3237283282329615
308.8,1.3964085776556074
309.0,1.320910561725151
309.2,1.3199065125614204
309.4,1.42729232417297
309.6,1.4058919664667993
309.8,1.4138340699207002
310.0,1.4515662620360723
310.2,1.5638585421985263
310.4,1.5450831228306519
310.6,1.4979965995063875
310.8,1.5910589478566448
311.0,1.5371706429456335
311.2,1.5644879658006847
311.4,1.5452261594132533
311.6,1.533577986024501
311.8,1.6085501772187918
312.0,1.5589335989276039
312.2,1.5084299793446556
312.4,1.5640990091028122
312.6,1.5654792229020162
312.8,1.5434806165028996
313.0,1.4503454309675363
313.2,1.4203996761216828
313.4,1.5002517774988533
313.6,1.4223006749830898
313.8,1.4532098133418272
314.0,1.4289842782962696
314.2,1.4656257841822256
314.4,1.432755980801712
314.6,1.431703415865781
314.8,1.4093861873214448
315.0,1.3940204454954055
315.2,1.5745608228783392
315.4,1.6272316194375143
315.6,1.591095597630575
315.8,1.5289892013484887
316.0,1.5229537435160574
316.2,1.5129908535910466
316.4,1.5274651007010225
316.6,1.5046294105165798
316.8,1.5278212233271105
317.0,1.494052883624844
317.2,1.4775327115266856
317.4,1.4968186720180396
317.6,1.5036597750902398
317.8,1.5533800766065866
318.0,1.552260321792729
318.2,1.5057648496396316
318.4,1.524957061709315
318.6,1.4833600914242204
318.8,1.5120174801790833
319.0,1.5465103669571287
319.2,1.4858726563847249
319.4,1.5203952324931866
319.6,1.383959152371816
319.8,1.3884197956506825
320.0,1.2688526674663083
320.2,1.3153544998802453
320.4,1.123614111857131
320.6,1.2862845376514864
320.8,1.368367857648171
321.0,1.3624482459465308
321.2,1.3161805637268138
321.4,1.3226722042190637
321.6,1.311313759676799
321.8,1.334669913006562
322.0,1.3875586617203102
322.2,1.4166944480355323
322.4,1.4035639185381767
322.6,1.383257515048268
322.8,1.4262790289393776
323.0,1.424005392538785
323.2,1.4628883539381843
323.4,1.438527048003039
323.6,1.4528262615066772
323.8,1.3826856469291595
324.0,1.4357267850018594
324.2,1.349980890249833
324.4,1.505022950039519
324.6,1.4884041304755375
324.8,1.4490915908863076
325.0,1.4780937328708126
325.2,1.4638926607259226
325.4,1.5182587742094908
325.6,1.5241277468762102
325.8,1.5642837555141373
326.0,1.5701280550491785
326.2,1.5472889455389458
326.4,1.5712905884346227
326.6,1.5823737393976374
326.8,1.5755377905056274
327.0,1.5462948298012336
327.2,1.581333493514806
327.4,1.523557776506853
327.6,1.5522315478346616
327.8,1.611363078454587
328.0,1.5983351415783096
328.2,1.5452146959928637
328.4,1.5690847561225516
328.6,1.5712640815938324
328.8,1.605261465258933
329.0,1.642685181512821
329.2,1.621327638732014
329.4,1.6982522047946726
329.6,1.6349636199842679
329.8,1.5670408610214093
330.0,1.5711896557556366
330.2,1.5712448159581753
330.4,1.5944211108575301
330.6,1.5878501032861567
330.8,1.5930691215970396
331.0,1.618199498127824
331.2,1.6206580146812786
331.4,1.5327261473285545
331.6,1.5783955766832363
331.8,1.5710434341395456
332.0,1.5705211264603327
332.2,1.6735977622686178
332.4,1.6173892998043364
332.6,1.548973163648769
332.8,1.5141702937632409
333.0,1.533646187082117
333.2,1.5511700563761648
333.4,1.6111755856863366
333.6,1.4805658699797255
333.8,1.4331518456978036
334.0,1.4197039384556676
334.2,1.5684032867606943
334.4,1.5278817900843098
334.6,1.6215658181951382
334.8,1.574193015727578
335.0,1.5338930423473283
335.2,1.5411613716636565
335.4,1.5179712231512341
335.6,1.6160152635998397
335.8,1.5764169504614787
336.0,1.5663302801740182
336.2,1.5924269483528914
336.4,1.5850942193746518
336.6,1.6048705682546476
336.8,1.567064090812964
337.0,1.6132729117593851
337.2,1.587468438231282
337.4,1.6103793069372858
337.6,1.638609269690311
337.8,1.5702272994128275
338.0,1.60800581692953
338.2,1.5626353974324394
338.4,1.5857865569186225
338.6,1.4856729738367274
338.8,1.5705812320532486
339.0,1.5132855942968297
339.2,1.5559340905405923
339.4,1.5914152036458216
339.6,1.6210318722250492
339.8,1.4536878300026548
340.0,1.4683319612509238
340.2,1.4983749365864574
340.4,1.5417874738385198
340.6,1.5068317093485522
340.8,1.4934167085499186
341.0,1.4833390898762124
341.2,1.5649069749554019
341.4,1.5070479928484626
341.6,1.588169987866491
341.8,1.59172558913407
342.0,1.6316647555828148
342.2,1.6047999095016572
342.4,1.5985215661124137
342.6,1.608919538009229
342.8,1.5960225870047036
343.0,1.6256122589818844
343.2,1.6364325366149548
343.4,1.618172704893213
343.6,1.6412096601908417
343.8,1.6483201036938593
344.0,1.6586787551244615
344.2,1.665949344826379
344.4,1.6563646385051023
344.6,1.6552585590820617
344.8,1.6075535350686785
345.0,1.6347216977231702
345.2,1.560867260476774
345.4,1.5525659150778275
345.6,1.5371600847105453
345.8,1.5026911580325455
346.0,1.5231167898283764
346.2,1.5093923128362996
346.4,1.5990451741297638
346.6,1.6023998453749688
346.8,1.5487241864479624
347.0,1.5488501388594949
347.2,1.5412321026052134
347.4,1.5253326253167345
347.6,1.608931237179425
347.8,1.5878698398645992
348.0,1.6038134391514198
348.2,1.5911187403502216
348.4,1.5702713240090094
348.6,1.5947387566779396
348.8,1.5450837741114856
349.0,1.5701584109536666
349.2,1.5977200496902109
349.4,1.6251069009093542
349.6,1.520698721708504
349.8,1.5420260388253901
350.0,1.5735574267938102
350.2,1.6049002371115517
350.4,1.6574615642814574
350.6,1.6109469774077863
350.8,1.6508347237489396
351.0,1.6715849885359622
351.2,1.6977214543051247
351.4,1.6443633270638984
351.6,1.675688251986363
351.8,1.7046684305882742
352.0,1.6716065426739461
352.2,1.7067881389151598
352.4,1.6575770766242457
352.6,1.6691825998786336
352.8,1.6615292107000463
353.0,1.6607988289300526
353.2,1.7095279574510347
353.4,1.6915513601784404
353.6,1.7098422891396954
353.8,1.6677945896525028
354.0,1.6772053434621885
354.2,1.6184998774075368
354.4,1.6257043072173019
354.6,1.5997051437340473
354.8,1.5700991270219506
355.0,1.534252763382415
355.2,1.469191219056844
355.4,1.5276730527041775
355.6,1.527434017239695
355.8,1.5207366533909814
356.0,1.523181803779038
356.2,1.4789436500151298
356.4,1.4771290131350427
356.6,1.376923702574509
356.8,1.3931687606877994
357.0,1.498169061272699
357.2,1.4688305809224862
357.4,1.4360575677238319
357.6,1.4561500004752923
357.8,1.4773397523624756
358.0,1.4742787205720402
358.2,1.5550628605545491
358.4,1.4800197967476
358.6,1.5320567434648535
358.8,1.5212310879635602
359.0,1.5631882609576475
359.2,1.531604508824341
359.4,1.5627751374607182
359.6,1.4646083559351701
359.8,1.548039217391898
360.0,1.541341048077607
360.2,1.5284075469939122
360.4,1.6008598970910426
360.6,1.6529304710363995
360.8,1.587959820667395
361.0,1.6139245921156207
361.2,1.607843793651203
361.4,1.5914628675593296
361.6,1.6119308230939435
361.8,1.416430301882839
362.0,1.417706918340182
362.2,1.2611152706812188
362.4,1.3199086844064878
362.6,1.2463267265938043
362.8,1.269038558415261
363.0,1.2576114767216187
363.2,1.340001309595156
363.4,1.4058840880087613
363.6,1.42042439231211
363.8,1.472819394480668
364.0,1.522031659829602
364.2,1.4651820301149638
364.4,1.5344754978853863
364.6,1.4824130524908905
364.8,1.5337604868754258
365.0,1.5153520971461603
365.2,1.5470823047220166
365.4,1.5643895087300348
365.6,1.5572119353785334
365.8,1.5731819970183991
366.0,1.5478340244286188
366.2,1.5850854432855552
366.4,1.6417048587935206
366.6,1.5919112360310428
366.8,1.5753618847099238
367.0,1.5024876826108486
367.2,1.5109102763470124
367.4,1.498373314819947
367.6,1.4426104417778787
367.8,1.4454374396057743
368.0,1.3894982981472412
368.2,1.4072267702590326
368.4,1.3672673669517954
368.6,1.3317131325581244
368.8,1.3398838645044533
369.0,1.3949112977897853
369.2,1.320312055123797
369.4,1.1152394575738553
369.6,1.2256663519908984
369.8,1.2963322738687308
370.0,1.2638287551806497
370.2,1.2631963529462447
370.4,1.1811620549277269
370.6,1.1423197541768884
370.8,1.0995345486890522
371.0,0.9946852265864683
371.2,1.0917670354407027
371.4,0.962861312743677
371.6,0.8962404423723396
371.8,0.8341099294485774
372.0,0.8587272845079905
372.2,1.006519385526206
372.4,0.8987797774406125
372.6,0.8735815068742292
372.8,0.6816116193811043
373.0,0.8666971861575444
373.2,0.8162303587639801
373.4,0.8311236048616248
373.6,0.8435166311080897
373.8,0.8407216532997402
374.0,0.8593753771075121
374.2,0.9199161461269529
374.4,0.9556977360164426
374.6,0.9601214386377498
374.8,1.0068166430622727
375.0,1.0720039469450566
375.2,1.0072026969814605
375.4,0.9641740622156855
375.6,0.900204735605833
375.8,0.8950406525399979
376.0,0.9673641157829488
376.2,0.9856627422884202
376.4,0.9283147355197793
376.6,0.9630497212430033
376.8,0.8666745400495477
377.0,1.0074441257263351
377.2,0.8190201255993864
377.4,0.8737278457157662
377.6,0.8272947925483332
377.8,0.7496122649096536
378.0,0.6982567410260925
378.2,0.6951664719639502
378.4,0.7409938277115455
378.6,0.8132507991498402
378.8,0.8234518702498024
379.0,0.8005427148311638
379.2,0.6097768709848884
379.4,0.7602807400513265
379.6,0.9428028041477322
379.8,0.9447457521607184
380.0,0.8210159403403875
380.2,0.9530342020071043
380.4,0.9200407343355413
380.6,0.763198660951926
380.8,0.7012570694239855
381.0,0.6782414447804395
381.2,0.7164890896480729
381.4,0.7206032069972557
381.6,0.7618070311487586
381.8,0.8506256515036202
382.0,0.8504615096421325
382.2,0.8153359526052455
382.4,0.8042615833041488
382.6,0.7760801687812471
382.8,0.8363544600409296
383.0,0.7223863637476257
383.2,0.7593226495834239
383.4,0.7437133245827374
383.6,0.8186829426774954
383.8,0.9131387160802079
384.0,0.8407956025064346
384.2,0.7867024716198469
384.4,0.7834732736107595
384.6,0.7275134007956763
384.8,0.7647663764848767
385.0,0.8082770501180109
385.2,0.8540220225125189
385.4,0.8172829275492681
385.6,0.8218334423957743
385.8,0.8062853800654658
386.0,0.8000071136269202
386.2,0.785637337568595
386.4,0.8066025725664862
386.6,0.8170051815847753
386.8,0.7709006191196803
387.0,0.8668585986663458
387.2,0.8745244673265582
387.4,0.9221012322433351
387.6,0.8311367331952104
387.8,0.8808606884877548
388.0,0.8279218081297299
388.2,0.8585367625714753
388.4,0.8208062750715348
388.6,0.8087440368082899
388.8,0.9092107721202515
389.0,0.748421461603218
389.2,0.8208530825333045
389.4,0.7870196495341414
389.6,0.7569982416957063
389.8,0.8781816120040478
390.0,0.925918609061551
390.2,0.9896944988860497
390.4,1.054549557848526
390.6,0.8605477134033499
390.8,0.8702813229444792
391.0,0.9295037438820456
391.2,0.9214753634649016
391.4,0.9579052588364446
391.6,1.1393445656930241
391.8,1.0917847065757977
392.0,1.2212483364110542
392.2,1.284246792451147
392.4,1.2843655233401292
392.6,1.3707760332872891
392.8,1.3580919505720574
393.0,1.3964766903734964
393.2,1.3157855099786113
393.4,1.2583673082157376
393.6,1.2676903569117592
393.8,1.4386256623343259
394.0,1.3965824949993748
394.2,1.3723598017350311
394.4,1.4060028147303125
394.6,1.4400465154431836
394.8,1.4057755069587945
395.0,1.3920298593676297
395.2,1.3809030299768932
395.4,1.3993493022575425
395.6,1.3368889690884385
395.8,1.266135938098444
396.0,1.219525361986189
396.2,1.1909109824040716
396.4,1.2141948635784288
396.6,1.1757703540145799
396.8,1.15375455522703
397.0,1.1924861664043556
397.2,1.1540196628904744
397.4,1.1683682467474859
397.6,1.1421274673033033
397.8,1.2269464743947989
398.0,1.115314209083743
398.2,0.9915071945759968
398.4,0.8773169632110209
398.6,1.023214908352474
398.8,1.0308277638579477
399.0,0.9844659942460543
399.2,0.893778187640177
399.4,0.9180522778182786
399.6,0.9144271661804082
399.8,0.9762808248975627
400.0,0.9737475042476348
400.2,1.1087927084878908
400.4,0.9024530327346328
400.6,1.0325707684905503
400.8,1.1097332999868337
401.0,1.1140600841202761
401.2,1.0470668198552686
401.4,0.9707327161958783
401.6,1.1659920890600746
401.8,1.2036039061099646
402.0,1.1539832111771233
402.2,1.0809187577719708
402.4,1.145866090185447
402.6,1.0915074543796215
402.8,1.034542495142536
403.0,1.039840976515994
403.2,0.9167649537059622
403.4,1.0359667226538767
403.6,1.003972157843648
403.8,1.0433240431284625
404.0,0.9228972201939118
404.2,1.0011464490256212
404.4,1.0619465722950472
404.6,1.0647381847712682
404.8,1.1582114330948912
405.0,0.9316531748297043
405.2,0.88583308987949
405.4,0.7915786167048753
405.6,0.8838476541997105
405.8,0.8342024092272492
406.0,0.8324880236889716
406.2,0.9054813476329799
406.4,0.8272188074436047
406.6,0.8108313861116212
406.8,0.7869313381556473
407.0,0.682486121084996
407.2,0.825952487322805
407.4,0.7695925880272798
407.6,0.7801872580712018
407.8,0.7255380591453353
408.0,0.6254543188676777
408.2,0.6114781838429484
408.4,0.5950325430218146
408.6,0.5980491087904478
408.8,0.6957071223472442
409.0,0.7422945692081114
409.2,0.5667405536113205
409.4,0.5700710575534409
409.6,0.6203508120213617
409.8,0.6088714482790051
410.0,0.6335982227396697
410.2,0.6324741578459342
410.4,0.6184058079659139
410.6,0.6433542759701598
410.8,0.5161543634768947
411.0,0.5274233903472056
411.2,0.4937231986850058
411.4,0.5356583560441589
411.6,0.5500762790027263
411.8,0.5258123224720765
412.0,0.5613912330581141
412.2,0.585986786297841
412.4,0.5896246256412301
412.6,0.6997261295796174
412.8,0.8149919555651335
413.0,0.8578237952296701
413.2,0.8101120931691282
413.4,0.7969296029044993
413.6,0.7054867575422772
413.8,0.7764299587556962
414.0,0.7305757823633906
414.2,0.6448333391026861
414.4,0.6508646824342518
414.6,0.6884897484295206
414.8,0.723128660701739
415.0,0.8017371108316999
415.2,0.9579088148708642
415.4,1.0741355115620363
415.6,1.1282246618705014
415.8,1.209298690410684
416.0,1.350966563161351
416.2,1.516505367550189
416.4,1.392278052436674
416.6,1.5093556446453062
416.8,1.5075761058219646
417.0,1.6067390805616022
417.2,1.5163969206918633
417.4,1.5880016093577909
417.6,1.5671724631148236
417.8,1.6149661729789222
418.0,1.6012027449323445
418.2,1.5947515583446001
418.4,1.5711532169623115
418.6,1.4828489818836905
418.8,1.4442260601974792
419.0,1.4515266037843273
419.2,1.482914011342734
419.4,1.4201723569513358
419.6,1.4814663356727313
419.8,1.3560210832427853
420.0,1.2158845773869262
420.2,1.1304871042053164
420.4,1.048607691443388
420.6,1.2111614649021594
420.8,1.1243998831140405
421.0,1.209496976306728
421.2,1.3218730864107817
421.4,1.3830024272446049
421.6,1.4266736249521061
421.8,1.4429521972143977
422.0,1.5573872413659111
422.2,1.5458340421217014
422.4,1.5741999484762252
422.6,1.58956000298536
422.8,1.5789138780740948
423.0,1.603212515637659
423.2,1.610940097158252
423.4,1.6154356069837583
423.6,1.6011619084984745
423.8,1.539978375845737
424.0,1.5371507361530292
424.2,1.5056706301415606
424.4,1.5583927127390058
424.6,1.604441699093941
424.8,1.600107648092883
425.0,1.6501915905157785
425.2,1.6097349433321004
425.4,1.6431733730540046
425.6,1.6876584530509373
425.8,1.680671790590544
426.0,1.7133182858106557
426.2,1.704183676478208
426.4,1.709995182753003
426.6,1.741929297425735
426.8,1.6983837877545835
427.0,1.6716186270431692
427.2,1.7451975794257533
427.4,1.6988455120815769
427.6,1.6671273249108896
427.8,1.677864498088797
428.0,1.6890736576571048
428.2,1.5990236686308275
428.4,1.6515241226895374
428.6,1.7544397308158413
428.8,1.7530135815793197
429.0,1.708797756145088
429.2,1.6778803401235678
429.4,1.7090241995974988
429.6,1.7296392998862156
429.8,1.6899609913796187
430.0,1.7336389753467365
430.2,1.649651454522747
430.4,1.6887207749156559
430.6,1.6717753583752313
430.8,1.6721936603571426
431.0,1.6722818603624194
431.2,1.6072012413903494
431.4,1.5763971202589553
431.6,1.5833712427795086
431.8,1.5758950214524485
432.0,1.5853255419185985
432.2,1.6085258513905178
432.4,1.6133934300603723
432.6,1.6016094352898544
432.8,1.6204116069032892
433.0,1.677720044036787
433.2,1.610936667285408
433.4,1.6281836404573902
433.6,1.6529515585883274
433.8,1.6304423021144618
434.0,1.563935340284544
434.2,1.543593609780927
434.4,1.6518475676813291
434.6,1.5868708527648037
434.8,1.553030593204198
435.0,1.553787118320201
435.2,1.4313540117137775
435.4,1.438602038590671
435.6,1.3948288498696644
435.8,1.3447237228938367
436.0,1.3104760525647272
436.2,1.3590317269538716
436.4,1.487185148062541
436.6,1.48104941172854
436.8,1.4653876454102694
437.0,1.5354525053023396
437.2,1.4811131993244127
437.4,1.5091580219568002
437.6,1.556340974719538
437.8,1.6330006243357698
438.0,1.6209754820210622
438.2,1.524830511497592
438.4,1.5633758819278563
438.6,1.518075155398732
438.8,1.5371760269278256
439.0,1.4584896728761052
439.2,1.5571009559748656
439.4,1.5386021719628658
439.6,1.5128491026850668
439.8,1.4938985333255306
440.0,1.568616212482916
440.2,1.5849670479301845
440.4,1.5523866541163058
440.6,1.5594803999470301
440.8,1.5380035441882653
441.0,1.499946820811084
441.2,1.457050269951356
441.4,1.4929983193723015
441.6,1.4739346836742568
441.8,1.4570387363140465
442.0,1.4377108031486594
442.2,1.479915731739837
442.4,1.477177500057301
442.6,1.4172027153236486
442.8,1.4591286613937868
443.0,1.4634226533559629
443.2,1.4558910587367975
443.4,1.427889203968331
443.6,1.431135288233223
443.8,1.4644718589165477
444.0,1.452737161984226
444.2,1.4927970920456366
444.4,1.4670580474129526
444.6,1.4390043537952384
444.8,1.5118021689663472
445.0,1.5404778648934685
445.2,1.4957371250204325
445.4,1.47589202483478
445.6,1.46982161760718
445.8,1.4424474103609266
446.0,1.388658328881109
446.2,1.4594985767529187
446.4,1.5089243951479496
446.6,1.5375560449173824
446.8,1.5073476414082414
447.0,1.4728496393935717
447.2,1.4926771300117925
447.4,1.5529149535826112
447.6,1.5763462667325938
447.8,1.5941324975625422
448.0,1.4204364601845283
448.2,1.4459843812147342
448.4,1.3668136564857511
448.6,1.2559912590697804
448.8,1.3093861546224788
449.0,1.2426253732036847
449.2,1.088319783326739
449.4,1.2330528678844974
449.6,1.093419178932708
449.8,1.1351828858259552
450.0,1.2153905514931913
450.2,1.0913012071880253
450.4,1.1913449414081696
450.6,1.188893579096894
450.8,1.2567758935566802
451.0,1.315861203050511
451.2,1.2628249205645983
451.4,1.1399266895496787
451.6,1.0518241131408435
451.8,1.02854874686266
452.0,0.9803205157022198
452.2,1.022339520461907
452.4,0.9715958876660349
452.6,1.0823725718274773
452.8,1.1097124885376561
453.0,1.1036655146448644
453.2,1.0228186446408383
453.4,1.0576917096073843
453.6,1.0283024135359276
453.8,1.0437580174157837
454.0,1.0239440719567607
454.2,1.0735613250993703
454.4,1.136330074284793
454.6,1.1423181795080315
454.8,1.0432276288202824
455.0,1.1044701898251819
455.2,1.2308375089074797
455.4,1.1903383402218508
455.6,1.228285389330242
455.8,1.1643137967681634
456.0,1.1440416284250938
456.2,1.155918284312658
456.4,1.206839807210082
456.6,1.0634940259291663
456.8,1.1882933941175753
457.0,0.9994325155669076
457.2,0.9565928628189295
457.4,0.8007029441391389
457.6,0.7685133992404476
457.8,0.64282048478426
458.0,0.7083316452426072
458.2,0.7514837031822734
458.4,0.786446623935722
458.6,0.8589263651814967
458.8,0.8625282828101761
459.0,0.8377243817150386
459.2,0.8989909018895235
459.4,0.9480324278810759
459.6,1.0537923059035585
459.8,1.0552583883123332
460.0,1.1389165930620715
460.2,1.0364105384553062
460.4,1.0770271933871762
460.6,1.0492522794015098
460.8,1.1645658457441581
461.0,1.0820298656456342
461.2,1.1621685088301728
461.4,1.1641307831737104
461.6,1.1211392730336818
461.8,1.2438832697834996
462.0,1.2909949170199215
462.2,1.4551277342285585
462.4,1.4149284607758066
462.6,1.560200193818155
462.8,1.573994845866022
463.0,1.5276837079812062
463.2,1.4308205743768605
463.4,1.4290260340748213
463.6,1.472648020735189
463.8,1.4487943512386752
464.0,1.3557338748446985
464.2,1.341937633166483
464.4,1.3463835778905509
464.6,1.3474561764555826
464.8,1.5495203756638534
465.0,1.5046677690366956
465.2,1.360833606022285
465.4,1.4888388945470492
465.6,1.3835777170553538
465.8,1.3319466327320892
466.0,1.3717714678935002
466.2,1.270497904360147
466.4,1.2403808126419196
466.6,1.2920908652166916
466.8,1.1075757597325675
467.0,1.1530560392614708
467.2,1.0643901191268648
467.4,1.024847530291154
467.6,1.1377779156066483
467.8,1.1837417359448112
468.0,1.0908901082021252
468.2,1.0687063143529012
468.4,1.0379931714573263
468.6,1.006166985321308
468.8,0.918630988824695
469.0,0.9963055638358806
469.2,0.9656375854716333
469.4,0.9450936354520355
469.6,0.9753074293888077
469.8,1.0474553185794935
470.0,1.1221144233022065
470.2,1.249190542096692
470.4,1.3410137553416137
470.6,1.1363714084328647
470.8,1.190431763858297
471.0,1.1453046005081515
471.2,1.1181992210898586
471.4,1.0417836975899066
471.6,1.0307199099916982
471.8,1.2176977423520972
472.0,1.1540190675291426
472.2,1.2822294342612242
472.4,1.2301424797242118
472.6,1.4089024350729438
472.8,1.4241069161301394
473.0,1.4317532075460428
473.2,1.341333257679382
473.4,1.2804895020553948
473.6,1.268580842437573
473.8,1.2274546334266283
474.0,1.3533812157410743
474.2,1.1707769434687827
474.4,1.2411946519133512
474.6,1.3845915300579974
474.8,1.4423453711668475
475.0,1.4154585876392283
475.2,1.2339575305488784
475.4,1.21303780447962
475.6,1.2128852897965434
475.8,1.1720915140253292
476.0,1.09956091716487
476.2,1.1292041112802387
476.4,1.2034202274965022
476.6,1.2354996687885493
476.8,1.241736029626565
477.0,1.1947963884865016
477.2,1.2561626299041193
477.4,1.213300219620639
477.6,1.2149143072813933
477.8,1.1340524571362158
478.0,1.1769605268014842
478.2,1.3026134909570821
478.4,1.2717339056182557
478.6,1.207144644581823
478.8,1.2801408620871668
479.0,1.2135664039824408
479.2,1.1662830489047145
479.4,1.1629510060282988
479.6,1.1273896038852684
479.8,1.090067702575132
480.0,1.1887918313293935
480.2,1.310528053765451
480.4,1.3051234512064547
480.6,1.34770602936442
480.8,1.2939500032622886
481.0,1.3050451307381168
481.2,1.407887715851384
481.4,1.3771810461764622
481.6,1.4328384448517997
481.8,1.416716992410563
482.0,1.2845468968444984
482.2,1.4123149824608876
482.4,1.5097357529956683
482.6,1.4944662329466158
482.8,1.5198623284808213
483.0,1.5091011178302727
483.2,1.538466451192783
483.4,1.603562513030742
483.6,1.4808734054962926
483.8,1.5260375775708075
484.0,1.5471037044790867
484.2,1.4350628597997526
484.4,1.4229601249925745
484.6,1.3930423515503962
484.8,1.388912233294106
485.0,1.4418444228071932
485.2,1.3892001085553487
485.4,1.3399257060673022
485.6,1.5108445195693367
485.8,1.5039446266823977
486.0,1.5105378732089871
486.2,1.4610974961273988
486.4,1.475741773534881
486.6,1.4540634613942602
486.8,1.420604729137232
487.0,1.4354493121939131
487.2,1.4323662204268794
487.4,1.3852043356536226
487.6,1.3915223694174013
487.8,1.3592547466531528
488.0,1.3672572378697003
488.2,1.3513230688061908
488.4,1.2764682479265184
488.6,1.2684211069633355
488.8,1.15839684545083
489.0,1.1983539087543904
489.2,1.1286071086167415
489.4,1.1601354020975436
489.6,1.2028323940599308
489.8,1.285665996224385
490.0,1.2836333790705639
490.2,1.2103756776914012
490.4,1.187716661067285
490.6,1.138493432262743
490.8,1.171603773845678
491.0,1.054888190532022
491.2,1.0659666128829042
491.4,1.0801419062033761
491.6,1.194074474750292
491.8,1.0979835746173465
492.0,0.9946170719814056
492.2,1.0900137521900584
492.4,1.0552953448870537
492.6,1.09023813842903
492.8,1.2003603544626704
493.0,1.2934700169620403
493.2,1.3869206592985142
493.4,1.3305093430462045
493.6,1.2696740793039978
493.8,1.3760093207169666
494.0,1.3889788174385727
494.2,1.4968508204596034
494.4,1.462115620248508
494.6,1.4287807576798295
494.8,1.37220754773341
495.0,1.4563562738823157
495.2,1.453802297786075
495.4,1.5136537537644261
495.6,1.4579409152950984
495.8,1.4169034030385428
496.0,1.4240115596692446
496.2,1.476524793721403
496.4,1.4358031628244472
496.6,1.379482303939023
496.8,1.3562278483375478
497.0,1.4002294090076632
497.2,1.4601768151927423
497.4,1.4831061065287625
497.6,1.4015080924009304
497.8,1.4221517673888304
498.0,1.389809068181421
498.2,1.4302337869882629
498.4,1.4605845914520124
498.6,1.4520587203075277
498.8,1.4551579579422065
499.0,1.478372554456113
499.2,1.4613359996218
499.4,1.4539819864786363
499.6,1.4762307166106452
499.8,1.4678900663037162
500.0,1.5411278141894165
500.2,1.4668268825009538
500.4,1.46207567070469
500.6,1.476452012178814
500.8,1.4213112443817137
501.0,1.4841732226861215
501.2,1.525802164269904
501.4,1.4934263911069392
501.6,1.4607679922113894
501.8,1.4626134230563022
502.0,1.4863932961945816
502.2,1.5425190028953053
502.4,1.510574597387843
502.6,1.4884369711010716
502.8,1.5324398589416357
503.0,1.53890798082895
503.2,1.4676710205177161
503.4,1.4321083389308353
503.6,1.3950450330583728
503.8,1.3324488908427976
504.0,1.3613563303943823
504.2,1.4229700836811605
504.4,1.316281011228083
504.6,1.4492475395186868
504.8,1.433472358266555
505.0,1.4934895680000468
505.2,1.5015094793792432
505.4,1.5655627010589765
505.6,1.332721532475577
505.8,1.3535299228796083
506.0,1.381519395963895
506.2,1.389543318124947
506.4,1.412779008706232
506.6,1.4204357103938177
506.8,1.4224399251743294
507.0,1.442772084326301
507.2,1.5082754001346483
507.4,1.5151551090923108
507.6,1.4868943386785398
507.8,1.4892453993070183
508.0,1.441914659532752
508.2,1.4726109523039637
508.4,1.3936626551909481
508.6,1.4973905448941571
508.8,1.4735960277319506
509.0,1.4484797621864696
509.2,1.5002925297299539
509.4,1.4877997660100473
509.6,1.4975896170209289
509.8,1.5358318237401118
510.0,1.5995187962662292
510.2,1.5682702814966676
510.4,1.5598900334547499
510.6,1.5055152307506943
510.8,1.5734103159905926
511.0,1.4905548093364718
511.2,1.5225554080368284
511.4,1.5741871349020389
511.6,1.585442560281845
511.8,1.5261675124068852
512.0,1.5941385353116742
512.2,1.5717313363850312
512.4,1.6065118069209305
512.6,1.5967463300583098
512.8,1.573536459407879
513.0,1.5806682558127032
513.2,1.5680870268096587
513.4,1.5939013189874633
513.6,1.6090199317051996
513.8,1.5887191563066323
514.0,1.4332158284878533
514.2,1.4030549387773532
514.4,1.4794042030365657
514.6,1.4249766836674491
514.8,1.3845468107543764
515.0,1.3709975810028099
515.2,1.4545264451664335
515.4,1.4071683747671662
515.6,1.3267909498208275
515.8,1.3873067930270664
516.0,1.2833758889262308
516.2,1.3635880952745583
516.4,1.3968084213039162
516.6,1.5449367515553927
516.8,1.6121017891914355
517.0,1.658274501102153
517.2,1.63768783155393
517.4,1.5844522977544078
517.6,1.6282102448696132
517.8,1.6452067245858686
518.0,1.6466454757040008
518.2,1.6929854777732263
518.4,1.6438601428226836
518.6,1.6238066006115286
518.8,1.639242405488068
519.0,1.5274337374125058
519.2,1.542318896446926
519.4,1.5517077997201132
519.6,1.5577940875291445
519.8,1.5041756780966924
520.0,1.5630352807288892
520.2,1.5201552785762327
520.4,1.588505621635845
520.6,1.5846890653046883
520.8,1.5834348473109758
521.0,1.5881560398981196
521.2,1.5142636058689143
521.4,1.5509449607966002
521.6,1.5422005476959773
521.8,1.5537053626037765
522.0,1.5896260303884915
522.2,1.5764947783272099
522.4,1.587142954629835
522.6,1.5504053460795424
522.8,1.5301403888467013
523.0,1.5078558857414177
523.2,1.5576742408784576
523.4,1.532651025658483
523.6,1.5802133673171324
523.8,1.5104423091901062
524.0,1.5055522447050733
524.2,1.4710434748632446
524.4,1.5332401485786968
524.6,1.500053419600769
524.8,1.4953538690892927
525.0,1.5193616569113335
525.2,1.5180959493060615
525.4,1.5571311610004366
525.6,1.5271659614684434
525.8,1.5163305910311184
526.0,1.5639757564676795
526.2,1.5807602593573278
526.4,1.5595566321561563
526.6,1.5495616322244627
526.8,1.5399941023498143
527.0,1.5211338179720195
527.2,1.4942253191228174
527.4,1.4839934644480033
527.6,1.5296721352807612
527.8,1.4961483182598478
528.0,1.5390086831695586
528.2,1.552497885822074
528.4,1.5664303895752314
528.6,1.570311094689625
528.8,1.6175658203470067
529.0,1.5742087315565987
529.2,1.5705622077056784
529.4,1.5886360876516805
529.6,1.6423688536483383
529.8,1.5936918874935881
530.0,1.5625737946640261
530.2,1.565080165428882
530.4,1.5335023058755362
530.6,1.5236778525556463
530.8,1.5573842673012355
531.0,1.5287736265693748
531.2,1.449543841769247
531.4,1.524072961834096
531.6,1.4640917036584296
531.8,1.4535500947699618
532.0,1.546795500782247
532.2,1.5579105694708217
532.4,1.5584792920376453
532.6,1.5916368228765434
532.8,1.4975652293010406
533.0,1.4203869393929618
533.2,1.4128006643670035
533.4,1.41356814218156
533.6,1.4694698148955752
533.8,1.4851025822864967
534.0,1.5208588418662268
534.2,1.4838678593630124
534.4,1.4880472169734067
534.6,1.587069326257541
534.8,1.614012898202348
535.0,1.4789511474285781
535.2,1.5001839468674523
535.4,1.499448551266784
535.6,1.483024988396926
535.8,1.473835048497744
536.0,1.4498043577540625
536.2,1.3912955131743858
536.4,1.4039589592801678
536.6,1.4674588552271535
536.8,1.4995378549767304
537.0,1.436662211052125
537.2,1.576093373778336
537.4,1.5350456751821788
537.6,1.4923756158036332
537.8,1.4970325839158671
538.0,1.4180475567329893
538.2,1.3244647662775757
538.4,1.3394516033463773
538.6,1.36152067393145
538.8,1.2686981095831078
539.0,1.2154194141996613
539.2,1.2315971821160165
539.4,1.2224484177502888
539.6,1.23222889539476
539.8,1.1857084997266045
540.0,1.0881202546482773
540.2,1.1554100483791365
540.4,1.1752895607246712
540.6,1.3108531450848218
540.8,1.2215383309213954
541.0,1.2156384605469983
541.2,1.3391205575465928
541.4,1.1907623892476784
541.6,1.1392580170706013
541.8,1.1525924842117412
542.0,1.1065510501824634
542.2,1.077656391239872
542.4,1.1795206449546403
542.6,1.237070166436511
542.8,1.057688420316598
543.0,0.9828698106790359
543.2,0.9266924639309984
543.4,0.9387567711028305
543.6,0.9308211881167822
543.8,1.0213779710401083
544.0,1.0882498876920148
544.2,1.15795257599994
544.4,1.107833178066213
544.6,1.1571748296469342
544.8,1.1686757314465193
545.0,1.1326120728012121
545.2,1.1406123230009517
545.4,1.2194331201562492
545.6,1.2279215301509798
545.8,1.204464753798284
546.0,1.140911774261623
546.2,1.0384807589190241
546.4,1.009973868922736
546.6,1.1594689069503679
546.8,1.20687410783831
547.0,1.1964212885077838
547.2,1.2137650892131628
547.4,1.1641709031095715
547.6,1.2331316976981535
547.8,1.233556234920751
548.0,1.3364094292003332
548.2,1.247248922740225
548.4,1.3853670412737698
548.6,1.355310144595981
548.8,1.3084894836691165
549.0,1.2988804777667025
549.2,1.3023742355680403
549.4,1.2763358948389958
549.6,1.3494194464190201
549.8,1.3521028705305826
550.0,1.3166061203485007
550.2,1.2928034824846013
550.4,1.1712902065310395
550.6,1.1063630097036925
550.8,1.125242392282758
551.0,1.0950406566876518
551.2,1.173202519494283
551.4,1.1686137660473919
551.6,1.1896879289786206
551.8,1.2491726614317242
552.0,1.214298259585692
552.2,1.1458641894028758
552.4,1.2050690740106735
552.6,1.1627154002750983
552.8,1.231176190132304
553.0,1.1834395951311707
553.2,1.2397046038188009
553.4,1.2845621269087057
553.6,1.3746910081380537
553.8,1.3603818577203906
554.0,1.4096388958592558
554.2,1.4199801217671897
554.4,1.3817167280314053
554.6,1.342257383562271
554.8,1.3077880117470182
555.0,1.295492539575243
555.2,1.3107751845235627
555.4,1.3690168655736221
555.6,1.4227278882924854
555.8,1.3652599583598863
556.0,1.401669137443822
556.2,1.3854406394526666
556.4,1.365196476233177
556.6,1.3244016501039826
556.8,1.2655194091559887
557.0,1.2980935346605533
557.2,1.2622558577300846
557.4,1.221898729405822
557.6,1.2120007409567406
557.8,1.2189399781881036
558.0,1.3123118054594705
558.2,1.2624028171647301
558.4,1.2208516918287742
558.6,1.1939460525438534
558.8,1.1531302198288824
559.0,1.096567794119717
559.2,1.2195926926834393
559.4,1.0931115993941904
559.6,1.093578592073865
559.8,1.1782575592749414
560.0,1.2780050282422992
560.2,1.2627781789749968
560.4,1.3674107595083962
560.6,1.5141572091696884
560.8,1.5709927583074825
561.0,1.59581858709914
561.2,1.5428108760842243
561.4,1.5756462462746363
561.6,1.5869653942076165
561.8,1.5093183438760707
562.0,1.533268576635073
562.2,1.5266171623114446
562.4,1.529045757552932
562.6,1.540047064055249
562.8,1.4261320057476443
563.0,1.5582638449797126
563.2,1.5492890392376277
563.4,1.5928678291602905
563.6,1.6579489624158366
563.8,1.6796096948460122
564.0,1.573413670323885
564.2,1.5856046552437881
564.4,1.5471228152893235
564.6,1.5391362935213204
564.8,1.494118180686528
565.0,1.4053221800735591
565.2,1.5215867362456754
565.4,1.622488091384658
565.6,1.624507011357188
565.8,1.6146881808160731
566.0,1.5600580089493667
566.2,1.5531763012299897
566.4,1.4269504538089444
566.6,1.4652802459223728
566.8,1.465379016144048
567.0,1.424409223928779
567.2,1.394066895261508
567.4,1.31897025360356
567.6,1.2781392980764745
567.8,1.362341457576378
568.0,1.3021943096029318
568.2,1.3011180676772809
568.4,1.2565281521522302
568.6,1.1791896912032283
568.8,1.2696803409067425
569.0,1.289256400837437
569.2,1.2269952845895662
569.4,1.2025197062221342
569.6,1.2339867571857017
569.8,1.3353880814778374
570.0,1.2999071024638322
570.2,1.3899187112374856
570.4,1.3301856945232193
570.6,1.3723988318081404
570.8,1.4109300795775441
571.0,1.4141698188796201
571.2,1.4938793078732302
571.4,1.4880566265578583
571.6,1.4718170261589212
571.8,1.4834832938616012
572.0,1.4512920500615105
572.2,1.5843207194504523
572.4,1.5148299419657523
572.6,1.447114230707739
572.8,1.4564565190356542
573.0,1.3971640639517162
573.2,1.3964453862857502
573.4,1.3780813873250426
573.6,1.4304632365509367
573.8,1.4578209420501753
574.0,1.4058187644802322
574.2,1.4275899325155064
574.4,1.4188265440530334
574.6,1.4531982604165798
574.8,1.4512266790246942
575.0,1.4975328881201835
575.2,1.4208639890664716
575.4,1.4736630236111425
575.6,1.4889655525903271
575.8,1.4486588524360366
576.0,1.5226435918698304
576.2,1.5217266263591447
576.4,1.5262704789727557
576.6,1.5534301674426414
576.8,1.496038239055929
577.0,1.5272319058788655
577.2,1.4966621286741382
577.4,1.5221843505283508
577.6,1.531922088077972
577.8,1.534565699187218
578.0,1.4377902539064578
578.2,1.5125839480924093
578.4,1.529888649301748
578.6,1.6107172436201171
578.8,1.5970287056585541
579.0,1.5738020514267312
579.2,1.5430721512222307
579.4,1.5781352537458888
579.6,1.4740176465218862
579.8,1.476174895862343
580.0,1.4642887197054129
580.2,1.4953233118246234
580.4,1.4464254299917871
580.6,1.5049999575902842
580.8,1.5300622985866938
581.0,1.517339308558445
581.2,1.4893805227042782
581.4,1.4864163408774487
581.6,1.5026441202476968
581.8,1.475566667276084
582.0,1.5231579426769188
582.2,1.471399659552512
582.4,1.484044248136521
582.6,1.498296506586146
582.8,1.490737122044909
583.0,1.4841299013907643
583.2,1.5517319803080027
583.4,1.5583979421557446
583.6,1.46715981636232
583.8,1.4947847231991058
584.0,1.5168444149627514
584.2,1.5596967507043316
584.4,1.5298960713050063
584.6,1.575975737650721
584.8,1.5097535662269856
585.0,1.4989470889276706
585.2,1.592685816822294
585.4,1.5440178553144281
585.6,1.5168486062746642
585.8,1.5266348099646623
586.0,1.4834014349020905
586.2,1.4514346864276835
586.4,1.4460471079891093
586.6,1.4614417647878333
586.8,1.433155868288773
587.0,1.5382660248068425
587.2,1.4527212954300173
587.4,1.4681105293140324
587.6,1.5094454210390205
587.8,1.5208654357402507
588.0,1.4958864140557722
588.2,1.5027104460892204
588.4,1.518063719155932
588.6,1.4932282333374856
588.8,1.5279675411079274
589.0,1.501612189375302
589.2,1.524290650220044
589.4,1.5215758776636386
589.6,1.5279752635276522
589.8,1.407221284878773
590.0,1.401484678396351
590.2,1.3190437620520825
590.4,1.3081132632576424
590.6,1.3510096943489251
590.8,1.3282500939791217
591.0,1.2496388253767354
591.2,1.482995988335697
591.4,1.498206157607156
591.6,1.3878047158253037
591.8,1.4572282891031942
592.0,1.5089639603932927
592.2,1.5233587547678158
592.4,1.4877451493933476
592.6,1.553677408160107
592.8,1.4558730924626484
593.0,1.528761719414834
593.2,1.4462440943979409
593.4,1.5289964484550755
593.6,1.4464444103644614
593.8,1.5262771010269156
594.0,1.4953711651796824
594.2,1.4498943764006422
594.4,1.4047433208698574
594.6,1.4063151639587586
594.8,1.4398127423649314
595.0,1.4150030356092516
595.2,1.428227939219978
595.4,1.4443392143889513
595.6,1.4730072082225079
595.8,1.4988101941510492
596.0,1.506509577735932
596.2,1.5305579717752589
596.4,1.45069782195492
596.6,1.4628458347616748
596.8,1.5528746725640388
597.0,1.569672242388654
597.2,1.5009925626191247
597.4,1.5177327198228503
597.6,1.528981237461983
597.8,1.5331151558748224
598.0,1.4903558788968836
598.2,1.461396422318573
598.4,1.4604019728761286
598.6,1.3992320130724303
598.8,1.428934495517128
599.0,1.4740530112696413
599.2,1.457474578181221
599.4,1.490678719871781
599.6,1.4879033863112818
599.8,1.4502602345537767
600.0,1.4232724059197583
600.2,1.4314909207811313
600.4,1.2970841836329348
600.6,1.2119016752130438
600.8,1.2429077653363172
601.0,1.2122521540180162
601.2,1.1965386848231117
601.4,1.183596296732635
601.6,1.094952840473938
601.8,1.0218269961522712
602.0,1.082638158292775
602.2,1.1568156891864434
602.4,1.1766996931131166
602.6,1.178321830683731
602.8,1.19726312189146
603.0,1.2507880100618642
603.2,1.2197423430724932
603.4,1.3312747265453397
603.6,1.3188284322277446
603.8,1.2410189991704592
604.0,1.226143814134146
604.2,1.2692353717439047
604.4,1.31359728981967
604.6,1.2867835840240296
604.8,1.3220724480504882
605.0,1.1964562758659125
605.2,1.1701323451314554
605.4,1.315577797124041
605.6,1.300153085859525
605.8,1.3405847418166885
606.0,1.2636946288103799
606.2,1.1707647603413232
606.4,1.261998058106857
606.6,1.264224930141669
606.8,1.289378353612896
607.0,1.3169368908610475
607.2,1.2594483300136003
607.4,1.3054512122616804
607.6,1.288639713582435
607.8,1.2998024640692105
608.0,1.2905773609564255
608.2,1.3526848769209736
608.4,1.2649565890241075
608.6,1.204814119240809
608.8,1.2120813649892612
609.0,1.246591432909658
609.2,1.2687744016798312
609.4,1.2967244723468148
609.6,1.3084689657872812
609.8,1.3511768961968416
610.0,1.4019980796092208
610.2,1.3761087778801544
610.4,1.4671323987710996
610.6,1.408175014663271
610.8,1.417712846165354
611.0,1.4261687566442554
611.2,1.4159839694829361
611.4,1.4107926492986622
611.6,1.3108819853666782
611.8,1.2638568265342263
612.0,1.3215753954487586
612.2,1.1942958182768073
612.4,1.2015624547359076
612.6,1.2086760687327884
612.8,1.128744973489038
613.0,1.123426826606245
613.2,1.1918754834027416
613.4,1.2871495689960262
613.6,1.2336121562957418
613.8,1.4335416142836368
614.0,1.4365550245039593
614.2,1.414928741106467
614.4,1.3779556301237414
614.6,1.464699742223776
614.8,1.389298889106193
615.0,1.4143230633031294
615.2,1.3688016845935636
615.4,1.4133040532151084
615.6,1.3309557756968367
615.8,1.299487769416856
616.0,1.3581935167147172
616.2,1.2882686738590736
616.4,1.2060262043543841
616.6,1.0666415708993418
616.8,1.0804729859380973
617.0,1.0382796530193326
617.2,0.9818031723071956
617.4,0.9785906241639477
617.6,0.9491728943901686
617.8,0.9136376055371989
618.0,0.906368508282499
618.2,0.9375107826260256
618.4,0.9747036765421274
618.6,0.8944537011836046
618.8,0.908522397560283
619.0,0.9966076933234037
619.2,0.9732794054554779
619.4,0.988456593416441
619.6,0.9806738622002082
619.8,0.9031751825082559
620.0,1.0682934174583716
620.2,0.9456322151064296
620.4,0.9205352379662491
620.6,0.8760129995030906
620.8,0.9752309474089118
621.0,0.7769369575577472
621.2,0.7532156589105015
621.4,0.7975438039298091
621.6,0.751599332244295
621.8,0.7728334457864666
622.0,0.7196889264737958
622.2,0.6747527757933336
622.4,0.6587314364923359
622.6,0.6656981592742698
622.8,0.6648165910239049
623.0,0.6593294229650357
623.2,0.6363775509851782
623.4,0.6817796114613952
623.6,0.6716047120154154
623.8,0.7143921299180294
624.0,0.7142915266317262
624.2,0.692739808155192
624.4,0.6266162452174584
624.6,0.6667073577025905
624.8,0.6066335498997386
625.0,0.6693279519050135
625.2,0.7292799606652836
625.4,0.7227706876558376
625.6,0.7695323086447013
625.8,0.7268689265582648
626.0,0.7653058531533065
626.2,0.7760007753392713
626.4,0.6964080303918674
626.6,0.7042026912655344
626.8,0.7078664994230344
627.0,0.7091483227579174
627.2,0.7501903788286628
627.4,0.7988089939639356
627.6,0.6788939961421914
627.8,0.7732028730543404
628.0,0.7693061726240068
628.2,0.7334644554998416
628.4,0.7571244583163207
628.6,0.6009662090138033
628.8,0.7728878683332467
629.0,0.8308826534925299
629.2,0.8311486370993327
629.4,0.750604187035127
629.6,0.8109031417528563
629.8,0.864756893443098
630.0,0.8859541702869402
630.2,0.9229748451818061
630.4,0.9496864466920609
630.6,0.9018895178236219
630.8,0.8803205508559652
631.0,0.87042177849422
631.2,0.8837406608688789
631.4,0.9180183903883898
631.6,0.848776998329089
631.8,0.8711766569983975
632.0,0.8997412363772247
632.2,0.9338946650508347
632.4,0.8753438550745809
632.6,0.9126110562424475
632.8,0.8917929597783664
633.0,0.9319763894332576
633.2,0.8560274509599441
633.4,0.7870309305514575
633.6,0.7777147701918832
633.8,0.7671837462626019
634.0,0.8063804267818616
634.2,0.7565139723895411
634.4,0.7983145132432425
634.6,0.8105294691718432
634.8,0.8546373632026162
635.0,0.8827551040778415
635.2,0.838909484245435
635.4,0.8872459665520885
635.6,0.9691620030677836
635.8,0.9112101323073759
636.0,0.9004350070270078
636.2,0.7274453528522371
636.4,0.7658396974984626
636.6,0.7690481758839123
636.8,0.7175696734168964
637.0,0.7531608620876037
637.2,0.7422928762848203
637.4,0.784971240006371
637.6,0.9031501571198343
637.8,0.817744085698787
638.0,0.8886096348201329
638.2,0.8080652223982122
638.4,0.8008826739662214
638.6,0.8594211791164762
638.8,0.9244975965440002
639.0,0.9667415700817152
639.2,0.9234915635845699
639.4,0.9795335533640734
639.6,0.8859877940060322
639.8,0.8616405528415199
640.0,0.9442621280900285
640.2,0.9681580772593186
640.4,0.8750217290104036
640.6,0.8576060306895592
640.8,0.8838178026533926
641.0,0.8222977191269258
641.2,0.8689974607440403
641.4,0.754808906589765
641.6,0.9234949763107421
641.8,0.9004806782200919
642.0,0.8613483257051623
642.2,0.8663307236631587
642.4,0.8306652168899002
642.6,0.9999478759224661
642.8,1.0360430924434876
643.0,1.1089634026222364
643.2,1.18544296454738
643.4,1.3213595609932836
643.6,1.3668000352499352
643.8,1.3910625520619415
644.0,1.3779866831342402
644.2,1.4033041059456253
644.4,1.4406195898376057
644.6,1.4289465331010207
644.8,1.3700568574518202
645.0,1.2993457522843226
645.2,1.1843572556371444
645.4,1.1892357252250998
645.6,1.1810943996409706
645.8,1.2509716212254893
646.0,1.1249348138213686
646.2,0.973241027624427
646.4,0.8106034432080718
646.6,0.7571650822119589
646.8,0.7927885919173319
647.0,0.7763967501410267
647.2,0.8037859235028073
647.4,0.7762140174971071
647.6,0.7971357925385847
647.8,0.7321015301382038
648.0,0.6152610015482454
648.2,0.5795635588653638
648.4,0.5713100098992332
648.6,0.5424266433674783
648.8,0.5735431833776061
649.0,0.5604921760276731
649.2,0.5939588247785241
649.4,0.5654644156675587
649.6,0.5653053702648702
649.8,0.5087227635508058
650.0,0.6191758439937256
650.2,0.6012677281986483
650.4,0.7865510695719378
650.6,0.803337372797986
650.8,0.7285908321233346
651.0,0.697537585869086
651.2,0.7263679297233672
651.4,0.6846217872921818
651.6,0.7259835666096246
651.8,0.7654547538780887
652.0,0.7370571925849565
652.2,0.6648118218938341
652.4,0.6390864619292669
652.6,0.659263386868447
652.8,0.5616223779354866
653.0,0.651000141783318
653.2,0.7615665732239147
653.4,0.8544102681229889
653.6,0.8709251869012926
653.8,0.9322825653876932
654.0,0.9642507828257593
654.2,0.9878602019233306
654.4,0.9543290404311848
654.6,0.88380009144601
654.8,0.8770216550713382
655.0,0.8496055663387427
655.2,0.8474192101293981
655.4,0.9604775979350715
655.6,0.969835466654976
655.8,0.9110980027422114
656.0,0.9614400971028111
656.2,1.0374464193709583
656.4,1.1452584224701436
656.6,1.1406023244638648
656.8,1.20546569244476
657.0,1.0465399339032715
657.2,1.0757353540673775
657.4,0.9523607235010483
657.6,1.004915520982093
657.8,1.0191208241830298
658.0,0.9176302568979791
658.2,0.9517522424473113
658.4,0.9251835561268946
658.6,0.9352756811385831
658.8,1.0780248665820382
659.0,1.0601757563544836
659.2,1.0893340458585505
659.4,1.1781298299796878
659.6,1.1219825111940842
659.8,1.1714291647634911
660.0,1.123052443650956
660.2,1.060686577592567
660.4,1.0074312670410173
660.6,1.0884924883635656
660.8,1.157786697643774
661.0,1.1035799238995627
661.2,1.145106622468362
661.4,1.0598384540972516
661.6,1.11076765410929
661.8,1.0666557555360554
662.0,1.0070386644587286
662.2,1.11592610814519
662.4,1.165204779284723
662.6,1.2331001635167733
662.8,1.1838999341398795
663.0,1.2507029316085603
663.2,1.2161327482731092
663.4,1.2087030832433865
663.6,1.21953349842871
663.8,1.2118635174474173
664.0,1.1582237739211911
664.2,1.1981838313630837
664.4,1.2578601797834994
664.6,1.2551528473675526
664.8,1.2631382803493567
665.0,1.2551551545281936
665.2,1.335877055934839
665.4,1.3349393526825986
665.6,1.2829537533380866
665.8,1.2190821190146823
666.0,1.2515221315171878
666.2,1.216124060590297
666.4,1.2239064947059073
666.6,1.2131348218310154
666.8,1.2082320216864582
667.0,1.1663832683855533
667.2,1.1433791565688283
667.4,1.0610806708184042
667.6,1.0978717150836501
667.8,1.106559076303571
668.0,1.0461760956222177
668.2,1.1270260206797889
668.4,1.127186488134401
668.6,1.1959495714388013
668.8,1.1184215936807227
669.0,1.0467465549390478
669.2,1.1660450341298074
669.4,1.1252734880867763
669.6,1.2007772956133778
669.8,1.2184498563771515
670.0,1.2692676851680191
670.2,1.4374789882123604
670.4,1.3203098653418086
670.6,1.418453915921435
670.8,1.408691819616751
671.0,1.408329794993635
671.2,1.3615078173617445
671.4,1.3996630160153443
671.6,1.429151524159294
671.8,1.451791432970311
672.0,1.4601308301246962
672.2,1.3911118332236128
672.4,1.396044615707207
672.6,1.2545756479730328
672.8,1.2666742243446352
673.0,1.2816915264529554
673.2,1.3725549525506582
673.4,1.3945466004125247
673.6,1.4622393449887763
673.8,1.464492341098698
674.0,1.4874511463886457
674.2,1.4261090937636443
674.4,1.4235446166531958
674.6,1.3677756231215976
674.8,1.3205761927528408
675.0,1.3685597765928663
675.2,1.3041201914972023
675.4,1.3573844513949616
675.6,1.2219004709343215
675.8,1.2549040059072816
676.0,1.2893118293112424
676.2,1.2739381830938457
676.4,1.3062157506070364
676.6,1.393143728394947
676.8,1.298257212762337
677.0,1.2927380532136281
677.2,1.4395487185772915
677.4,1.385621117504013
677.6,1.3484429571750656
677.8,1.4052661629641139
678.0,1.2848936883793323
678.2,1.3745583680000557
678.4,1.3162197362041368
678.6,1.2771262863038004
678.8,1.1871105756073475
679.0,1.1036946260371807
679.2,0.9498275513464247
679.4,1.0390525029632292
679.6,1.0412845406102202
679.8,1.0826543348620201
680.0,1.1083958710776878
680.2,1.0205758373010434
680.4,0.888332510256882
680.6,0.860269829380256
680.8,0.9758485259988005
681.0,0.9871153916951092
681.2,0.925279094806348
681.4,0.9985872575874684
681.6,1.0307265737162088
681.8,1.0591576051874205
682.0,0.9979541201273646
682.2,1.022540165795641
682.4,1.0519616862153431
682.6,1.03195523721816
682.8,1.0250611507069318
683.0,1.0445394893388609
683.2,1.0538714723099738
683.4,1.087790435881608
683.6,1.2146812408171077
683.8,1.1961530366745028
684.0,1.0791088420592332
684.2,1.1180002388412622
684.4,1.1798345283631138
684.6,1.1945993581615428
684.8,1.2177985110310805
685.0,1.245804747524221
685.2,1.2675566042772528
685.4,1.272544319340065
685.6,1.27193049194251
685.8,1.3633508186231913
686.0,1.3702250715502617
686.2,1.343689159170577
686.4,1.2866003681426157
686.6,1.2945333842397648
686.8,1.2632317233712882
687.0,1.273870368018781
687.2,1.1977209782101705
687.4,1.241798663877926
687.6,1.2216849959534433
687.8,1.0619594895145374
688.0,1.0243454811346158
688.2,1.1481663385585246
688.4,1.2062336473631814
688.6,1.226079864487391
688.8,1.220048169199401
689.0,1.0859456329768309
689.2,1.1708524520702768
689.4,1.1807780741427492
689.6,1.3223973323152254
689.8,1.183564748535133
690.0,1.2867034766814949
690.2,1.2010775104188158
690.4,1.3232752763586202
690.6,1.1946106284082465
690.8,1.118643603153629
691.0,1.1862892567277714
691.2,1.0850044632036149
691.4,1.1044536078402047
691.6,1.195040426325114
691.8,1.2156155989562782
692.0,1.302662688654051
692.2,1.3733036284658215
692.4,1.3513443839291464
692.6,1.38883609622343
692.8,1.3915441719265513
693.0,1.46331497044209
693.2,1.4791677751955032
693.4,1.5213004671960837
693.6,1.509215278594335
693.8,1.4654493122933356
694.0,1.5176171794724582
694.2,1.602910475785817
694.4,1.589267770022382
694.6,1.582653100838591
694.8,1.5398738985729143
695.0,1.5471097290371065
695.2,1.5692032920648096
695.4,1.5734420454635387
695.6,1.6079909417326959
695.8,1.5648194161696325
696.0,1.5779187011555442
696.2,1.5925928876636584
696.4,1.5277028148309193
696.6,1.575820743285881
696.8,1.5554355117477852
697.0,1.5275177064459933
697.2,1.523309684447181
697.4,1.5740033536900375
697.6,1.5608009911163034
697.8,1.5215800976581098
698.0,1.5799032045481354
698.2,1.5655815450236923
698.4,1.5294894729497295
698.6,1.5369339626756984
698.8,1.562004800048819
699.0,1.5980358227953104
699.2,1.5764136311932413
699.4,1.5772420586157934
699.6,1.510923303475556
699.8,1.4679082585293957
700.0,1.440075105227288
700.2,1.4143903155675608
700.4,1.4756698966531006
700.6,1.4379501607917795
700.8,1.4660553102970049
701.0,1.4848375637949096
701.2,1.4912297484934502
701.4,1.495235964553194
701.6,1.4563482944348753
701.8,1.4512192730604114
702.0,1.4397208816891403
702.2,1.4481887331305017
702.4,1.4653605824252784
702.6,1.4702260570451537
702.8,1.4459548709098322
703.0,1.3776205426058474
703.2,1.402260185918506
703.4,1.3899987912277112
703.6,1.421304740726054
703.8,1.3794586398584252
704.0,1.3872813591847888
704.2,1.386165357683913
704.4,1.3006482665863885
704.6,1.4140266177892873
704.8,1.3426532329562055
705.0,1.4394920930215735
705.2,1.4710007497035855
705.4,1.394720087190096
705.6,1.3542323392250055
705.8,1.3957788320905977
706.0,1.2895025746124529
706.2,1.320126877531121
706.4,1.3254178396887388
706.6,1.2883844582917137
706.8,1.3080473275791191
707.0,1.3656425436017865
707.2,1.3091275937812796
707.4,1.2430023738340257
707.6,1.2922384095027193
707.8,1.3009411879514443
708.0,1.2859020795743783
708.2,1.3306588861520396
708.4,1.2870147818652768
708.6,1.3665771700016585
708.8,1.3167594479679683
709.0,1.3159994688012495
709.2,1.3033214227357188
709.4,1.3428705772555065
709.6,1.3692196804455299
709.8,1.3693145643005282
710.0,1.2917972561048638
710.2,1.2152248969739357
710.4,1.2549852701676179
710.6,1.2497602852875782
710.8,1.1905081725037354
711.0,1.2417945259857106
711.2,1.1758974646940488
711.4,1.1380759145908883
711.6,1.0731449759878575
711.8,1.087568483271682
712.0,1.233742908905112
712.2,1.174298434141327
712.4,1.187205652029752
712.6,1.2350753839417767
712.8,1.2128253328448324
713.0,1.3120492344312356
713.2,1.3314271642800777
713.4,1.3106593430542433
713.6,1.3499235398333835
713.8,1.3433885458420456
714.0,1.3666287868666467
714.2,1.4491529272801023
714.4,1.4465383691792448
714.6,1.299790041610108
714.8,1.3539395254558113
715.0,1.40742090059134
715.2,1.4525111850547792
715.4,1.4084728457199236
715.6,1.430793403867962
715.8,1.4525795862946598
716.0,1.445110029613117
716.2,1.3515427116545122
716.4,1.3748416433233532
716.6,1.3106406259387116
716.8,1.1873544502046496
717.0,1.04932802603185
717.2,1.104580346034876
717.4,1.0370209958939274
717.6,1.0257367895532263
717.8,1.0221118337260835
718.0,1.0713350991626776
718.2,1.0722579750247196
718.4,1.0877073018286818
718.6,1.097212520791476
718.8,1.1134308439092075
719.0,1.1924804425921183
719.2,1.272276679992841
719.4,1.2584649052968184
719.6,1.3057590130490975
719.8,1.3725002703434774
720.0,1.3023573341584798
720.2,1.2636381933672276
720.4,1.1996145528137936
720.6,1.1844571846778045
720.8,1.329176596192609
721.0,1.4209999221344425
721.2,1.4215705054538665
721.4,1.3501795478675078
721.6,1.3405304933033597
721.8,1.2961087918497034
722.0,1.2533908962496367
722.2,1.2293160379639105
722.4,1.2374793233322694
722.6,1.2532902710473561
722.8,1.2748590967309221
723.0,1.228756375879407
723.2,1.1711224652463739
723.4,1.1106074716203138
723.6,1.1507988222268026
723.8,1.1807307930756947
724.0,1.143383129169628
724.2,1.0566631560047821
724.4,1.0673219711570612
724.6,1.1600921213690558
724.8,1.1449565912609274
725.0,1.1825579732708411
725.2,1.125868642460008
725.4,1.2198864295207088
725.6,1.275205161729182
725.8,1.1692911351499886
726.0,1.107767437939472
726.2,1.130614181881778
726.4,1.118174701632087
726.6,1.0578490070155113
726.8,1.0535153119627942
727.0,1.1212501344944055
727.2,1.095462004767415
727.4,1.0837338289529257
727.6,1.018469002422386
727.8,1.0529045122129017
728.0,1.0867056258280492
728.2,1.0999896777877667
728.4,1.1428444286065502
728.6,1.1237751136678393
728.8,1.170400582001361
729.0,1.071656042461486
729.2,1.0755803552497256
729.4,1.068386433187926
729.6,1.098881150869153
729.8,1.1154392159741557
730.0,1.1176265592095
730.2,1.0786046299544307
730.4,1.0550367765039044
730.6,1.1266756263345894
730.8,1.1160633768540087
731.0,1.1130628234062352
731.2,1.04719355245067
731.4,1.0922542192398723
731.6,1.045163671732976
731.8,1.221140590312208
732.0,1.1362707089891493
732.2,1.1063870129047044
732.4,1.2036985204381394
732.6,1.1822769555731485
732.8,1.2065377350383906
733.0,1.1947224382983908
733.2,1.1985231170364288
733.4,1.1325157138637247
733.6,1.100205980101334
733.8,1.147599620673963
734.0,1.1807486008732624
734.2,1.2005925805182813
734.4,1.1760117524265479
734.6,1.1251474796700707
734.8,1.1447525399892378
735.0,1.1624349038849933
735.2,1.124652323050348
735.4,1.1401351491007583
735.6,1.094713489838709
735.8,1.1796132760828404
736.0,1.085436165113794
736.2,1.1262369453534675
736.4,1.0739523105589568
736.6,1.1278646977553919
736.8,1.1931502159197986
737.0,1.2050777382868099
737.2,1.1877382049656104
737.4,1.1942049266895203
737.6,1.2375999651455032
737.8,1.188675974100371
738.0,1.0522451052490944
738.2,1.0265227549640958
738.4,1.0413241724019016
738.6,1.0784473977770768
738.8,1.0504128601201155
739.0,0.996461946753908
739.2,0.9792367936888609
739.4,1.070379174583497
739.6,1.0900429258146718
739.8,1.1026707351156488
740.0,1.1068209111413065
740.2,1.1104714143033179
740.4,1.1948459885302767
740.6,1.1778184068104847
740.8,1.201231114418058
741.0,1.1277441456671449
741.2,1.1566993957996063
741.4,1.1738556740670303
741.6,1.1309918122697318
741.8,1.127272926338382
742.0,1.1674641311094858
742.2,1.1670522956406348
742.4,1.0634314391084232
742.6,1.1081495072614698
742.8,1.0287034632376846
743.0,1.0176763562013065
743.2,1.157061604166651
743.4,1.2210236038719429
743.6,1.1910900356341183
743.8,1.1083959731096933
744.0,1.228420830741769
744.2,1.1980898319921107
744.4,1.2928728447546338
744.6,1.258755550464134
744.8,1.2421638327007314
745.0,1.2250282604305762
745.2,1.2400559203104013
745.4,1.2501097852982157
745.6,1.2022523308689244
745.8,1.2527243359601665
746.0,1.3303445752731615
746.2,1.259053426521332
746.4,1.2198627879571828
746.6,1.2433926123751642
746.8,1.2074342322580331
747.0,1.158299905964407
747.2,1.1600614778039566
747.4,1.143305024357921
747.6,1.2073634939689464
747.8,1.1699868529414579
748.0,1.1161158003236795
748.2,1.0662690201139964
748.4,1.1362951315515692
748.6,1.1541095329068949
748.8,1.0905853653813349
749.0,1.1210238320989032
749.2,1.137849588273533
749.4,1.0852851595700252
749.6,1.1790548215412908
749.8,1.1534117867575195
750.0,1.1103105991833628
750.2,1.1124406151296653
750.4,1.1305412030680526
750.6,1.177099797279242
750.8,1.2292491696647425
751.0,1.2789876780774772
751.2,1.1584618057988747
751.4,1.1548811171862865
751.6,1.1154764946939064
751.8,1.2123804390431734
752.0,1.2352719435568598
752.2,1.2413805805394997
752.4,1.193523984507555
752.6,1.3059637074967667
752.8,1.270444004611352
753.0,1.2481140534548862
753.2,1.2856931146724784
753.4,1.313302178980201
753.6,1.2281269130119514
753.8,1.2836259412331856
754.0,1.3929624123043918
754.2,1.3469493003185002
754.4,1.286752152492759
754.6,1.2436188770124135
754.8,1.240069525736216
755.0,1.2037674611938682
755.2,1.283724828524098
755.4,1.281020985353253
755.6,1.1759500906318603
755.8,1.1287155967348719
756.0,1.044247306585064
756.2,0.9520999221180843
756.4,0.9512891349738819
756.6,0.9942187928749144
756.8,1.0369090605872937
757.0,1.1770668576632108
757.2,1.2192505116938388
757.4,1.2096733535005837
757.6,1.1700027989337478
757.8,1.3011909885465058
758.0,1.3445458049968977
758.2,1.2553235093844113
758.4,1.321937256836076
758.6,1.2863194534900422
758.8,1.295935664936934
759.0,1.2550597200543832
759.2,1.2860910440410884
759.4,1.373933903399441
759.6,1.3385679289945596
759.8,1.2634023058889468
760.0,1.3086242870189173
760.2,1.336043796660888
760.4,1.289312960053858
760.6,1.3582198630902906
760.8,1.3009227023101404
761.0,1.3161032173135274
761.2,1.293911308819668
761.4,1.3862925131287285
761.6,1.4079410142227051
761.8,1.4470911422153883
762.0,1.5223472534270537
762.2,1.3899283074664566
762.4,1.2905376225479657
762.6,1.289310806052917
762.8,1.2316022566974902
763.0,1.3117836256174482
763.2,1.314345389910801
763.4,1.138547134238959
763.6,1.1865339227850453
763.8,1.1784458681787884
764.0,1.2240543480554094
764.2,1.247761583324531
764.4,1.2249593281985
764.6,1.208054430205444
764.8,1.1225045926243047
765.0,1.1549976743237569
765.2,1.2004917521039982
765.4,1.1936307786002862
765.6,1.2306994306949175
765.8,1.2555560695552106
766.0,1.2664246985839838
766.2,1.2110324788579745
766.4,1.314092748044576
766.6,1.2877453747309098
766.8,1.2425603453312568
767.0,1.2273329282970826
767.2,1.2483519984063558
767.4,1.179656485678477
767.6,1.1275177236705953
767.8,1.1082606027234845
768.0,1.0700890831750969
768.2,0.9606254064288129
768.4,0.9768012950100304
768.6,1.0181763509632065
768.8,0.9472137199887152
769.0,0.8511111906688239
769.2,0.9631955528979941
769.4,0.9811892620500882
769.6,0.9836313610243087
769.8,0.9270492434542655
770.0,0.9200424249419857
770.2,0.8690493517447437
770.4,0.6683552985021569
770.6,0.7066021894771792
770.8,0.6833888249285703
771.0,0.71371358280567
771.2,0.7550410390174944
771.4,0.7353177506387439
771.6,0.6873184974522011
771.8,0.8814245856700195
772.0,0.7854922347768466
772.2,0.8409594560730426
772.4,0.8655912023975203
772.6,0.8411117669170001
772.8,0.7315970124858971
773.0,0.6459220425368312
773.2,0.6248273210886373
773.4,0.6390179902373684
773.6,0.7461415915466316
773.8,0.8493936466407627
774.0,0.8362744660398972
774.2,0.9257090704082849
774.4,0.8649324436306107
774.6,0.946020661967452
774.8,0.9518043428009889
775.0,0.9193395069867563
775.2,0.8163991544061193
775.4,0.9023602110613982
775.6,0.815465677731976
775.8,0.8094308280732913
776.0,0.8981408075925386
776.2,0.8608510483776428
776.4,0.8680502090939127
776.6,0.7872355864568193
776.8,0.756817484682047
777.0,0.7626784094783565
777.2,0.8231665374935142
777.4,0.8010584390055365
777.6,0.9201555253337694
777.8,0.9143723117106637
778.0,0.9170963711707503
778.2,0.9427386779961019
778.4,0.9295913196534457
778.6,0.8441935300401926
778.8,0.9200345792542922
779.0,1.0778000883095071
779.2,1.0941032336196073
779.4,0.9965924987938015
779.6,1.0103652283724067
779.8,1.0196660575830039
780.0,1.054924335489248
780.2,1.1068987201809828
780.4,1.0029501979439925
780.6,1.0090940317101542
780.8,0.9105489272875122
781.0,0.9321495014038842
781.2,0.9539599516865991
781.4,0.9308318946136038
781.6,0.7581465192793149
781.8,0.8417134150441814
782.0,0.8317585867239483
782.2,0.7970115712393541
782.4,0.8939481454335215
782.6,0.8821023066029751
782.8,0.8109644225440775
783.0,0.8144621335395994
783.2,0.8797809943167753
783.4,0.8671607893796747
783.6,0.8723654766835456
783.8,0.9299009054672844
784.0,0.797223404105183
784.2,0.8156517057542236
784.4,0.8156499385231186
784.6,0.736894112801295
784.8,0.7503196659668618
785.0,0.8121694550695748
785.2,0.7653249104153984
785.4,0.7776443460717253
785.6,0.8463005769801434
785.8,0.8686563911330399
786.0,0.92826026283278
786.2,0.9545611786150772
786.4,1.00461412138208
786.6,0.9496057672560985
786.8,0.9313241761624391
787.0,0.945937557463789
787.2,0.9073940707934568
787.4,0.7658825146563832
787.6,0.762485622620046
787.8,0.7963852097155064
788.0,0.7586669877371162
788.2,0.7836337396328045
788.4,0.7739927812805225
788.6,0.7313715223267072
788.8,0.8019606310066854
789.0,0.7980614303031618
789.2,0.8409688454285982
789.4,0.8207375546093287
789.6,0.9071388994814413
789.8,1.1017040213768365
790.0,0.9976192103161381
790.2,1.0589630600490505
790.4,0.9670547132893119
790.6,0.9363767827140078
790.8,1.0256399079881724
791.0,0.959918069707712
791.2,0.7997718234817419
791.4,0.7671946079524886
791.6,0.7922004023051393
791.8,0.805253804617886
792.0,0.7450777235204813
792.2,0.775007627638627
792.4,0.8010957186819659
792.6,0.743942258227271
792.8,0.813652509101446
793.0,0.8241474793950039
793.2,0.8256149882641951
793.4,0.8102797809565793
793.6,0.9103702848370847
793.8,0.9273322591340276
794.0,1.0463120961754142
794.2,0.9158528802680465
794.4,0.9193774937765374
794.6,0.9280054530866698
794.8,0.8554592816018435
795.0,0.9150973039859366
795.2,0.9319517693487184
795.4,1.0270907694272722
795.6,1.0178876339564158
795.8,1.0490576404021106
796.0,1.041993996698162
796.2,1.0589758954849842
796.4,1.047857700388745
796.6,1.1669823089403786
796.8,1.121324247116501
797.0,1.0999206855449697
797.2,1.117312116605373
797.4,1.0543087402422573
797.6,1.0894187074262291
797.8,1.0779229404608675
798.0,1.0532407764226943
798.2,1.0896612566784492
798.4,1.2326976634542484
798.6,1.0104076326184
798.8,1.01650711941943
799.0,1.0551474641494305
799.2,1.01405036233693
799.4,1.025578985274786
799.6,1.0870037684224478
799.8,1.1083539061162082
800.0,1.148801004562003
800.2,1.152101719568935
800.4,1.1142231434484569
800.6,1.1220581413815522
800.8,1.1571259239279752
801.0,1.1319550401497775
801.2,1.199605698735699
801.4,1.3014050714700416
801.6,1.259801932965536
801.8,1.11779808194693
802.0,1.0964011963023605
802.2,1.1233090954175067
802.4,1.0947647449840001
802.6,1.111113944942036
802.8,1.2036781595788733
803.0,1.2341498992306146
803.2,1.250258953416187
803.4,1.2167983829059101
803.6,1.292311472571831
803.8,1.0596923047867157
804.0,1.0166362184307676
804.2,1.1037026136324875
804.4,1.1292944470939195
804.6,1.1627583335659668
804.8,1.2040761181853012
805.0,1.2289298248498233
805.2,1.2121964088101254
805.4,1.1868996716755313
805.6,1.2259088965063392
805.8,1.2986873345843324
806.0,1.2454937577470484
806.2,1.1990284170001806
806.4,1.2466775670359485
806.6,1.170334963405549
806.8,1.1654920260032373
807.0,1.1857208579746588
807.2,1.224730250924935
807.4,1.207303327336385
807.6,1.3072372381651216
807.8,1.3181012701542547
808.0,1.348269617779983
808.2,1.2489995297906464
808.4,1.2694892546506553
808.6,1.3174103399314625
808.8,1.373667065764337
809.0,1.384322447286325
809.2,1.365400547832867
809.4,1.3252176933747903
809.6,1.2881925191374497
809.8,1.2639096506242242
810.0,1.1863475531170713
810.2,1.2765541488613878
810.4,1.2388924598160902
810.6,1.330906384609081
810.8,1.3483236731863275
811.0,1.4019104280221735
811.2,1.4537677179306052
811.4,1.3762900992695213
811.6,1.3806754162866244
811.8,1.3408138825561149
812.0,1.311888097155159
812.2,1.2344477745368878
812.4,1.2173701901199279
812.6,1.2459436105487334
812.8,1.226884042522118
813.0,1.205713912039419
813.2,1.2466564420409876
813.4,1.248324034091866
813.6,1.2637014133765532
813.8,1.2289654761907796
814.0,1.258962892745797
814.2,1.2459321024521028
814.4,1.2050315125235846
814.6,1.3038539016533899
814.8,1.2865392067057617
815.0,1.3803147527091706
815.2,1.4732737761446035
815.4,1.489439365330955
815.6,1.5577003613411444
815.8,1.480899814928725
816.0,1.4910869043820625
816.2,1.4480447587052774
816.4,1.400398666028363
816.6,1.4563110085525817
816.8,1.5184846921140074
817.0,1.366697250737574
817.2,1.440157693844508
817.4,1.3957600568975812
817.6,1.3946121678486052
817.8,1.2872040095496424
818.0,1.3737427318376862
818.2,1.3578486727594106
818.4,1.451075905718113
818.6,1.480705596922913
818.8,1.42560610880492
819.0,1.4476247734900265
819.2,1.4228143506436517
819.4,1.4719191390814177
819.6,1.5425601180702269
819.8,1.4679487384279313
820.0,1.42885338422558
820.2,1.4565429370675302
820.4,1.4922342456103028
820.6,1.4256083378892936
820.8,1.4733872483349981
821.0,1.5290548858435538
821.2,1.6041672305786203
821.4,1.5320262117389127
821.6,1.4972954038079156
821.8,1.62010121005784
822.0,1.599982540472753
822.2,1.642898950513431
822.4,1.6077771583768594
822.6,1.615249459225799
822.8,1.6208551483315514
823.0,1.5595137779436898
823.2,1.580440353271758
823.4,1.5180849361065967
823.6,1.4349534790368195
823.8,1.469233694619108
824.0,1.482526401275443
824.2,1.4753595850753443
824.4,1.4453322380016882
824.6,1.499466807234078
824.8,1.5554066210273598
825.0,1.5387246927445843
825.2,1.5708262221611207
825.4,1.6201373810203186
825.6,1.5772164055390205
825.8,1.541998256867126
826.0,1.5653078097311455
826.2,1.6018024425520703
826.4,1.5326859558625343
826.6,1.5313538176287047
826.8,1.6017646238202594
827.0,1.5401892941361526
827.2,1.607226207793119
827.4,1.5667005356839225
827.6,1.535818844219969
827.8,1.5140613973991148
828.0,1.5164468832598859
828.2,1.5174598194576954
828.4,1.433483256235625
828.6,1.4054761534640112
828.8,1.320187291497886
829.0,1.3036466095831543
829.2,1.2275372994534601
829.4,1.243340875407672
829.6,1.3182189092907952
829.8,1.2938981074790337
830.0,1.145182817085847
830.2,1.130006734727539
830.4,1.2017444211548023
830.6,1.068267852835121
830.8,0.9867466013311847
831.0,0.881646205350601
831.2,1.0216690810282338
831.4,1.07147055862819
831.6,1.0598161939671242
831.8,1.1369659435259631
832.0,1.023170993264802
832.2,0.9506535937812413
832.4,0.9373645072033282
832.6,0.9311258755827956
832.8,1.0878820654433807
833.0,1.1759480021739568
833.2,1.176682808641782
833.4,1.1231582888577782
833.6,1.1016030525558038
833.8,1.1083530285693837
834.0,0.9952823989184584
834.2,0.9445548214220221
834.4,0.9782103558985888
834.6,1.0462528865532525
834.8,1.1852937394595109
835.0,1.2320516484912196
835.2,1.144991025794285
835.4,1.1224264992133954
835.6,1.0003592225439424
835.8,1.2215260986521634
836.0,1.195005732590261
836.2,1.1590614642705748
836.4,1.1536533236011615
836.6,1.144671718217512
836.8,1.2318354936523883
837.0,1.1809426127258293
837.2,1.1046037045122241
837.4,1.128615957487524
837.6,1.1177226188362488
837.8,1.1672917352178833
838.0,1.1692283938594934
838.2,1.1371850169513136
838.4,1.0552563927737937
838.6,0.9801340088010706
838.8,1.035432766241796
839.0,0.8966338230608016
839.2,0.9460170847411842
839.4,0.9301022391091702
839.6,0.9600086006868827
839.8,1.0171132946922539
840.0,0.9688492439716352
840.2,0.8666345797342991
840.4,0.9695177390220883
840.6,1.0178070226476472
840.8,0.9982340838010669
841.0,0.9532808052498967
841.2,0.908670164384579
841.4,0.858622769003141
841.6,0.8305756820928046
841.8,0.9144773542432457
842.0,0.8620998156591329
842.2,0.8318788929049014
842.4,0.898469534524484
842.6,0.9310082548048101
842.8,1.0377281690687499
843.0,0.9675307526082146
843.2,0.8503988416171049
843.4,0.8528253064427869
843.6,0.8834569575582059
843.8,0.8985895244475894
844.0,0.8869994468603147
844.2,0.7923344161234255
844.4,0.9105145787662412
844.6,0.979252216901892
844.8,1.0966082218577475
845.0,1.222344169265194
845.2,1.1855244368930289
845.4,1.2523343860453193
845.6,1.2960470871263916
845.8,1.2817108689168255
846.0,1.1820053707596831
846.2,1.2105165471121575
846.4,1.1774678920969854
846.6,1.146976699482702
846.8,1.171116474715606
847.0,1.2284215577687754
847.2,1.207211094914547
847.4,1.1650370040980653
847.6,1.21217179919059
847.8,1.17811249709042
848.0,1.0490899827176252
848.2,1.0989629912825798
848.4,1.0546347638857607
848.6,0.9830220570514279
848.8,0.9886694083365223
849.0,1.0169164253792067
849.2,0.9610251567996931
849.4,1.0070468661936707
849.6,0.9055833106627377
849.8,0.8748438339810367
850.0,0.9441701370314796
850.2,0.9203650502635607
850.4,0.8177851190442071
850.6,0.9875297955942102
850.8,0.9328570512691042
851.0,0.8629545220149503
851.2,0.8672172733397675
851.4,0.871461761891044
851.6,0.8301573856564411
851.8,0.826583798208177
852.0,0.8274923247382026
852.2,0.9291262011057091
852.4,1.1458942283455058
852.6,1.208619469514392
852.8,1.1693948521201931
853.0,1.1633007155034027
853.2,1.1197137902972183
853.4,1.0876850472566217
853.6,1.083136461409098
853.8,1.160246407891701
854.0,1.3757923126808964
854.2,1.4582812475031441
854.4,1.3408726600080403
854.6,1.3336339815517422
854.8,1.3182791740949642
855.0,1.3127773531903641
855.2,1.28592556845767
855.4,1.3534057340398813
855.6,1.2721077058516421
855.8,1.1732348708164708
856.0,1.2909624238650355
856.2,1.332055349208144
856.4,1.3222280721776825
856.6,1.3623871774352563
856.8,1.3569025206293304
857.0,1.208327552648216
857.2,1.2531694163495526
857.4,1.269033962036858
857.6,1.2898246035951242
857.8,1.3505014350442939
858.0,1.2799679402677406
858.2,1.3666490022783773
858.4,1.3865087659323003
858.6,1.3289624755827
858.8,1.4496209660960355
859.0,1.4298604450159687
859.2,1.4123364386900914
859.4,1.3437366122231789
859.6,1.4509070171103635
859.8,1.3786278282031117
860.0,1.4424500204826933
860.2,1.4462915194992014
860.4,1.4466031248843234
860.6,1.502646180338663
860.8,1.501248436271355
861.0,1.4611180421419458
861.2,1.484808363647564
861.4,1.4583725315555673
861.6,1.4249604510214853
861.8,1.475680190761032
862.0,1.5579177746227069
862.2,1.5468289541738665
862.4,1.4871236948620574
862.6,1.5043069278972943
862.8,1.60647873279076
863.0,1.601012234258007
863.2,1.5868039473517856
863.4,1.556023323789596
863.6,1.4675567422003934
863.8,1.3227635077030628
864.0,1.3216853598500518
864.2,1.3078013384847997
864.4,1.3008147839806452
864.6,1.1940783473252274
864.8,1.0814086645890648
865.0,1.1483405828179831
865.2,1.129418490428934
865.4,1.1510340367860936
865.6,1.1937189362263594
865.8,1.1437784583642991
866.0,1.3226944022929863
866.2,1.1309785240283519
866.4,1.1859733762158282
866.6,1.1098269188081813
866.8,1.116280276692087
867.0,1.0251283779582636
867.2,1.0409468634003973
867.4,1.132870431078848
867.6,1.0452889132667018
867.8,1.107070535895744
868.0,1.1027648805099006
868.2,1.0831285523000653
868.4,1.0825355279321107
868.6,1.0541306501004049
868.8,1.0187888336812523
869.0,1.050791052249507
869.2,1.158283464690037
869.4,1.2286695620875334
869.6,1.0625348996536408
869.8,1.0247025875876115
870.0,1.1478460026885435
870.2,1.325326805881931
870.4,1.1307729478629316
870.6,1.0757636188935567
870.8,1.0396406018579953
871.0,0.9977242764686377
871.2,1.0099502303314654
871.4,0.9374349842910721
871.6,1.117542348511655
871.8,1.1000158892601095
872.0,0.9977289068735097
872.2,0.9268392038257455
872.4,1.0557577633296575
872.6,1.0759859740680222
872.8,0.955927377900642
873.0,0.8801487486945965
873.2,1.0309220173608762
873.4,0.8434716765037062
873.6,0.8181328668749439
873.8,0.9281801075311567
874.0,0.9984690208961593
874.2,1.0334727852495549
874.4,0.9303394615650387
874.6,0.9769412885645214
874.8,1.068567944215828
875.0,0.9554041310752798
875.2,0.9134422492024052
875.4,0.925016358577146
875.6,1.0868785838570676
875.8,1.0892184206110487
876.0,1.1065898761989572
876.2,0.9554847824952267
876.4,1.0342136514106715
876.6,1.0302498660395316
876.8,0.957049720356161
877.0,0.8945606587553744
877.2,0.8256630280537605
877.4,0.8441716592204449
877.6,1.013149241269716
877.8,0.9253415826359721
878.0,0.9986246421153367
878.2,0.9993245269262226
878.4,1.0260204258824406
878.6,0.8722412961471674
878.8,0.7945369098583208
879.0,0.814739808872923
879.2,0.7354366926177133
879.4,0.7821546370841912
879.6,0.7245729213293998
879.8,0.7330608085272815
880.0,0.7723029335554707
880.2,0.766473398427914
880.4,0.7893700793927103
880.6,0.7671317455782751
880.8,0.811701009648638
881.0,0.7675598587552546
881.2,0.8379374066396572
881.4,0.8958063565185865
881.6,0.9025682911587973
881.8,0.8619099993039339
882.0,0.8642307931263412
882.2,0.8855655759386482
882.4,0.8580137410291655
882.6,0.9427291294762583
882.8,0.9137039274056329
883.0,0.958595046621121
883.2,0.9094498684319416
883.4,0.9163090343994316
883.6,0.9764516185670805
883.8,0.9815493627657172
884.0,0.987537526922781
884.2,1.0349141122682362
884.4,1.0788607317926022
884.6,1.165081851714564
884.8,1.0443601560793514
885.0,1.0648861616181402
885.2,1.1346839409188259
885.4,1.1312390218359443
885.6,1.2690644383403482
885.8,1.257195596681148
886.0,1.2972722497241298
886.2,1.2784521360620613
886.4,1.2415541863807031
886.6,1.3039569689009203
886.8,1.3368854911404333
887.0,1.2468392031295121
887.2,1.3165225370449438
887.4,1.3479142149403047
887.6,1.3359648074360377
887.8,1.2751331254587186
888.0,1.3507979159292047
888.2,1.3121536188533258
888.4,1.362750703884537
888.6,1.3370030455876907
888.8,1.375001722914814
889.0,1.2753121690575975
889.2,1.3076592917763654
889.4,1.2944695671974298
889.6,1.275909795217209
889.8,1.266613808043256
890.0,1.3136510093938834
890.2,1.3077559557472969
890.4,1.2913886523220686
890.6,1.3075430405802415
890.8,1.2819308587460865
891.0,1.2925925446687905
891.2,1.3059632285141167
891.4,1.3658731076695112
891.6,1.359051604241308
891.8,1.3132893385288935
892.0,1.2998892694855275
892.2,1.3220744505378887
892.4,1.284411289941883
892.6,1.31298586666189
892.8,1.2930181573757762
893.0,1.2328652822692836
893.2,1.2570774429138116
893.4,1.27047466458751
893.6,1.2422264178788942
893.8,1.2028767275284071
894.0,1.2304364881163616
894.2,1.303989266605385
894.4,1.3001341915751392
894.6,1.3194132596329298
894.8,1.3311973164266504
895.0,1.3777687576757538
895.2,1.3344008677478127
895.4,1.3298415393979002
895.6,1.3322030782930179
895.8,1.357160631411107
896.0,1.462985383801471
896.2,1.4665657656978834
896.4,1.445940436557327
896.6,1.40266006906007
896.8,1.4853625645454878
897.0,1.4262688245031057
897.2,1.3849662386060326
897.4,1.4014068458499092
897.6,1.4195185978662712
897.8,1.4014808539426196
898.0,1.3896592692071934
898.2,1.4413740730672324
898.4,1.3646645767619183
898.6,1.3582835374031936
898.8,1.4218535353502058
899.0,1.4321880520927066
899.2,1.4828421213410665
899.4,1.439643383751225
899.6,1.4107911405479172
899.8,1.385722135849323
900.0,1.3549204152346714
900.2,1.4128327413679436
900.4,1.3521241453073434
900.6,1.3895667298200842
900.8,1.3564402894274536
901.0,1.425647993602667
901.2,1.2698804604256435
901.4,1.2698799214513425
901.6,1.2402131926243365
901.8,1.3181375944471534
902.0,1.3475334131846342
902.2,1.3770551096482215
902.4,1.3173257864166665
902.6,1.2180820278066231
902.8,1.0781862657414527
903.0,1.0605849052187044
903.2,1.0242420030522548
903.4,0.9999046311932014
903.6,1.0059742711013606
903.8,1.0079003270419267
904.0,1.0273546267044085
904.2,1.0775984222158024
904.4,1.1148670199997364
904.6,1.1026978468189992
904.8,1.1259693757906795
905.0,1.1014395406741349
905.2,1.0936630523420976
905.4,1.1288265809741997
905.6,1.2277967594098536
905.8,1.2044905316493453
906.0,1.0953429198718407
906.2,1.1566873127880775
906.4,1.139821962864681
906.6,1.1578607594001897
906.8,1.1217232869609925
907.0,1.1485115729933302
907.2,1.1233114588505784
907.4,1.1097699093817
907.6,1.1669037635051562
907.8,1.094267042792066
908.0,1.1073307683652973
908.2,1.1891099616844352
908.4,1.1628994077593136
908.6,1.1644055726947677
908.8,1.148880458534343
909.0,1.1500340061331804
909.2,1.0837137222414743
909.4,1.2207247680786586
909.6,1.173984277012281
909.8,1.231301151036603
910.0,1.2574370002684805
910.2,1.2330486243297465
910.4,1.2329472156833858
910.6,1.0747625497060578
910.8,1.14842228896151
911.0,1.267288411000528
911.2,1.1270205450579194
911.4,1.0675255562007102
911.6,0.9836897871433932
911.8,0.9257926777635024
912.0,0.9386873050847709
912.2,1.0384832777288444
912.4,1.0472955230738692
912.6,1.1121492729297346
912.8,1.0370990293160787
913.0,1.1494729084884512
913.2,1.2890391559386678
913.4,1.2697733753890417
913.6,1.186307986696909
913.8,1.2580300565570517
914.0,1.1845189728303347
914.2,1.25313725206382
914.4,1.253583242466282
914.6,1.267790629392921
914.8,1.1904003569691841
915.0,1.2639107172275486
915.2,1.120122162323948
915.4,1.0413986829161541
915.6,1.1192987921387487
915.8,1.0159586240818226
916.0,0.9443224798612324
916.2,1.0060823552354745
916.4,0.9689292692117988
916.6,1.06331685744495
916.8,1.1750311065889285
917.0,1.1776294916101677
917.2,1.1489859377681433
917.4,1.1816291619700432
917.6,1.1137344486465828
917.8,1.0745323641661975
918.0,0.9525163689647209
918.2,0.9598205288572823
918.4,0.8698446004959468
918.6,0.9201227571022637
918.8,0.8619832066588676
919.0,0.794752617866853
919.2,0.8111268827053773
919.4,0.8480719727077055
919.6,0.8498784807853841
919.8,0.8459459243209511
920.0,0.8945531753388029
920.2,0.8823397288559491
920.4,0.8631173006539876
920.6,0.9428289957052558
920.8,0.830196884678187
921.0,0.8487991914040454
921.2,0.8489896051593625
921.4,0.8131884749574944
921.6,0.7848213497945308
921.8,0.8148925737181966
922.0,0.9149568656494542
922.2,0.8713120728987759
922.4,0.8574795559869945
922.6,0.8547982622064689
922.8,0.9114357831325904
923.0,0.9705952877199776
923.2,0.9045248246603187
923.4,0.9632625899691523
923.6,0.9574648895374093
923.8,0.9347501656518175
924.0,0.9348548496161728
924.2,0.9931540994994748
924.4,0.9944109260973135
924.6,1.0684633335364722
924.8,1.0286685883631872
925.0,0.9382116441510041
925.2,0.9934416600839346
925.4,1.0098765460211667
925.6,0.9996666794591438
925.8,0.9933382115011208
926.0,1.0065047136164005
926.2,1.082001645774695
926.4,1.1586866991360627
926.6,1.14172879796716
926.8,1.1731740734418576
927.0,1.187164719349504
927.2,1.1970496229953216
927.4,1.1952118877793234
927.6,1.191804199066748
927.8,1.2494042008202177
928.0,1.2150350144781927
928.2,1.2397260325771138
928.4,1.2018179046053568
928.6,1.1815703478090025
928.8,1.1915908133233886
929.0,1.253214488499444
929.2,1.1954027448884041
929.4,1.1802145124642442
929.6,1.2062628001129965
929.8,1.204103921983439
930.0,1.183482276028662
930.2,1.109364023678309
930.4,1.138900317606938
930.6,1.314480340148174
930.8,1.3397425638530511
931.0,1.3181281723815075
931.2,1.2757645940832192
931.4,1.2579186921239238
931.6,1.2717818698482568
931.8,1.2610109369822093
932.0,1.2714832349971403
932.2,1.3291004787263871
932.4,1.3732946915223645
932.6,1.4966520153357838
932.8,1.4633824081492723
933.0,1.4374606753651293
933.2,1.3785934466139707
933.4,1.3119595696484907
933.6,1.3355303487982189
933.8,1.3163839203676857
934.0,1.3334814371435937
934.2,1.3052264008418741
934.4,1.2243550226205966
934.6,1.302009952486034
934.8,1.2866237487799523
935.0,1.2590174993829675
935.2,1.351876334407392
935.4,1.3545104061755084
935.6,1.353203294584625
935.8,1.4252461112058732
936.0,1.3534627672730102
936.2,1.3884764611955291
936.4,1.4282444754103996
936.6,1.409577710473593
936.8,1.373744380982434
937.0,1.3625738337221087
937.2,1.382266058760617
937.4,1.424031615333317
937.6,1.3977232120717933
937.8,1.3703151249356
938.0,1.3794010678783626
938.2,1.3623262146993818
938.4,1.3501034512366128
938.6,1.322700191106549
938.8,1.1880712895111876
939.0,1.3122838711288742
939.2,1.2758523460325262
939.4,1.236591007495931
939.6,1.3038389302878386
939.8,1.2844684252536862
940.0,1.32280994131001
940.2,1.3917391642585664
940.4,1.4476315218526858
940.6,1.399266199874738
940.8,1.383073956243837
941.0,1.338477732561197
941.2,1.3366125295621178
941.4,1.2426102258678184
941.6,1.4028008846163236
941.8,1.3034164629782874
942.0,1.3741919054893785
942.2,1.4046734683340667
942.4,1.392253419745765
942.6,1.407050257816165
942.8,1.3996559102421728
943.0,1.3852039003529932
943.2,1.4322462051590017
943.4,1.4088214486200603
943.6,1.3935572460050198
943.8,1.4325974110934065
944.0,1.3870180182543774
944.2,1.4601730553637375
944.4,1.4761651991451106
944.6,1.4512334417876567
944.8,1.4895474913080624
945.0,1.4618756428519997
945.2,1.462402028689337
945.4,1.5061342238235176
945.6,1.4851597667298653
945.8,1.641088550696407
946.0,1.6056398506019964
946.2,1.666621103802667
946.4,1.5858870719808569
946.6,1.6261089474318233
946.8,1.666961314322418
947.0,1.7055894693300122
947.2,1.6493202156013058
947.4,1.628330902814709
947.6,1.640268675975182
947.8,1.659933684193502
948.0,1.6670147743214856
948.2,1.672694095962214
948.4,1.649574687941458
948.6,1.6608114623399672
948.8,1.6063806801891487
949.0,1.6802740997907901
949.2,1.6251547882559947
949.4,1.6199165342918485
949.6,1.59730162057108
949.8,1.6572717903474945
950.0,1.5618816006138538
950.2,1.5894983239056895
950.4,1.5749171633686705
950.6,1.6364855739800626
950.8,1.5829052077721708
951.0,1.5859254866753014
951.2,1.5865990037329964
951.4,1.6147025323710653
951.6,1.6936744667834982
951.8,1.7000965271692219
952.0,1.6385338446831863
952.2,1.632057317010391
952.4,1.6801540086131876
952.6,1.6525658143984363
952.8,1.580037676385874
953.0,1.6190475112058078
953.2,1.5951507058208017
953.4,1.5997330398829506
953.6,1.568724959222211
953.8,1.6168699315769053
954.0,1.6195605199464667
954.2,1.6166854202299803
954.4,1.5739987962424415
954.6,1.5709152588633883
954.8,1.5648779947690656
955.0,1.5729716317564768
955.2,1.5717094502565598
955.4,1.567523719910165
955.6,1.5898223645003189
955.8,1.6039273900235578
956.0,1.614171240676966
956.2,1.5918903340162749
956.4,1.5822459193087002
956.6,1.6030743880673477
956.8,1.6317797410940298
957.0,1.652052876243241
957.2,1.6195958355120024
957.4,1.6522168297076234
957.6,1.6594737549985232
957.8,1.6450753688498054
958.0,1.6653881795883478
958.2,1.655257972839907
958.4,1.6701518685385988
958.6,1.7068228317006837
958.8,1.6508025873827556
959.0,1.6897937131981664
959.2,1.6791496188446662
959.4,1.7235515982307583
959.6,1.6819077270264047
959.8,1.6542936038670704
960.0,1.6604727118927987
960.2,1.6821177172180461
960.4,1.6905881319022196
960.6,1.62230416734594
960.8,1.6008028826229386
961.0,1.6519149152168076
961.2,1.626954803091311
961.4,1.6322028403768276
961.6,1.6085639980955004
961.8,1.6241084330222222
962.0,1.6227040450957744
962.2,1.6356649190179327
962.4,1.6055134119658594
962.6,1.6023450717265422
962.8,1.636443347378091
963.0,1.6264928047124712
963.2,1.5862432565818736
963.4,1.6061082756329454
963.6,1.6017815732373741
963.8,1.633381286804709
964.0,1.6497930329827954
964.2,1.632494247098197
964.4,1.6216381503068085
964.6,1.5311430368754475
964.8,1.581869143109226
965.0,1.5591502700348354
965.2,1.521372369400604
965.4,1.5416257665521989
965.6,1.555810692494196
965.8,1.5914936768089758
966.0,1.5794551938574954
966.2,1.5589211254280295
966.4,1.6289589609784199
966.6,1.564667427884435
966.8,1.5615642580971643
967.0,1.6719782689764036
967.2,1.6109178803282667
967.4,1.6583460477931553
967.6,1.6012950369957868
967.8,1.6078449611114247
968.0,1.6203230618958522
968.2,1.6121149164773265
968.4,1.5964028042140241
968.6,1.571144695231955
968.8,1.6131843579143392
969.0,1.5865005324666988
969.2,1.6040969411371342
969.4,1.5900497206152564
969.6,1.5254448294425285
969.8,1.5119416765741864
970.0,1.5532179928184635
970.2,1.652566971982256
970.4,1.5761335535500678
970.6,1.5513902667120016
970.8,1.4643088868553296
971.0,1.5572580064251378
971.2,1.5710646945211009
971.4,1.5778751027587241
971.6,1.5974380842451539
971.8,1.674702461674396
972.0,1.6415663309128452
972.2,1.6370800952809748
972.4,1.6357370570839045
972.6,1.6311660701885582
972.8,1.6337907323085497
973.0,1.5331373639220893
973.2,1.5479017360628755
973.4,1.5205403761362186
973.6,1.5155338983744209
973.8,1.4879627371163273
974.0,1.4643382644500391
974.2,1.471438231718995
974.4,1.4441783256675889
974.6,1.4199138055181488
974.8,1.4702012600904906
975.0,1.368837801991722
975.2,1.2951912901455331
975.4,1.362456141447105
975.6,1.4154942665958974
975.8,1.463629916358396
976.0,1.4751511350652928
976.2,1.3300423855660672
976.4,1.3772745578437007
976.6,1.4169233270132682
976.8,1.4569768055976142
977.0,1.497497329877612
977.2,1.44622734152831
977.4,1.433962120155995
977.6,1.436546170848282
977.8,1.3852571785732164
978.0,1.3859206411035285
978.2,1.3451038786318366
978.4,1.3369052213059418
978.6,1.3575426863584394
978.8,1.341591707306508
979.0,1.2398672124710803
979.2,1.2633879674759725
979.4,1.187288709915938
979.6,1.0339031372258485
979.8,1.0726449891116396
980.0,1.0856772419872527
980.2,1.0960391073421762
980.4,1.0713832476644591
980.6,1.197339044001048
980.8,1.3323970754912138
981.0,1.2344885362769116
981.2,1.1680349536213246
981.4,1.1628303248280145
981.6,1.1036729596685775
981.8,1.1681055687579045
982.0,1.2029942150491169
982.2,1.2123237172317005
982.4,1.30076784073021
982.6,1.2550894510845472
982.8,1.337711768264619
983.0,1.3072906382348395
983.2,1.4094816372569383
983.4,1.3932231688121752
983.6,1.3193738219662552
983.8,1.3237029705691958
984.0,1.2057140226137286
984.2,1.2161204971949406
984.4,1.1639002848307254
984.6,1.0838372004831456
984.8,1.001913976524281
985.0,0.9123291297133502
985.2,0.99616233775729
985.4,0.9481883521067708
985.6,0.9810322733716743
985.8,1.1161333754606912
986.0,1.1860347053285836
986.2,0.9585278776086522
986.4,0.9496732550880782
986.6,0.9235392957920195
986.8,0.9592927486807754
987.0,0.8662549035087462
987.2,0.9794627585183262
987.4,0.8828677664438512
987.6,0.9565752737535809
987.8,0.8913080406896325
988.0,0.8432404829029225
988.2,0.8513433971060593
988.4,0.9627117594651443
988.6,0.949614611358867
988.8,0.9063778159651461
989.0,0.8702527780505174
989.2,0.7797054007656967
989.4,0.7763855466200327
989.6,0.8269985120676923
989.8,0.7709862078701408
990.0,0.7818878495501093
990.2,0.823364050215947
990.4,0.6894664114356426
990.6,0.5770443943547031
990.8,0.6952475853581037
991.0,0.6872799252567658
991.2,0.6521418508511141
991.4,0.68012097028184
991.6,0.758436902421261
991.8,0.9393917245160252
992.0,0.9096796743405282
992.2,0.9539838313664001
992.4,0.7994771369378341
992.6,0.6971024567010258
992.8,0.7261654189201943
993.0,0.7228072924928403
993.2,0.7565407006004374
993.4,0.7739743516560523
993.6,1.0414646459332595
993.8,1.0743997204892337
994.0,1.1214256643420968
994.2,1.066630821506649
994.4,1.331025898183754
994.6,1.3239410680659867
994.8,1.0873746900293972
995.0,1.098066493380254
995.2,1.2025612841118674
995.4,1.09071930151347
995.6,1.2757783409412637
995.8,1.225689747357074
996.0,1.1578491696761775
996.2,1.113756265062177
996.4,0.8599567878997634
996.6,0.9581050802440302
996.8,0.9076917038724606
997.0,0.7981791439862375
997.2,0.9219241823145486
997.4,0.9721252253559227
997.6,1.138863748676777
997.8,1.1320955628960845
998.0,1.1756079239852812
998.2,0.9997071418271577
998.4,0.9361289558576351
998.6,0.906088717393342
998.8,0.9055894739551358
999.0,0.8969151121977357
999.2,0.841735677342281
999.4,0.7795561262433152
999.6,0.8092922945881387
999.8,0.8393024581007585
1000.0,0.9046377465879811
