                :-) GROMACS - gmx mdrun, 2024.5-conda_forge (-:

Copyright 1991-2024 The GROMACS Authors.
GROMACS is free software; you can redistribute it and/or modify it
under the terms of the GNU Lesser General Public License
as published by the Free Software Foundation; either version 2.1
of the License, or (at your option) any later version.

                         Current GROMACS contributors:
       Mark Abraham           Andrey Alekseenko           Vladimir Basov      
      Cathrine Bergh            Eliane Briand               Ania Brown        
      Mahesh Doijade            Giacomo Fiorin          Stefan Fleischmann    
      Sergey Gorelov         Gilles Gouaillardet            Alan Gray         
     M. Eric Irrgang         Farzaneh Jalalypour            Joe Jordan        
     Carsten Kutzner           Justin A. Lemkul          Magnus Lundborg      
       Pascal Merz              Vedran Miletic            Dmitry Morozov      
       Julien Nabet              Szilard Pall        Andrea Pasquadibisceglie 
    Michele Pellegrino          Hubert Santuz             Roland Schulz       
     Tatiana Shugaeva          Alexey Shvetsov            Philip Turner       
     Alessandra Villa      Sebastian Wingbermuehle  

                         Previous GROMACS contributors:
        Emile Apol             Rossen Apostolov           James Barnett       
        Paul Bauer          Herman J.C. Berendsen          Par Bjelkmar       
      Christian Blau          Viacheslav Bolnykh            Kevin Boyd        
    Aldert van Buuren          Carlo Camilloni           Rudi van Drunen      
      Anton Feenstra           Oliver Fleetwood            Vytas Gapsys       
       Gaurav Garg             Gerrit Groenhof            Bert de Groot       
      Anca Hamuraru           Vincent Hindriksen          Victor Holanda      
     Aleksei Iupinov          Christoph Junghans        Prashanth Kanduri     
   Dimitrios Karkoulis           Peter Kasson             Sebastian Kehl      
     Sebastian Keller             Jiri Kraus               Per Larsson        
      Viveca Lindahl            Erik Marklund           Pieter Meulenhoff     
      Teemu Murtola              Sander Pronk             Michael Shirts      
      Alfons Sijbers            Balint Soproni         David van der Spoel    
      Peter Tieleman            Carsten Uphoff             Jon Vincent        
     Teemu Virolainen         Christian Wennberg           Maarten Wolf       
      Artem Zhmurov       

                  Coordinated by the GROMACS project leaders:
                           Berk Hess and Erik Lindahl

GROMACS:      gmx mdrun, version 2024.5-conda_forge
Executable:   /usr/local/bin.AVX2_256/gmx
Data prefix:  /usr/local
Working dir:  /host_pwd/equi/sys_equi/00_equi_HA
Process ID:   45910
Command line:
  gmx mdrun -s equi_HA_cuedc2_erg.tpr -deffnm equi_HA_cuedc2_erg -nt 32 -ntmpi 1 -nsteps -2 -nocopyright -gpu_id 0 -pin on -nb gpu -pme gpu -bonded gpu

GROMACS version:     2024.5-conda_forge
Precision:           mixed
Memory model:        64 bit
MPI library:         thread_mpi
OpenMP support:      enabled (GMX_OPENMP_MAX_THREADS = 128)
GPU support:         CUDA
NBNxM GPU setup:     super-cluster 2x2x2 / cluster 8
SIMD instructions:   AVX2_256
CPU FFT library:     fftw-3.3.11-sse2-avx
GPU FFT library:     cuFFT
Multi-GPU FFT:       none
RDTSCP usage:        disabled
TNG support:         enabled
Hwloc support:       disabled
Tracing support:     disabled
C compiler:          /home/conda/feedstock_root/build_artifacts/gromacs_1737880200488/_build_env/bin/x86_64-conda-linux-gnu-cc GNU 11.4.0
C compiler flags:    -fexcess-precision=fast -funroll-all-loops -mavx2 -mfma -Wno-missing-field-initializers -O3 -DNDEBUG
C++ compiler:        /home/conda/feedstock_root/build_artifacts/gromacs_1737880200488/_build_env/bin/x86_64-conda-linux-gnu-c++ GNU 11.4.0
C++ compiler flags:  -fexcess-precision=fast -funroll-all-loops -mavx2 -mfma -Wno-missing-field-initializers -Wno-cast-function-type-strict SHELL:-fopenmp -O3 -DNDEBUG
BLAS library:        Internal
LAPACK library:      Internal
CUDA compiler:       /usr/local/cuda/bin/nvcc nvcc: NVIDIA (R) Cuda compiler driver;Copyright (c) 2005-2022 NVIDIA Corporation;Built on Wed_Sep_21_10:33:58_PDT_2022;Cuda compilation tools, release 11.8, V11.8.89;Build cuda_11.8.r11.8/compiler.31833905_0
CUDA compiler flags:-std=c++17;--generate-code=arch=compute_35,code=sm_35;--generate-code=arch=compute_37,code=sm_37;--generate-code=arch=compute_50,code=sm_50;--generate-code=arch=compute_52,code=sm_52;--generate-code=arch=compute_60,code=sm_60;--generate-code=arch=compute_61,code=sm_61;--generate-code=arch=compute_70,code=sm_70;--generate-code=arch=compute_75,code=sm_75;--generate-code=arch=compute_80,code=sm_80;--generate-code=arch=compute_86,code=sm_86;--generate-code=arch=compute_89,code=sm_89;--generate-code=arch=compute_90,code=sm_90;-Wno-deprecated-gpu-targets;--generate-code=arch=compute_53,code=sm_53;--generate-code=arch=compute_80,code=sm_80;-use_fast_math;-Xptxas;-warn-double-usage;-Xptxas;-Werror;;-Xcompiler;-fopenmp;-fexcess-precision=fast -funroll-all-loops -mavx2 -mfma -Wno-missing-field-initializers -Wno-cast-function-type-strict SHELL:-fopenmp -O3 -DNDEBUG
CUDA driver:         11.70
CUDA runtime:        11.80


Running on 1 node with total 32 cores, 64 processing units, 1 compatible GPU
Hardware detected on host kuhpcgn1:
  CPU info:
    Vendor: Intel
    Brand:  Intel(R) Xeon(R) Silver 4216 CPU @ 2.10GHz
    Family: 6   Model: 85   Stepping: 7
    Features: aes apic avx avx2 avx512f avx512cd avx512bw avx512vl clfsh cmov cx8 cx16 f16c fma hle htt intel lahf mmx msr nonstop_tsc pcid pclmuldq pdcm pdpe1gb popcnt pse rdrnd rdtscp rtm sse2 sse3 sse4.1 sse4.2 ssse3 tdt x2apic
    Number of AVX-512 FMA units: 1 (For Intel, AVX2 is faster w/o 2 AVX-512 FMA units)
  Hardware topology: Basic
    Packages, cores, and logical processors:
    [indices refer to OS logical processors]
      Package  0: [   0  32] [   1  33] [   2  34] [   3  35] [   4  36] [   5  37] [   6  38] [   7  39] [   8  40] [   9  41] [  10  42] [  11  43] [  12  44] [  13  45] [  14  46] [  15  47]
      Package  1: [  16  48] [  17  49] [  18  50] [  19  51] [  20  52] [  21  53] [  22  54] [  23  55] [  24  56] [  25  57] [  26  58] [  27  59] [  28  60] [  29  61] [  30  62] [  31  63]
    CPU limit set by OS: -1   Recommended max number of threads: 64
  GPU info:
    Number of GPUs detected: 1
    #0: NVIDIA Tesla V100-PCIE-32GB, compute cap.: 7.0, ECC: yes, stat: compatible

The current CPU can measure timings more accurately than the code in
gmx mdrun was configured to use. This might affect your simulation
speed as accurate timings are needed for load-balancing.
Please consider rebuilding gmx mdrun with the GMX_USE_RDTSCP=ON CMake option.

++++ PLEASE READ AND CITE THE FOLLOWING REFERENCE ++++
M. J. Abraham, T. Murtola, R. Schulz, S. Páll, J. C. Smith, B. Hess, E.
Lindahl
GROMACS: High performance molecular simulations through multi-level
parallelism from laptops to supercomputers
SoftwareX 1 (2015) pp. 19-25
-------- -------- --- Thank You --- -------- --------


++++ PLEASE READ AND CITE THE FOLLOWING REFERENCE ++++
S. Páll, M. J. Abraham, C. Kutzner, B. Hess, E. Lindahl
Tackling Exascale Software Challenges in Molecular Dynamics Simulations with
GROMACS
In S. Markidis & E. Laure (Eds.), Solving Software Challenges for Exascale 8759 (2015) pp. 3-27
-------- -------- --- Thank You --- -------- --------


++++ PLEASE READ AND CITE THE FOLLOWING REFERENCE ++++
S. Pronk, S. Páll, R. Schulz, P. Larsson, P. Bjelkmar, R. Apostolov, M. R.
Shirts, J. C. Smith, P. M. Kasson, D. van der Spoel, B. Hess, and E. Lindahl
GROMACS 4.5: a high-throughput and highly parallel open source molecular
simulation toolkit
Bioinformatics 29 (2013) pp. 845-54
-------- -------- --- Thank You --- -------- --------


++++ PLEASE READ AND CITE THE FOLLOWING REFERENCE ++++
B. Hess and C. Kutzner and D. van der Spoel and E. Lindahl
GROMACS 4: Algorithms for highly efficient, load-balanced, and scalable
molecular simulation
J. Chem. Theory Comput. 4 (2008) pp. 435-447
-------- -------- --- Thank You --- -------- --------


++++ PLEASE READ AND CITE THE FOLLOWING REFERENCE ++++
D. van der Spoel, E. Lindahl, B. Hess, G. Groenhof, A. E. Mark and H. J. C.
Berendsen
GROMACS: Fast, Flexible and Free
J. Comp. Chem. 26 (2005) pp. 1701-1719
-------- -------- --- Thank You --- -------- --------


++++ PLEASE READ AND CITE THE FOLLOWING REFERENCE ++++
E. Lindahl and B. Hess and D. van der Spoel
GROMACS 3.0: A package for molecular simulation and trajectory analysis
J. Mol. Mod. 7 (2001) pp. 306-317
-------- -------- --- Thank You --- -------- --------


++++ PLEASE READ AND CITE THE FOLLOWING REFERENCE ++++
H. J. C. Berendsen, D. van der Spoel and R. van Drunen
GROMACS: A message-passing parallel molecular dynamics implementation
Comp. Phys. Comm. 91 (1995) pp. 43-56
-------- -------- --- Thank You --- -------- --------


The number of OpenMP threads was set by environment variable OMP_NUM_THREADS to 32

Input Parameters:
   integrator                     = md
   tinit                          = 0
   dt                             = 0.0005
   nsteps                         = 1000000
   init-step                      = 0
   simulation-part                = 1
   mts                            = false
   mass-repartition-factor        = 1
   comm-mode                      = None
   nstcomm                        = 0
   bd-fric                        = 0
   ld-seed                        = 1608464318
   emtol                          = 10
   emstep                         = 0.01
   niter                          = 20
   fcstep                         = 0
   nstcgsteep                     = 1000
   nbfgscorr                      = 10
   rtpi                           = 0.05
   nstxout                        = 200000
   nstvout                        = 200000
   nstfout                        = 0
   nstlog                         = 5000
   nstcalcenergy                  = 100
   nstenergy                      = 5000
   nstxout-compressed             = 5000
   compressed-x-precision         = 1000
   cutoff-scheme                  = Verlet
   nstlist                        = 10
   pbc                            = xyz
   periodic-molecules             = false
   verlet-buffer-tolerance        = 0.005
   verlet-buffer-pressure-tolerance = 0.5
   rlist                          = 1
   coulombtype                    = PME
   coulomb-modifier               = Potential-shift
   rcoulomb-switch                = 0
   rcoulomb                       = 1
   epsilon-r                      = 1
   epsilon-rf                     = inf
   vdw-type                       = Cut-off
   vdw-modifier                   = Potential-shift
   rvdw-switch                    = 0
   rvdw                           = 1
   DispCorr                       = EnerPres
   table-extension                = 1
   fourierspacing                 = 0.12
   fourier-nx                     = 192
   fourier-ny                     = 192
   fourier-nz                     = 192
   pme-order                      = 4
   ewald-rtol                     = 1e-05
   ewald-rtol-lj                  = 0.001
   lj-pme-comb-rule               = Geometric
   ewald-geometry                 = 3d
   epsilon-surface                = 0
   ensemble-temperature-setting   = constant
   ensemble-temperature           = 310
   tcoupl                         = V-rescale
   nsttcouple                     = 25
   nh-chain-length                = 0
   print-nose-hoover-chain-variables = false
   pcoupl                         = Berendsen
   pcoupltype                     = Isotropic
   nstpcouple                     = 100
   tau-p                          = 5
   compressibility (3x3):
      compressibility[    0]={ 4.50000e-05,  0.00000e+00,  0.00000e+00}
      compressibility[    1]={ 0.00000e+00,  4.50000e-05,  0.00000e+00}
      compressibility[    2]={ 0.00000e+00,  0.00000e+00,  4.50000e-05}
   ref-p (3x3):
      ref-p[    0]={ 1.00000e+00,  0.00000e+00,  0.00000e+00}
      ref-p[    1]={ 0.00000e+00,  1.00000e+00,  0.00000e+00}
      ref-p[    2]={ 0.00000e+00,  0.00000e+00,  1.00000e+00}
   refcoord-scaling               = COM
   posres-com (3):
      posres-com[0]= 5.00104e-01
      posres-com[1]= 4.99559e-01
      posres-com[2]= 4.98487e-01
   posres-comB (3):
      posres-comB[0]= 5.00104e-01
      posres-comB[1]= 4.99559e-01
      posres-comB[2]= 4.98487e-01
   QMMM                           = false
qm-opts:
   ngQM                           = 0
   constraint-algorithm           = Lincs
   continuation                   = false
   Shake-SOR                      = false
   shake-tol                      = 0.0001
   lincs-order                    = 6
   lincs-iter                     = 1
   lincs-warnangle                = 45
   nwall                          = 0
   wall-type                      = 9-3
   wall-r-linpot                  = -1
   wall-atomtype[0]               = -1
   wall-atomtype[1]               = -1
   wall-density[0]                = 0
   wall-density[1]                = 0
   wall-ewald-zfac                = 3
   pull                           = false
   awh                            = false
   rotation                       = false
   interactiveMD                  = false
   disre                          = Simple
   disre-weighting                = Conservative
   disre-mixed                    = false
   dr-fc                          = 1000
   dr-tau                         = 0
   nstdisreout                    = 0
   orire-fc                       = 0
   orire-tau                      = 0
   nstorireout                    = 100
   free-energy                    = no
   cos-acceleration               = 0
   deform (3x3):
      deform[    0]={ 0.00000e+00,  0.00000e+00,  0.00000e+00}
      deform[    1]={ 0.00000e+00,  0.00000e+00,  0.00000e+00}
      deform[    2]={ 0.00000e+00,  0.00000e+00,  0.00000e+00}
   simulated-tempering            = false
   swapcoords                     = no
   userint1                       = 0
   userint2                       = 0
   userint3                       = 0
   userint4                       = 0
   userreal1                      = 0
   userreal2                      = 0
   userreal3                      = 0
   userreal4                      = 0
   applied-forces:
     electric-field:
       x:
         E0                       = 0
         omega                    = 0
         t0                       = 0
         sigma                    = 0
       y:
         E0                       = 0
         omega                    = 0
         t0                       = 0
         sigma                    = 0
       z:
         E0                       = 0
         omega                    = 0
         t0                       = 0
         sigma                    = 0
     density-guided-simulation:
       active                     = false
       group                      = protein
       similarity-measure         = inner-product
       atom-spreading-weight      = unity
       force-constant             = 1e+09
       gaussian-transform-spreading-width = 0.2
       gaussian-transform-spreading-range-in-multiples-of-width = 4
       reference-density-filename = reference.mrc
       nst                        = 1
       normalize-densities        = true
       adaptive-force-scaling     = false
       adaptive-force-scaling-time-constant = 4
       shift-vector               = 
       transformation-matrix      = 
     qmmm-cp2k:
       active                     = false
       qmgroup                    = System
       qmmethod                   = PBE
       qmfilenames                = 
       qmcharge                   = 0
       qmmultiplicity             = 1
     colvars:
       active                     = false
       configfile                 = 
       seed                       = -1
grpopts:
   nrdf:        9030  1.14212e+06
   ref-t:         310         310
   tau-t:         0.1         0.1
annealing:          No          No
annealing-npoints:           0           0
   acc:	           0           0           0
   nfreeze:           N           N           N
   energygrp-flags[  0]: 0

Changing nstlist from 10 to 100, rlist from 1 to 1.054

Update groups can not be used for this system because there are three or more consecutively coupled constraints

Update task can not run on the GPU, because the following condition(s) were not satisfied:

The number of coupled constraints is higher than supported in the GPU LINCS code.

1 GPU selected for this run.
Mapping of GPU IDs to the 2 GPU tasks in the 1 rank on this node:
  PP:0,PME:0
PP tasks will do (non-perturbed) short-ranged and most bonded interactions on the GPU
PP task will update and constrain coordinates on the CPU
PME tasks will do all aspects on the GPU
Using 1 MPI thread
Using 32 OpenMP threads 

System total charge: 0.000
Will do PME sum in reciprocal space for electrostatic interactions.

++++ PLEASE READ AND CITE THE FOLLOWING REFERENCE ++++
U. Essmann, L. Perera, M. L. Berkowitz, T. Darden, H. Lee and L. G. Pedersen 
A smooth particle mesh Ewald method
J. Chem. Phys. 103 (1995) pp. 8577-8592
-------- -------- --- Thank You --- -------- --------

Using a Gaussian width (1/beta) of 0.320163 nm for Ewald
Potential shift: LJ r^-12: -1.000e+00 r^-6: -1.000e+00, Ewald -1.000e-05
Initialized non-bonded Coulomb Ewald tables, spacing: 9.33e-04 size: 1073

Generated table with 1027 data points for 1-4 COUL.
Tabscale = 500 points/nm
Generated table with 1027 data points for 1-4 LJ6.
Tabscale = 500 points/nm
Generated table with 1027 data points for 1-4 LJ12.
Tabscale = 500 points/nm
Long Range LJ corr.: <C6> 2.8289e-04


Using GPU 8x8 nonbonded short-range kernels

Using a dual 8x8 pair-list setup updated with dynamic, rolling pruning:
  outer list: updated every 100 steps, buffer 0.054 nm, rlist 1.054 nm
  inner list: updated every  38 steps, buffer 0.001 nm, rlist 1.001 nm
At tolerance 0.005 kJ/mol/ps per atom, equivalent classical 1x1 list would be:
  outer list: updated every 100 steps, buffer 0.139 nm, rlist 1.139 nm
  inner list: updated every  38 steps, buffer 0.041 nm, rlist 1.041 nm

The average pressure is off by at most 0.31 bar due to missing LJ interactions

Using Lorentz-Berthelot Lennard-Jones combination rule
Removing pbc first time

Pinning threads with an auto-selected logical cpu stride of 2

Initializing LINear Constraint Solver

++++ PLEASE READ AND CITE THE FOLLOWING REFERENCE ++++
B. Hess and H. Bekker and H. J. C. Berendsen and J. G. E. M. Fraaije
LINCS: A Linear Constraint Solver for molecular simulations
J. Comp. Chem. 18 (1997) pp. 1463-1472
-------- -------- --- Thank You --- -------- --------

The number of constraints is 4590

++++ PLEASE READ AND CITE THE FOLLOWING REFERENCE ++++
S. Miyamoto and P. A. Kollman
SETTLE: An Analytical Version of the SHAKE and RATTLE Algorithms for Rigid
Water Models
J. Comp. Chem. 13 (1992) pp. 952-962
-------- -------- --- Thank You --- -------- --------


++++ PLEASE READ AND CITE THE FOLLOWING REFERENCE ++++
G. Bussi, D. Donadio and M. Parrinello
Canonical sampling through velocity rescaling
J. Chem. Phys. 126 (2007) pp. 014101
-------- -------- --- Thank You --- -------- --------

There are: 575095 Atoms

Constraining the starting coordinates (step 0)

Constraining the coordinates at t0-dt (step 0)
RMS relative constraint deviation after constraining: 4.61e-06
Initial temperature: 9.52705e-05 K

Started mdrun on rank 0 Thu Sep  3 23:15:43 2026

           Step           Time
              0        0.00000

   Energies (kJ/mol)
          Angle    Proper Dih. Per. Imp. Dih.          LJ-14     Coulomb-14
    2.97468e+03    1.22936e+04    2.00701e+02    4.28877e+03    5.20031e+04
        LJ (SR)  Disper. corr.   Coulomb (SR)   Coul. recip. Position Rest.
    1.61061e+06   -6.63845e+04   -1.14705e+07    3.54767e+04    9.95831e-02
      Potential    Kinetic En.   Total Energy  Conserved En.    Temperature
   -9.81904e+06    2.78101e+00   -9.81904e+06   -9.81503e+06    5.81118e-04
 Pres. DC (bar) Pressure (bar)   Constr. rmsd
   -1.87178e+02   -5.00734e+03    5.47970e-06

step  700: timed with pme grid 192 192 192, coulomb cutoff 1.000: 1685.0 M-cycles
step  900: timed with pme grid 160 160 160, coulomb cutoff 1.056: 1531.0 M-cycles
step 1100: timed with pme grid 144 144 144, coulomb cutoff 1.174: 1577.0 M-cycles
step 1300: timed with pme grid 128 128 128, coulomb cutoff 1.320: 1921.1 M-cycles
step 1500: timed with pme grid 144 144 144, coulomb cutoff 1.174: 1753.0 M-cycles
step 1700: timed with pme grid 160 160 160, coulomb cutoff 1.056: 1595.3 M-cycles
step 1900: timed with pme grid 168 168 168, coulomb cutoff 1.006: 1718.4 M-cycles
step 2100: timed with pme grid 192 192 192, coulomb cutoff 1.000: 1643.1 M-cycles
step 2300: timed with pme grid 144 144 144, coulomb cutoff 1.174: 1768.8 M-cycles
step 2500: timed with pme grid 160 160 160, coulomb cutoff 1.056: 1528.4 M-cycles
step 2700: timed with pme grid 192 192 192, coulomb cutoff 1.000: 1552.5 M-cycles
step 2900: timed with pme grid 144 144 144, coulomb cutoff 1.174: 1750.3 M-cycles
step 3100: timed with pme grid 160 160 160, coulomb cutoff 1.056: 1486.4 M-cycles
step 3300: timed with pme grid 168 168 168, coulomb cutoff 1.006: 1328.3 M-cycles
step 3500: timed with pme grid 192 192 192, coulomb cutoff 1.000: 1589.0 M-cycles
step 3700: timed with pme grid 160 160 160, coulomb cutoff 1.056: 1696.0 M-cycles
step 3900: timed with pme grid 168 168 168, coulomb cutoff 1.006: 1613.1 M-cycles
              optimal pme grid 168 168 168, coulomb cutoff 1.006
           Step           Time
           5000        2.50000

   Energies (kJ/mol)
          Angle    Proper Dih. Per. Imp. Dih.          LJ-14     Coulomb-14
    1.02130e+04    1.33931e+04    6.52952e+02    4.81462e+03    5.19740e+04
        LJ (SR)  Disper. corr.   Coulomb (SR)   Coul. recip. Position Rest.
    1.20201e+06   -6.66497e+04   -9.20555e+06    5.31042e+04    1.40624e+03
      Potential    Kinetic En.   Total Energy  Conserved En.    Temperature
   -7.93463e+06    1.48080e+06   -6.45384e+06   -9.83907e+06    3.09426e+02
 Pres. DC (bar) Pressure (bar)   Constr. rmsd
   -1.88675e+02    4.59428e+01    6.40004e-06

           Step           Time
          10000        5.00000

   Energies (kJ/mol)
          Angle    Proper Dih. Per. Imp. Dih.          LJ-14     Coulomb-14
    9.66752e+03    1.34229e+04    6.30483e+02    4.92027e+03    5.20291e+04
        LJ (SR)  Disper. corr.   Coulomb (SR)   Coul. recip. Position Rest.
    1.19422e+06   -6.66098e+04   -9.19408e+06    5.27499e+04    1.42623e+03
      Potential    Kinetic En.   Total Energy  Conserved En.    Temperature
   -7.93162e+06    1.48046e+06   -6.45116e+06   -9.83949e+06    3.09356e+02
 Pres. DC (bar) Pressure (bar)   Constr. rmsd
   -1.88449e+02   -7.41958e+00    6.32602e-06

           Step           Time
          15000        7.50000

   Energies (kJ/mol)
          Angle    Proper Dih. Per. Imp. Dih.          LJ-14     Coulomb-14
    9.89966e+03    1.32205e+04    6.59397e+02    4.89592e+03    5.20151e+04
        LJ (SR)  Disper. corr.   Coulomb (SR)   Coul. recip. Position Rest.
    1.19818e+06   -6.66242e+04   -9.20068e+06    5.27109e+04    1.45424e+03
      Potential    Kinetic En.   Total Energy  Conserved En.    Temperature
   -7.93427e+06    1.48263e+06   -6.45164e+06   -9.84000e+06    3.09810e+02
 Pres. DC (bar) Pressure (bar)   Constr. rmsd
   -1.88530e+02    1.27104e+01    6.16902e-06

           Step           Time
          20000       10.00000

   Energies (kJ/mol)
          Angle    Proper Dih. Per. Imp. Dih.          LJ-14     Coulomb-14
    9.89874e+03    1.33834e+04    6.61829e+02    4.85000e+03    5.18242e+04
        LJ (SR)  Disper. corr.   Coulomb (SR)   Coul. recip. Position Rest.
    1.19477e+06   -6.66398e+04   -9.19272e+06    5.27537e+04    1.35874e+03
      Potential    Kinetic En.   Total Energy  Conserved En.    Temperature
   -7.92986e+06    1.48347e+06   -6.44640e+06   -9.84047e+06    3.09985e+02
 Pres. DC (bar) Pressure (bar)   Constr. rmsd
   -1.88619e+02   -1.11056e+01    6.38618e-06

           Step           Time
          25000       12.50000

   Energies (kJ/mol)
          Angle    Proper Dih. Per. Imp. Dih.          LJ-14     Coulomb-14
    9.61240e+03    1.33406e+04    6.31942e+02    4.85328e+03    5.20326e+04
        LJ (SR)  Disper. corr.   Coulomb (SR)   Coul. recip. Position Rest.
    1.19804e+06   -6.66503e+04   -9.20366e+06    5.27197e+04    1.38762e+03
      Potential    Kinetic En.   Total Energy  Conserved En.    Temperature
   -7.93769e+06    1.48158e+06   -6.45611e+06   -9.84087e+06    3.09590e+02
 Pres. DC (bar) Pressure (bar)   Constr. rmsd
   -1.88678e+02   -7.78765e+00    6.38372e-06

           Step           Time
          30000       15.00000

   Energies (kJ/mol)
          Angle    Proper Dih. Per. Imp. Dih.          LJ-14     Coulomb-14
    9.60035e+03    1.32886e+04    6.41614e+02    4.90343e+03    5.20885e+04
        LJ (SR)  Disper. corr.   Coulomb (SR)   Coul. recip. Position Rest.
    1.19233e+06   -6.66658e+04   -9.19537e+06    5.29175e+04    1.30872e+03
      Potential    Kinetic En.   Total Energy  Conserved En.    Temperature
   -7.93496e+06    1.48071e+06   -6.45424e+06   -9.84135e+06    3.09410e+02
 Pres. DC (bar) Pressure (bar)   Constr. rmsd
   -1.88766e+02   -3.20456e+01    6.39481e-06

           Step           Time
          35000       17.50000

   Energies (kJ/mol)
          Angle    Proper Dih. Per. Imp. Dih.          LJ-14     Coulomb-14
    9.78643e+03    1.33690e+04    6.32120e+02    4.81787e+03    5.18738e+04
        LJ (SR)  Disper. corr.   Coulomb (SR)   Coul. recip. Position Rest.
    1.19433e+06   -6.66670e+04   -9.19218e+06    5.30713e+04    1.41365e+03
      Potential    Kinetic En.   Total Energy  Conserved En.    Temperature
   -7.92955e+06    1.48279e+06   -6.44676e+06   -9.84180e+06    3.09843e+02
 Pres. DC (bar) Pressure (bar)   Constr. rmsd
   -1.88773e+02    1.56743e+00    6.40327e-06

           Step           Time
          40000       20.00000

   Energies (kJ/mol)
          Angle    Proper Dih. Per. Imp. Dih.          LJ-14     Coulomb-14
    9.62965e+03    1.33366e+04    6.43594e+02    4.82820e+03    5.20709e+04
        LJ (SR)  Disper. corr.   Coulomb (SR)   Coul. recip. Position Rest.
    1.19225e+06   -6.66695e+04   -9.19003e+06    5.24512e+04    1.39318e+03
      Potential    Kinetic En.   Total Energy  Conserved En.    Temperature
   -7.93009e+06    1.48177e+06   -6.44832e+06   -9.84228e+06    3.09631e+02
 Pres. DC (bar) Pressure (bar)   Constr. rmsd
   -1.88786e+02   -2.45906e+01    6.27619e-06

           Step           Time
          45000       22.50000

   Energies (kJ/mol)
          Angle    Proper Dih. Per. Imp. Dih.          LJ-14     Coulomb-14
    9.76556e+03    1.33073e+04    6.19917e+02    4.86583e+03    5.18259e+04
        LJ (SR)  Disper. corr.   Coulomb (SR)   Coul. recip. Position Rest.
    1.19098e+06   -6.66661e+04   -9.18671e+06    5.32942e+04    1.32612e+03
      Potential    Kinetic En.   Total Energy  Conserved En.    Temperature
   -7.92739e+06    1.48456e+06   -6.44283e+06   -9.84269e+06    3.10213e+02
 Pres. DC (bar) Pressure (bar)   Constr. rmsd
   -1.88767e+02   -3.29543e+01    6.35107e-06

           Step           Time
          50000       25.00000

   Energies (kJ/mol)
          Angle    Proper Dih. Per. Imp. Dih.          LJ-14     Coulomb-14
    9.81721e+03    1.33229e+04    5.81775e+02    4.90062e+03    5.21105e+04
        LJ (SR)  Disper. corr.   Coulomb (SR)   Coul. recip. Position Rest.
    1.18993e+06   -6.66648e+04   -9.19144e+06    5.28505e+04    1.30106e+03
      Potential    Kinetic En.   Total Energy  Conserved En.    Temperature
   -7.93329e+06    1.48502e+06   -6.44827e+06   -9.84317e+06    3.10309e+02
 Pres. DC (bar) Pressure (bar)   Constr. rmsd
   -1.88760e+02   -5.65294e+01    6.40985e-06

           Step           Time
          55000       27.50000

   Energies (kJ/mol)
          Angle    Proper Dih. Per. Imp. Dih.          LJ-14     Coulomb-14
    9.71519e+03    1.33036e+04    6.42638e+02    4.97284e+03    5.24024e+04
        LJ (SR)  Disper. corr.   Coulomb (SR)   Coul. recip. Position Rest.
    1.19681e+06   -6.66682e+04   -9.19728e+06    5.24674e+04    1.30921e+03
      Potential    Kinetic En.   Total Energy  Conserved En.    Temperature
   -7.93232e+06    1.48229e+06   -6.45002e+06   -9.84369e+06    3.09739e+02
 Pres. DC (bar) Pressure (bar)   Constr. rmsd
   -1.88779e+02    6.43952e+00    6.47567e-06

           Step           Time
          60000       30.00000

   Energies (kJ/mol)
          Angle    Proper Dih. Per. Imp. Dih.          LJ-14     Coulomb-14
    1.01111e+04    1.31451e+04    6.07490e+02    4.83152e+03    5.17709e+04
        LJ (SR)  Disper. corr.   Coulomb (SR)   Coul. recip. Position Rest.
    1.19367e+06   -6.66648e+04   -9.19277e+06    5.26114e+04    1.33149e+03
      Potential    Kinetic En.   Total Energy  Conserved En.    Temperature
   -7.93136e+06    1.48459e+06   -6.44676e+06   -9.84407e+06    3.10220e+02
 Pres. DC (bar) Pressure (bar)   Constr. rmsd
   -1.88760e+02   -1.44568e+01    6.38654e-06

           Step           Time
          65000       32.50000

   Energies (kJ/mol)
          Angle    Proper Dih. Per. Imp. Dih.          LJ-14     Coulomb-14
    1.00409e+04    1.34767e+04    6.06741e+02    4.84689e+03    5.17627e+04
        LJ (SR)  Disper. corr.   Coulomb (SR)   Coul. recip. Position Rest.
    1.19321e+06   -6.66767e+04   -9.18923e+06    5.25172e+04    1.37147e+03
      Potential    Kinetic En.   Total Energy  Conserved En.    Temperature
   -7.92808e+06    1.48377e+06   -6.44430e+06   -9.84462e+06    3.10049e+02
 Pres. DC (bar) Pressure (bar)   Constr. rmsd
   -1.88828e+02   -1.73065e+01    6.23822e-06

           Step           Time
          70000       35.00000

   Energies (kJ/mol)
          Angle    Proper Dih. Per. Imp. Dih.          LJ-14     Coulomb-14
    9.81676e+03    1.33357e+04    6.81916e+02    4.85482e+03    5.18661e+04
        LJ (SR)  Disper. corr.   Coulomb (SR)   Coul. recip. Position Rest.
    1.19552e+06   -6.66764e+04   -9.19489e+06    5.26614e+04    1.33672e+03
      Potential    Kinetic En.   Total Energy  Conserved En.    Temperature
   -7.93149e+06    1.48589e+06   -6.44560e+06   -9.84506e+06    3.10491e+02
 Pres. DC (bar) Pressure (bar)   Constr. rmsd
   -1.88826e+02    1.86655e+01    6.53927e-06

           Step           Time
          75000       37.50000

   Energies (kJ/mol)
          Angle    Proper Dih. Per. Imp. Dih.          LJ-14     Coulomb-14
    9.72575e+03    1.33599e+04    6.92931e+02    4.89232e+03    5.18389e+04
        LJ (SR)  Disper. corr.   Coulomb (SR)   Coul. recip. Position Rest.
    1.19818e+06   -6.66839e+04   -9.20170e+06    5.23722e+04    1.35332e+03
      Potential    Kinetic En.   Total Energy  Conserved En.    Temperature
   -7.93597e+06    1.47720e+06   -6.45876e+06   -9.84553e+06    3.08676e+02
 Pres. DC (bar) Pressure (bar)   Constr. rmsd
   -1.88868e+02    1.48210e+01    6.14094e-06

           Step           Time
          80000       40.00000

   Energies (kJ/mol)
          Angle    Proper Dih. Per. Imp. Dih.          LJ-14     Coulomb-14
    9.97663e+03    1.32946e+04    6.68248e+02    4.86942e+03    5.18301e+04
        LJ (SR)  Disper. corr.   Coulomb (SR)   Coul. recip. Position Rest.
    1.19899e+06   -6.66712e+04   -9.20274e+06    5.25515e+04    1.43968e+03
      Potential    Kinetic En.   Total Energy  Conserved En.    Temperature
   -7.93580e+06    1.48080e+06   -6.45500e+06   -9.84604e+06    3.09428e+02
 Pres. DC (bar) Pressure (bar)   Constr. rmsd
   -1.88797e+02    2.61688e+01    6.25233e-06

           Step           Time
          85000       42.50000

   Energies (kJ/mol)
          Angle    Proper Dih. Per. Imp. Dih.          LJ-14     Coulomb-14
    9.99973e+03    1.32858e+04    7.08370e+02    4.89238e+03    5.18317e+04
        LJ (SR)  Disper. corr.   Coulomb (SR)   Coul. recip. Position Rest.
    1.18949e+06   -6.66774e+04   -9.19490e+06    5.26029e+04    1.39018e+03
      Potential    Kinetic En.   Total Energy  Conserved En.    Temperature
   -7.93738e+06    1.48483e+06   -6.45255e+06   -9.84647e+06    3.10269e+02
 Pres. DC (bar) Pressure (bar)   Constr. rmsd
   -1.88831e+02   -7.35722e+01    6.48391e-06

           Step           Time
          90000       45.00000

   Energies (kJ/mol)
          Angle    Proper Dih. Per. Imp. Dih.          LJ-14     Coulomb-14
    1.00948e+04    1.32357e+04    6.18820e+02    4.90999e+03    5.18678e+04
        LJ (SR)  Disper. corr.   Coulomb (SR)   Coul. recip. Position Rest.
    1.19480e+06   -6.66933e+04   -9.19216e+06    5.29288e+04    1.31007e+03
      Potential    Kinetic En.   Total Energy  Conserved En.    Temperature
   -7.92908e+06    1.48361e+06   -6.44547e+06   -9.84692e+06    3.10015e+02
 Pres. DC (bar) Pressure (bar)   Constr. rmsd
   -1.88921e+02    1.26728e+01    6.28445e-06

           Step           Time
          95000       47.50000

   Energies (kJ/mol)
          Angle    Proper Dih. Per. Imp. Dih.          LJ-14     Coulomb-14
    9.79638e+03    1.32397e+04    5.95399e+02    4.94571e+03    5.20292e+04
        LJ (SR)  Disper. corr.   Coulomb (SR)   Coul. recip. Position Rest.
    1.19482e+06   -6.66788e+04   -9.19529e+06    5.24253e+04    1.35398e+03
      Potential    Kinetic En.   Total Energy  Conserved En.    Temperature
   -7.93276e+06    1.48283e+06   -6.44994e+06   -9.84734e+06    3.09851e+02
 Pres. DC (bar) Pressure (bar)   Constr. rmsd
   -1.88840e+02   -1.77955e+01    6.48880e-06

           Step           Time
         100000       50.00000

   Energies (kJ/mol)
          Angle    Proper Dih. Per. Imp. Dih.          LJ-14     Coulomb-14
    1.01654e+04    1.33045e+04    6.65632e+02    4.78292e+03    5.18089e+04
        LJ (SR)  Disper. corr.   Coulomb (SR)   Coul. recip. Position Rest.
    1.19743e+06   -6.66844e+04   -9.19885e+06    5.22535e+04    1.38556e+03
      Potential    Kinetic En.   Total Energy  Conserved En.    Temperature
   -7.93374e+06    1.48292e+06   -6.45082e+06   -9.84782e+06    3.09870e+02
 Pres. DC (bar) Pressure (bar)   Constr. rmsd
   -1.88871e+02   -5.09036e+00    6.31164e-06

           Step           Time
         105000       52.50000

   Energies (kJ/mol)
          Angle    Proper Dih. Per. Imp. Dih.          LJ-14     Coulomb-14
    9.70018e+03    1.33171e+04    6.46819e+02    4.96200e+03    5.20637e+04
        LJ (SR)  Disper. corr.   Coulomb (SR)   Coul. recip. Position Rest.
    1.19365e+06   -6.66831e+04   -9.19558e+06    5.23364e+04    1.40501e+03
      Potential    Kinetic En.   Total Energy  Conserved En.    Temperature
   -7.93418e+06    1.48387e+06   -6.45031e+06   -9.84826e+06    3.10070e+02
 Pres. DC (bar) Pressure (bar)   Constr. rmsd
   -1.88864e+02   -1.00927e+01    6.39920e-06

           Step           Time
         110000       55.00000

   Energies (kJ/mol)
          Angle    Proper Dih. Per. Imp. Dih.          LJ-14     Coulomb-14
    9.75307e+03    1.32199e+04    6.13084e+02    4.89968e+03    5.20015e+04
        LJ (SR)  Disper. corr.   Coulomb (SR)   Coul. recip. Position Rest.
    1.19490e+06   -6.66947e+04   -9.19312e+06    5.26083e+04    1.38714e+03
      Potential    Kinetic En.   Total Energy  Conserved En.    Temperature
   -7.93043e+06    1.48475e+06   -6.44567e+06   -9.84878e+06    3.10253e+02
 Pres. DC (bar) Pressure (bar)   Constr. rmsd
   -1.88929e+02   -8.63838e+00    6.46611e-06

           Step           Time
         115000       57.50000

   Energies (kJ/mol)
          Angle    Proper Dih. Per. Imp. Dih.          LJ-14     Coulomb-14
    9.88870e+03    1.33369e+04    5.92978e+02    4.84559e+03    5.19507e+04
        LJ (SR)  Disper. corr.   Coulomb (SR)   Coul. recip. Position Rest.
    1.19012e+06   -6.66827e+04   -9.18913e+06    5.27144e+04    1.40038e+03
      Potential    Kinetic En.   Total Energy  Conserved En.    Temperature
   -7.93096e+06    1.48242e+06   -6.44854e+06   -9.84921e+06    3.09766e+02
 Pres. DC (bar) Pressure (bar)   Constr. rmsd
   -1.88861e+02   -5.17702e+01    6.29350e-06

Writing checkpoint, step 115800 at Thu Sep  3 23:30:44 2026


           Step           Time
         120000       60.00000

   Energies (kJ/mol)
          Angle    Proper Dih. Per. Imp. Dih.          LJ-14     Coulomb-14
    1.02126e+04    1.33168e+04    6.58794e+02    4.88615e+03    5.21017e+04
        LJ (SR)  Disper. corr.   Coulomb (SR)   Coul. recip. Position Rest.
    1.19259e+06   -6.66802e+04   -9.18792e+06    5.25676e+04    1.39261e+03
      Potential    Kinetic En.   Total Energy  Conserved En.    Temperature
   -7.92688e+06    1.48600e+06   -6.44088e+06   -9.84970e+06    3.10514e+02
 Pres. DC (bar) Pressure (bar)   Constr. rmsd
   -1.88847e+02   -1.21600e+01    6.41895e-06

           Step           Time
         125000       62.50000

   Energies (kJ/mol)
          Angle    Proper Dih. Per. Imp. Dih.          LJ-14     Coulomb-14
    9.70194e+03    1.32716e+04    6.20890e+02    4.84871e+03    5.21169e+04
        LJ (SR)  Disper. corr.   Coulomb (SR)   Coul. recip. Position Rest.
    1.19580e+06   -6.66805e+04   -9.20136e+06    5.28315e+04    1.31370e+03
      Potential    Kinetic En.   Total Energy  Conserved En.    Temperature
   -7.93753e+06    1.48356e+06   -6.45398e+06   -9.85024e+06    3.10003e+02
 Pres. DC (bar) Pressure (bar)   Constr. rmsd
   -1.88849e+02   -1.39319e+01    6.16813e-06

           Step           Time
         130000       65.00000

   Energies (kJ/mol)
          Angle    Proper Dih. Per. Imp. Dih.          LJ-14     Coulomb-14
    9.95849e+03    1.33147e+04    6.40884e+02    4.92957e+03    5.18823e+04
        LJ (SR)  Disper. corr.   Coulomb (SR)   Coul. recip. Position Rest.
    1.19211e+06   -6.66754e+04   -9.18894e+06    5.29728e+04    1.27095e+03
      Potential    Kinetic En.   Total Energy  Conserved En.    Temperature
   -7.92853e+06    1.48359e+06   -6.44494e+06   -9.85062e+06    3.10011e+02
 Pres. DC (bar) Pressure (bar)   Constr. rmsd
   -1.88820e+02   -9.44901e+00    6.37928e-06

           Step           Time
         135000       67.50000

   Energies (kJ/mol)
          Angle    Proper Dih. Per. Imp. Dih.          LJ-14     Coulomb-14
    9.98157e+03    1.33488e+04    6.55584e+02    4.96881e+03    5.19793e+04
        LJ (SR)  Disper. corr.   Coulomb (SR)   Coul. recip. Position Rest.
    1.19602e+06   -6.66673e+04   -9.19125e+06    5.26649e+04    1.30703e+03
      Potential    Kinetic En.   Total Energy  Conserved En.    Temperature
   -7.92699e+06    1.48339e+06   -6.44360e+06   -9.85116e+06    3.09969e+02
 Pres. DC (bar) Pressure (bar)   Constr. rmsd
   -1.88774e+02    3.47820e+01    6.31055e-06

           Step           Time
         140000       70.00000

   Energies (kJ/mol)
          Angle    Proper Dih. Per. Imp. Dih.          LJ-14     Coulomb-14
    9.93821e+03    1.32911e+04    5.72583e+02    4.83759e+03    5.17808e+04
        LJ (SR)  Disper. corr.   Coulomb (SR)   Coul. recip. Position Rest.
    1.19574e+06   -6.66779e+04   -9.19692e+06    5.21917e+04    1.30388e+03
      Potential    Kinetic En.   Total Energy  Conserved En.    Temperature
   -7.93394e+06    1.48340e+06   -6.45054e+06   -9.85162e+06    3.09971e+02
 Pres. DC (bar) Pressure (bar)   Constr. rmsd
   -1.88834e+02    3.74952e+00    6.48186e-06

           Step           Time
         145000       72.50000

   Energies (kJ/mol)
          Angle    Proper Dih. Per. Imp. Dih.          LJ-14     Coulomb-14
    9.91241e+03    1.33148e+04    6.48541e+02    4.85083e+03    5.16897e+04
        LJ (SR)  Disper. corr.   Coulomb (SR)   Coul. recip. Position Rest.
    1.19446e+06   -6.66688e+04   -9.19705e+06    5.25965e+04    1.44772e+03
      Potential    Kinetic En.   Total Energy  Conserved En.    Temperature
   -7.93480e+06    1.48131e+06   -6.45348e+06   -9.85202e+06    3.09535e+02
 Pres. DC (bar) Pressure (bar)   Constr. rmsd
   -1.88783e+02   -3.05035e+01    6.27626e-06

           Step           Time
         150000       75.00000

   Energies (kJ/mol)
          Angle    Proper Dih. Per. Imp. Dih.          LJ-14     Coulomb-14
    9.75555e+03    1.33401e+04    5.98744e+02    4.91470e+03    5.20954e+04
        LJ (SR)  Disper. corr.   Coulomb (SR)   Coul. recip. Position Rest.
    1.19331e+06   -6.66741e+04   -9.19464e+06    5.29314e+04    1.40448e+03
      Potential    Kinetic En.   Total Energy  Conserved En.    Temperature
   -7.93296e+06    1.48229e+06   -6.45067e+06   -9.85249e+06    3.09738e+02
 Pres. DC (bar) Pressure (bar)   Constr. rmsd
   -1.88812e+02   -1.49732e+01    6.41815e-06

           Step           Time
         155000       77.50000

   Energies (kJ/mol)
          Angle    Proper Dih. Per. Imp. Dih.          LJ-14     Coulomb-14
    9.77362e+03    1.32964e+04    5.89093e+02    5.00416e+03    5.21802e+04
        LJ (SR)  Disper. corr.   Coulomb (SR)   Coul. recip. Position Rest.
    1.19799e+06   -6.66778e+04   -9.19941e+06    5.26172e+04    1.43690e+03
      Potential    Kinetic En.   Total Energy  Conserved En.    Temperature
   -7.93320e+06    1.48736e+06   -6.44584e+06   -9.85300e+06    3.10799e+02
 Pres. DC (bar) Pressure (bar)   Constr. rmsd
   -1.88834e+02    4.72186e+01    6.52009e-06

           Step           Time
         160000       80.00000

   Energies (kJ/mol)
          Angle    Proper Dih. Per. Imp. Dih.          LJ-14     Coulomb-14
    1.00918e+04    1.32456e+04    6.13009e+02    4.82380e+03    5.20662e+04
        LJ (SR)  Disper. corr.   Coulomb (SR)   Coul. recip. Position Rest.
    1.19376e+06   -6.66790e+04   -9.19107e+06    5.26389e+04    1.42808e+03
      Potential    Kinetic En.   Total Energy  Conserved En.    Temperature
   -7.92908e+06    1.48298e+06   -6.44611e+06   -9.85343e+06    3.09882e+02
 Pres. DC (bar) Pressure (bar)   Constr. rmsd
   -1.88841e+02    1.26982e+00    6.30005e-06

           Step           Time
         165000       82.50000

   Energies (kJ/mol)
          Angle    Proper Dih. Per. Imp. Dih.          LJ-14     Coulomb-14
    1.00348e+04    1.34321e+04    6.35704e+02    4.90164e+03    5.18220e+04
        LJ (SR)  Disper. corr.   Coulomb (SR)   Coul. recip. Position Rest.
    1.19226e+06   -6.66818e+04   -9.18671e+06    5.27368e+04    1.36573e+03
      Potential    Kinetic En.   Total Energy  Conserved En.    Temperature
   -7.92620e+06    1.48637e+06   -6.43982e+06   -9.85395e+06    3.10592e+02
 Pres. DC (bar) Pressure (bar)   Constr. rmsd
   -1.88856e+02    2.10159e+00    6.31139e-06

           Step           Time
         170000       85.00000

   Energies (kJ/mol)
          Angle    Proper Dih. Per. Imp. Dih.          LJ-14     Coulomb-14
    9.69791e+03    1.33038e+04    6.18922e+02    4.83541e+03    5.20922e+04
        LJ (SR)  Disper. corr.   Coulomb (SR)   Coul. recip. Position Rest.
    1.19650e+06   -6.66803e+04   -9.20048e+06    5.27825e+04    1.38912e+03
      Potential    Kinetic En.   Total Energy  Conserved En.    Temperature
   -7.93594e+06    1.48029e+06   -6.45565e+06   -9.85438e+06    3.09321e+02
 Pres. DC (bar) Pressure (bar)   Constr. rmsd
   -1.88848e+02   -3.39967e+00    6.43737e-06

           Step           Time
         175000       87.50000

   Energies (kJ/mol)
          Angle    Proper Dih. Per. Imp. Dih.          LJ-14     Coulomb-14
    9.63229e+03    1.34328e+04    6.21002e+02    4.87005e+03    5.20902e+04
        LJ (SR)  Disper. corr.   Coulomb (SR)   Coul. recip. Position Rest.
    1.19375e+06   -6.66687e+04   -9.19495e+06    5.25783e+04    1.38857e+03
      Potential    Kinetic En.   Total Energy  Conserved En.    Temperature
   -7.93326e+06    1.48154e+06   -6.45172e+06   -9.85490e+06    3.09582e+02
 Pres. DC (bar) Pressure (bar)   Constr. rmsd
   -1.88782e+02   -3.00610e+01    6.28596e-06

           Step           Time
         180000       90.00000

   Energies (kJ/mol)
          Angle    Proper Dih. Per. Imp. Dih.          LJ-14     Coulomb-14
    1.00026e+04    1.34454e+04    7.15729e+02    4.85461e+03    5.15135e+04
        LJ (SR)  Disper. corr.   Coulomb (SR)   Coul. recip. Position Rest.
    1.19786e+06   -6.66736e+04   -9.19455e+06    5.28128e+04    1.36915e+03
      Potential    Kinetic En.   Total Energy  Conserved En.    Temperature
   -7.92865e+06    1.48319e+06   -6.44547e+06   -9.85534e+06    3.09926e+02
 Pres. DC (bar) Pressure (bar)   Constr. rmsd
   -1.88810e+02    2.97441e+01    6.41824e-06

           Step           Time
         185000       92.50000

   Energies (kJ/mol)
          Angle    Proper Dih. Per. Imp. Dih.          LJ-14     Coulomb-14
    9.67537e+03    1.33047e+04    6.09989e+02    4.93742e+03    5.20463e+04
        LJ (SR)  Disper. corr.   Coulomb (SR)   Coul. recip. Position Rest.
    1.19647e+06   -6.66818e+04   -9.20033e+06    5.25104e+04    1.32220e+03
      Potential    Kinetic En.   Total Energy  Conserved En.    Temperature
   -7.93613e+06    1.48882e+06   -6.44731e+06   -9.85578e+06    3.11104e+02
 Pres. DC (bar) Pressure (bar)   Constr. rmsd
   -1.88856e+02   -4.79474e-01    6.52026e-06

           Step           Time
         190000       95.00000

   Energies (kJ/mol)
          Angle    Proper Dih. Per. Imp. Dih.          LJ-14     Coulomb-14
    9.80220e+03    1.32578e+04    6.13676e+02    4.91053e+03    5.19129e+04
        LJ (SR)  Disper. corr.   Coulomb (SR)   Coul. recip. Position Rest.
    1.19218e+06   -6.66612e+04   -9.19420e+06    5.28919e+04    1.26918e+03
      Potential    Kinetic En.   Total Energy  Conserved En.    Temperature
   -7.93402e+06    1.48236e+06   -6.45166e+06   -9.85622e+06    3.09754e+02
 Pres. DC (bar) Pressure (bar)   Constr. rmsd
   -1.88740e+02   -2.86392e+01    6.36461e-06

           Step           Time
         195000       97.50000

   Energies (kJ/mol)
          Angle    Proper Dih. Per. Imp. Dih.          LJ-14     Coulomb-14
    1.00237e+04    1.33720e+04    6.80905e+02    4.99626e+03    5.18206e+04
        LJ (SR)  Disper. corr.   Coulomb (SR)   Coul. recip. Position Rest.
    1.19619e+06   -6.66591e+04   -9.19610e+06    5.25432e+04    1.46879e+03
      Potential    Kinetic En.   Total Energy  Conserved En.    Temperature
   -7.93166e+06    1.48767e+06   -6.44399e+06   -9.85669e+06    3.10864e+02
 Pres. DC (bar) Pressure (bar)   Constr. rmsd
   -1.88728e+02    1.57008e+01    6.49195e-06

           Step           Time
         200000      100.00000

   Energies (kJ/mol)
          Angle    Proper Dih. Per. Imp. Dih.          LJ-14     Coulomb-14
    1.01642e+04    1.33863e+04    6.34493e+02    4.91982e+03    5.20346e+04
        LJ (SR)  Disper. corr.   Coulomb (SR)   Coul. recip. Position Rest.
    1.19420e+06   -6.66611e+04   -9.19682e+06    5.30029e+04    1.35786e+03
      Potential    Kinetic En.   Total Energy  Conserved En.    Temperature
   -7.93379e+06    1.48883e+06   -6.44496e+06   -9.85717e+06    3.11106e+02
 Pres. DC (bar) Pressure (bar)   Constr. rmsd
   -1.88739e+02   -1.00448e+01    6.44968e-06

           Step           Time
         205000      102.50000

   Energies (kJ/mol)
          Angle    Proper Dih. Per. Imp. Dih.          LJ-14     Coulomb-14
    9.87462e+03    1.34188e+04    5.74099e+02    4.85861e+03    5.19638e+04
        LJ (SR)  Disper. corr.   Coulomb (SR)   Coul. recip. Position Rest.
    1.19401e+06   -6.66685e+04   -9.19070e+06    5.28186e+04    1.35387e+03
      Potential    Kinetic En.   Total Energy  Conserved En.    Temperature
   -7.92850e+06    1.48620e+06   -6.44230e+06   -9.85760e+06    3.10556e+02
 Pres. DC (bar) Pressure (bar)   Constr. rmsd
   -1.88781e+02   -2.60034e+00    6.30493e-06

           Step           Time
         210000      105.00000

   Energies (kJ/mol)
          Angle    Proper Dih. Per. Imp. Dih.          LJ-14     Coulomb-14
    9.88097e+03    1.33831e+04    5.81802e+02    4.86894e+03    5.19911e+04
        LJ (SR)  Disper. corr.   Coulomb (SR)   Coul. recip. Position Rest.
    1.19803e+06   -6.66725e+04   -9.19551e+06    5.28250e+04    1.28370e+03
      Potential    Kinetic En.   Total Energy  Conserved En.    Temperature
   -7.92934e+06    1.48341e+06   -6.44594e+06   -9.85810e+06    3.09972e+02
 Pres. DC (bar) Pressure (bar)   Constr. rmsd
   -1.88804e+02    4.06449e+01    6.36549e-06

           Step           Time
         215000      107.50000

   Energies (kJ/mol)
          Angle    Proper Dih. Per. Imp. Dih.          LJ-14     Coulomb-14
    1.00378e+04    1.33045e+04    5.87356e+02    4.97826e+03    5.21633e+04
        LJ (SR)  Disper. corr.   Coulomb (SR)   Coul. recip. Position Rest.
    1.19807e+06   -6.66596e+04   -9.19937e+06    5.27327e+04    1.37349e+03
      Potential    Kinetic En.   Total Energy  Conserved En.    Temperature
   -7.93278e+06    1.48449e+06   -6.44829e+06   -9.85855e+06    3.10198e+02
 Pres. DC (bar) Pressure (bar)   Constr. rmsd
   -1.88731e+02    3.08442e+01    6.30151e-06

           Step           Time
         220000      110.00000

   Energies (kJ/mol)
          Angle    Proper Dih. Per. Imp. Dih.          LJ-14     Coulomb-14
    9.78331e+03    1.31490e+04    5.84093e+02    4.82646e+03    5.18962e+04
        LJ (SR)  Disper. corr.   Coulomb (SR)   Coul. recip. Position Rest.
    1.19377e+06   -6.66554e+04   -9.19677e+06    5.25293e+04    1.33136e+03
      Potential    Kinetic En.   Total Energy  Conserved En.    Temperature
   -7.93556e+06    1.48421e+06   -6.45135e+06   -9.85899e+06    3.10140e+02
 Pres. DC (bar) Pressure (bar)   Constr. rmsd
   -1.88707e+02   -1.21187e+01    6.32758e-06

           Step           Time
         225000      112.50000

   Energies (kJ/mol)
          Angle    Proper Dih. Per. Imp. Dih.          LJ-14     Coulomb-14
    9.86981e+03    1.31381e+04    6.26910e+02    4.87517e+03    5.19473e+04
        LJ (SR)  Disper. corr.   Coulomb (SR)   Coul. recip. Position Rest.
    1.19686e+06   -6.66493e+04   -9.19762e+06    5.26342e+04    1.33341e+03
      Potential    Kinetic En.   Total Energy  Conserved En.    Temperature
   -7.93298e+06    1.48125e+06   -6.45174e+06   -9.85944e+06    3.09521e+02
 Pres. DC (bar) Pressure (bar)   Constr. rmsd
   -1.88672e+02    3.74144e+00    6.38859e-06

Writing checkpoint, step 227400 at Thu Sep  3 23:45:43 2026


           Step           Time
         230000      115.00000

   Energies (kJ/mol)
          Angle    Proper Dih. Per. Imp. Dih.          LJ-14     Coulomb-14
    1.00121e+04    1.33746e+04    5.74067e+02    4.87320e+03    5.20596e+04
        LJ (SR)  Disper. corr.   Coulomb (SR)   Coul. recip. Position Rest.
    1.19244e+06   -6.66634e+04   -9.19195e+06    5.29242e+04    1.47646e+03
      Potential    Kinetic En.   Total Energy  Conserved En.    Temperature
   -7.93088e+06    1.48581e+06   -6.44507e+06   -9.85987e+06    3.10474e+02
 Pres. DC (bar) Pressure (bar)   Constr. rmsd
   -1.88752e+02   -3.95513e+01    6.37711e-06

           Step           Time
         235000      117.50000

   Energies (kJ/mol)
          Angle    Proper Dih. Per. Imp. Dih.          LJ-14     Coulomb-14
    9.83176e+03    1.32185e+04    6.15620e+02    4.89760e+03    5.18412e+04
        LJ (SR)  Disper. corr.   Coulomb (SR)   Coul. recip. Position Rest.
    1.19414e+06   -6.66736e+04   -9.20007e+06    5.26174e+04    1.38308e+03
      Potential    Kinetic En.   Total Energy  Conserved En.    Temperature
   -7.93820e+06    1.48393e+06   -6.45427e+06   -9.86037e+06    3.10081e+02
 Pres. DC (bar) Pressure (bar)   Constr. rmsd
   -1.88810e+02   -2.47980e+01    6.35906e-06

           Step           Time
         240000      120.00000

   Energies (kJ/mol)
          Angle    Proper Dih. Per. Imp. Dih.          LJ-14     Coulomb-14
    9.89189e+03    1.33662e+04    6.39376e+02    4.93981e+03    5.20115e+04
        LJ (SR)  Disper. corr.   Coulomb (SR)   Coul. recip. Position Rest.
    1.19547e+06   -6.66799e+04   -9.19367e+06    5.28910e+04    1.31503e+03
      Potential    Kinetic En.   Total Energy  Conserved En.    Temperature
   -7.92983e+06    1.48087e+06   -6.44896e+06   -9.86082e+06    3.09442e+02
 Pres. DC (bar) Pressure (bar)   Constr. rmsd
   -1.88845e+02    1.71101e+01    6.37595e-06

           Step           Time
         245000      122.50000

   Energies (kJ/mol)
          Angle    Proper Dih. Per. Imp. Dih.          LJ-14     Coulomb-14
    1.00915e+04    1.32412e+04    5.86365e+02    4.92286e+03    5.20664e+04
        LJ (SR)  Disper. corr.   Coulomb (SR)   Coul. recip. Position Rest.
    1.19435e+06   -6.66816e+04   -9.19452e+06    5.27813e+04    1.31839e+03
      Potential    Kinetic En.   Total Energy  Conserved En.    Temperature
   -7.93184e+06    1.48203e+06   -6.44981e+06   -9.86132e+06    3.09684e+02
 Pres. DC (bar) Pressure (bar)   Constr. rmsd
   -1.88855e+02   -1.47929e+01    6.30554e-06

           Step           Time
         250000      125.00000

   Energies (kJ/mol)
          Angle    Proper Dih. Per. Imp. Dih.          LJ-14     Coulomb-14
    1.00224e+04    1.32872e+04    5.92996e+02    4.81683e+03    5.17865e+04
        LJ (SR)  Disper. corr.   Coulomb (SR)   Coul. recip. Position Rest.
    1.19507e+06   -6.66792e+04   -9.19195e+06    5.24358e+04    1.31151e+03
      Potential    Kinetic En.   Total Energy  Conserved En.    Temperature
   -7.92930e+06    1.48198e+06   -6.44732e+06   -9.86173e+06    3.09674e+02
 Pres. DC (bar) Pressure (bar)   Constr. rmsd
   -1.88841e+02    6.72215e-01    6.49295e-06

           Step           Time
         255000      127.50000

   Energies (kJ/mol)
          Angle    Proper Dih. Per. Imp. Dih.          LJ-14     Coulomb-14
    9.97040e+03    1.35366e+04    6.46942e+02    4.86725e+03    5.20437e+04
        LJ (SR)  Disper. corr.   Coulomb (SR)   Coul. recip. Position Rest.
    1.19102e+06   -6.66725e+04   -9.19150e+06    5.24356e+04    1.38934e+03
      Potential    Kinetic En.   Total Energy  Conserved En.    Temperature
   -7.93227e+06    1.48550e+06   -6.44677e+06   -9.86218e+06    3.10410e+02
 Pres. DC (bar) Pressure (bar)   Constr. rmsd
   -1.88804e+02   -3.06786e+01    6.32801e-06

           Step           Time
         260000      130.00000

   Energies (kJ/mol)
          Angle    Proper Dih. Per. Imp. Dih.          LJ-14     Coulomb-14
    9.86160e+03    1.32150e+04    5.68053e+02    4.92859e+03    5.21360e+04
        LJ (SR)  Disper. corr.   Coulomb (SR)   Coul. recip. Position Rest.
    1.19373e+06   -6.66638e+04   -9.19256e+06    5.23387e+04    1.34452e+03
      Potential    Kinetic En.   Total Energy  Conserved En.    Temperature
   -7.93110e+06    1.48297e+06   -6.44813e+06   -9.86268e+06    3.09882e+02
 Pres. DC (bar) Pressure (bar)   Constr. rmsd
   -1.88754e+02   -1.00546e+01    6.32846e-06

           Step           Time
         265000      132.50000

   Energies (kJ/mol)
          Angle    Proper Dih. Per. Imp. Dih.          LJ-14     Coulomb-14
    9.98064e+03    1.33777e+04    6.22914e+02    4.79213e+03    5.20923e+04
        LJ (SR)  Disper. corr.   Coulomb (SR)   Coul. recip. Position Rest.
    1.19362e+06   -6.66545e+04   -9.19540e+06    5.24240e+04    1.35086e+03
      Potential    Kinetic En.   Total Energy  Conserved En.    Temperature
   -7.93379e+06    1.48809e+06   -6.44570e+06   -9.86316e+06    3.10950e+02
 Pres. DC (bar) Pressure (bar)   Constr. rmsd
   -1.88702e+02   -3.63108e+01    6.29626e-06

           Step           Time
         270000      135.00000

   Energies (kJ/mol)
          Angle    Proper Dih. Per. Imp. Dih.          LJ-14     Coulomb-14
    9.87469e+03    1.33290e+04    6.94924e+02    4.89274e+03    5.18840e+04
        LJ (SR)  Disper. corr.   Coulomb (SR)   Coul. recip. Position Rest.
    1.19595e+06   -6.66662e+04   -9.19506e+06    5.25290e+04    1.33523e+03
      Potential    Kinetic En.   Total Energy  Conserved En.    Temperature
   -7.93124e+06    1.48764e+06   -6.44361e+06   -9.86360e+06    3.10856e+02
 Pres. DC (bar) Pressure (bar)   Constr. rmsd
   -1.88768e+02    2.70134e+01    6.48573e-06

           Step           Time
         275000      137.50000

   Energies (kJ/mol)
          Angle    Proper Dih. Per. Imp. Dih.          LJ-14     Coulomb-14
    1.00200e+04    1.33586e+04    6.16999e+02    4.85958e+03    5.20314e+04
        LJ (SR)  Disper. corr.   Coulomb (SR)   Coul. recip. Position Rest.
    1.19276e+06   -6.66608e+04   -9.19185e+06    5.29702e+04    1.38131e+03
      Potential    Kinetic En.   Total Energy  Conserved En.    Temperature
   -7.93052e+06    1.48830e+06   -6.44222e+06   -9.86398e+06    3.10994e+02
 Pres. DC (bar) Pressure (bar)   Constr. rmsd
   -1.88737e+02   -2.60371e+01    6.32085e-06

           Step           Time
         280000      140.00000

   Energies (kJ/mol)
          Angle    Proper Dih. Per. Imp. Dih.          LJ-14     Coulomb-14
    9.80278e+03    1.31801e+04    6.23571e+02    4.94251e+03    5.21197e+04
        LJ (SR)  Disper. corr.   Coulomb (SR)   Coul. recip. Position Rest.
    1.19281e+06   -6.66757e+04   -9.19038e+06    5.26052e+04    1.38860e+03
      Potential    Kinetic En.   Total Energy  Conserved En.    Temperature
   -7.92958e+06    1.47763e+06   -6.45195e+06   -9.86444e+06    3.08765e+02
 Pres. DC (bar) Pressure (bar)   Constr. rmsd
   -1.88822e+02   -4.88487e+00    6.22139e-06

           Step           Time
         285000      142.50000

   Energies (kJ/mol)
          Angle    Proper Dih. Per. Imp. Dih.          LJ-14     Coulomb-14
    9.99306e+03    1.32702e+04    6.00990e+02    4.86388e+03    5.20117e+04
        LJ (SR)  Disper. corr.   Coulomb (SR)   Coul. recip. Position Rest.
    1.19244e+06   -6.66694e+04   -9.19354e+06    5.24237e+04    1.33631e+03
      Potential    Kinetic En.   Total Energy  Conserved En.    Temperature
   -7.93326e+06    1.48359e+06   -6.44967e+06   -9.86493e+06    3.10011e+02
 Pres. DC (bar) Pressure (bar)   Constr. rmsd
   -1.88786e+02   -3.99870e+01    6.48000e-06

           Step           Time
         290000      145.00000

   Energies (kJ/mol)
          Angle    Proper Dih. Per. Imp. Dih.          LJ-14     Coulomb-14
    9.84949e+03    1.33413e+04    5.61896e+02    4.75845e+03    5.19574e+04
        LJ (SR)  Disper. corr.   Coulomb (SR)   Coul. recip. Position Rest.
    1.19561e+06   -6.66683e+04   -9.19722e+06    5.28747e+04    1.33528e+03
      Potential    Kinetic En.   Total Energy  Conserved En.    Temperature
   -7.93360e+06    1.47969e+06   -6.45391e+06   -9.86539e+06    3.09195e+02
 Pres. DC (bar) Pressure (bar)   Constr. rmsd
   -1.88780e+02   -2.02676e+01    6.52901e-06

           Step           Time
         295000      147.50000

   Energies (kJ/mol)
          Angle    Proper Dih. Per. Imp. Dih.          LJ-14     Coulomb-14
    1.01129e+04    1.33685e+04    6.33551e+02    4.87328e+03    5.18085e+04
        LJ (SR)  Disper. corr.   Coulomb (SR)   Coul. recip. Position Rest.
    1.19701e+06   -6.66694e+04   -9.19105e+06    5.27897e+04    1.40195e+03
      Potential    Kinetic En.   Total Energy  Conserved En.    Temperature
   -7.92572e+06    1.48084e+06   -6.44489e+06   -9.86586e+06    3.09435e+02
 Pres. DC (bar) Pressure (bar)   Constr. rmsd
   -1.88786e+02    3.60941e+01    6.44371e-06

           Step           Time
         300000      150.00000

   Energies (kJ/mol)
          Angle    Proper Dih. Per. Imp. Dih.          LJ-14     Coulomb-14
    9.86259e+03    1.33164e+04    5.95647e+02    4.88521e+03    5.20160e+04
        LJ (SR)  Disper. corr.   Coulomb (SR)   Coul. recip. Position Rest.
    1.19513e+06   -6.66627e+04   -9.19006e+06    5.28359e+04    1.42809e+03
      Potential    Kinetic En.   Total Energy  Conserved En.    Temperature
   -7.92665e+06    1.48615e+06   -6.44050e+06   -9.86630e+06    3.10545e+02
 Pres. DC (bar) Pressure (bar)   Constr. rmsd
   -1.88748e+02    2.41443e+01    6.46112e-06

           Step           Time
         305000      152.50000

   Energies (kJ/mol)
          Angle    Proper Dih. Per. Imp. Dih.          LJ-14     Coulomb-14
    1.01149e+04    1.32806e+04    5.82950e+02    4.86735e+03    5.19635e+04
        LJ (SR)  Disper. corr.   Coulomb (SR)   Coul. recip. Position Rest.
    1.19284e+06   -6.66372e+04   -9.19247e+06    5.25447e+04    1.40179e+03
      Potential    Kinetic En.   Total Energy  Conserved En.    Temperature
   -7.93151e+06    1.48743e+06   -6.44408e+06   -9.86673e+06    3.10812e+02
 Pres. DC (bar) Pressure (bar)   Constr. rmsd
   -1.88604e+02   -6.18847e-01    6.36494e-06

           Step           Time
         310000      155.00000

   Energies (kJ/mol)
          Angle    Proper Dih. Per. Imp. Dih.          LJ-14     Coulomb-14
    9.90631e+03    1.33194e+04    6.33613e+02    4.96516e+03    5.19196e+04
        LJ (SR)  Disper. corr.   Coulomb (SR)   Coul. recip. Position Rest.
    1.19056e+06   -6.66479e+04   -9.18680e+06    5.27136e+04    1.38255e+03
      Potential    Kinetic En.   Total Energy  Conserved En.    Temperature
   -7.92805e+06    1.48504e+06   -6.44301e+06   -9.86721e+06    3.10314e+02
 Pres. DC (bar) Pressure (bar)   Constr. rmsd
   -1.88665e+02   -7.94741e+00    6.32460e-06

           Step           Time
         315000      157.50000

   Energies (kJ/mol)
          Angle    Proper Dih. Per. Imp. Dih.          LJ-14     Coulomb-14
    9.89351e+03    1.33372e+04    5.82947e+02    4.92907e+03    5.19802e+04
        LJ (SR)  Disper. corr.   Coulomb (SR)   Coul. recip. Position Rest.
    1.19072e+06   -6.66706e+04   -9.18808e+06    5.25604e+04    1.24784e+03
      Potential    Kinetic En.   Total Energy  Conserved En.    Temperature
   -7.92950e+06    1.48468e+06   -6.44482e+06   -9.86765e+06    3.10239e+02
 Pres. DC (bar) Pressure (bar)   Constr. rmsd
   -1.88793e+02   -1.76557e+01    6.32943e-06

           Step           Time
         320000      160.00000

   Energies (kJ/mol)
          Angle    Proper Dih. Per. Imp. Dih.          LJ-14     Coulomb-14
    9.89848e+03    1.31553e+04    6.13512e+02    4.98518e+03    5.19525e+04
        LJ (SR)  Disper. corr.   Coulomb (SR)   Coul. recip. Position Rest.
    1.19847e+06   -6.66664e+04   -9.19464e+06    5.25642e+04    1.35187e+03
      Potential    Kinetic En.   Total Energy  Conserved En.    Temperature
   -7.92831e+06    1.48600e+06   -6.44231e+06   -9.86813e+06    3.10513e+02
 Pres. DC (bar) Pressure (bar)   Constr. rmsd
   -1.88769e+02    8.14871e+01    6.32353e-06

           Step           Time
         325000      162.50000

   Energies (kJ/mol)
          Angle    Proper Dih. Per. Imp. Dih.          LJ-14     Coulomb-14
    9.71081e+03    1.33416e+04    6.24973e+02    4.93123e+03    5.20444e+04
        LJ (SR)  Disper. corr.   Coulomb (SR)   Coul. recip. Position Rest.
    1.19179e+06   -6.66520e+04   -9.19064e+06    5.30798e+04    1.37216e+03
      Potential    Kinetic En.   Total Energy  Conserved En.    Temperature
   -7.93039e+06    1.48250e+06   -6.44789e+06   -9.86855e+06    3.09783e+02
 Pres. DC (bar) Pressure (bar)   Constr. rmsd
   -1.88688e+02   -1.95445e+01    6.47348e-06

           Step           Time
         330000      165.00000

   Energies (kJ/mol)
          Angle    Proper Dih. Per. Imp. Dih.          LJ-14     Coulomb-14
    9.86481e+03    1.34130e+04    5.34849e+02    4.83224e+03    5.18898e+04
        LJ (SR)  Disper. corr.   Coulomb (SR)   Coul. recip. Position Rest.
    1.19074e+06   -6.66506e+04   -9.19011e+06    5.26210e+04    1.30912e+03
      Potential    Kinetic En.   Total Energy  Conserved En.    Temperature
   -7.93156e+06    1.48327e+06   -6.44829e+06   -9.86901e+06    3.09943e+02
 Pres. DC (bar) Pressure (bar)   Constr. rmsd
   -1.88680e+02   -1.86199e+01    6.47491e-06

           Step           Time
         335000      167.50000

   Energies (kJ/mol)
          Angle    Proper Dih. Per. Imp. Dih.          LJ-14     Coulomb-14
    9.94041e+03    1.32764e+04    5.85663e+02    4.92921e+03    5.21142e+04
        LJ (SR)  Disper. corr.   Coulomb (SR)   Coul. recip. Position Rest.
    1.19963e+06   -6.66558e+04   -9.20079e+06    5.23931e+04    1.37363e+03
      Potential    Kinetic En.   Total Energy  Conserved En.    Temperature
   -7.93320e+06    1.47948e+06   -6.45372e+06   -9.86951e+06    3.09151e+02
 Pres. DC (bar) Pressure (bar)   Constr. rmsd
   -1.88709e+02    2.26411e+01    6.33401e-06

Writing checkpoint, step 338500 at Fri Sep  4 00:00:44 2026


           Step           Time
         340000      170.00000

   Energies (kJ/mol)
          Angle    Proper Dih. Per. Imp. Dih.          LJ-14     Coulomb-14
    1.02512e+04    1.32422e+04    6.10686e+02    4.83255e+03    5.20501e+04
        LJ (SR)  Disper. corr.   Coulomb (SR)   Coul. recip. Position Rest.
    1.19303e+06   -6.66646e+04   -9.19424e+06    5.21705e+04    1.38319e+03
      Potential    Kinetic En.   Total Energy  Conserved En.    Temperature
   -7.93333e+06    1.48658e+06   -6.44674e+06   -9.86994e+06    3.10636e+02
 Pres. DC (bar) Pressure (bar)   Constr. rmsd
   -1.88759e+02   -2.51802e+01    6.36677e-06

           Step           Time
         345000      172.50000

   Energies (kJ/mol)
          Angle    Proper Dih. Per. Imp. Dih.          LJ-14     Coulomb-14
    1.01258e+04    1.32857e+04    6.72487e+02    4.84716e+03    5.18212e+04
        LJ (SR)  Disper. corr.   Coulomb (SR)   Coul. recip. Position Rest.
    1.19398e+06   -6.66632e+04   -9.18738e+06    5.29021e+04    1.42996e+03
      Potential    Kinetic En.   Total Energy  Conserved En.    Temperature
   -7.92498e+06    1.48496e+06   -6.44002e+06   -9.87041e+06    3.10297e+02
 Pres. DC (bar) Pressure (bar)   Constr. rmsd
   -1.88751e+02    1.61440e+01    6.44485e-06

           Step           Time
         350000      175.00000

   Energies (kJ/mol)
          Angle    Proper Dih. Per. Imp. Dih.          LJ-14     Coulomb-14
    9.95007e+03    1.33579e+04    6.25769e+02    4.86060e+03    5.21054e+04
        LJ (SR)  Disper. corr.   Coulomb (SR)   Coul. recip. Position Rest.
    1.19529e+06   -6.66631e+04   -9.19447e+06    5.30688e+04    1.37202e+03
      Potential    Kinetic En.   Total Energy  Conserved En.    Temperature
   -7.93050e+06    1.48295e+06   -6.44755e+06   -9.87092e+06    3.09877e+02
 Pres. DC (bar) Pressure (bar)   Constr. rmsd
   -1.88751e+02   -1.26466e+01    6.04229e-06

           Step           Time
         355000      177.50000

   Energies (kJ/mol)
          Angle    Proper Dih. Per. Imp. Dih.          LJ-14     Coulomb-14
    9.98350e+03    1.33294e+04    5.94123e+02    4.83089e+03    5.19029e+04
        LJ (SR)  Disper. corr.   Coulomb (SR)   Coul. recip. Position Rest.
    1.19289e+06   -6.66712e+04   -9.19060e+06    5.25269e+04    1.47003e+03
      Potential    Kinetic En.   Total Energy  Conserved En.    Temperature
   -7.92974e+06    1.48335e+06   -6.44639e+06   -9.87130e+06    3.09960e+02
 Pres. DC (bar) Pressure (bar)   Constr. rmsd
   -1.88797e+02   -1.74650e+01    6.46562e-06

           Step           Time
         360000      180.00000

   Energies (kJ/mol)
          Angle    Proper Dih. Per. Imp. Dih.          LJ-14     Coulomb-14
    9.83497e+03    1.32262e+04    6.22789e+02    4.95098e+03    5.19704e+04
        LJ (SR)  Disper. corr.   Coulomb (SR)   Coul. recip. Position Rest.
    1.19950e+06   -6.66811e+04   -9.20099e+06    5.27062e+04    1.29293e+03
      Potential    Kinetic En.   Total Energy  Conserved En.    Temperature
   -7.93357e+06    1.48496e+06   -6.44862e+06   -9.87179e+06    3.10296e+02
 Pres. DC (bar) Pressure (bar)   Constr. rmsd
   -1.88853e+02    3.98442e+01    6.48040e-06

           Step           Time
         365000      182.50000

   Energies (kJ/mol)
          Angle    Proper Dih. Per. Imp. Dih.          LJ-14     Coulomb-14
    9.95186e+03    1.32999e+04    6.05630e+02    4.92228e+03    5.21447e+04
        LJ (SR)  Disper. corr.   Coulomb (SR)   Coul. recip. Position Rest.
    1.19348e+06   -6.66836e+04   -9.19175e+06    5.30060e+04    1.31532e+03
      Potential    Kinetic En.   Total Energy  Conserved En.    Temperature
   -7.92971e+06    1.48628e+06   -6.44343e+06   -9.87224e+06    3.10572e+02
 Pres. DC (bar) Pressure (bar)   Constr. rmsd
   -1.88867e+02    1.26036e+01    6.27283e-06

           Step           Time
         370000      185.00000

   Energies (kJ/mol)
          Angle    Proper Dih. Per. Imp. Dih.          LJ-14     Coulomb-14
    9.86234e+03    1.34337e+04    6.68619e+02    4.84455e+03    5.20276e+04
        LJ (SR)  Disper. corr.   Coulomb (SR)   Coul. recip. Position Rest.
    1.19666e+06   -6.66868e+04   -9.19174e+06    5.29239e+04    1.42095e+03
      Potential    Kinetic En.   Total Energy  Conserved En.    Temperature
   -7.92658e+06    1.48507e+06   -6.44151e+06   -9.87272e+06    3.10320e+02
 Pres. DC (bar) Pressure (bar)   Constr. rmsd
   -1.88885e+02    2.78833e+01    6.35858e-06

           Step           Time
         375000      187.50000

   Energies (kJ/mol)
          Angle    Proper Dih. Per. Imp. Dih.          LJ-14     Coulomb-14
    9.99548e+03    1.33041e+04    5.91634e+02    4.89352e+03    5.19214e+04
        LJ (SR)  Disper. corr.   Coulomb (SR)   Coul. recip. Position Rest.
    1.19192e+06   -6.66706e+04   -9.19189e+06    5.27765e+04    1.38542e+03
      Potential    Kinetic En.   Total Energy  Conserved En.    Temperature
   -7.93177e+06    1.48455e+06   -6.44722e+06   -9.87312e+06    3.10211e+02
 Pres. DC (bar) Pressure (bar)   Constr. rmsd
   -1.88793e+02   -2.73582e+01    6.21024e-06

           Step           Time
         380000      190.00000

   Energies (kJ/mol)
          Angle    Proper Dih. Per. Imp. Dih.          LJ-14     Coulomb-14
    1.00925e+04    1.32243e+04    6.23131e+02    4.93671e+03    5.21224e+04
        LJ (SR)  Disper. corr.   Coulomb (SR)   Coul. recip. Position Rest.
    1.19598e+06   -6.66695e+04   -9.19130e+06    5.26194e+04    1.38695e+03
      Potential    Kinetic En.   Total Energy  Conserved En.    Temperature
   -7.92699e+06    1.48428e+06   -6.44271e+06   -9.87366e+06    3.10154e+02
 Pres. DC (bar) Pressure (bar)   Constr. rmsd
   -1.88787e+02    2.89208e+01    6.27284e-06

           Step           Time
         385000      192.50000

   Energies (kJ/mol)
          Angle    Proper Dih. Per. Imp. Dih.          LJ-14     Coulomb-14
    9.70740e+03    1.33438e+04    6.18991e+02    4.95328e+03    5.20926e+04
        LJ (SR)  Disper. corr.   Coulomb (SR)   Coul. recip. Position Rest.
    1.19422e+06   -6.66578e+04   -9.19642e+06    5.26651e+04    1.35907e+03
      Potential    Kinetic En.   Total Energy  Conserved En.    Temperature
   -7.93411e+06    1.48289e+06   -6.45122e+06   -9.87403e+06    3.09864e+02
 Pres. DC (bar) Pressure (bar)   Constr. rmsd
   -1.88720e+02   -1.72191e+00    6.48225e-06

           Step           Time
         390000      195.00000

   Energies (kJ/mol)
          Angle    Proper Dih. Per. Imp. Dih.          LJ-14     Coulomb-14
    1.01381e+04    1.32643e+04    6.18319e+02    4.80985e+03    5.18859e+04
        LJ (SR)  Disper. corr.   Coulomb (SR)   Coul. recip. Position Rest.
    1.19244e+06   -6.66633e+04   -9.18730e+06    5.26978e+04    1.40777e+03
      Potential    Kinetic En.   Total Energy  Conserved En.    Temperature
   -7.92670e+06    1.48636e+06   -6.44034e+06   -9.87453e+06    3.10590e+02
 Pres. DC (bar) Pressure (bar)   Constr. rmsd
   -1.88752e+02   -1.73354e+01    6.51427e-06

           Step           Time
         395000      197.50000

   Energies (kJ/mol)
          Angle    Proper Dih. Per. Imp. Dih.          LJ-14     Coulomb-14
    1.01862e+04    1.33192e+04    6.58088e+02    4.88203e+03    5.22199e+04
        LJ (SR)  Disper. corr.   Coulomb (SR)   Coul. recip. Position Rest.
    1.19363e+06   -6.66551e+04   -9.18818e+06    5.28305e+04    1.35295e+03
      Potential    Kinetic En.   Total Energy  Conserved En.    Temperature
   -7.92576e+06    1.48611e+06   -6.43964e+06   -9.87500e+06    3.10538e+02
 Pres. DC (bar) Pressure (bar)   Constr. rmsd
   -1.88705e+02    1.57453e+01    6.43708e-06

           Step           Time
         400000      200.00000

   Energies (kJ/mol)
          Angle    Proper Dih. Per. Imp. Dih.          LJ-14     Coulomb-14
    9.98886e+03    1.32910e+04    6.01744e+02    4.90025e+03    5.19360e+04
        LJ (SR)  Disper. corr.   Coulomb (SR)   Coul. recip. Position Rest.
    1.18985e+06   -6.66504e+04   -9.18166e+06    5.26441e+04    1.41440e+03
      Potential    Kinetic En.   Total Energy  Conserved En.    Temperature
   -7.92368e+06    1.48365e+06   -6.44002e+06   -9.87546e+06    3.10024e+02
 Pres. DC (bar) Pressure (bar)   Constr. rmsd
   -1.88678e+02   -2.50268e+01    6.40316e-06

           Step           Time
         405000      202.50000

   Energies (kJ/mol)
          Angle    Proper Dih. Per. Imp. Dih.          LJ-14     Coulomb-14
    9.86713e+03    1.34316e+04    6.81355e+02    4.77361e+03    5.19654e+04
        LJ (SR)  Disper. corr.   Coulomb (SR)   Coul. recip. Position Rest.
    1.19288e+06   -6.66668e+04   -9.19342e+06    5.27069e+04    1.33791e+03
      Potential    Kinetic En.   Total Energy  Conserved En.    Temperature
   -7.93244e+06    1.48207e+06   -6.45037e+06   -9.87593e+06    3.09694e+02
 Pres. DC (bar) Pressure (bar)   Constr. rmsd
   -1.88771e+02   -1.75101e+01    6.28219e-06

           Step           Time
         410000      205.00000

   Energies (kJ/mol)
          Angle    Proper Dih. Per. Imp. Dih.          LJ-14     Coulomb-14
    1.00418e+04    1.31980e+04    6.17583e+02    4.87116e+03    5.19912e+04
        LJ (SR)  Disper. corr.   Coulomb (SR)   Coul. recip. Position Rest.
    1.19576e+06   -6.66670e+04   -9.19781e+06    5.22111e+04    1.36558e+03
      Potential    Kinetic En.   Total Energy  Conserved En.    Temperature
   -7.93442e+06    1.48181e+06   -6.45261e+06   -9.87644e+06    3.09638e+02
 Pres. DC (bar) Pressure (bar)   Constr. rmsd
   -1.88772e+02   -3.35462e+00    6.27518e-06

           Step           Time
         415000      207.50000

   Energies (kJ/mol)
          Angle    Proper Dih. Per. Imp. Dih.          LJ-14     Coulomb-14
    9.86138e+03    1.32717e+04    5.99900e+02    4.85251e+03    5.18483e+04
        LJ (SR)  Disper. corr.   Coulomb (SR)   Coul. recip. Position Rest.
    1.19275e+06   -6.66615e+04   -9.19242e+06    5.22622e+04    1.36441e+03
      Potential    Kinetic En.   Total Energy  Conserved En.    Temperature
   -7.93227e+06    1.48456e+06   -6.44771e+06   -9.87682e+06    3.10213e+02
 Pres. DC (bar) Pressure (bar)   Constr. rmsd
   -1.88741e+02   -1.26072e+01    6.37849e-06

           Step           Time
         420000      210.00000

   Energies (kJ/mol)
          Angle    Proper Dih. Per. Imp. Dih.          LJ-14     Coulomb-14
    9.93473e+03    1.34636e+04    6.27447e+02    4.88222e+03    5.16949e+04
        LJ (SR)  Disper. corr.   Coulomb (SR)   Coul. recip. Position Rest.
    1.18988e+06   -6.66686e+04   -9.18531e+06    5.28326e+04    1.26777e+03
      Potential    Kinetic En.   Total Energy  Conserved En.    Temperature
   -7.92739e+06    1.48637e+06   -6.44102e+06   -9.87729e+06    3.10591e+02
 Pres. DC (bar) Pressure (bar)   Constr. rmsd
   -1.88782e+02   -5.88334e+01    6.34583e-06

           Step           Time
         425000      212.50000

   Energies (kJ/mol)
          Angle    Proper Dih. Per. Imp. Dih.          LJ-14     Coulomb-14
    1.02217e+04    1.32413e+04    6.40446e+02    4.90706e+03    5.18925e+04
        LJ (SR)  Disper. corr.   Coulomb (SR)   Coul. recip. Position Rest.
    1.19845e+06   -6.66661e+04   -9.19477e+06    5.24296e+04    1.36192e+03
      Potential    Kinetic En.   Total Energy  Conserved En.    Temperature
   -7.92829e+06    1.48579e+06   -6.44250e+06   -9.87776e+06    3.10470e+02
 Pres. DC (bar) Pressure (bar)   Constr. rmsd
   -1.88767e+02    3.49632e+01    6.31149e-06

           Step           Time
         430000      215.00000

   Energies (kJ/mol)
          Angle    Proper Dih. Per. Imp. Dih.          LJ-14     Coulomb-14
    9.91562e+03    1.33363e+04    6.82825e+02    4.91324e+03    5.21606e+04
        LJ (SR)  Disper. corr.   Coulomb (SR)   Coul. recip. Position Rest.
    1.19553e+06   -6.66634e+04   -9.19512e+06    5.28028e+04    1.39809e+03
      Potential    Kinetic En.   Total Energy  Conserved En.    Temperature
   -7.93104e+06    1.48248e+06   -6.44857e+06   -9.87822e+06    3.09777e+02
 Pres. DC (bar) Pressure (bar)   Constr. rmsd
   -1.88752e+02    7.29829e+00    6.53906e-06

           Step           Time
         435000      217.50000

   Energies (kJ/mol)
          Angle    Proper Dih. Per. Imp. Dih.          LJ-14     Coulomb-14
    9.78983e+03    1.34622e+04    6.33398e+02    4.91279e+03    5.18811e+04
        LJ (SR)  Disper. corr.   Coulomb (SR)   Coul. recip. Position Rest.
    1.19681e+06   -6.66567e+04   -9.19678e+06    5.25624e+04    1.36520e+03
      Potential    Kinetic En.   Total Energy  Conserved En.    Temperature
   -7.93202e+06    1.48467e+06   -6.44735e+06   -9.87873e+06    3.10235e+02
 Pres. DC (bar) Pressure (bar)   Constr. rmsd
   -1.88715e+02    3.78848e+01    6.39788e-06

           Step           Time
         440000      220.00000

   Energies (kJ/mol)
          Angle    Proper Dih. Per. Imp. Dih.          LJ-14     Coulomb-14
    9.86820e+03    1.33751e+04    6.04793e+02    4.89965e+03    5.21885e+04
        LJ (SR)  Disper. corr.   Coulomb (SR)   Coul. recip. Position Rest.
    1.19054e+06   -6.66625e+04   -9.18590e+06    5.25691e+04    1.39487e+03
      Potential    Kinetic En.   Total Energy  Conserved En.    Temperature
   -7.92713e+06    1.48309e+06   -6.44404e+06   -9.87916e+06    3.09905e+02
 Pres. DC (bar) Pressure (bar)   Constr. rmsd
   -1.88747e+02   -1.27934e+01    6.42019e-06

Writing checkpoint, step 443600 at Fri Sep  4 00:15:44 2026


           Step           Time
         445000      222.50000

   Energies (kJ/mol)
          Angle    Proper Dih. Per. Imp. Dih.          LJ-14     Coulomb-14
    9.63552e+03    1.32157e+04    6.40347e+02    4.90298e+03    5.20684e+04
        LJ (SR)  Disper. corr.   Coulomb (SR)   Coul. recip. Position Rest.
    1.19217e+06   -6.66763e+04   -9.19028e+06    5.31650e+04    1.39168e+03
      Potential    Kinetic En.   Total Energy  Conserved En.    Temperature
   -7.92976e+06    1.47989e+06   -6.44987e+06   -9.87965e+06    3.09238e+02
 Pres. DC (bar) Pressure (bar)   Constr. rmsd
   -1.88825e+02    3.84154e+00    6.61486e-06

           Step           Time
         450000      225.00000

   Energies (kJ/mol)
          Angle    Proper Dih. Per. Imp. Dih.          LJ-14     Coulomb-14
    9.87553e+03    1.34619e+04    6.56642e+02    4.87445e+03    5.19200e+04
        LJ (SR)  Disper. corr.   Coulomb (SR)   Coul. recip. Position Rest.
    1.19777e+06   -6.66514e+04   -9.19321e+06    5.25095e+04    1.30698e+03
      Potential    Kinetic En.   Total Energy  Conserved En.    Temperature
   -7.92749e+06    1.48101e+06   -6.44648e+06   -9.88013e+06    3.09470e+02
 Pres. DC (bar) Pressure (bar)   Constr. rmsd
   -1.88684e+02    4.21608e+01    6.49307e-06

           Step           Time
         455000      227.50000

   Energies (kJ/mol)
          Angle    Proper Dih. Per. Imp. Dih.          LJ-14     Coulomb-14
    1.00175e+04    1.32534e+04    5.99583e+02    4.78514e+03    5.16247e+04
        LJ (SR)  Disper. corr.   Coulomb (SR)   Coul. recip. Position Rest.
    1.19976e+06   -6.66374e+04   -9.19146e+06    5.28252e+04    1.43785e+03
      Potential    Kinetic En.   Total Energy  Conserved En.    Temperature
   -7.92379e+06    1.48385e+06   -6.43994e+06   -9.88060e+06    3.10065e+02
 Pres. DC (bar) Pressure (bar)   Constr. rmsd
   -1.88605e+02    5.38404e+01    6.35385e-06

           Step           Time
         460000      230.00000

   Energies (kJ/mol)
          Angle    Proper Dih. Per. Imp. Dih.          LJ-14     Coulomb-14
    1.00622e+04    1.34118e+04    5.67374e+02    4.87824e+03    5.20716e+04
        LJ (SR)  Disper. corr.   Coulomb (SR)   Coul. recip. Position Rest.
    1.19514e+06   -6.66231e+04   -9.18791e+06    5.29663e+04    1.42270e+03
      Potential    Kinetic En.   Total Energy  Conserved En.    Temperature
   -7.92401e+06    1.48209e+06   -6.44192e+06   -9.88104e+06    3.09696e+02
 Pres. DC (bar) Pressure (bar)   Constr. rmsd
   -1.88524e+02    2.58787e+01    6.23378e-06

           Step           Time
         465000      232.50000

   Energies (kJ/mol)
          Angle    Proper Dih. Per. Imp. Dih.          LJ-14     Coulomb-14
    9.89636e+03    1.32766e+04    6.14773e+02    4.86228e+03    5.18255e+04
        LJ (SR)  Disper. corr.   Coulomb (SR)   Coul. recip. Position Rest.
    1.19196e+06   -6.66217e+04   -9.17978e+06    5.29983e+04    1.38649e+03
      Potential    Kinetic En.   Total Energy  Conserved En.    Temperature
   -7.91959e+06    1.48202e+06   -6.43756e+06   -9.88147e+06    3.09683e+02
 Pres. DC (bar) Pressure (bar)   Constr. rmsd
   -1.88516e+02   -5.66283e+00    6.33695e-06

           Step           Time
         470000      235.00000

   Energies (kJ/mol)
          Angle    Proper Dih. Per. Imp. Dih.          LJ-14     Coulomb-14
    9.70282e+03    1.33833e+04    5.77718e+02    4.94134e+03    5.20534e+04
        LJ (SR)  Disper. corr.   Coulomb (SR)   Coul. recip. Position Rest.
    1.18880e+06   -6.66307e+04   -9.18150e+06    5.29851e+04    1.37946e+03
      Potential    Kinetic En.   Total Energy  Conserved En.    Temperature
   -7.92431e+06    1.48159e+06   -6.44272e+06   -9.88190e+06    3.09592e+02
 Pres. DC (bar) Pressure (bar)   Constr. rmsd
   -1.88567e+02   -5.29840e+01    6.46881e-06

           Step           Time
         475000      237.50000

   Energies (kJ/mol)
          Angle    Proper Dih. Per. Imp. Dih.          LJ-14     Coulomb-14
    1.00998e+04    1.32438e+04    6.25225e+02    4.90257e+03    5.19675e+04
        LJ (SR)  Disper. corr.   Coulomb (SR)   Coul. recip. Position Rest.
    1.19643e+06   -6.66248e+04   -9.19082e+06    5.27454e+04    1.27423e+03
      Potential    Kinetic En.   Total Energy  Conserved En.    Temperature
   -7.92616e+06    1.48748e+06   -6.43869e+06   -9.88244e+06    3.10822e+02
 Pres. DC (bar) Pressure (bar)   Constr. rmsd
   -1.88534e+02    2.17408e+01    6.41871e-06

           Step           Time
         480000      240.00000

   Energies (kJ/mol)
          Angle    Proper Dih. Per. Imp. Dih.          LJ-14     Coulomb-14
    9.72909e+03    1.32051e+04    6.34913e+02    4.89129e+03    5.19425e+04
        LJ (SR)  Disper. corr.   Coulomb (SR)   Coul. recip. Position Rest.
    1.19262e+06   -6.66297e+04   -9.18488e+06    5.24122e+04    1.29604e+03
      Potential    Kinetic En.   Total Energy  Conserved En.    Temperature
   -7.92478e+06    1.48496e+06   -6.43982e+06   -9.88287e+06    3.10297e+02
 Pres. DC (bar) Pressure (bar)   Constr. rmsd
   -1.88562e+02    2.82434e+01    6.38527e-06

           Step           Time
         485000      242.50000

   Energies (kJ/mol)
          Angle    Proper Dih. Per. Imp. Dih.          LJ-14     Coulomb-14
    9.63421e+03    1.31437e+04    6.27193e+02    4.88523e+03    5.19847e+04
        LJ (SR)  Disper. corr.   Coulomb (SR)   Coul. recip. Position Rest.
    1.19050e+06   -6.66407e+04   -9.18733e+06    5.26084e+04    1.40069e+03
      Potential    Kinetic En.   Total Energy  Conserved En.    Temperature
   -7.92919e+06    1.48046e+06   -6.44873e+06   -9.88322e+06    3.09356e+02
 Pres. DC (bar) Pressure (bar)   Constr. rmsd
   -1.88624e+02   -6.44851e+01    6.31013e-06

           Step           Time
         490000      245.00000

   Energies (kJ/mol)
          Angle    Proper Dih. Per. Imp. Dih.          LJ-14     Coulomb-14
    9.90813e+03    1.33076e+04    5.86109e+02    4.93598e+03    5.20152e+04
        LJ (SR)  Disper. corr.   Coulomb (SR)   Coul. recip. Position Rest.
    1.18935e+06   -6.66377e+04   -9.18080e+06    5.24946e+04    1.32813e+03
      Potential    Kinetic En.   Total Energy  Conserved En.    Temperature
   -7.92351e+06    1.48217e+06   -6.44134e+06   -9.88380e+06    3.09713e+02
 Pres. DC (bar) Pressure (bar)   Constr. rmsd
   -1.88607e+02   -1.28016e+01    6.23747e-06

           Step           Time
         495000      247.50000

   Energies (kJ/mol)
          Angle    Proper Dih. Per. Imp. Dih.          LJ-14     Coulomb-14
    9.93738e+03    1.33715e+04    6.19837e+02    4.82879e+03    5.20648e+04
        LJ (SR)  Disper. corr.   Coulomb (SR)   Coul. recip. Position Rest.
    1.19201e+06   -6.66392e+04   -9.18787e+06    5.25590e+04    1.37200e+03
      Potential    Kinetic En.   Total Energy  Conserved En.    Temperature
   -7.92775e+06    1.48210e+06   -6.44565e+06   -9.88421e+06    3.09700e+02
 Pres. DC (bar) Pressure (bar)   Constr. rmsd
   -1.88615e+02   -2.17421e+01    6.43102e-06

           Step           Time
         500000      250.00000

   Energies (kJ/mol)
          Angle    Proper Dih. Per. Imp. Dih.          LJ-14     Coulomb-14
    9.88217e+03    1.33323e+04    6.88412e+02    4.95518e+03    5.20452e+04
        LJ (SR)  Disper. corr.   Coulomb (SR)   Coul. recip. Position Rest.
    1.19711e+06   -6.66478e+04   -9.19250e+06    5.30599e+04    1.33996e+03
      Potential    Kinetic En.   Total Energy  Conserved En.    Temperature
   -7.92674e+06    1.48645e+06   -6.44028e+06   -9.88468e+06    3.10609e+02
 Pres. DC (bar) Pressure (bar)   Constr. rmsd
   -1.88664e+02    5.09731e+01    6.44067e-06

           Step           Time
         505000      252.50000

   Energies (kJ/mol)
          Angle    Proper Dih. Per. Imp. Dih.          LJ-14     Coulomb-14
    9.88254e+03    1.33101e+04    6.49671e+02    4.88952e+03    5.18589e+04
        LJ (SR)  Disper. corr.   Coulomb (SR)   Coul. recip. Position Rest.
    1.19780e+06   -6.66423e+04   -9.19203e+06    5.30792e+04    1.46375e+03
      Potential    Kinetic En.   Total Energy  Conserved En.    Temperature
   -7.92574e+06    1.48523e+06   -6.44051e+06   -9.88517e+06    3.10353e+02
 Pres. DC (bar) Pressure (bar)   Constr. rmsd
   -1.88633e+02    3.44582e+01    6.21184e-06

           Step           Time
         510000      255.00000

   Energies (kJ/mol)
          Angle    Proper Dih. Per. Imp. Dih.          LJ-14     Coulomb-14
    1.00150e+04    1.32483e+04    5.84434e+02    4.81350e+03    5.19043e+04
        LJ (SR)  Disper. corr.   Coulomb (SR)   Coul. recip. Position Rest.
    1.19395e+06   -6.66326e+04   -9.19046e+06    5.26625e+04    1.30776e+03
      Potential    Kinetic En.   Total Energy  Conserved En.    Temperature
   -7.92861e+06    1.48354e+06   -6.44507e+06   -9.88558e+06    3.09999e+02
 Pres. DC (bar) Pressure (bar)   Constr. rmsd
   -1.88578e+02   -2.21058e+01    6.46936e-06

           Step           Time
         515000      257.50000

   Energies (kJ/mol)
          Angle    Proper Dih. Per. Imp. Dih.          LJ-14     Coulomb-14
    1.00403e+04    1.32638e+04    6.21385e+02    4.96362e+03    5.19359e+04
        LJ (SR)  Disper. corr.   Coulomb (SR)   Coul. recip. Position Rest.
    1.19432e+06   -6.66339e+04   -9.18962e+06    5.24590e+04    1.37026e+03
      Potential    Kinetic En.   Total Energy  Conserved En.    Temperature
   -7.92728e+06    1.48173e+06   -6.44555e+06   -9.88604e+06    3.09622e+02
 Pres. DC (bar) Pressure (bar)   Constr. rmsd
   -1.88586e+02    8.89128e+00    6.24199e-06

           Step           Time
         520000      260.00000

   Energies (kJ/mol)
          Angle    Proper Dih. Per. Imp. Dih.          LJ-14     Coulomb-14
    9.98157e+03    1.32811e+04    6.18734e+02    4.87195e+03    5.20886e+04
        LJ (SR)  Disper. corr.   Coulomb (SR)   Coul. recip. Position Rest.
    1.19663e+06   -6.66354e+04   -9.19015e+06    5.25870e+04    1.34364e+03
      Potential    Kinetic En.   Total Energy  Conserved En.    Temperature
   -7.92538e+06    1.48258e+06   -6.44280e+06   -9.88655e+06    3.09799e+02
 Pres. DC (bar) Pressure (bar)   Constr. rmsd
   -1.88594e+02    3.06304e+01    6.34686e-06

           Step           Time
         525000      262.50000

   Energies (kJ/mol)
          Angle    Proper Dih. Per. Imp. Dih.          LJ-14     Coulomb-14
    9.68854e+03    1.34668e+04    5.83111e+02    4.93802e+03    5.19859e+04
        LJ (SR)  Disper. corr.   Coulomb (SR)   Coul. recip. Position Rest.
    1.19311e+06   -6.66456e+04   -9.18469e+06    5.31178e+04    1.37129e+03
      Potential    Kinetic En.   Total Energy  Conserved En.    Temperature
   -7.92307e+06    1.48370e+06   -6.43937e+06   -9.88700e+06    3.10034e+02
 Pres. DC (bar) Pressure (bar)   Constr. rmsd
   -1.88651e+02   -1.25609e+01    6.46814e-06

           Step           Time
         530000      265.00000

   Energies (kJ/mol)
          Angle    Proper Dih. Per. Imp. Dih.          LJ-14     Coulomb-14
    9.66584e+03    1.32856e+04    5.93843e+02    4.89209e+03    5.21963e+04
        LJ (SR)  Disper. corr.   Coulomb (SR)   Coul. recip. Position Rest.
    1.20087e+06   -6.66602e+04   -9.20140e+06    5.25644e+04    1.30756e+03
      Potential    Kinetic En.   Total Energy  Conserved En.    Temperature
   -7.93268e+06    1.48346e+06   -6.44923e+06   -9.88750e+06    3.09982e+02
 Pres. DC (bar) Pressure (bar)   Constr. rmsd
   -1.88734e+02    3.59838e+01    6.42738e-06

           Step           Time
         535000      267.50000

   Energies (kJ/mol)
          Angle    Proper Dih. Per. Imp. Dih.          LJ-14     Coulomb-14
    1.02259e+04    1.33035e+04    6.38370e+02    4.90601e+03    5.19122e+04
        LJ (SR)  Disper. corr.   Coulomb (SR)   Coul. recip. Position Rest.
    1.19121e+06   -6.66618e+04   -9.18363e+06    5.28639e+04    1.36308e+03
      Potential    Kinetic En.   Total Energy  Conserved En.    Temperature
   -7.92386e+06    1.48351e+06   -6.44035e+06   -9.88792e+06    3.09993e+02
 Pres. DC (bar) Pressure (bar)   Constr. rmsd
   -1.88743e+02    1.23143e+01    6.22817e-06

           Step           Time
         540000      270.00000

   Energies (kJ/mol)
          Angle    Proper Dih. Per. Imp. Dih.          LJ-14     Coulomb-14
    1.01745e+04    1.33686e+04    6.09292e+02    4.82947e+03    5.16737e+04
        LJ (SR)  Disper. corr.   Coulomb (SR)   Coul. recip. Position Rest.
    1.19886e+06   -6.66338e+04   -9.19227e+06    5.25127e+04    1.38246e+03
      Potential    Kinetic En.   Total Energy  Conserved En.    Temperature
   -7.92549e+06    1.48266e+06   -6.44283e+06   -9.88844e+06    3.09815e+02
 Pres. DC (bar) Pressure (bar)   Constr. rmsd
   -1.88585e+02    3.43899e+01    6.34867e-06

           Step           Time
         545000      272.50000

   Energies (kJ/mol)
          Angle    Proper Dih. Per. Imp. Dih.          LJ-14     Coulomb-14
    9.78225e+03    1.32870e+04    5.89458e+02    5.00756e+03    5.18711e+04
        LJ (SR)  Disper. corr.   Coulomb (SR)   Coul. recip. Position Rest.
    1.19284e+06   -6.66332e+04   -9.19020e+06    5.25846e+04    1.36587e+03
      Potential    Kinetic En.   Total Energy  Conserved En.    Temperature
   -7.92951e+06    1.48381e+06   -6.44570e+06   -9.88891e+06    3.10056e+02
 Pres. DC (bar) Pressure (bar)   Constr. rmsd
   -1.88581e+02    4.26365e+00    6.15188e-06

Writing checkpoint, step 548200 at Fri Sep  4 00:30:44 2026


           Step           Time
         550000      275.00000

   Energies (kJ/mol)
          Angle    Proper Dih. Per. Imp. Dih.          LJ-14     Coulomb-14
    1.00392e+04    1.32389e+04    6.11861e+02    4.78443e+03    5.18343e+04
        LJ (SR)  Disper. corr.   Coulomb (SR)   Coul. recip. Position Rest.
    1.19589e+06   -6.66294e+04   -9.19105e+06    5.26942e+04    1.34538e+03
      Potential    Kinetic En.   Total Energy  Conserved En.    Temperature
   -7.92725e+06    1.48071e+06   -6.44654e+06   -9.88932e+06    3.09409e+02
 Pres. DC (bar) Pressure (bar)   Constr. rmsd
   -1.88560e+02   -1.42052e+01    6.26274e-06

           Step           Time
         555000      277.50000

   Energies (kJ/mol)
          Angle    Proper Dih. Per. Imp. Dih.          LJ-14     Coulomb-14
    1.00050e+04    1.32057e+04    6.45735e+02    4.92475e+03    5.20132e+04
        LJ (SR)  Disper. corr.   Coulomb (SR)   Coul. recip. Position Rest.
    1.19457e+06   -6.66356e+04   -9.19121e+06    5.24709e+04    1.38950e+03
      Potential    Kinetic En.   Total Energy  Conserved En.    Temperature
   -7.92862e+06    1.48448e+06   -6.44414e+06   -9.88978e+06    3.10197e+02
 Pres. DC (bar) Pressure (bar)   Constr. rmsd
   -1.88595e+02    3.52395e+00    6.49706e-06

           Step           Time
         560000      280.00000

   Energies (kJ/mol)
          Angle    Proper Dih. Per. Imp. Dih.          LJ-14     Coulomb-14
    1.00296e+04    1.32688e+04    6.55350e+02    4.81554e+03    5.19081e+04
        LJ (SR)  Disper. corr.   Coulomb (SR)   Coul. recip. Position Rest.
    1.19957e+06   -6.66419e+04   -9.19368e+06    5.27819e+04    1.45114e+03
      Potential    Kinetic En.   Total Energy  Conserved En.    Temperature
   -7.92584e+06    1.48021e+06   -6.44564e+06   -9.89023e+06    3.09303e+02
 Pres. DC (bar) Pressure (bar)   Constr. rmsd
   -1.88631e+02    1.96507e+01    6.49420e-06

           Step           Time
         565000      282.50000

   Energies (kJ/mol)
          Angle    Proper Dih. Per. Imp. Dih.          LJ-14     Coulomb-14
    9.94074e+03    1.33352e+04    6.51819e+02    4.85896e+03    5.20048e+04
        LJ (SR)  Disper. corr.   Coulomb (SR)   Coul. recip. Position Rest.
    1.19221e+06   -6.66428e+04   -9.19152e+06    5.27609e+04    1.36199e+03
      Potential    Kinetic En.   Total Energy  Conserved En.    Temperature
   -7.93104e+06    1.48000e+06   -6.45104e+06   -9.89071e+06    3.09260e+02
 Pres. DC (bar) Pressure (bar)   Constr. rmsd
   -1.88636e+02   -1.94768e+01    6.40319e-06

           Step           Time
         570000      285.00000

   Energies (kJ/mol)
          Angle    Proper Dih. Per. Imp. Dih.          LJ-14     Coulomb-14
    9.95781e+03    1.32513e+04    6.09740e+02    4.86600e+03    5.18527e+04
        LJ (SR)  Disper. corr.   Coulomb (SR)   Coul. recip. Position Rest.
    1.18556e+06   -6.66394e+04   -9.17588e+06    5.29366e+04    1.36194e+03
      Potential    Kinetic En.   Total Energy  Conserved En.    Temperature
   -7.92213e+06    1.48092e+06   -6.44121e+06   -9.89113e+06    3.09452e+02
 Pres. DC (bar) Pressure (bar)   Constr. rmsd
   -1.88617e+02   -7.24716e+01    6.31764e-06

           Step           Time
         575000      287.50000

   Energies (kJ/mol)
          Angle    Proper Dih. Per. Imp. Dih.          LJ-14     Coulomb-14
    9.88001e+03    1.33174e+04    5.90577e+02    4.94787e+03    5.19921e+04
        LJ (SR)  Disper. corr.   Coulomb (SR)   Coul. recip. Position Rest.
    1.19075e+06   -6.66374e+04   -9.18466e+06    5.21852e+04    1.29126e+03
      Potential    Kinetic En.   Total Energy  Conserved En.    Temperature
   -7.92635e+06    1.48055e+06   -6.44579e+06   -9.89163e+06    3.09376e+02
 Pres. DC (bar) Pressure (bar)   Constr. rmsd
   -1.88605e+02    6.10003e+00    6.31462e-06

           Step           Time
         580000      290.00000

   Energies (kJ/mol)
          Angle    Proper Dih. Per. Imp. Dih.          LJ-14     Coulomb-14
    1.00187e+04    1.32214e+04    6.27822e+02    4.95773e+03    5.19590e+04
        LJ (SR)  Disper. corr.   Coulomb (SR)   Coul. recip. Position Rest.
    1.19577e+06   -6.66358e+04   -9.19226e+06    5.27938e+04    1.42621e+03
      Potential    Kinetic En.   Total Energy  Conserved En.    Temperature
   -7.92812e+06    1.48400e+06   -6.44412e+06   -9.89202e+06    3.10096e+02
 Pres. DC (bar) Pressure (bar)   Constr. rmsd
   -1.88596e+02    1.10094e+01    6.38280e-06

           Step           Time
         585000      292.50000

   Energies (kJ/mol)
          Angle    Proper Dih. Per. Imp. Dih.          LJ-14     Coulomb-14
    9.85284e+03    1.33385e+04    5.82443e+02    4.93775e+03    5.20835e+04
        LJ (SR)  Disper. corr.   Coulomb (SR)   Coul. recip. Position Rest.
    1.19258e+06   -6.66219e+04   -9.18521e+06    5.28633e+04    1.24389e+03
      Potential    Kinetic En.   Total Energy  Conserved En.    Temperature
   -7.92434e+06    1.48255e+06   -6.44179e+06   -9.89249e+06    3.09793e+02
 Pres. DC (bar) Pressure (bar)   Constr. rmsd
   -1.88517e+02   -9.71711e+00    6.54285e-06

           Step           Time
         590000      295.00000

   Energies (kJ/mol)
          Angle    Proper Dih. Per. Imp. Dih.          LJ-14     Coulomb-14
    9.84731e+03    1.32278e+04    5.89633e+02    4.81713e+03    5.19761e+04
        LJ (SR)  Disper. corr.   Coulomb (SR)   Coul. recip. Position Rest.
    1.18768e+06   -6.66305e+04   -9.18585e+06    5.27649e+04    1.34537e+03
      Potential    Kinetic En.   Total Energy  Conserved En.    Temperature
   -7.93022e+06    1.48049e+06   -6.44973e+06   -9.89292e+06    3.09363e+02
 Pres. DC (bar) Pressure (bar)   Constr. rmsd
   -1.88566e+02   -6.67159e+01    6.41205e-06

           Step           Time
         595000      297.50000

   Energies (kJ/mol)
          Angle    Proper Dih. Per. Imp. Dih.          LJ-14     Coulomb-14
    9.80404e+03    1.33612e+04    6.01708e+02    4.87504e+03    5.19222e+04
        LJ (SR)  Disper. corr.   Coulomb (SR)   Coul. recip. Position Rest.
    1.19496e+06   -6.66364e+04   -9.18925e+06    5.28322e+04    1.51452e+03
      Potential    Kinetic En.   Total Energy  Conserved En.    Temperature
   -7.92602e+06    1.48441e+06   -6.44161e+06   -9.89342e+06    3.10181e+02
 Pres. DC (bar) Pressure (bar)   Constr. rmsd
   -1.88599e+02   -9.22223e+00    6.37498e-06

           Step           Time
         600000      300.00000

   Energies (kJ/mol)
          Angle    Proper Dih. Per. Imp. Dih.          LJ-14     Coulomb-14
    9.81725e+03    1.33058e+04    6.51715e+02    4.85585e+03    5.20776e+04
        LJ (SR)  Disper. corr.   Coulomb (SR)   Coul. recip. Position Rest.
    1.19947e+06   -6.66330e+04   -9.19663e+06    5.25762e+04    1.50170e+03
      Potential    Kinetic En.   Total Energy  Conserved En.    Temperature
   -7.92901e+06    1.48031e+06   -6.44870e+06   -9.89392e+06    3.09324e+02
 Pres. DC (bar) Pressure (bar)   Constr. rmsd
   -1.88580e+02    2.33437e+01    6.46652e-06

           Step           Time
         605000      302.50000

   Energies (kJ/mol)
          Angle    Proper Dih. Per. Imp. Dih.          LJ-14     Coulomb-14
    9.87658e+03    1.32749e+04    5.70059e+02    4.95314e+03    5.21177e+04
        LJ (SR)  Disper. corr.   Coulomb (SR)   Coul. recip. Position Rest.
    1.19758e+06   -6.66299e+04   -9.19112e+06    5.27558e+04    1.41608e+03
      Potential    Kinetic En.   Total Energy  Conserved En.    Temperature
   -7.92521e+06    1.48265e+06   -6.44256e+06   -9.89441e+06    3.09814e+02
 Pres. DC (bar) Pressure (bar)   Constr. rmsd
   -1.88563e+02    4.62951e+01    6.51893e-06

           Step           Time
         610000      305.00000

   Energies (kJ/mol)
          Angle    Proper Dih. Per. Imp. Dih.          LJ-14     Coulomb-14
    9.91184e+03    1.31532e+04    5.77928e+02    4.84029e+03    5.19384e+04
        LJ (SR)  Disper. corr.   Coulomb (SR)   Coul. recip. Position Rest.
    1.19137e+06   -6.66496e+04   -9.18627e+06    5.26109e+04    1.33349e+03
      Potential    Kinetic En.   Total Energy  Conserved En.    Temperature
   -7.92717e+06    1.48217e+06   -6.44501e+06   -9.89486e+06    3.09713e+02
 Pres. DC (bar) Pressure (bar)   Constr. rmsd
   -1.88674e+02   -4.92218e+00    6.39802e-06

           Step           Time
         615000      307.50000

   Energies (kJ/mol)
          Angle    Proper Dih. Per. Imp. Dih.          LJ-14     Coulomb-14
    1.00472e+04    1.32586e+04    5.91335e+02    4.90478e+03    5.21452e+04
        LJ (SR)  Disper. corr.   Coulomb (SR)   Coul. recip. Position Rest.
    1.19372e+06   -6.66477e+04   -9.18675e+06    5.27484e+04    1.44267e+03
      Potential    Kinetic En.   Total Energy  Conserved En.    Temperature
   -7.92454e+06    1.48476e+06   -6.43978e+06   -9.89527e+06    3.10255e+02
 Pres. DC (bar) Pressure (bar)   Constr. rmsd
   -1.88664e+02    3.31007e+00    6.51038e-06

           Step           Time
         620000      310.00000

   Energies (kJ/mol)
          Angle    Proper Dih. Per. Imp. Dih.          LJ-14     Coulomb-14
    9.67919e+03    1.32311e+04    5.76039e+02    4.83821e+03    5.19136e+04
        LJ (SR)  Disper. corr.   Coulomb (SR)   Coul. recip. Position Rest.
    1.19644e+06   -6.66550e+04   -9.19851e+06    5.28675e+04    1.33466e+03
      Potential    Kinetic En.   Total Energy  Conserved En.    Temperature
   -7.93428e+06    1.48265e+06   -6.45163e+06   -9.89578e+06    3.09815e+02
 Pres. DC (bar) Pressure (bar)   Constr. rmsd
   -1.88705e+02    2.21460e+01    6.46094e-06

           Step           Time
         625000      312.50000

   Energies (kJ/mol)
          Angle    Proper Dih. Per. Imp. Dih.          LJ-14     Coulomb-14
    9.75629e+03    1.34151e+04    6.18341e+02    4.90162e+03    5.20335e+04
        LJ (SR)  Disper. corr.   Coulomb (SR)   Coul. recip. Position Rest.
    1.19819e+06   -6.66611e+04   -9.19741e+06    5.27123e+04    1.35315e+03
      Potential    Kinetic En.   Total Energy  Conserved En.    Temperature
   -7.93109e+06    1.48688e+06   -6.44421e+06   -9.89616e+06    3.10697e+02
 Pres. DC (bar) Pressure (bar)   Constr. rmsd
   -1.88739e+02    3.39290e+01    6.22295e-06

           Step           Time
         630000      315.00000

   Energies (kJ/mol)
          Angle    Proper Dih. Per. Imp. Dih.          LJ-14     Coulomb-14
    1.00177e+04    1.32625e+04    6.80997e+02    4.84817e+03    5.20288e+04
        LJ (SR)  Disper. corr.   Coulomb (SR)   Coul. recip. Position Rest.
    1.18763e+06   -6.66494e+04   -9.18305e+06    5.28979e+04    1.39957e+03
      Potential    Kinetic En.   Total Energy  Conserved En.    Temperature
   -7.92693e+06    1.48250e+06   -6.44444e+06   -9.89662e+06    3.09782e+02
 Pres. DC (bar) Pressure (bar)   Constr. rmsd
   -1.88673e+02   -6.78433e+01    6.29705e-06

           Step           Time
         635000      317.50000

   Energies (kJ/mol)
          Angle    Proper Dih. Per. Imp. Dih.          LJ-14     Coulomb-14
    9.82914e+03    1.32890e+04    6.47118e+02    4.85178e+03    5.18843e+04
        LJ (SR)  Disper. corr.   Coulomb (SR)   Coul. recip. Position Rest.
    1.19447e+06   -6.66391e+04   -9.19231e+06    5.26822e+04    1.39451e+03
      Potential    Kinetic En.   Total Energy  Conserved En.    Temperature
   -7.92990e+06    1.48229e+06   -6.44762e+06   -9.89717e+06    3.09739e+02
 Pres. DC (bar) Pressure (bar)   Constr. rmsd
   -1.88615e+02    3.19089e+01    6.41302e-06

           Step           Time
         640000      320.00000

   Energies (kJ/mol)
          Angle    Proper Dih. Per. Imp. Dih.          LJ-14     Coulomb-14
    9.86301e+03    1.33085e+04    6.16359e+02    4.92990e+03    5.18607e+04
        LJ (SR)  Disper. corr.   Coulomb (SR)   Coul. recip. Position Rest.
    1.19600e+06   -6.66240e+04   -9.19072e+06    5.28684e+04    1.31073e+03
      Potential    Kinetic En.   Total Energy  Conserved En.    Temperature
   -7.92658e+06    1.48107e+06   -6.44551e+06   -9.89757e+06    3.09484e+02
 Pres. DC (bar) Pressure (bar)   Constr. rmsd
   -1.88529e+02    2.43250e+01    6.34849e-06

           Step           Time
         645000      322.50000

   Energies (kJ/mol)
          Angle    Proper Dih. Per. Imp. Dih.          LJ-14     Coulomb-14
    9.99501e+03    1.32364e+04    6.35209e+02    4.97244e+03    5.18539e+04
        LJ (SR)  Disper. corr.   Coulomb (SR)   Coul. recip. Position Rest.
    1.19614e+06   -6.66326e+04   -9.18911e+06    5.25992e+04    1.30467e+03
      Potential    Kinetic En.   Total Energy  Conserved En.    Temperature
   -7.92501e+06    1.48010e+06   -6.44490e+06   -9.89799e+06    3.09282e+02
 Pres. DC (bar) Pressure (bar)   Constr. rmsd
   -1.88578e+02    3.03178e+01    6.49077e-06

Writing checkpoint, step 648600 at Fri Sep  4 00:45:44 2026


           Step           Time
         650000      325.00000

   Energies (kJ/mol)
          Angle    Proper Dih. Per. Imp. Dih.          LJ-14     Coulomb-14
    9.93525e+03    1.33820e+04    5.96194e+02    4.83997e+03    5.20671e+04
        LJ (SR)  Disper. corr.   Coulomb (SR)   Coul. recip. Position Rest.
    1.19519e+06   -6.66277e+04   -9.19105e+06    5.26287e+04    1.39904e+03
      Potential    Kinetic En.   Total Energy  Conserved En.    Temperature
   -7.92764e+06    1.48644e+06   -6.44120e+06   -9.89854e+06    3.10606e+02
 Pres. DC (bar) Pressure (bar)   Constr. rmsd
   -1.88550e+02   -3.27910e+00    6.35770e-06

           Step           Time
         655000      327.50000

   Energies (kJ/mol)
          Angle    Proper Dih. Per. Imp. Dih.          LJ-14     Coulomb-14
    9.76798e+03    1.31346e+04    5.71322e+02    4.89405e+03    5.18261e+04
        LJ (SR)  Disper. corr.   Coulomb (SR)   Coul. recip. Position Rest.
    1.19517e+06   -6.66364e+04   -9.18925e+06    5.29078e+04    1.30025e+03
      Potential    Kinetic En.   Total Energy  Conserved En.    Temperature
   -7.92631e+06    1.48193e+06   -6.44438e+06   -9.89904e+06    3.09664e+02
 Pres. DC (bar) Pressure (bar)   Constr. rmsd
   -1.88600e+02    3.36306e+01    6.39617e-06

           Step           Time
         660000      330.00000

   Energies (kJ/mol)
          Angle    Proper Dih. Per. Imp. Dih.          LJ-14     Coulomb-14
    9.93230e+03    1.33145e+04    6.40805e+02    4.89908e+03    5.19937e+04
        LJ (SR)  Disper. corr.   Coulomb (SR)   Coul. recip. Position Rest.
    1.18935e+06   -6.66476e+04   -9.18125e+06    5.27433e+04    1.26870e+03
      Potential    Kinetic En.   Total Energy  Conserved En.    Temperature
   -7.92375e+06    1.48198e+06   -6.44178e+06   -9.89944e+06    3.09674e+02
 Pres. DC (bar) Pressure (bar)   Constr. rmsd
   -1.88663e+02   -1.87143e+01    6.31499e-06

           Step           Time
         665000      332.50000

   Energies (kJ/mol)
          Angle    Proper Dih. Per. Imp. Dih.          LJ-14     Coulomb-14
    9.90894e+03    1.33617e+04    5.65610e+02    5.00076e+03    5.21378e+04
        LJ (SR)  Disper. corr.   Coulomb (SR)   Coul. recip. Position Rest.
    1.19064e+06   -6.66350e+04   -9.18304e+06    5.27209e+04    1.34803e+03
      Potential    Kinetic En.   Total Energy  Conserved En.    Temperature
   -7.92399e+06    1.48332e+06   -6.44067e+06   -9.89989e+06    3.09955e+02
 Pres. DC (bar) Pressure (bar)   Constr. rmsd
   -1.88592e+02   -2.88547e+01    6.23574e-06

           Step           Time
         670000      335.00000

   Energies (kJ/mol)
          Angle    Proper Dih. Per. Imp. Dih.          LJ-14     Coulomb-14
    9.60775e+03    1.32783e+04    6.03801e+02    4.91015e+03    5.19404e+04
        LJ (SR)  Disper. corr.   Coulomb (SR)   Coul. recip. Position Rest.
    1.19403e+06   -6.66395e+04   -9.18521e+06    5.27235e+04    1.41913e+03
      Potential    Kinetic En.   Total Energy  Conserved En.    Temperature
   -7.92333e+06    1.47941e+06   -6.44392e+06   -9.90032e+06    3.09138e+02
 Pres. DC (bar) Pressure (bar)   Constr. rmsd
   -1.88617e+02    2.15877e+01    6.40013e-06

           Step           Time
         675000      337.50000

   Energies (kJ/mol)
          Angle    Proper Dih. Per. Imp. Dih.          LJ-14     Coulomb-14
    9.81998e+03    1.31963e+04    5.74113e+02    4.87857e+03    5.20992e+04
        LJ (SR)  Disper. corr.   Coulomb (SR)   Coul. recip. Position Rest.
    1.19250e+06   -6.66447e+04   -9.18964e+06    5.22876e+04    1.40058e+03
      Potential    Kinetic En.   Total Energy  Conserved En.    Temperature
   -7.92952e+06    1.48188e+06   -6.44765e+06   -9.90078e+06    3.09653e+02
 Pres. DC (bar) Pressure (bar)   Constr. rmsd
   -1.88646e+02    7.18138e+00    6.24469e-06

           Step           Time
         680000      340.00000

   Energies (kJ/mol)
          Angle    Proper Dih. Per. Imp. Dih.          LJ-14     Coulomb-14
    9.84310e+03    1.32779e+04    6.34499e+02    4.93224e+03    5.19692e+04
        LJ (SR)  Disper. corr.   Coulomb (SR)   Coul. recip. Position Rest.
    1.19020e+06   -6.66348e+04   -9.18666e+06    5.24897e+04    1.30905e+03
      Potential    Kinetic En.   Total Energy  Conserved En.    Temperature
   -7.92864e+06    1.48401e+06   -6.44463e+06   -9.90122e+06    3.10098e+02
 Pres. DC (bar) Pressure (bar)   Constr. rmsd
   -1.88591e+02   -2.27811e+01    6.51360e-06

           Step           Time
         685000      342.50000

   Energies (kJ/mol)
          Angle    Proper Dih. Per. Imp. Dih.          LJ-14     Coulomb-14
    9.86387e+03    1.32899e+04    6.38308e+02    4.89711e+03    5.18883e+04
        LJ (SR)  Disper. corr.   Coulomb (SR)   Coul. recip. Position Rest.
    1.19682e+06   -6.66247e+04   -9.19248e+06    5.27641e+04    1.44867e+03
      Potential    Kinetic En.   Total Energy  Conserved En.    Temperature
   -7.92750e+06    1.48419e+06   -6.44330e+06   -9.90172e+06    3.10136e+02
 Pres. DC (bar) Pressure (bar)   Constr. rmsd
   -1.88534e+02    6.41619e+00    6.45420e-06

           Step           Time
         690000      345.00000

   Energies (kJ/mol)
          Angle    Proper Dih. Per. Imp. Dih.          LJ-14     Coulomb-14
    9.93685e+03    1.34524e+04    5.77968e+02    4.90075e+03    5.20832e+04
        LJ (SR)  Disper. corr.   Coulomb (SR)   Coul. recip. Position Rest.
    1.19278e+06   -6.66309e+04   -9.18597e+06    5.27515e+04    1.31508e+03
      Potential    Kinetic En.   Total Energy  Conserved En.    Temperature
   -7.92480e+06    1.48412e+06   -6.44068e+06   -9.90220e+06    3.10121e+02
 Pres. DC (bar) Pressure (bar)   Constr. rmsd
   -1.88568e+02   -9.49064e+00    6.44322e-06

           Step           Time
         695000      347.50000

   Energies (kJ/mol)
          Angle    Proper Dih. Per. Imp. Dih.          LJ-14     Coulomb-14
    1.01751e+04    1.31886e+04    6.00770e+02    4.95072e+03    5.20656e+04
        LJ (SR)  Disper. corr.   Coulomb (SR)   Coul. recip. Position Rest.
    1.19348e+06   -6.66270e+04   -9.18546e+06    5.27860e+04    1.40556e+03
      Potential    Kinetic En.   Total Energy  Conserved En.    Temperature
   -7.92344e+06    1.48569e+06   -6.43775e+06   -9.90267e+06    3.10450e+02
 Pres. DC (bar) Pressure (bar)   Constr. rmsd
   -1.88546e+02    1.56897e+01    6.21646e-06

           Step           Time
         700000      350.00000

   Energies (kJ/mol)
          Angle    Proper Dih. Per. Imp. Dih.          LJ-14     Coulomb-14
    9.96448e+03    1.31764e+04    5.90729e+02    4.93945e+03    5.20990e+04
        LJ (SR)  Disper. corr.   Coulomb (SR)   Coul. recip. Position Rest.
    1.19046e+06   -6.66161e+04   -9.18468e+06    5.23985e+04    1.32328e+03
      Potential    Kinetic En.   Total Energy  Conserved En.    Temperature
   -7.92634e+06    1.48626e+06   -6.44009e+06   -9.90311e+06    3.10568e+02
 Pres. DC (bar) Pressure (bar)   Constr. rmsd
   -1.88485e+02   -2.07184e+01    6.54922e-06

           Step           Time
         705000      352.50000

   Energies (kJ/mol)
          Angle    Proper Dih. Per. Imp. Dih.          LJ-14     Coulomb-14
    9.79572e+03    1.31904e+04    5.72025e+02    4.90724e+03    5.20781e+04
        LJ (SR)  Disper. corr.   Coulomb (SR)   Coul. recip. Position Rest.
    1.19278e+06   -6.66250e+04   -9.19231e+06    5.25003e+04    1.45436e+03
      Potential    Kinetic En.   Total Energy  Conserved En.    Temperature
   -7.93166e+06    1.48204e+06   -6.44962e+06   -9.90357e+06    3.09686e+02
 Pres. DC (bar) Pressure (bar)   Constr. rmsd
   -1.88535e+02   -2.14627e+01    6.30294e-06

           Step           Time
         710000      355.00000

   Energies (kJ/mol)
          Angle    Proper Dih. Per. Imp. Dih.          LJ-14     Coulomb-14
    9.85088e+03    1.34443e+04    6.46333e+02    4.78448e+03    5.18937e+04
        LJ (SR)  Disper. corr.   Coulomb (SR)   Coul. recip. Position Rest.
    1.19759e+06   -6.66405e+04   -9.18930e+06    5.27609e+04    1.39290e+03
      Potential    Kinetic En.   Total Energy  Conserved En.    Temperature
   -7.92358e+06    1.48120e+06   -6.44237e+06   -9.90402e+06    3.09512e+02
 Pres. DC (bar) Pressure (bar)   Constr. rmsd
   -1.88623e+02    3.58774e+01    6.47898e-06

           Step           Time
         715000      357.50000

   Energies (kJ/mol)
          Angle    Proper Dih. Per. Imp. Dih.          LJ-14     Coulomb-14
    9.94982e+03    1.32462e+04    5.63352e+02    4.88825e+03    5.21415e+04
        LJ (SR)  Disper. corr.   Coulomb (SR)   Coul. recip. Position Rest.
    1.19913e+06   -6.66392e+04   -9.19557e+06    5.23859e+04    1.41013e+03
      Potential    Kinetic En.   Total Energy  Conserved En.    Temperature
   -7.92850e+06    1.48441e+06   -6.44409e+06   -9.90451e+06    3.10181e+02
 Pres. DC (bar) Pressure (bar)   Constr. rmsd
   -1.88615e+02    4.38103e+01    6.28550e-06

           Step           Time
         720000      360.00000

   Energies (kJ/mol)
          Angle    Proper Dih. Per. Imp. Dih.          LJ-14     Coulomb-14
    9.79695e+03    1.32691e+04    6.76715e+02    4.93942e+03    5.18942e+04
        LJ (SR)  Disper. corr.   Coulomb (SR)   Coul. recip. Position Rest.
    1.18976e+06   -6.66373e+04   -9.18667e+06    5.25187e+04    1.32441e+03
      Potential    Kinetic En.   Total Energy  Conserved En.    Temperature
   -7.92913e+06    1.48441e+06   -6.44473e+06   -9.90499e+06    3.10181e+02
 Pres. DC (bar) Pressure (bar)   Constr. rmsd
   -1.88605e+02   -3.19084e+01    6.41389e-06

           Step           Time
         725000      362.50000

   Energies (kJ/mol)
          Angle    Proper Dih. Per. Imp. Dih.          LJ-14     Coulomb-14
    9.81464e+03    1.32264e+04    5.74288e+02    4.92302e+03    5.18449e+04
        LJ (SR)  Disper. corr.   Coulomb (SR)   Coul. recip. Position Rest.
    1.19493e+06   -6.66290e+04   -9.19146e+06    5.25699e+04    1.42443e+03
      Potential    Kinetic En.   Total Energy  Conserved En.    Temperature
   -7.92878e+06    1.48361e+06   -6.44517e+06   -9.90547e+06    3.10015e+02
 Pres. DC (bar) Pressure (bar)   Constr. rmsd
   -1.88558e+02   -1.16368e+01    6.36821e-06

           Step           Time
         730000      365.00000

   Energies (kJ/mol)
          Angle    Proper Dih. Per. Imp. Dih.          LJ-14     Coulomb-14
    9.93106e+03    1.34145e+04    5.79661e+02    4.93266e+03    5.20278e+04
        LJ (SR)  Disper. corr.   Coulomb (SR)   Coul. recip. Position Rest.
    1.19148e+06   -6.66311e+04   -9.18478e+06    5.30211e+04    1.30139e+03
      Potential    Kinetic En.   Total Energy  Conserved En.    Temperature
   -7.92473e+06    1.48168e+06   -6.44305e+06   -9.90590e+06    3.09610e+02
 Pres. DC (bar) Pressure (bar)   Constr. rmsd
   -1.88570e+02   -1.43477e+01    6.33495e-06

           Step           Time
         735000      367.50000

   Energies (kJ/mol)
          Angle    Proper Dih. Per. Imp. Dih.          LJ-14     Coulomb-14
    9.92182e+03    1.32760e+04    5.59336e+02    4.90588e+03    5.21005e+04
        LJ (SR)  Disper. corr.   Coulomb (SR)   Coul. recip. Position Rest.
    1.19381e+06   -6.66237e+04   -9.19151e+06    5.29359e+04    1.34710e+03
      Potential    Kinetic En.   Total Energy  Conserved En.    Temperature
   -7.92928e+06    1.48148e+06   -6.44780e+06   -9.90635e+06    3.09569e+02
 Pres. DC (bar) Pressure (bar)   Constr. rmsd
   -1.88528e+02   -1.94963e+01    6.28490e-06

           Step           Time
         740000      370.00000

   Energies (kJ/mol)
          Angle    Proper Dih. Per. Imp. Dih.          LJ-14     Coulomb-14
    9.77697e+03    1.32306e+04    5.79425e+02    4.92163e+03    5.21299e+04
        LJ (SR)  Disper. corr.   Coulomb (SR)   Coul. recip. Position Rest.
    1.19354e+06   -6.66215e+04   -9.19036e+06    5.25733e+04    1.41715e+03
      Potential    Kinetic En.   Total Energy  Conserved En.    Temperature
   -7.92881e+06    1.48236e+06   -6.44645e+06   -9.90688e+06    3.09754e+02
 Pres. DC (bar) Pressure (bar)   Constr. rmsd
   -1.88515e+02    1.10917e+01    6.43174e-06

           Step           Time
         745000      372.50000

   Energies (kJ/mol)
          Angle    Proper Dih. Per. Imp. Dih.          LJ-14     Coulomb-14
    1.00432e+04    1.33229e+04    6.35062e+02    4.79819e+03    5.20353e+04
        LJ (SR)  Disper. corr.   Coulomb (SR)   Coul. recip. Position Rest.
    1.19712e+06   -6.66273e+04   -9.19360e+06    5.24976e+04    1.36270e+03
      Potential    Kinetic En.   Total Energy  Conserved En.    Temperature
   -7.92841e+06    1.48330e+06   -6.44511e+06   -9.90730e+06    3.09949e+02
 Pres. DC (bar) Pressure (bar)   Constr. rmsd
   -1.88548e+02    2.19261e+01    6.20916e-06

Writing checkpoint, step 748600 at Fri Sep  4 01:00:44 2026


           Step           Time
         750000      375.00000

   Energies (kJ/mol)
          Angle    Proper Dih. Per. Imp. Dih.          LJ-14     Coulomb-14
    9.68703e+03    1.32876e+04    6.22382e+02    4.89476e+03    5.19689e+04
        LJ (SR)  Disper. corr.   Coulomb (SR)   Coul. recip. Position Rest.
    1.19215e+06   -6.66294e+04   -9.19090e+06    5.28696e+04    1.43146e+03
      Potential    Kinetic En.   Total Energy  Conserved En.    Temperature
   -7.93061e+06    1.48409e+06   -6.44653e+06   -9.90775e+06    3.10114e+02
 Pres. DC (bar) Pressure (bar)   Constr. rmsd
   -1.88560e+02   -1.45599e+01    6.51707e-06

           Step           Time
         755000      377.50000

   Energies (kJ/mol)
          Angle    Proper Dih. Per. Imp. Dih.          LJ-14     Coulomb-14
    9.77056e+03    1.33820e+04    6.27903e+02    4.81259e+03    5.20199e+04
        LJ (SR)  Disper. corr.   Coulomb (SR)   Coul. recip. Position Rest.
    1.19117e+06   -6.66445e+04   -9.18790e+06    5.24999e+04    1.37578e+03
      Potential    Kinetic En.   Total Energy  Conserved En.    Temperature
   -7.92889e+06    1.48368e+06   -6.44521e+06   -9.90817e+06    3.10028e+02
 Pres. DC (bar) Pressure (bar)   Constr. rmsd
   -1.88645e+02   -4.09063e+01    6.36498e-06

           Step           Time
         760000      380.00000

   Energies (kJ/mol)
          Angle    Proper Dih. Per. Imp. Dih.          LJ-14     Coulomb-14
    1.00607e+04    1.34986e+04    6.80972e+02    4.82520e+03    5.18828e+04
        LJ (SR)  Disper. corr.   Coulomb (SR)   Coul. recip. Position Rest.
    1.18959e+06   -6.66457e+04   -9.17846e+06    5.28110e+04    1.27795e+03
      Potential    Kinetic En.   Total Energy  Conserved En.    Temperature
   -7.92047e+06    1.48719e+06   -6.43328e+06   -9.90868e+06    3.10763e+02
 Pres. DC (bar) Pressure (bar)   Constr. rmsd
   -1.88652e+02   -9.31781e+00    6.31445e-06

           Step           Time
         765000      382.50000

   Energies (kJ/mol)
          Angle    Proper Dih. Per. Imp. Dih.          LJ-14     Coulomb-14
    9.85944e+03    1.32535e+04    6.23903e+02    4.90308e+03    5.19347e+04
        LJ (SR)  Disper. corr.   Coulomb (SR)   Coul. recip. Position Rest.
    1.19254e+06   -6.66472e+04   -9.19029e+06    5.24559e+04    1.33350e+03
      Potential    Kinetic En.   Total Energy  Conserved En.    Temperature
   -7.93003e+06    1.48549e+06   -6.44454e+06   -9.90907e+06    3.10408e+02
 Pres. DC (bar) Pressure (bar)   Constr. rmsd
   -1.88661e+02    1.89552e+00    6.40487e-06

           Step           Time
         770000      385.00000

   Energies (kJ/mol)
          Angle    Proper Dih. Per. Imp. Dih.          LJ-14     Coulomb-14
    9.96296e+03    1.34384e+04    5.65336e+02    4.79861e+03    5.19638e+04
        LJ (SR)  Disper. corr.   Coulomb (SR)   Coul. recip. Position Rest.
    1.19161e+06   -6.66459e+04   -9.18299e+06    5.25616e+04    1.36447e+03
      Potential    Kinetic En.   Total Energy  Conserved En.    Temperature
   -7.92337e+06    1.48168e+06   -6.44168e+06   -9.90959e+06    3.09611e+02
 Pres. DC (bar) Pressure (bar)   Constr. rmsd
   -1.88653e+02    3.20125e-01    6.30906e-06

           Step           Time
         775000      387.50000

   Energies (kJ/mol)
          Angle    Proper Dih. Per. Imp. Dih.          LJ-14     Coulomb-14
    9.95950e+03    1.31247e+04    5.81742e+02    4.87398e+03    5.19967e+04
        LJ (SR)  Disper. corr.   Coulomb (SR)   Coul. recip. Position Rest.
    1.19721e+06   -6.66499e+04   -9.19506e+06    5.24951e+04    1.34195e+03
      Potential    Kinetic En.   Total Energy  Conserved En.    Temperature
   -7.93012e+06    1.48003e+06   -6.45010e+06   -9.91004e+06    3.09266e+02
 Pres. DC (bar) Pressure (bar)   Constr. rmsd
   -1.88676e+02    3.18563e+01    6.49547e-06

           Step           Time
         780000      390.00000

   Energies (kJ/mol)
          Angle    Proper Dih. Per. Imp. Dih.          LJ-14     Coulomb-14
    9.83158e+03    1.33711e+04    6.01747e+02    4.92574e+03    5.18417e+04
        LJ (SR)  Disper. corr.   Coulomb (SR)   Coul. recip. Position Rest.
    1.18867e+06   -6.66598e+04   -9.17854e+06    5.26773e+04    1.32895e+03
      Potential    Kinetic En.   Total Energy  Conserved En.    Temperature
   -7.92196e+06    1.48471e+06   -6.43724e+06   -9.91048e+06    3.10245e+02
 Pres. DC (bar) Pressure (bar)   Constr. rmsd
   -1.88732e+02   -4.47799e+01    6.40570e-06

           Step           Time
         785000      392.50000

   Energies (kJ/mol)
          Angle    Proper Dih. Per. Imp. Dih.          LJ-14     Coulomb-14
    9.89238e+03    1.34226e+04    7.28734e+02    4.91668e+03    5.19805e+04
        LJ (SR)  Disper. corr.   Coulomb (SR)   Coul. recip. Position Rest.
    1.20091e+06   -6.66540e+04   -9.19812e+06    5.27759e+04    1.37435e+03
      Potential    Kinetic En.   Total Energy  Conserved En.    Temperature
   -7.92877e+06    1.48707e+06   -6.44170e+06   -9.91094e+06    3.10737e+02
 Pres. DC (bar) Pressure (bar)   Constr. rmsd
   -1.88699e+02    9.09098e+01    6.42196e-06

           Step           Time
         790000      395.00000

   Energies (kJ/mol)
          Angle    Proper Dih. Per. Imp. Dih.          LJ-14     Coulomb-14
    1.00577e+04    1.32271e+04    6.22486e+02    4.84405e+03    5.19303e+04
        LJ (SR)  Disper. corr.   Coulomb (SR)   Coul. recip. Position Rest.
    1.19533e+06   -6.66490e+04   -9.19304e+06    5.27371e+04    1.45291e+03
      Potential    Kinetic En.   Total Energy  Conserved En.    Temperature
   -7.92949e+06    1.48239e+06   -6.44711e+06   -9.91141e+06    3.09759e+02
 Pres. DC (bar) Pressure (bar)   Constr. rmsd
   -1.88671e+02    1.58415e+01    6.38499e-06

           Step           Time
         795000      397.50000

   Energies (kJ/mol)
          Angle    Proper Dih. Per. Imp. Dih.          LJ-14     Coulomb-14
    9.72285e+03    1.32625e+04    6.36213e+02    4.87883e+03    5.19861e+04
        LJ (SR)  Disper. corr.   Coulomb (SR)   Coul. recip. Position Rest.
    1.19104e+06   -6.66354e+04   -9.18771e+06    5.24251e+04    1.48700e+03
      Potential    Kinetic En.   Total Energy  Conserved En.    Temperature
   -7.92891e+06    1.48462e+06   -6.44428e+06   -9.91183e+06    3.10226e+02
 Pres. DC (bar) Pressure (bar)   Constr. rmsd
   -1.88594e+02   -1.75989e+01    6.40407e-06

           Step           Time
         800000      400.00000

   Energies (kJ/mol)
          Angle    Proper Dih. Per. Imp. Dih.          LJ-14     Coulomb-14
    9.80801e+03    1.33569e+04    6.01519e+02    4.90604e+03    5.21575e+04
        LJ (SR)  Disper. corr.   Coulomb (SR)   Coul. recip. Position Rest.
    1.18784e+06   -6.66319e+04   -9.18067e+06    5.28728e+04    1.43973e+03
      Potential    Kinetic En.   Total Energy  Conserved En.    Temperature
   -7.92432e+06    1.47901e+06   -6.44531e+06   -9.91230e+06    3.09054e+02
 Pres. DC (bar) Pressure (bar)   Constr. rmsd
   -1.88574e+02   -1.75675e+01    6.32744e-06

           Step           Time
         805000      402.50000

   Energies (kJ/mol)
          Angle    Proper Dih. Per. Imp. Dih.          LJ-14     Coulomb-14
    9.82199e+03    1.33304e+04    6.93149e+02    4.90254e+03    5.20051e+04
        LJ (SR)  Disper. corr.   Coulomb (SR)   Coul. recip. Position Rest.
    1.19620e+06   -6.66406e+04   -9.19277e+06    5.23277e+04    1.33848e+03
      Potential    Kinetic En.   Total Energy  Conserved En.    Temperature
   -7.92879e+06    1.48649e+06   -6.44230e+06   -9.91278e+06    3.10616e+02
 Pres. DC (bar) Pressure (bar)   Constr. rmsd
   -1.88623e+02    4.59228e+01    6.24622e-06

           Step           Time
         810000      405.00000

   Energies (kJ/mol)
          Angle    Proper Dih. Per. Imp. Dih.          LJ-14     Coulomb-14
    9.67740e+03    1.33774e+04    6.44848e+02    4.89745e+03    5.20756e+04
        LJ (SR)  Disper. corr.   Coulomb (SR)   Coul. recip. Position Rest.
    1.19988e+06   -6.66470e+04   -9.19392e+06    5.29005e+04    1.36953e+03
      Potential    Kinetic En.   Total Energy  Conserved En.    Temperature
   -7.92574e+06    1.48033e+06   -6.44541e+06   -9.91328e+06    3.09328e+02
 Pres. DC (bar) Pressure (bar)   Constr. rmsd
   -1.88660e+02    6.02415e+01    6.41063e-06

           Step           Time
         815000      407.50000

   Energies (kJ/mol)
          Angle    Proper Dih. Per. Imp. Dih.          LJ-14     Coulomb-14
    9.80246e+03    1.33387e+04    6.33042e+02    4.81453e+03    5.21166e+04
        LJ (SR)  Disper. corr.   Coulomb (SR)   Coul. recip. Position Rest.
    1.19329e+06   -6.66370e+04   -9.19005e+06    5.24463e+04    1.34262e+03
      Potential    Kinetic En.   Total Energy  Conserved En.    Temperature
   -7.92890e+06    1.48125e+06   -6.44765e+06   -9.91364e+06    3.09522e+02
 Pres. DC (bar) Pressure (bar)   Constr. rmsd
   -1.88603e+02   -2.27757e+01    6.39313e-06

           Step           Time
         820000      410.00000

   Energies (kJ/mol)
          Angle    Proper Dih. Per. Imp. Dih.          LJ-14     Coulomb-14
    9.88170e+03    1.32651e+04    6.09442e+02    4.81468e+03    5.19931e+04
        LJ (SR)  Disper. corr.   Coulomb (SR)   Coul. recip. Position Rest.
    1.19708e+06   -6.66440e+04   -9.19242e+06    5.27767e+04    1.30606e+03
      Potential    Kinetic En.   Total Energy  Conserved En.    Temperature
   -7.92734e+06    1.48265e+06   -6.44469e+06   -9.91413e+06    3.09814e+02
 Pres. DC (bar) Pressure (bar)   Constr. rmsd
   -1.88642e+02    2.37660e+01    6.26889e-06

           Step           Time
         825000      412.50000

   Energies (kJ/mol)
          Angle    Proper Dih. Per. Imp. Dih.          LJ-14     Coulomb-14
    9.72401e+03    1.33203e+04    5.89122e+02    4.92601e+03    5.19581e+04
        LJ (SR)  Disper. corr.   Coulomb (SR)   Coul. recip. Position Rest.
    1.18854e+06   -6.66476e+04   -9.17997e+06    5.27341e+04    1.39626e+03
      Potential    Kinetic En.   Total Energy  Conserved En.    Temperature
   -7.92343e+06    1.48292e+06   -6.44051e+06   -9.91461e+06    3.09870e+02
 Pres. DC (bar) Pressure (bar)   Constr. rmsd
   -1.88663e+02   -5.24411e+01    6.34693e-06

           Step           Time
         830000      415.00000

   Energies (kJ/mol)
          Angle    Proper Dih. Per. Imp. Dih.          LJ-14     Coulomb-14
    9.74414e+03    1.34573e+04    5.81038e+02    4.90630e+03    5.21315e+04
        LJ (SR)  Disper. corr.   Coulomb (SR)   Coul. recip. Position Rest.
    1.18988e+06   -6.66465e+04   -9.17710e+06    5.27543e+04    1.36272e+03
      Potential    Kinetic En.   Total Energy  Conserved En.    Temperature
   -7.91893e+06    1.48073e+06   -6.43819e+06   -9.91511e+06    3.09413e+02
 Pres. DC (bar) Pressure (bar)   Constr. rmsd
   -1.88657e+02   -7.85801e+00    6.35440e-06

           Step           Time
         835000      417.50000

   Energies (kJ/mol)
          Angle    Proper Dih. Per. Imp. Dih.          LJ-14     Coulomb-14
    1.00252e+04    1.33574e+04    6.09482e+02    4.89179e+03    5.17925e+04
        LJ (SR)  Disper. corr.   Coulomb (SR)   Coul. recip. Position Rest.
    1.19431e+06   -6.66496e+04   -9.18871e+06    5.27379e+04    1.43170e+03
      Potential    Kinetic En.   Total Energy  Conserved En.    Temperature
   -7.92620e+06    1.48691e+06   -6.43929e+06   -9.91556e+06    3.10704e+02
 Pres. DC (bar) Pressure (bar)   Constr. rmsd
   -1.88674e+02    6.74215e-01    6.38257e-06

           Step           Time
         840000      420.00000

   Energies (kJ/mol)
          Angle    Proper Dih. Per. Imp. Dih.          LJ-14     Coulomb-14
    9.83121e+03    1.33371e+04    5.73167e+02    4.81007e+03    5.20025e+04
        LJ (SR)  Disper. corr.   Coulomb (SR)   Coul. recip. Position Rest.
    1.19764e+06   -6.66432e+04   -9.19426e+06    5.28682e+04    1.36261e+03
      Potential    Kinetic En.   Total Energy  Conserved En.    Temperature
   -7.92848e+06    1.48198e+06   -6.44650e+06   -9.91597e+06    3.09674e+02
 Pres. DC (bar) Pressure (bar)   Constr. rmsd
   -1.88638e+02    1.02323e+01    6.43331e-06

           Step           Time
         845000      422.50000

   Energies (kJ/mol)
          Angle    Proper Dih. Per. Imp. Dih.          LJ-14     Coulomb-14
    9.78887e+03    1.33996e+04    6.34698e+02    4.89781e+03    5.20583e+04
        LJ (SR)  Disper. corr.   Coulomb (SR)   Coul. recip. Position Rest.
    1.19453e+06   -6.66307e+04   -9.18958e+06    5.29539e+04    1.34025e+03
      Potential    Kinetic En.   Total Energy  Conserved En.    Temperature
   -7.92661e+06    1.48378e+06   -6.44284e+06   -9.91654e+06    3.10049e+02
 Pres. DC (bar) Pressure (bar)   Constr. rmsd
   -1.88567e+02    1.28480e+00    6.33210e-06

Writing checkpoint, step 845100 at Fri Sep  4 01:15:44 2026


           Step           Time
         850000      425.00000

   Energies (kJ/mol)
          Angle    Proper Dih. Per. Imp. Dih.          LJ-14     Coulomb-14
    9.80831e+03    1.34725e+04    6.64986e+02    4.90471e+03    5.20669e+04
        LJ (SR)  Disper. corr.   Coulomb (SR)   Coul. recip. Position Rest.
    1.19336e+06   -6.66331e+04   -9.19019e+06    5.22128e+04    1.27242e+03
      Potential    Kinetic En.   Total Energy  Conserved En.    Temperature
   -7.92906e+06    1.48234e+06   -6.44672e+06   -9.91694e+06    3.09748e+02
 Pres. DC (bar) Pressure (bar)   Constr. rmsd
   -1.88581e+02   -1.64105e+01    6.30527e-06

           Step           Time
         855000      427.50000

   Energies (kJ/mol)
          Angle    Proper Dih. Per. Imp. Dih.          LJ-14     Coulomb-14
    9.69965e+03    1.32660e+04    6.26323e+02    4.89459e+03    5.19585e+04
        LJ (SR)  Disper. corr.   Coulomb (SR)   Coul. recip. Position Rest.
    1.19432e+06   -6.66360e+04   -9.19073e+06    5.27321e+04    1.35943e+03
      Potential    Kinetic En.   Total Energy  Conserved En.    Temperature
   -7.92851e+06    1.48153e+06   -6.44698e+06   -9.91740e+06    3.09580e+02
 Pres. DC (bar) Pressure (bar)   Constr. rmsd
   -1.88597e+02    8.42625e+00    6.38911e-06

           Step           Time
         860000      430.00000

   Energies (kJ/mol)
          Angle    Proper Dih. Per. Imp. Dih.          LJ-14     Coulomb-14
    9.92632e+03    1.32254e+04    6.05417e+02    4.91545e+03    5.18838e+04
        LJ (SR)  Disper. corr.   Coulomb (SR)   Coul. recip. Position Rest.
    1.19488e+06   -6.66404e+04   -9.18720e+06    5.25363e+04    1.39053e+03
      Potential    Kinetic En.   Total Energy  Conserved En.    Temperature
   -7.92448e+06    1.48181e+06   -6.44266e+06   -9.91784e+06    3.09639e+02
 Pres. DC (bar) Pressure (bar)   Constr. rmsd
   -1.88622e+02    2.57481e+01    6.40470e-06

           Step           Time
         865000      432.50000

   Energies (kJ/mol)
          Angle    Proper Dih. Per. Imp. Dih.          LJ-14     Coulomb-14
    9.72185e+03    1.33288e+04    6.55792e+02    4.84780e+03    5.17669e+04
        LJ (SR)  Disper. corr.   Coulomb (SR)   Coul. recip. Position Rest.
    1.19043e+06   -6.66450e+04   -9.18544e+06    5.27782e+04    1.27818e+03
      Potential    Kinetic En.   Total Energy  Conserved En.    Temperature
   -7.92728e+06    1.48122e+06   -6.44605e+06   -9.91829e+06    3.09516e+02
 Pres. DC (bar) Pressure (bar)   Constr. rmsd
   -1.88648e+02   -4.05755e+01    6.50737e-06

           Step           Time
         870000      435.00000

   Energies (kJ/mol)
          Angle    Proper Dih. Per. Imp. Dih.          LJ-14     Coulomb-14
    9.81611e+03    1.31907e+04    5.73037e+02    4.87875e+03    5.19730e+04
        LJ (SR)  Disper. corr.   Coulomb (SR)   Coul. recip. Position Rest.
    1.19594e+06   -6.66517e+04   -9.18960e+06    5.25064e+04    1.40168e+03
      Potential    Kinetic En.   Total Energy  Conserved En.    Temperature
   -7.92597e+06    1.48184e+06   -6.44414e+06   -9.91882e+06    3.09644e+02
 Pres. DC (bar) Pressure (bar)   Constr. rmsd
   -1.88686e+02    3.28843e+01    6.35016e-06

           Step           Time
         875000      437.50000

   Energies (kJ/mol)
          Angle    Proper Dih. Per. Imp. Dih.          LJ-14     Coulomb-14
    9.97312e+03    1.32831e+04    5.82527e+02    4.84162e+03    5.18562e+04
        LJ (SR)  Disper. corr.   Coulomb (SR)   Coul. recip. Position Rest.
    1.19113e+06   -6.66454e+04   -9.18330e+06    5.30611e+04    1.41763e+03
      Potential    Kinetic En.   Total Energy  Conserved En.    Temperature
   -7.92380e+06    1.48090e+06   -6.44290e+06   -9.91922e+06    3.09449e+02
 Pres. DC (bar) Pressure (bar)   Constr. rmsd
   -1.88650e+02   -1.05044e+01    6.22323e-06

           Step           Time
         880000      440.00000

   Energies (kJ/mol)
          Angle    Proper Dih. Per. Imp. Dih.          LJ-14     Coulomb-14
    9.96205e+03    1.31263e+04    5.90662e+02    4.91150e+03    5.19779e+04
        LJ (SR)  Disper. corr.   Coulomb (SR)   Coul. recip. Position Rest.
    1.19362e+06   -6.66431e+04   -9.18890e+06    5.29206e+04    1.34827e+03
      Potential    Kinetic En.   Total Energy  Conserved En.    Temperature
   -7.92708e+06    1.48307e+06   -6.44401e+06   -9.91976e+06    3.09903e+02
 Pres. DC (bar) Pressure (bar)   Constr. rmsd
   -1.88637e+02    1.46213e+01    6.28489e-06

           Step           Time
         885000      442.50000

   Energies (kJ/mol)
          Angle    Proper Dih. Per. Imp. Dih.          LJ-14     Coulomb-14
    1.00687e+04    1.33542e+04    6.53575e+02    4.84769e+03    5.18590e+04
        LJ (SR)  Disper. corr.   Coulomb (SR)   Coul. recip. Position Rest.
    1.19536e+06   -6.66409e+04   -9.18991e+06    5.25654e+04    1.42906e+03
      Potential    Kinetic En.   Total Energy  Conserved En.    Temperature
   -7.92641e+06    1.48312e+06   -6.44329e+06   -9.92013e+06    3.09912e+02
 Pres. DC (bar) Pressure (bar)   Constr. rmsd
   -1.88625e+02   -1.37947e+00    6.43537e-06

           Step           Time
         890000      445.00000

   Energies (kJ/mol)
          Angle    Proper Dih. Per. Imp. Dih.          LJ-14     Coulomb-14
    1.01041e+04    1.33635e+04    6.23480e+02    4.84903e+03    5.18486e+04
        LJ (SR)  Disper. corr.   Coulomb (SR)   Coul. recip. Position Rest.
    1.19450e+06   -6.66433e+04   -9.18807e+06    5.24852e+04    1.36754e+03
      Potential    Kinetic En.   Total Energy  Conserved En.    Temperature
   -7.92558e+06    1.48155e+06   -6.44402e+06   -9.92056e+06    3.09585e+02
 Pres. DC (bar) Pressure (bar)   Constr. rmsd
   -1.88638e+02   -3.91680e-02    6.31583e-06

           Step           Time
         895000      447.50000

   Energies (kJ/mol)
          Angle    Proper Dih. Per. Imp. Dih.          LJ-14     Coulomb-14
    9.72357e+03    1.34228e+04    6.02880e+02    4.86908e+03    5.20402e+04
        LJ (SR)  Disper. corr.   Coulomb (SR)   Coul. recip. Position Rest.
    1.19751e+06   -6.66316e+04   -9.19683e+06    5.29339e+04    1.45941e+03
      Potential    Kinetic En.   Total Energy  Conserved En.    Temperature
   -7.93090e+06    1.48281e+06   -6.44808e+06   -9.92100e+06    3.09848e+02
 Pres. DC (bar) Pressure (bar)   Constr. rmsd
   -1.88572e+02    1.31846e+01    6.37387e-06

           Step           Time
         900000      450.00000

   Energies (kJ/mol)
          Angle    Proper Dih. Per. Imp. Dih.          LJ-14     Coulomb-14
    1.01998e+04    1.32089e+04    6.49176e+02    4.94966e+03    5.20095e+04
        LJ (SR)  Disper. corr.   Coulomb (SR)   Coul. recip. Position Rest.
    1.19380e+06   -6.66319e+04   -9.18515e+06    5.26783e+04    1.34200e+03
      Potential    Kinetic En.   Total Energy  Conserved En.    Temperature
   -7.92294e+06    1.48333e+06   -6.43961e+06   -9.92150e+06    3.09957e+02
 Pres. DC (bar) Pressure (bar)   Constr. rmsd
   -1.88574e+02    2.94956e+01    6.42972e-06

           Step           Time
         905000      452.50000

   Energies (kJ/mol)
          Angle    Proper Dih. Per. Imp. Dih.          LJ-14     Coulomb-14
    1.01090e+04    1.32967e+04    5.84834e+02    4.84745e+03    5.17623e+04
        LJ (SR)  Disper. corr.   Coulomb (SR)   Coul. recip. Position Rest.
    1.19495e+06   -6.66417e+04   -9.19359e+06    5.26411e+04    1.38355e+03
      Potential    Kinetic En.   Total Energy  Conserved En.    Temperature
   -7.93065e+06    1.48487e+06   -6.44578e+06   -9.92196e+06    3.10277e+02
 Pres. DC (bar) Pressure (bar)   Constr. rmsd
   -1.88629e+02    4.76982e+00    6.44984e-06

           Step           Time
         910000      455.00000

   Energies (kJ/mol)
          Angle    Proper Dih. Per. Imp. Dih.          LJ-14     Coulomb-14
    9.65899e+03    1.33185e+04    6.41018e+02    4.85971e+03    5.20719e+04
        LJ (SR)  Disper. corr.   Coulomb (SR)   Coul. recip. Position Rest.
    1.19680e+06   -6.66424e+04   -9.19112e+06    5.31872e+04    1.41674e+03
      Potential    Kinetic En.   Total Energy  Conserved En.    Temperature
   -7.92581e+06    1.48388e+06   -6.44193e+06   -9.92246e+06    3.10071e+02
 Pres. DC (bar) Pressure (bar)   Constr. rmsd
   -1.88633e+02    2.84959e+01    6.39496e-06

           Step           Time
         915000      457.50000

   Energies (kJ/mol)
          Angle    Proper Dih. Per. Imp. Dih.          LJ-14     Coulomb-14
    9.91653e+03    1.32537e+04    6.25903e+02    4.92937e+03    5.21521e+04
        LJ (SR)  Disper. corr.   Coulomb (SR)   Coul. recip. Position Rest.
    1.19573e+06   -6.66415e+04   -9.18886e+06    5.26824e+04    1.46799e+03
      Potential    Kinetic En.   Total Energy  Conserved En.    Temperature
   -7.92474e+06    1.48550e+06   -6.43924e+06   -9.92292e+06    3.10409e+02
 Pres. DC (bar) Pressure (bar)   Constr. rmsd
   -1.88628e+02    3.85171e+01    6.38970e-06

           Step           Time
         920000      460.00000

   Energies (kJ/mol)
          Angle    Proper Dih. Per. Imp. Dih.          LJ-14     Coulomb-14
    9.69068e+03    1.32348e+04    6.06624e+02    4.89503e+03    5.20392e+04
        LJ (SR)  Disper. corr.   Coulomb (SR)   Coul. recip. Position Rest.
    1.19432e+06   -6.66451e+04   -9.18876e+06    5.26891e+04    1.41742e+03
      Potential    Kinetic En.   Total Energy  Conserved En.    Temperature
   -7.92651e+06    1.48655e+06   -6.43996e+06   -9.92336e+06    3.10630e+02
 Pres. DC (bar) Pressure (bar)   Constr. rmsd
   -1.88649e+02   -1.85558e+00    6.38556e-06

           Step           Time
         925000      462.50000

   Energies (kJ/mol)
          Angle    Proper Dih. Per. Imp. Dih.          LJ-14     Coulomb-14
    9.86388e+03    1.31866e+04    5.70094e+02    4.86581e+03    5.19938e+04
        LJ (SR)  Disper. corr.   Coulomb (SR)   Coul. recip. Position Rest.
    1.19148e+06   -6.66455e+04   -9.18511e+06    5.28249e+04    1.44606e+03
      Potential    Kinetic En.   Total Energy  Conserved En.    Temperature
   -7.92553e+06    1.48743e+06   -6.43810e+06   -9.92379e+06    3.10813e+02
 Pres. DC (bar) Pressure (bar)   Constr. rmsd
   -1.88651e+02   -8.44370e+00    6.21863e-06

           Step           Time
         930000      465.00000

   Energies (kJ/mol)
          Angle    Proper Dih. Per. Imp. Dih.          LJ-14     Coulomb-14
    9.85218e+03    1.32752e+04    6.13901e+02    4.89220e+03    5.19624e+04
        LJ (SR)  Disper. corr.   Coulomb (SR)   Coul. recip. Position Rest.
    1.19446e+06   -6.66259e+04   -9.18733e+06    5.25721e+04    1.48922e+03
      Potential    Kinetic En.   Total Energy  Conserved En.    Temperature
   -7.92485e+06    1.48216e+06   -6.44269e+06   -9.92421e+06    3.09712e+02
 Pres. DC (bar) Pressure (bar)   Constr. rmsd
   -1.88540e+02    5.77871e+00    6.52773e-06

           Step           Time
         935000      467.50000

   Energies (kJ/mol)
          Angle    Proper Dih. Per. Imp. Dih.          LJ-14     Coulomb-14
    9.67496e+03    1.32824e+04    6.64218e+02    4.91797e+03    5.21063e+04
        LJ (SR)  Disper. corr.   Coulomb (SR)   Coul. recip. Position Rest.
    1.19722e+06   -6.66340e+04   -9.19297e+06    5.30092e+04    1.39660e+03
      Potential    Kinetic En.   Total Energy  Conserved En.    Temperature
   -7.92733e+06    1.48356e+06   -6.44377e+06   -9.92470e+06    3.10004e+02
 Pres. DC (bar) Pressure (bar)   Constr. rmsd
   -1.88586e+02    3.41199e+01    6.46529e-06

           Step           Time
         940000      470.00000

   Energies (kJ/mol)
          Angle    Proper Dih. Per. Imp. Dih.          LJ-14     Coulomb-14
    1.01362e+04    1.34993e+04    7.13743e+02    4.80766e+03    5.19381e+04
        LJ (SR)  Disper. corr.   Coulomb (SR)   Coul. recip. Position Rest.
    1.19238e+06   -6.66363e+04   -9.18590e+06    5.29812e+04    1.39499e+03
      Potential    Kinetic En.   Total Energy  Conserved En.    Temperature
   -7.92468e+06    1.48356e+06   -6.44111e+06   -9.92515e+06    3.10005e+02
 Pres. DC (bar) Pressure (bar)   Constr. rmsd
   -1.88599e+02   -1.42434e+01    6.31947e-06

Writing checkpoint, step 942400 at Fri Sep  4 01:30:44 2026


           Step           Time
         945000      472.50000

   Energies (kJ/mol)
          Angle    Proper Dih. Per. Imp. Dih.          LJ-14     Coulomb-14
    1.01596e+04    1.34624e+04    6.45896e+02    4.86100e+03    5.21218e+04
        LJ (SR)  Disper. corr.   Coulomb (SR)   Coul. recip. Position Rest.
    1.19816e+06   -6.66284e+04   -9.18911e+06    5.26275e+04    1.35568e+03
      Potential    Kinetic En.   Total Energy  Conserved En.    Temperature
   -7.92235e+06    1.48347e+06   -6.43888e+06   -9.92569e+06    3.09985e+02
 Pres. DC (bar) Pressure (bar)   Constr. rmsd
   -1.88554e+02    6.76918e+01    6.40378e-06

           Step           Time
         950000      475.00000

   Energies (kJ/mol)
          Angle    Proper Dih. Per. Imp. Dih.          LJ-14     Coulomb-14
    9.82068e+03    1.33332e+04    6.03406e+02    4.92395e+03    5.20892e+04
        LJ (SR)  Disper. corr.   Coulomb (SR)   Coul. recip. Position Rest.
    1.19416e+06   -6.66343e+04   -9.19032e+06    5.26975e+04    1.46767e+03
      Potential    Kinetic En.   Total Energy  Conserved En.    Temperature
   -7.92786e+06    1.48395e+06   -6.44390e+06   -9.92610e+06    3.10086e+02
 Pres. DC (bar) Pressure (bar)   Constr. rmsd
   -1.88587e+02   -1.78373e+00    6.34605e-06

           Step           Time
         955000      477.50000

   Energies (kJ/mol)
          Angle    Proper Dih. Per. Imp. Dih.          LJ-14     Coulomb-14
    9.87215e+03    1.32974e+04    6.57781e+02    4.88702e+03    5.18808e+04
        LJ (SR)  Disper. corr.   Coulomb (SR)   Coul. recip. Position Rest.
    1.19457e+06   -6.66482e+04   -9.19217e+06    5.29451e+04    1.43573e+03
      Potential    Kinetic En.   Total Energy  Conserved En.    Temperature
   -7.92928e+06    1.48513e+06   -6.44414e+06   -9.92661e+06    3.10332e+02
 Pres. DC (bar) Pressure (bar)   Constr. rmsd
   -1.88666e+02    5.37675e+00    6.32199e-06

           Step           Time
         960000      480.00000

   Energies (kJ/mol)
          Angle    Proper Dih. Per. Imp. Dih.          LJ-14     Coulomb-14
    1.00333e+04    1.33385e+04    5.93779e+02    4.84242e+03    5.20363e+04
        LJ (SR)  Disper. corr.   Coulomb (SR)   Coul. recip. Position Rest.
    1.19116e+06   -6.66372e+04   -9.18475e+06    5.26080e+04    1.41137e+03
      Potential    Kinetic En.   Total Energy  Conserved En.    Temperature
   -7.92537e+06    1.48307e+06   -6.44230e+06   -9.92703e+06    3.09903e+02
 Pres. DC (bar) Pressure (bar)   Constr. rmsd
   -1.88604e+02   -2.35127e+01    6.34983e-06

           Step           Time
         965000      482.50000

   Energies (kJ/mol)
          Angle    Proper Dih. Per. Imp. Dih.          LJ-14     Coulomb-14
    9.65987e+03    1.32154e+04    6.51567e+02    4.92708e+03    5.19226e+04
        LJ (SR)  Disper. corr.   Coulomb (SR)   Coul. recip. Position Rest.
    1.19351e+06   -6.66378e+04   -9.18930e+06    5.24325e+04    1.40939e+03
      Potential    Kinetic En.   Total Energy  Conserved En.    Temperature
   -7.92821e+06    1.47902e+06   -6.44919e+06   -9.92750e+06    3.09055e+02
 Pres. DC (bar) Pressure (bar)   Constr. rmsd
   -1.88607e+02    8.99916e+00    6.48547e-06

           Step           Time
         970000      485.00000

   Energies (kJ/mol)
          Angle    Proper Dih. Per. Imp. Dih.          LJ-14     Coulomb-14
    9.96761e+03    1.32816e+04    5.20427e+02    4.85860e+03    5.20020e+04
        LJ (SR)  Disper. corr.   Coulomb (SR)   Coul. recip. Position Rest.
    1.19594e+06   -6.66292e+04   -9.19200e+06    5.26679e+04    1.45794e+03
      Potential    Kinetic En.   Total Energy  Conserved En.    Temperature
   -7.92794e+06    1.48349e+06   -6.44444e+06   -9.92798e+06    3.09990e+02
 Pres. DC (bar) Pressure (bar)   Constr. rmsd
   -1.88559e+02    2.88686e+01    6.43705e-06

           Step           Time
         975000      487.50000

   Energies (kJ/mol)
          Angle    Proper Dih. Per. Imp. Dih.          LJ-14     Coulomb-14
    9.49692e+03    1.33530e+04    6.73827e+02    4.89223e+03    5.20643e+04
        LJ (SR)  Disper. corr.   Coulomb (SR)   Coul. recip. Position Rest.
    1.19186e+06   -6.66130e+04   -9.18812e+06    5.26504e+04    1.44864e+03
      Potential    Kinetic En.   Total Energy  Conserved En.    Temperature
   -7.92830e+06    1.48163e+06   -6.44667e+06   -9.92843e+06    3.09602e+02
 Pres. DC (bar) Pressure (bar)   Constr. rmsd
   -1.88467e+02   -9.38419e+00    6.37036e-06

           Step           Time
         980000      490.00000

   Energies (kJ/mol)
          Angle    Proper Dih. Per. Imp. Dih.          LJ-14     Coulomb-14
    9.78691e+03    1.32619e+04    5.99277e+02    4.90267e+03    5.19755e+04
        LJ (SR)  Disper. corr.   Coulomb (SR)   Coul. recip. Position Rest.
    1.19468e+06   -6.66226e+04   -9.19151e+06    5.25477e+04    1.41510e+03
      Potential    Kinetic En.   Total Energy  Conserved En.    Temperature
   -7.92896e+06    1.48077e+06   -6.44820e+06   -9.92888e+06    3.09421e+02
 Pres. DC (bar) Pressure (bar)   Constr. rmsd
   -1.88522e+02    1.20565e+01    6.28623e-06

           Step           Time
         985000      492.50000

   Energies (kJ/mol)
          Angle    Proper Dih. Per. Imp. Dih.          LJ-14     Coulomb-14
    9.56581e+03    1.32518e+04    6.26039e+02    4.91892e+03    5.22798e+04
        LJ (SR)  Disper. corr.   Coulomb (SR)   Coul. recip. Position Rest.
    1.19625e+06   -6.66330e+04   -9.19640e+06    5.25760e+04    1.30994e+03
      Potential    Kinetic En.   Total Energy  Conserved En.    Temperature
   -7.93226e+06    1.48224e+06   -6.45002e+06   -9.92935e+06    3.09729e+02
 Pres. DC (bar) Pressure (bar)   Constr. rmsd
   -1.88580e+02    8.74764e+00    6.29513e-06

           Step           Time
         990000      495.00000

   Energies (kJ/mol)
          Angle    Proper Dih. Per. Imp. Dih.          LJ-14     Coulomb-14
    9.97032e+03    1.34310e+04    6.79382e+02    4.83581e+03    5.19557e+04
        LJ (SR)  Disper. corr.   Coulomb (SR)   Coul. recip. Position Rest.
    1.19701e+06   -6.66430e+04   -9.19259e+06    5.26356e+04    1.39526e+03
      Potential    Kinetic En.   Total Energy  Conserved En.    Temperature
   -7.92733e+06    1.48471e+06   -6.44262e+06   -9.92984e+06    3.10244e+02
 Pres. DC (bar) Pressure (bar)   Constr. rmsd
   -1.88637e+02    4.16398e+01    6.44080e-06

           Step           Time
         995000      497.50000

   Energies (kJ/mol)
          Angle    Proper Dih. Per. Imp. Dih.          LJ-14     Coulomb-14
    9.87218e+03    1.32987e+04    6.22260e+02    4.85360e+03    5.18618e+04
        LJ (SR)  Disper. corr.   Coulomb (SR)   Coul. recip. Position Rest.
    1.19209e+06   -6.66398e+04   -9.18598e+06    5.24965e+04    1.36801e+03
      Potential    Kinetic En.   Total Energy  Conserved En.    Temperature
   -7.92616e+06    1.48081e+06   -6.44534e+06   -9.93025e+06    3.09430e+02
 Pres. DC (bar) Pressure (bar)   Constr. rmsd
   -1.88619e+02   -2.35314e+01    6.17505e-06

           Step           Time
        1000000      500.00000

Writing checkpoint, step 1000000 at Fri Sep  4 01:39:51 2026


   Energies (kJ/mol)
          Angle    Proper Dih. Per. Imp. Dih.          LJ-14     Coulomb-14
    1.00987e+04    1.33658e+04    6.55534e+02    4.90673e+03    5.19725e+04
        LJ (SR)  Disper. corr.   Coulomb (SR)   Coul. recip. Position Rest.
    1.19711e+06   -6.66453e+04   -9.19277e+06    5.26536e+04    1.40712e+03
      Potential    Kinetic En.   Total Energy  Conserved En.    Temperature
   -7.92724e+06    1.48349e+06   -6.44376e+06   -9.93072e+06    3.09989e+02
 Pres. DC (bar) Pressure (bar)   Constr. rmsd
   -1.88650e+02    2.33933e+01    6.41104e-06


Energy conservation over simulation part #1 of length 500 ps, time 0 to 500 ps
  Conserved energy drift: -4.02e-04 kJ/mol/ps per atom


	<======  ###############  ==>
	<====  A V E R A G E S  ====>
	<==  ###############  ======>

	Statistics over 1000001 steps using 10001 frames

   Energies (kJ/mol)
          Angle    Proper Dih. Per. Imp. Dih.          LJ-14     Coulomb-14
    9.90780e+03    1.33096e+04    6.19308e+02    4.88293e+03    5.19597e+04
        LJ (SR)  Disper. corr.   Coulomb (SR)   Coul. recip. Position Rest.
    1.19467e+06   -6.66513e+04   -9.19283e+06    5.26732e+04    1.37096e+03
      Potential    Kinetic En.   Total Energy  Conserved En.    Temperature
   -7.93009e+06    1.48272e+06   -6.44737e+06   -9.88470e+06    3.09828e+02
 Pres. DC (bar) Pressure (bar)   Constr. rmsd
   -1.88684e+02    1.35703e-01    0.00000e+00

          Box-X          Box-Y          Box-Z
    2.02514e+01    2.02514e+01    1.43199e+01

   Total Virial (kJ/mol)
    4.94128e+05    1.74325e+01    4.27233e+01
    1.59423e+01    4.94065e+05   -1.12961e+02
    9.12801e+01   -1.19157e+02    4.94453e+05

   Pressure (bar)
    6.91745e-01    1.06279e-01    1.94304e-01
    1.14679e-01    1.38259e-01    9.28969e-01
   -8.03242e-02    9.64020e-01   -4.22895e-01

  T-Protein_ERGT-Water_and_ions
    3.09800e+02    3.09828e+02


       P P   -   P M E   L O A D   B A L A N C I N G

 PP/PME load balancing changed the cut-off and PME settings:
           particle-particle                    PME
            rcoulomb  rlist            grid      spacing   1/beta
   initial  1.000 nm  1.001 nm     192 192 192   0.106 nm  0.320 nm
   final    1.006 nm  1.007 nm     168 168 168   0.121 nm  0.322 nm
 cost-ratio           1.02             0.67
 (note that these numbers concern only part of the total PP and PME load)


	M E G A - F L O P S   A C C O U N T I N G

 NB=Group-cutoff nonbonded kernels    NxN=N-by-N cluster Verlet kernels
 RF=Reaction-Field  VdW=Van der Waals  QSTab=quadratic-spline table
 W3=SPC/TIP3p  W4=TIP4p (single or pairs)
 V&F=Potential and force  V=Potential only  F=Force only

 Computing:                               M-Number         M-Flops  % Flops
-----------------------------------------------------------------------------
 Pair Search distance check          488780.651296     4399025.862     0.0
 NxN QSTab Elec. + LJ [F]         444781904.466240 18236058083.116    98.1
 NxN QSTab Elec. + LJ [V&F]         4493195.547776   265098537.319     1.4
 Shift-X                               5751.525095       34509.151     0.0
 Pos. Restr.                           2245.002245      112250.112     0.0
 Virial                                5751.975140      103535.553     0.0
 P-Coupling                            5751.525095       34509.151     0.0
 Calc-Ekin                            46008.750190     1242236.255     0.0
 Lincs                                 4590.013770      275400.826     0.0
 Lincs-Mat                           133616.400848      534465.603     0.0
 Constraint-V                        578722.157442     5208499.417     0.0
 Constraint-Vir                        5741.884131      137805.219     0.0
 Settle                              189847.569541    70243600.730     0.4
-----------------------------------------------------------------------------
 Total                                             18583482458.313   100.0
-----------------------------------------------------------------------------


      R E A L   C Y C L E   A N D   T I M E   A C C O U N T I N G

On 1 MPI rank, each using 32 OpenMP threads

 Activity:              Num   Num      Call    Wall time         Giga-Cycles
                        Ranks Threads  Count      (s)         total sum    %
--------------------------------------------------------------------------------
 Neighbor search           1   32      10001     349.627      23439.399   4.0
 Launch PP GPU ops.        1   32    1000001     110.985       7440.541   1.3
 Force                     1   32    1000001     396.416      26576.165   4.6
 PME GPU mesh              1   32    1000001    1930.126     129397.871  22.3
 Wait Bonded GPU           1   32      10001       0.072          4.821   0.0
 Wait GPU NB local         1   32    1000001    2137.228     143282.258  24.7
 NB X/F buffer ops.        1   32    1990001    2278.587     152759.123  26.3
 Write traj.               1   32        210      23.517       1576.614   0.3
 Update                    1   32    1000001     740.003      49610.680   8.6
 Constraints               1   32    1000003     549.286      36824.784   6.3
 Rest                                            135.523       9085.643   1.6
--------------------------------------------------------------------------------
 Total                                          8651.369     579997.899 100.0
--------------------------------------------------------------------------------
 Breakdown of PME mesh activities
--------------------------------------------------------------------------------
 Wait PME GPU gather       1   32    1000001    1137.616      76267.100  13.1
 Reduce GPU PME F          1   32    1000001     607.678      40739.445   7.0
 Launch PME GPU ops.       1   32    9000009     112.898       7568.822   1.3
--------------------------------------------------------------------------------

               Core t (s)   Wall t (s)        (%)
       Time:   276835.943     8651.369     3199.9
                         2h24:11
                 (ns/day)    (hour/ns)
Performance:        4.993        4.806
Finished mdrun on rank 0 Fri Sep  4 01:39:55 2026

