time_ps,time_ns,rmsd_memb_nm,rmsd_pmb_nm,dz_pmb_A,dz_lps_A,dz_eclip_A,n_contacts
0.0,0.0,5.691833869538572e-07,2.409415972899968e-08,20.774968904395493,17.659021578232895,-16.83523693638142,3
100.0,0.1,1.8852722643248536,0.17472927575582684,20.79488790257632,17.532097753657098,-16.576582770715888,11
200.0,0.2,1.8394565410090458,0.21876595505609425,19.380259627855608,17.745795791476567,-16.950175260142146,10
300.0,0.3,1.8338264068800192,0.20584473668939704,19.299327962714003,17.372053205100073,-16.42788102483351,8
400.0,0.4,1.8143931200646175,0.25424590047280515,19.44932699109667,17.44452333858723,-16.6035834525114,9
500.0,0.5,2.038418016794959,0.3043122364153512,19.60607849836761,17.12185182884612,-15.971900230972764,5
600.0,0.6,2.2410951927691762,0.4053182372814084,18.923464812570103,17.566396110967915,-16.696195561995367,3
700.0,0.7,2.32476223542836,0.3758766789799318,18.93253923835229,17.218332741313546,-16.185096466631634,5
800.0,0.8,2.339998007798478,0.45691777621623747,19.673944346859727,17.373967537781283,-16.388330151370923,3
900.0,0.9,2.375885491116871,0.4343819047118833,20.2531128308855,17.049401611652215,-16.004042198695316,4
1000.0,1.0,2.6519334379228594,0.4331125640852325,20.55531205011141,16.757596934144402,-15.617633174419424,8
1100.0,1.1,2.5410255261570165,0.37363221594096874,19.868506534981762,17.105667845958365,-16.107130658119885,8
1200.0,1.2,2.5056260900471847,0.42825671283094524,19.16796814370241,17.01978928410489,-16.02514301604745,6
1300.0,1.3,2.7410779643993823,0.40237847087283474,20.492566801496338,16.688093363458563,-15.2657282896064,4
1400.0,1.4,2.8071225793982655,0.44396386075978195,20.322937200310008,16.590882137419996,-15.280627610356689,6
1500.0,1.5,2.5513926239910174,0.43876089405796065,19.67527569081075,16.747615011203337,-15.555944290581337,8
1600.0,1.6,2.5119084819230895,0.45837571159375445,20.563670370206594,16.829266838695844,-15.703865362157941,5
1700.0,1.7,2.3868858253826795,0.42391280324805625,21.049793314389348,16.82687981417932,-15.748923417668848,6
1800.0,1.8,2.475621869549198,0.4037526932505073,20.500980013632315,16.751046038024413,-15.49705525089982,6
1900.0,1.9,2.5994664367949993,0.3947962232586906,21.520442784221046,16.620866487142365,-15.44328386571192,5
2000.0,2.0,2.55629478191677,0.3984446231531752,20.332200970601846,16.994185391308378,-15.988994240382098,4
2100.0,2.1,2.4823049004610795,0.49107880429173695,21.101728617778676,16.891823406341715,-15.921268863810297,8
2200.0,2.2,2.415731994775224,0.450295012710491,20.737843433784732,16.96675485947661,-16.0765219148756,10
2300.0,2.3,2.8093979083312943,0.4873917399221983,20.85223747423123,16.495222162557937,-15.20017286571742,10
2400.0,2.4,2.630760997177337,0.5140619458938671,21.64699347975143,16.52360979826439,-15.205359925507508,6
2500.0,2.5,2.7171438971127286,0.49613005253721765,21.792073473803498,16.667165699174916,-15.418398164669725,8
2600.0,2.6,2.956565087736048,0.523392336376422,21.85653241797104,15.998438316631947,-14.36913114361009,7
2700.0,2.7,2.9243229421385335,0.48598476500171267,21.013908458747295,15.93514344784002,-14.30822326792422,10
2800.0,2.8,3.224070949977393,0.49303447030154174,20.789621006539548,15.679798133239345,-13.965383549889879,10
2900.0,2.9,3.1144400784542206,0.5361456170977589,20.615505089359843,15.676670279412022,-13.91020352158769,8
3000.0,3.0,3.0407638863741653,0.5307422248230447,20.227692906021744,15.926709774890114,-14.381962752985402,11
3100.0,3.1,3.126591815006298,0.4729624111985832,20.548124158315574,15.798352425787556,-14.200351556441106,7
3200.0,3.2,3.1873804942120483,0.47928611704978197,21.147975053213486,15.778021069202211,-14.119456921673944,12
3300.0,3.3,3.104409304900267,0.48094463542948834,20.464902806488126,15.774629716958387,-14.101567769829416,9
3400.0,3.4,3.223847884884093,0.49460338352196703,20.70210273303404,15.792627828752856,-14.18927591647855,14
3500.0,3.5,3.1460325014948283,0.5185325313240704,19.526953195535114,16.07519836157607,-14.65008228321183,9
3600.0,3.6,3.0741699583111113,0.5371318141980493,18.97591708391063,15.996851024648961,-14.50872528990918,10
3700.0,3.7,3.050295346508752,0.5136692710412905,18.61139996161424,16.23685749448788,-14.816510529348506,11
3800.0,3.8,3.0717943081704635,0.5121712116212688,19.090008293008452,16.087309193545806,-14.633492271722275,12
3900.0,3.9,3.1079722425631724,0.49847125555384186,20.217545128841493,16.0354219638742,-14.489061799668093,9
4000.0,4.0,3.076223319390519,0.5103568831349067,19.54286682591126,16.616489259779698,-15.37743205180142,10
4100.0,4.1,3.072930230188745,0.5073213633016316,19.341510565407134,16.219984553808885,-14.66676546654962,10
4200.0,4.2,3.1584293351371544,0.5248649961250956,18.413195824349273,16.20666600798286,-14.708685667253064,9
4300.0,4.3,3.1190347765672013,0.5246976996697048,18.932281392636853,16.413870089341856,-14.992913502592131,11
4400.0,4.4,3.204723682534054,0.5355563742119874,19.41675870394991,16.24416502267391,-14.736287089881486,13
4500.0,4.5,3.2413776341882112,0.5076658661388939,20.05809701806966,16.000651473498294,-14.469352631901998,11
4600.0,4.6,3.343874252393433,0.48689295386495823,19.658922871534756,15.990901618837214,-14.463409751662397,11
4700.0,4.7,3.202386182670015,0.4707588285423646,20.627283871606153,16.21467050584114,-14.767273946623718,10
4800.0,4.8,3.279159782921757,0.45582169579442733,20.31973715348387,16.115107654728902,-14.647207939432775,10
4900.0,4.9,3.206156489729311,0.4749461898057744,19.71609576288958,16.450388083163375,-15.158937878385515,10
5000.0,5.0,3.303838684854347,0.5118341816161799,20.693693052945406,16.04369028561736,-14.40620445865882,12
5100.0,5.1,3.370958776958967,0.49171760254676683,20.65652972219293,15.82769202692009,-14.156526117397163,11
5200.0,5.2,3.4334523581689753,0.5074256510864757,20.633984329339597,15.666555835812119,-13.814216820487559,10
5300.0,5.3,3.28823992291737,0.4662944678493396,20.477776400343828,15.971927777409618,-14.372085626795254,12
5400.0,5.4,3.4054410697401587,0.4850563751022558,21.478495611535408,15.535077128414144,-13.687781116096673,12
5500.0,5.5,3.4301239274020197,0.4796338629300145,22.083480535119122,15.266611691289256,-13.229519400884087,11
5600.0,5.6,3.4675358294574794,0.44905321241928825,22.805145436876273,15.227010035351697,-13.17954784636818,12
5700.0,5.7,3.485563964044155,0.4446917909175731,22.89810157820186,15.07187845061,-12.874146094216655,10
5800.0,5.8,3.5025366112103775,0.5037582268818313,22.26918536474048,15.24056497800943,-13.22832512176467,11
5900.0,5.9,3.4363373611591754,0.47023199875972893,21.490049855751337,15.516758472969087,-13.59116537006149,10
6000.0,6.0,3.5408847230825797,0.4984412428674223,21.910308553354668,15.51270384183887,-13.54804157679169,14
6100.0,6.1,3.492730677681975,0.4853103030795073,22.845025917688787,15.532386537388348,-13.581530034784407,10
6200.0,6.2,3.5577165605979415,0.5044999892527525,22.414603688262417,15.327301762438566,-13.296679846253468,7
6300.0,6.3,3.561596610088492,0.4939224394488114,21.309832016443238,15.475234984263395,-13.491438906581365,11
6400.0,6.4,3.585804359118672,0.49978975101614376,21.97030855651083,15.112896133762376,-13.032166849631551,12
6500.0,6.5,3.5420519597680014,0.4962118340792675,22.361419303697247,15.398676055191487,-13.35378596158327,11
6600.0,6.6,3.6318740716083378,0.4873348374516867,23.362446510201508,14.840999714798215,-12.506307925536163,15
6700.0,6.7,3.614095938251867,0.45614560842106816,22.654870586305734,14.79083145456292,-12.472647414123301,16
6800.0,6.8,3.5801278048802936,0.4148915435986453,23.733451367218848,15.177407772415563,-13.009050158046634,4
6900.0,6.9,3.626651567318361,0.452989425854238,24.234337321852124,15.105680390062759,-12.848808989418615,7
7000.0,7.0,3.608877916940562,0.41954448355503027,23.08731619962124,14.938807042311083,-12.757345902595901,8
7100.0,7.1,3.557414274532526,0.43685857622429636,22.763214925715317,15.100730204938202,-13.012179355283521,8
7200.0,7.2,3.62327000394355,0.4103137387586148,22.532394609094595,15.133008411332938,-13.063426949236714,7
7300.0,7.3,3.84704830920008,0.4625555947175701,23.994198908589226,14.935424304345588,-12.732470752598815,8
7400.0,7.4,3.78783877193876,0.4559895791329024,23.902435597890644,14.764606743126464,-12.403714756010132,12
7500.0,7.5,3.755159688196784,0.4543475801916257,24.01833289830678,14.86722144277195,-12.564575425696546,8
7600.0,7.6,3.626277287039828,0.4215070293174281,23.480161184632706,15.22750864774018,-13.254143396204043,8
7700.0,7.7,3.737767894963698,0.465598847012358,24.57218611077181,14.566990754807676,-12.094663689715503,7
7800.0,7.8,3.680736459695943,0.46886512651058904,24.097299806022434,14.97563108107606,-12.732804419477233,6
7900.0,7.9,3.668530494856293,0.42551808854484463,23.305708589380146,15.379990362185978,-13.33649431762582,9
8000.0,8.0,3.676644161682251,0.44118624278560714,22.92614893177715,15.104573050753132,-12.9748814566412,7
8100.0,8.1,3.5948975012922206,0.49283053384596676,23.519440743402015,15.156520203836308,-12.880842669740474,6
8200.0,8.2,3.54397564061259,0.47014187758599474,23.56675180073063,14.971736678466058,-12.746868400002882,4
8300.0,8.3,3.5247264665529663,0.4782064490598965,23.684172475122395,15.344330613375007,-13.317622314781303,7
8400.0,8.4,3.524564766482173,0.4647004368554879,23.469984136331973,14.928747687721469,-12.736758153446104,7
8500.0,8.5,3.520841915923272,0.41146890438268774,24.36626372106261,15.159102173498411,-12.979644543567318,7
8600.0,8.6,3.4814167929659012,0.47639479332806084,23.69749375824165,14.961492165995125,-12.590744863544828,8
8700.0,8.7,3.473276318909433,0.43436323911719654,25.097631618499477,14.90884561105932,-12.482872300211099,4
8800.0,8.8,3.559067559292193,0.3908434609498152,26.099945275622716,15.01237971179755,-12.690620891577723,6
8900.0,8.9,3.545025328032608,0.4533159426454243,25.33407932973502,14.867872106469221,-12.513853180490827,4
9000.0,9.0,3.4505722194940653,0.42562744195363617,24.501003686374588,15.350568207323278,-13.246104440693713,3
9100.0,9.1,3.44403459354033,0.3549085771428702,23.851011778290015,15.209638362993843,-13.172313325226654,3
9200.0,9.2,3.5565814020670614,0.3752628315888874,24.753967816531897,15.16694921522722,-12.99539895743338,3
9300.0,9.3,3.6085153645257946,0.40821281611434806,24.107550687583995,15.086524460263334,-12.816851322774525,4
9400.0,9.4,3.6022343027602637,0.39669707642316043,23.944227923947864,14.864209471718965,-12.558667743864106,4
9500.0,9.5,3.6770815358074294,0.3604972414756757,23.743587162990764,14.848321866717626,-12.454906195814146,4
9600.0,9.6,3.7498850174545844,0.3275635960283748,23.992271336178206,14.828302328744542,-12.356279695774376,4
9700.0,9.7,3.6542670965489252,0.3128389254719014,23.55568898655794,14.89082371174392,-12.524822118414079,7
9800.0,9.8,3.666006195067948,0.3673243125061241,23.39661901540974,14.740630412623275,-12.284053520272309,6
9900.0,9.9,3.7441046802698743,0.4553824581432834,25.194176571060396,14.747852063296264,-12.271001103830358,8
10000.0,10.0,3.6374537792775987,0.41796141942436743,24.88699173652276,15.178200279459162,-12.986579656437158,7
10100.0,10.1,3.6374537792775987,0.41796141942436743,24.88699173652276,15.178200279459162,-12.986579656437158,7
10200.0,10.2,3.543872990034057,0.4218073310982039,24.08771208480549,15.26604412793887,-12.973954761910093,6
10300.0,10.3,3.6993829590296805,0.46083193795049676,24.407326242922736,14.847296944781533,-12.448291394612411,8
10400.0,10.4,3.6845680551449553,0.46354370258273636,25.276427977845145,14.834271705360706,-12.434079078433498,6
10500.0,10.5,3.6373639011602608,0.41912844704610314,24.750966679822028,15.119761096638086,-12.931170726512804,8
10600.0,10.6,3.7756874287662257,0.42555548924226694,24.21261332486938,14.960518970211481,-12.688520882566237,5
10700.0,10.7,3.8240588490440395,0.4705107603645452,25.34871274498127,14.768192116426377,-12.341803053862051,8
10800.0,10.8,3.734844894234586,0.4512890444184722,25.617424628585198,15.137023426532252,-12.940116708622952,8
10900.0,10.9,3.6600280381953345,0.43214609027572404,25.83406645409356,14.806500374607907,-12.44937943980716,7
11000.0,11.0,3.8477762779104756,0.4093815198361125,26.45372422159481,14.617890597174323,-12.183741915506445,3
11100.0,11.1,3.6262017365872117,0.36384815862613645,24.84130175685378,15.087988525085933,-12.868063036981866,6
11200.0,11.2,3.793797675180052,0.36916170390444353,24.64391055130369,15.066841568309314,-12.863933804991973,7
11300.0,11.3,3.782090530312349,0.3532614429055238,23.989811318972556,15.119289084368575,-12.85574261898337,7
11400.0,11.4,3.900226208212396,0.3799737980419295,23.757318708038454,14.7862653994747,-12.48444306830342,10
11500.0,11.5,3.9115458957931266,0.40965181298249737,24.597184279837393,14.636079601231245,-12.259841838433402,7
11600.0,11.6,3.920624482359693,0.3878436351191549,25.45849042171686,14.484515429237746,-12.080077080727719,10
11700.0,11.7,4.03805486796445,0.368442393587198,25.56909787354165,14.297881389003791,-11.688380877693618,10
11800.0,11.8,4.064158924156464,0.4164116572049091,25.400667431807463,14.238171792613969,-11.637675938485728,11
11900.0,11.9,3.993630811638487,0.43943665321249625,24.47873190741862,14.476299119837876,-12.021436035773988,11
12000.0,12.0,3.9656550638736947,0.4266086271660341,24.819406982093923,14.71186327830219,-12.295245363483744,11
12100.0,12.1,3.894154203390431,0.39828762177576194,24.973748391919116,14.688461629552009,-12.328771346701942,13
12200.0,12.2,3.9367122892335695,0.46564509893548334,24.167497344126147,14.762344263833043,-12.534634012778298,12
12300.0,12.3,4.007506421410938,0.463740111859965,25.405467811536028,14.750049589541149,-12.440537155446975,10
12400.0,12.4,4.000752183655324,0.4760769803795128,25.30687471667396,14.409074323875302,-11.944648460662776,13
12500.0,12.5,3.969041732127893,0.48241294492135134,26.18104121363929,14.349771052790373,-11.859055831107597,9
12600.0,12.6,3.981438996517972,0.47827806774700365,25.740823266293432,14.498883246252333,-12.080816009914486,9
12700.0,12.7,3.980315877055097,0.5015761533652141,26.232805592977854,14.294067064470312,-11.791126471937588,13
12800.0,12.8,4.105909405490282,0.45016643572782017,26.685729151087102,13.943808072664908,-11.234955210359942,8
12900.0,12.9,4.106734086098508,0.47915197673491494,26.39930832137226,14.160223447334232,-11.51252724218871,8
13000.0,13.0,4.031175303962105,0.5118359401482502,26.37793200509202,14.248458980414838,-11.65079559385714,7
13100.0,13.1,4.074082319710929,0.5573137543498003,26.170160893595437,14.212254986525153,-11.662488347484683,10
13200.0,13.2,4.156722925425255,0.5453273787182917,27.048888969724544,14.177203261209243,-11.529502571030505,10
13300.0,13.3,4.065486279219046,0.5611534626715896,26.71849682443829,14.351199802899515,-11.862329637979528,10
13400.0,13.4,4.08435175389634,0.5242687729956539,26.446807267740283,14.222904946735454,-11.670816909937429,8
13500.0,13.5,4.056747124032182,0.5135677012588816,26.383848309301925,14.495624111540309,-12.02796740834495,13
13600.0,13.6,3.9854661155391478,0.49427956045996896,27.079928025169167,14.413185376169906,-11.969899683865421,12
13700.0,13.7,3.972047274712017,0.5132477533880767,26.753622535525565,14.475751418104423,-12.179089224379595,2
13800.0,13.8,4.108429040086655,0.5247657861344664,26.580049256225692,14.035600978620124,-11.41652996598863,11
13900.0,13.9,4.049862868601654,0.5071336964141908,26.464310637108497,14.124944031397433,-11.451119761194832,11
14000.0,14.0,4.089992247855699,0.5053697003446559,25.8941359307139,14.299933305560955,-11.737126487023417,11
14100.0,14.1,4.0237290417071545,0.5289998539407189,27.497209240167123,13.919620035243128,-11.161595723489512,9
14200.0,14.2,4.0473195519325635,0.5208112130935696,26.37189477253682,14.202257475865594,-11.634614051401442,9
14300.0,14.3,4.036084270003398,0.529760405286207,26.042564640817204,14.34977644174306,-11.89487663023479,9
14400.0,14.4,4.023721763124803,0.5572190894547178,26.456267176152778,14.393810803026739,-11.929414456140634,8
14500.0,14.5,4.030937065167902,0.5069870454610277,25.93129800757302,14.276053439897936,-11.680960753475105,13
14600.0,14.6,4.180444056969349,0.49008559211494684,25.826326065108418,14.026815564767134,-11.29102558196631,11
14700.0,14.7,4.1901414177140435,0.4930459370108973,26.270971569042644,13.99640934301847,-11.209826553629597,8
14800.0,14.8,4.133784015007611,0.5019251424877879,26.16310539755422,14.02024568544509,-11.290623591149611,13
14900.0,14.9,4.167749559676372,0.5455627309291373,27.020578475826454,14.187349708540651,-11.510199671717757,13
15000.0,15.0,4.205235919553733,0.5293652209513946,27.177352996556422,13.940059229996663,-11.122423115486612,11
15100.0,15.1,4.067610140286694,0.5534112357915728,25.936454266012788,14.240500672612356,-11.608367740134653,12
15200.0,15.2,4.168025786629448,0.5429725730274474,26.379660906790306,14.06663221231662,-11.189792772932307,15
15300.0,15.3,4.105459062777658,0.5462789201371933,26.42811777599364,14.186405637365183,-11.562739298181327,17
15400.0,15.4,4.100465789728469,0.5672535381628154,25.499948359590263,14.218193816776804,-11.54813024956539,15
15500.0,15.5,4.111127231736985,0.5931516372013864,25.771223562271672,14.239397733811586,-11.633852509797435,7
15600.0,15.6,4.041567834616028,0.5743764158982725,25.435167294247492,14.414407648905922,-11.785988357352721,12
15700.0,15.7,4.004950436247177,0.6138350567930819,25.269316765906794,14.344385613792369,-11.765694721046316,12
15800.0,15.8,4.019659276315121,0.5824963592907284,25.71058434074368,14.219480795209321,-11.57704238989696,12
15900.0,15.9,4.0829236107954126,0.5611947974286132,25.377055847688837,14.255612589049662,-11.580401744614989,13
16000.0,16.0,4.079767512396802,0.5415424252592701,25.04224420495528,14.30043804251531,-11.605052938429907,9
16100.0,16.1,4.173013576901946,0.5668897058669119,25.802152000006302,13.820949714011078,-11.008469007896508,17
16200.0,16.2,4.1497073405347304,0.5700897894570462,25.76991958979417,14.039585160891335,-11.371216187839877,12
16300.0,16.3,4.19031299107644,0.5820684469421841,26.43589552553948,13.81913438948969,-10.878951769973028,12
16400.0,16.4,4.05862438716623,0.603928575336304,25.038665971443294,14.166765568829888,-11.516023848287745,13
16500.0,16.5,4.0679545977107905,0.5936774930043038,24.6155112809044,13.963312415629218,-11.170199550131443,15
16600.0,16.6,4.054168075295631,0.5848599179425479,24.672170298017846,14.212880696228822,-11.516252754988557,15
16700.0,16.7,4.159286047832484,0.5980567298543632,25.09059036870157,14.085667520127998,-11.400556650998936,14
16800.0,16.8,4.188188195690504,0.6022565616040801,24.6584655871675,13.781551640955726,-10.930881773729325,11
16900.0,16.9,4.053222225819139,0.5862805190788812,24.188712318219757,14.20155450779012,-11.602135544471594,17
17000.0,17.0,4.068747111043116,0.6013430751970932,24.16065502571965,13.896318529946527,-11.066881255159942,15
17100.0,17.1,4.09883330525433,0.5942872049379954,23.836572567844186,14.00465422527688,-11.223090835438299,13
17200.0,17.2,4.043059277092173,0.5600760623457209,24.77066223100745,13.908701667387007,-11.118334031785523,13
17300.0,17.3,4.105294323495425,0.5800239491961923,24.241260135409945,14.1224477516771,-11.491585998624359,12
17400.0,17.4,4.152785545421849,0.5734981965888364,24.70114264298965,14.210344971085547,-11.695377825425851,13
17500.0,17.5,4.1497207546310815,0.594772005652485,23.7649450923669,14.147977367629792,-11.517826488974052,14
17600.0,17.6,4.103993772459304,0.5972907326301071,24.998042573075196,13.810240851522167,-11.046547390127614,15
17700.0,17.7,4.2002953139279935,0.5685321727919648,25.163642873975533,13.797958755836731,-11.082230282605678,14
17800.0,17.8,4.199851030663879,0.5587436123908363,24.596867420374366,13.747005056067067,-10.840704211059062,14
17900.0,17.9,4.181906682972076,0.5584168740022426,23.72290566223093,14.132859076961964,-11.50106822349305,13
18000.0,18.0,4.249284247738409,0.559592959616726,24.70909778725884,13.960179605252549,-11.224752542177967,14
18100.0,18.1,4.236616996914787,0.5397174939323168,24.19049302175287,13.863541161207223,-10.985471857684033,13
18200.0,18.2,4.136230872869374,0.5905839555621044,22.920147760933617,14.23909392680227,-11.597288028249636,15
18300.0,18.3,4.211661353006987,0.6011433088434049,23.426615620197055,13.915950534475769,-11.145779424501526,14
18400.0,18.4,4.120565447373432,0.5691805579302187,23.350539842905903,13.642643191860643,-10.685932243429704,13
18500.0,18.5,4.23279366019793,0.5931141542731365,22.379603288047676,13.727940632079807,-10.821464785477204,12
18600.0,18.6,4.132331283120636,0.5473998761612419,22.233284722587513,13.892376220497667,-11.226490630505268,11
18700.0,18.7,4.2201549698011975,0.5175018709173329,22.87516661693003,13.312542368082177,-10.251228512091998,11
18800.0,18.8,4.1336364127919705,0.5476235085712249,23.03440440838537,13.672051237969399,-10.848158442903411,15
18900.0,18.9,4.031435471834167,0.523117931589052,23.338160032822245,13.926920049720877,-11.165186551633226,13
19000.0,19.0,4.040849678438494,0.5325758232057043,23.479994449965716,13.953330413938417,-11.166146411443322,8
19100.0,19.1,4.125276771087289,0.5539936324481032,24.495284808583676,13.784693553505647,-10.907992552131518,6
19200.0,19.2,4.142345599184329,0.5501259865966686,23.36725894482261,13.751826504087589,-10.84621887028213,5
19300.0,19.3,4.035588084393947,0.5428950927006431,22.792398329021708,14.209227299515518,-11.708123487434449,12
19400.0,19.4,4.112204375278546,0.5558923476152188,23.94722636701961,13.695632365816763,-10.849324843648077,13
19500.0,19.5,4.083704396061962,0.5641176572808867,23.62751036738848,13.517590143089635,-10.72819451358994,10
19600.0,19.6,4.108240339559972,0.5723122397589457,23.199664503125092,14.037187135703078,-11.4561184629693,8
19700.0,19.7,4.082035476418189,0.5553993407495724,23.030730353314382,13.973572014736632,-11.249023137775126,10
19800.0,19.8,4.008199153313891,0.5603347129491763,23.890872918421707,13.939914581063562,-11.242482204434438,10
19900.0,19.9,4.055501065011577,0.5157760333425687,24.319334844368456,13.957809358569165,-11.267673397714844,9
20000.0,20.0,4.059469510634122,0.5635796422371839,23.259162227179047,13.91687565307582,-11.283250198938262,12
20100.0,20.1,4.14914264600459,0.5584135024853961,24.017868944502425,13.653435504132418,-10.890577853830337,10
20200.0,20.2,4.14914264600459,0.5584135024853961,24.017868944502425,13.653435504132418,-10.890577853830337,10
20300.0,20.3,4.113551355299483,0.5095869261589122,24.38782250299691,13.460898241750954,-10.528681509485395,7
20400.0,20.4,4.138531895196687,0.5417639803200992,24.188695107103015,13.581956453225544,-10.764855734209192,6
20500.0,20.5,4.24384376564383,0.5590295420493185,22.923973896756166,13.812592130219016,-11.069713891594006,13
20600.0,20.6,4.156762749127299,0.5637430382297437,24.622836322077447,13.678314314790768,-10.871715561294323,13
20700.0,20.7,4.182260857628756,0.560289018965193,24.29657703323207,13.761881224272344,-10.925465482249535,14
20800.0,20.8,4.202045159368732,0.5571044811041524,24.52367632024152,13.849884166028744,-11.128838906825465,14
20900.0,20.9,4.138168880996778,0.536334497393687,23.825264875345994,13.94664897608142,-11.465293139018215,9
21000.0,21.0,4.258489180108951,0.5377540076488818,23.451260198029814,13.586904667273473,-10.746025916919905,10
21100.0,21.1,4.180982657470025,0.5616050013006386,24.066381393746212,13.644839888515193,-10.943132509559646,10
21200.0,21.2,4.221307807917413,0.5654129377115505,23.12039856103958,13.907180650405365,-11.179248873065518,8
21300.0,21.3,4.271369356324983,0.5566523251446985,23.972785613113956,13.794984294168145,-11.147922045431983,9
21400.0,21.4,4.212806791667988,0.5454619894718229,24.848035247104818,13.393488289932165,-10.536719249566005,8
21500.0,21.5,4.181389792745234,0.5780286627162916,24.34452466088095,13.564463562092655,-10.789628437775647,12
21600.0,21.6,4.216607252836936,0.5769355772813364,25.216497469516185,13.435393101425618,-10.651422701045789,10
21700.0,21.7,4.214049349311089,0.5864582109418766,24.619194022369214,13.596753766066328,-10.79291442149686,12
21800.0,21.8,4.172250084494548,0.5935870607728337,24.217047924182452,13.770951044925852,-11.14202095569722,13
21900.0,21.9,4.129292637049273,0.5627894026818795,24.3061964276219,13.785350148845879,-10.955329396619405,15
22000.0,22.0,4.273253455495541,0.567606196942589,24.71698332016618,13.34231793400319,-10.376235829450977,15
22100.0,22.1,4.185593582467231,0.5573395236843427,24.40869871669996,13.621338823271827,-10.790060200635978,15
22200.0,22.2,4.321824416828264,0.596264033262854,25.384882710695763,13.189554183440052,-10.104124190736542,14
22300.0,22.3,4.279412863471096,0.6126228533549677,25.235437595311453,13.439127140776918,-10.576218559620912,16
22400.0,22.4,4.297000670010357,0.5805285532281979,25.041127948414427,13.405260697208746,-10.425743719266038,10
22500.0,22.5,4.203660252184157,0.5857099219073124,24.483886159906987,13.651673938605299,-10.778164176624529,9
22600.0,22.6,4.152293400274689,0.5972709798827498,24.917304077239933,13.427227705959254,-10.50555359771127,11
22700.0,22.7,4.108670170448732,0.5948721639827099,24.262302177290877,13.619210891871703,-10.835233497827389,13
22800.0,22.8,4.214400829209276,0.5401800548581226,24.880667167025223,13.406005467534996,-10.380088159024808,9
22900.0,22.9,4.244252444998068,0.5524796636539285,24.714756607365217,13.194803477353304,-10.170799379286208,8
23000.0,23.0,4.268129388579159,0.5763796952251794,25.22656788392078,13.263562071285662,-10.241064245800473,11
23100.0,23.1,4.229045346054334,0.5698819862060566,24.59457300450525,13.175316579392884,-10.151841923919164,13
23200.0,23.2,4.233540688428631,0.5362572995343555,24.74292101674027,13.00045137366918,-9.85084869630218,15
23300.0,23.3,4.330665487745819,0.5656681727929264,25.13221459071751,12.997788209257507,-9.866517288837784,11
23400.0,23.4,4.195729478307994,0.5411960862185677,25.16616057453308,13.180919825651245,-10.145228979078382,15
23500.0,23.5,4.245685563356414,0.5366965542891751,24.36779180617428,13.270926494632576,-10.221522047639539,11
23600.0,23.6,4.213455893841973,0.5472805105251901,23.933320281640874,13.215352053063185,-10.249455275811542,12
23700.0,23.7,4.292853888925464,0.5787590530414579,25.43504444584677,13.303531150655516,-10.226748541025074,12
23800.0,23.8,4.127239094328106,0.48446312447192985,23.911398247933803,13.938684576037133,-11.387421812172917,11
23900.0,23.9,4.1855949262790295,0.4994461997021359,24.58143783386626,13.6562710766447,-10.877752877261543,11
24000.0,24.0,4.219186761498394,0.47615864179563205,24.913166747484738,13.618570281319151,-10.84538472911018,9
24100.0,24.1,4.2051249776308754,0.4729068235249369,25.516625653209474,13.259368400236852,-10.24279510370448,11
24200.0,24.2,4.307824292887573,0.49785264727545425,24.8104068554388,13.381074144128718,-10.38492342519423,8
24300.0,24.3,4.260249183480126,0.480938955079119,25.915985537432405,13.034093118376589,-9.892831832577386,14
24400.0,24.4,4.384809363390433,0.48782249858468774,24.79461866057831,13.20340757560534,-10.039543547824834,9
24500.0,24.5,4.277660373659165,0.4651081593093441,25.410714639201203,13.473793009200236,-10.491849022196348,9
24600.0,24.6,4.1881682811703325,0.4388910918465455,25.189038564532922,13.591877166630539,-10.700204774972434,8
24700.0,24.7,4.08724200417636,0.4756751210416004,23.872634325286185,13.96939073354585,-11.325874710692446,9
24800.0,24.8,4.319725241372781,0.44710801260389577,24.79462115959936,13.011044056302708,-9.789035185627682,8
24900.0,24.9,4.255362526303971,0.43531711970590814,24.4435704691615,13.545020794292157,-10.571309117077789,10
25000.0,25.0,4.29700002007139,0.46571728365446213,25.526334625334854,13.21862032181356,-10.153147229335232,6
25100.0,25.1,4.2731647363289245,0.4795746527768613,24.55954700654607,13.410030325905709,-10.52410148415531,8
25200.0,25.2,4.3240358697276005,0.4893421717168952,24.563649508047178,13.268358472729858,-10.227233850578159,8
25300.0,25.3,4.268643626668211,0.5484060757342518,25.02178800119917,13.291337392427891,-10.36592537969689,9
25400.0,25.4,4.3666322055956375,0.5695923690986369,25.16056855293165,13.153712087258924,-10.156633399886587,6
25500.0,25.5,4.281064102766543,0.5708971506724903,25.077648382001357,13.36810273516366,-10.436471320402632,6
25600.0,25.6,4.376661011417375,0.5965453463406984,24.620018989664686,12.850022592839636,-9.558192113815934,8
25700.0,25.7,4.326662397217021,0.5923290683224793,24.47183728853669,13.103059781396496,-9.929682278157458,6
25800.0,25.8,4.4441606830080715,0.6009636987530149,25.08910001747087,12.805024360319862,-9.474648700836724,9
25900.0,25.9,4.34410203686925,0.5797232591559203,24.540418124778924,13.027395992116226,-9.876655510575375,9
26000.0,26.0,4.35104129952992,0.6150148471926867,24.30750022361795,12.935075475363377,-9.676066465360222,11
26100.0,26.1,4.3502380831256104,0.6143843049133364,24.578159165873174,12.917156660670685,-9.619231879703833,9
26200.0,26.2,4.412071978113758,0.618780946869501,23.98186590553476,12.814902058946231,-9.535871323020473,8
26300.0,26.3,4.353988751468686,0.6083065328252223,23.697447112973762,12.990144615536252,-9.863379735091428,7
26400.0,26.4,4.389948581791093,0.5943274217428641,24.011030885479613,12.817588724591374,-9.550572524669889,9
26500.0,26.5,4.469624167230597,0.5976640641244721,25.085600282613754,12.512080011116211,-8.971967532361134,9
26600.0,26.6,4.434288406536257,0.5620273951372358,25.03794034624144,12.616719273451125,-9.169434233434416,6
26700.0,26.7,4.557058423884179,0.5634908967672458,24.837023489971898,12.2740114121071,-8.744454809947001,7
26800.0,26.8,4.508914114697364,0.5840597606476842,25.85829690698978,12.474517488940648,-9.049521481984996,7
26900.0,26.9,4.390230844369215,0.5580221895484202,25.765209098816413,12.425986985020884,-8.904952845154455,2
27000.0,27.0,4.347550784411828,0.5680101321135678,25.02850664419867,12.909867038611011,-9.701320836132183,6
27100.0,27.1,4.3522816330226615,0.587774318954805,23.915187834034967,12.712197895844199,-9.315057828340755,5
27200.0,27.2,4.397758470767359,0.6242703920091397,23.696132286677468,12.89422545324355,-9.719646080256481,3
27300.0,27.3,4.4086026806122245,0.5729075146219792,24.050343087597554,12.74787632348854,-9.392077143798929,5
27400.0,27.4,4.446243112437736,0.5863765547935843,23.595842740248827,13.005426743028465,-9.773053773273674,3
27500.0,27.5,4.39060012976034,0.5757159533992293,23.19569836701288,12.931325741446457,-9.709133354239597,6
27600.0,27.6,4.3393518301567395,0.55796435218553,23.487301670020415,12.98978644635504,-9.861614305769152,4
27700.0,27.7,4.362080300118857,0.5394543697351322,23.4209317663981,12.91383013153866,-9.761080785324282,5
27800.0,27.8,4.3909165627779165,0.5780391299468224,24.387650165362388,13.085699864171104,-10.008804030102766,6
27900.0,27.9,4.398422309848284,0.5348538527861747,24.51274924411679,12.977993556289732,-9.848832278521243,6
28000.0,28.0,4.371015009134117,0.543190884185057,25.174374712158794,12.603586279435035,-9.243036894255539,5
28100.0,28.1,4.432368817307534,0.5636607060298886,24.40962333896138,12.499583579836454,-9.105305979473442,6
28200.0,28.2,4.545894107790309,0.5431216913436742,25.697977986163963,12.213531572902,-8.612370748750564,6
28300.0,28.3,4.594409251608847,0.577030743463996,25.37443879960783,12.257892632467204,-8.747442425999566,4
28400.0,28.4,4.508738725073224,0.5617907611847025,24.821176279304893,12.357489225474524,-8.902191526482909,6
28500.0,28.5,4.557372270494523,0.5711580242435569,25.260202829417466,12.088379255930434,-8.493511572036624,5
28600.0,28.6,4.537458258274084,0.5761393895885558,25.68454929102002,12.180372441561587,-8.53031760827848,6
28700.0,28.7,4.6578199073121365,0.6207284772634345,26.577570083143314,11.845671865398188,-8.157490733967293,5
28800.0,28.8,4.507174074666507,0.5694981096635553,26.635476633808366,12.125910271351657,-8.536925422250889,7
28900.0,28.9,4.564272745817135,0.5612606392511816,26.97402411564309,12.124732307431358,-8.441423770542215,7
29000.0,29.0,4.554213992536937,0.5742920349886249,26.92843896184408,11.795042023642353,-7.943880383451045,8
29100.0,29.1,4.643817686999441,0.565666441174702,26.700693816003096,11.800093487895097,-7.9189300577011466,7
29200.0,29.2,4.5325558939664035,0.5589603457214102,25.69043732518358,12.312825325839398,-8.704361826674514,6
29300.0,29.3,4.587787959869031,0.5675239932601426,26.299713467102677,11.948397615115454,-8.26521140537757,7
29400.0,29.4,4.587984718297202,0.543120063225319,26.014008242024858,12.053157617504297,-8.354064262352964,8
29500.0,29.5,4.589355838311812,0.5253177592288091,24.135003965930565,12.35051637609817,-8.862359903703592,9
29600.0,29.6,4.580321518561446,0.5321988308025476,24.325806848298754,12.305264303267066,-8.84442466564984,7
29700.0,29.7,4.5530587325583785,0.5686215253622964,24.640258872799876,12.475071273585868,-9.013678216326852,6
29800.0,29.8,4.598924996098077,0.5772910583348543,25.16152512117837,12.361876521842348,-8.942865750924483,7
29900.0,29.9,4.6002712521255535,0.6092181245605113,25.64772213290827,12.270993277609577,-8.745890521696552,7
30000.0,30.0,4.5559637333703495,0.5679630737610522,24.999946827862146,12.347330822968672,-8.882263685198708,7
30100.0,30.1,4.649405173037827,0.5829307770279042,25.57918652774495,12.340453871751237,-8.846081602926262,6
30200.0,30.2,4.547144299470238,0.573238104430729,25.768823884045872,12.281192714254033,-8.815248177589808,9
30300.0,30.3,4.547144299470238,0.573238104430729,25.768823884045872,12.281192714254033,-8.815248177589808,9
30400.0,30.4,4.505594357218779,0.5545778303776445,23.35662330914252,12.91718779610406,-9.73143131379662,11
30500.0,30.5,4.590015945566561,0.558965079147774,24.71347750685483,12.471544650813115,-9.09499319662379,11
30600.0,30.6,4.6890018246628316,0.5527990596865237,25.976717512806516,12.341402861933929,-8.913148952814652,6
30700.0,30.7,4.666724029284586,0.5892415416227842,24.856917298750744,12.32920219414963,-8.88056301391191,4
30800.0,30.8,4.660517044294974,0.550591222759584,25.200610381502443,12.551634943685755,-9.195915963084715,8
30900.0,30.9,4.665936516325455,0.5744952700974283,25.423567012670674,12.388880026020445,-8.9110371087353,8
31000.0,31.0,4.5813152595759234,0.5790856494651038,24.890523638767604,12.485482018765381,-9.147897292835708,10
31100.0,31.1,4.5702647372102,0.5719434107902777,24.157780262345085,12.793041600452426,-9.53246524645121,9
31200.0,31.2,4.610693341330636,0.5261656887698306,24.091681326473804,12.50536758072333,-9.113454339884868,7
31300.0,31.3,4.604761564210985,0.5489126697463316,24.76855269881193,12.38022501989525,-9.036806960769667,6
31400.0,31.4,4.601832697979651,0.5324996658486315,24.203851400124577,12.483223126827383,-9.272941273393897,10
31500.0,31.5,4.630994441738144,0.5289957365550093,25.261121637991366,12.549686583625174,-9.316724073047425,8
31600.0,31.6,4.578685228161399,0.5426678053567796,24.58420280063922,12.843815269627527,-9.735335140187146,7
31700.0,31.7,4.598516524033981,0.5786804420849794,24.319516057312924,12.788711207501294,-9.54073791128478,5
31800.0,31.8,4.654998122265782,0.5435797546083644,24.96461050058099,12.429876000406267,-9.032066158382747,8
31900.0,31.9,4.708239915853836,0.5412509987087668,24.581438579010268,12.549274044898183,-9.200245240356622,5
32000.0,32.0,4.687072062475922,0.5256745350914103,26.02602065587871,11.88984182087762,-8.209305275377204,7
32100.0,32.1,4.5955521689105625,0.4981609905183294,24.8301547848434,12.476328467386125,-9.02291148345499,12
32200.0,32.2,4.562977834768626,0.5190063930783182,24.647722104709644,12.344284018438486,-8.885270027079017,11
32300.0,32.3,4.674133193087424,0.5361767770613829,25.01817423166706,11.985662304599614,-8.405020723758511,7
32400.0,32.4,4.556850682463784,0.5475908038060124,24.505152655268418,12.506291662553451,-9.172478705143561,7
32500.0,32.5,4.6203937319473685,0.5443111693268061,24.224033996648984,12.622197472108567,-9.334807827126099,7
32600.0,32.6,4.600255457756086,0.5303594886379981,24.5087034733029,12.723018100940848,-9.478732722449138,5
32700.0,32.7,4.609576095600173,0.5417378783276601,24.69726783315714,12.827706488410982,-9.741575172362161,7
32800.0,32.8,4.6526214786220415,0.5306562565030742,24.110088261204282,12.687243722646315,-9.472982684412727,6
32900.0,32.9,4.585833189544115,0.550180347019856,24.865490085341236,12.637894856139354,-9.41749465659619,7
33000.0,33.0,4.6190696780815195,0.6023485733182551,22.887919545110762,12.532683578590749,-9.120573952921944,9
33100.0,33.1,4.536663187285958,0.5693273123080593,23.256363238214377,12.427252217818932,-9.13552485077534,5
33200.0,33.2,4.6779906984014685,0.5438904200256806,24.153558752014106,12.265155142459221,-8.870998372632826,8
33300.0,33.3,4.614174329828348,0.5654298333161343,22.650210167519674,12.698611332926717,-9.571840120133757,11
33400.0,33.4,4.622801175646879,0.5735147274962198,23.304001134722085,12.365116059074026,-8.932948168627703,8
33500.0,33.5,4.645943053684614,0.5861459986400889,22.27701003051638,12.834501380447023,-9.73882537659486,9
33600.0,33.6,4.606286846743641,0.5752101029157534,22.963138350054862,12.442883661135767,-9.161111447544968,9
33700.0,33.7,4.572209501770609,0.5592409407898727,22.327599224743537,12.722791071319321,-9.54320119724099,9
33800.0,33.8,4.582628775894347,0.568522748217352,22.78147516512591,13.016106897365972,-9.854572267201348,9
33900.0,33.9,4.562639173716287,0.5657778274314285,23.02090006610112,12.888383067516443,-9.700106805733952,10
34000.0,34.0,4.66999199439252,0.570141370676698,23.68134072063056,12.548599058308255,-9.284080183425573,11
34100.0,34.1,4.631909423189631,0.5743995625099071,23.646332437805583,12.92615817976764,-9.737066998965318,10
34200.0,34.2,4.51582858505874,0.5652063101200822,23.7809559582154,13.175937292156917,-10.221048633565744,14
34300.0,34.3,4.578065212265076,0.5790118245996527,22.275894402306108,13.1378647040885,-10.104089083288969,8
34400.0,34.4,4.596656090713088,0.6223857097066927,23.16358730955406,13.039153044613812,-9.972937037267215,7
34500.0,34.5,4.583441872570846,0.5761088689669983,23.21394913533959,13.037501514541844,-10.013104451611568,7
34600.0,34.6,4.598521992855547,0.5485219941006527,22.924966651892873,13.194715774564187,-10.070634614416988,4
34700.0,34.7,4.544461994988288,0.5656055016581258,22.95053385057672,13.20933908679487,-10.249808598963682,9
34800.0,34.8,4.53992108854116,0.5805301672643576,23.267892016954576,12.960942887264906,-9.845258893112714,6
34900.0,34.9,4.519332296957155,0.5599797602039271,23.950874573755414,13.049217015478234,-9.999959322629692,8
35000.0,35.0,4.522866698414128,0.5642037309510948,23.562052180123047,12.93040207475913,-9.848385935592077,4
35100.0,35.1,4.55798417341643,0.5530433771326307,23.227467913541417,12.751810580633133,-9.537643130145511,7
35200.0,35.2,4.601803723758778,0.5507199719998862,24.531341294211174,12.626873200604408,-9.305300802081646,5
35300.0,35.3,4.5728632795356585,0.5500337217780249,24.9700891554796,12.540815439738623,-9.04745772612469,9
35400.0,35.4,4.591607925478501,0.5469253833396717,24.57643321906434,12.660810189930942,-9.350292104623065,5
35500.0,35.5,4.514741451947854,0.5472012521595029,24.01000756423508,12.910525175143675,-9.729516766207297,4
35600.0,35.6,4.557498328556035,0.5557480091535035,24.44201751326966,12.74718705828569,-9.346020401204996,5
35700.0,35.7,4.64613393363323,0.528821866237902,24.999563779887808,12.694396284479083,-9.351890335519784,7
35800.0,35.8,4.619289674976172,0.5463241370508101,23.36410974413512,13.234434415898903,-10.202267635807914,7
35900.0,35.9,4.574257243330801,0.5521371586835528,23.544035281246067,12.944757043274691,-9.806944433671134,6
36000.0,36.0,4.544686199830946,0.5834410643905237,24.296817416674983,13.015410873582837,-9.99907441931407,3
36100.0,36.1,4.546796662522718,0.5901596318006608,24.197379540080107,13.171569874269323,-10.150298947760902,6
36200.0,36.2,4.5003870149250975,0.5690041238084328,22.440125573057855,13.407706627972061,-10.637237193389154,1
36300.0,36.3,4.585146197421489,0.5618624457285175,23.731974177760165,13.319280658534765,-10.505920482038007,5
36400.0,36.4,4.436024445546705,0.5768034038760178,23.191965761328603,13.683859730878254,-11.035091049208333,3
36500.0,36.5,4.494888632683061,0.5883315710889805,23.1362466708258,13.353517715442464,-10.506337810341364,4
36600.0,36.6,4.450487720538567,0.5909146011051446,23.498861549616166,13.369311646616907,-10.531454767180861,3
36700.0,36.7,4.546604752454158,0.5606042235716057,23.896705123577078,13.228936542992045,-10.261088842187206,3
36800.0,36.8,4.452054798215537,0.559867594528887,23.367372393545196,13.306768701069316,-10.406059147757233,2
36900.0,36.9,4.524788451134798,0.5653214718711096,23.95219913207383,13.451098600021183,-10.603028078832878,3
37000.0,37.0,4.565979938844434,0.5599647098650894,23.895907111331468,13.047959225896292,-10.008900153234904,3
37100.0,37.1,4.501946361868237,0.5707713590814483,24.328274345138226,13.05913931077886,-10.008684133225657,6
37200.0,37.2,4.523668796849424,0.5907039383787167,24.29028043148979,13.147662890287961,-10.16680801068361,3
37300.0,37.3,4.541389603019569,0.5613044485491607,24.262886859290035,12.954765671770872,-9.814732180208097,4
37400.0,37.4,4.480098943635937,0.5653639112104971,23.92263729987515,13.251536141646866,-10.28773260959504,7
37500.0,37.5,4.452745970949172,0.5735778629724344,23.77026043475162,13.367578097022815,-10.528704694455726,4
37600.0,37.6,4.539470095196842,0.5973701424326485,24.885623783005926,13.087118789337822,-10.042623084765282,9
37700.0,37.7,4.5542886807163665,0.5950987992019305,24.79972741742472,13.008239855021884,-9.868411019839314,5
37800.0,37.8,4.504611474518798,0.5241087534467443,25.221105269608955,13.079227361979136,-10.0286489503208,7
37900.0,37.9,4.4575522931566605,0.5485303448636797,24.4878466966462,13.525527052088805,-10.636567763824004,8
38000.0,38.0,4.3873580061058135,0.5730378683419445,24.017021349185924,13.521600641516812,-10.766611834086675,2
38100.0,38.1,4.3737129223976865,0.5782128774710553,24.67567742152181,13.64536911610881,-10.90404432964145,9
38200.0,38.2,4.45435789935699,0.5604554451017311,24.592087106810055,13.696887736460212,-10.932302809596948,6
38300.0,38.3,4.534875432458631,0.572338857332708,24.82226612259177,13.581584777215696,-10.794937143293737,8
38400.0,38.4,4.5320693937985315,0.5805014990853983,24.347107723571824,13.61210990475638,-10.813327459723311,7
38500.0,38.5,4.423453605443466,0.5870231858458748,24.444085021166984,13.763836404560323,-11.116095334501239,9
38600.0,38.6,4.471296969981424,0.591489490488821,24.093670136979853,13.721617394693766,-11.016540442122448,8
38700.0,38.7,4.482500647642806,0.5877495367391152,23.55036647784995,13.51437542950508,-10.533401333071339,3
38800.0,38.8,4.476054874024628,0.5209047824162931,23.818316103708682,13.523903707899791,-10.694052649673054,11
38900.0,38.9,4.45525152451184,0.5217017635323403,23.845316220628746,13.462229184887818,-10.723045542164755,8
39000.0,39.0,4.486627227770301,0.4979842339084433,24.49821820203374,13.475691846704663,-10.703590640203785,5
39100.0,39.1,4.3663081780251805,0.5416569186457915,23.121518829353377,13.680810446745554,-10.96825333487135,6
39200.0,39.2,4.462744860350132,0.4925633131680561,23.545777237597335,13.464932688456074,-10.665787226065149,7
39300.0,39.3,4.364269438265567,0.5040864778621452,23.500038745896205,13.53330981689821,-10.772460040635437,4
39400.0,39.4,4.438766075860713,0.5218050981704951,23.086055432145884,13.278225878207223,-10.346628798054482,2
39500.0,39.5,4.478566624340921,0.5332189392610379,24.053041011617424,13.275472989218926,-10.332774839274407,2
39600.0,39.6,4.494746820609947,0.5911843986124725,24.851497501832426,13.30402746917261,-10.38095320179535,1
39700.0,39.7,4.35987035308681,0.5870866689517683,25.193585273010044,13.424641185190438,-10.524632033061735,1
39800.0,39.8,4.350526802465192,0.5455905737158413,25.2781219127461,13.816378536518968,-11.203486188507938,3
39900.0,39.9,4.434951545193462,0.5490615507449171,25.658237710636826,13.748226342111352,-11.180228630709422,4
40000.0,40.0,4.361663912484938,0.5618277271772225,25.422594450523377,13.77316900471844,-11.053750253674849,4
40100.0,40.1,4.430529519336193,0.6051261512860183,24.340899625174274,13.822913746963607,-11.26522405375816,6
40200.0,40.2,4.425296413815444,0.5430013547785262,23.942471879326575,14.077125968921607,-11.630475797213023,2
40300.0,40.3,4.417841686372496,0.5229428020646277,24.689929819942066,13.807776249005016,-11.104359331352796,3
40400.0,40.4,4.417841686372496,0.5229428020646277,24.689929819942066,13.807776249005016,-11.104359331352796,3
40500.0,40.5,4.390109770986344,0.5895730782001852,24.334584866585217,14.13517711535036,-11.51336409397436,3
40600.0,40.6,4.381331905235163,0.6068282309977888,25.382981605736717,13.853500893967478,-11.135327285543866,2
40700.0,40.7,4.4665689681633385,0.5763412786917395,24.588513126282677,14.13581065908069,-11.624800151019812,4
40800.0,40.8,4.467911725999232,0.6152558975081869,24.8349872820813,14.152818111639036,-11.610468296945214,3
40900.0,40.9,4.45600860114801,0.5633612428122603,23.454141848282347,14.19490313331022,-11.688996786525536,4
41000.0,41.0,4.4759780132596205,0.5661464888619469,24.277214900884857,14.279879589094946,-11.885276958868957,2
41100.0,41.1,4.4932018282059385,0.5738458075875194,24.257255593113086,13.89011005130557,-11.363569748674578,2
41200.0,41.2,4.486551276804816,0.5687674246465403,23.855349545301863,14.066540679365957,-11.485198274890251,4
41300.0,41.3,4.431926746023299,0.5716707678384416,21.995285519896527,13.862873457460793,-11.307716893940736,4
41400.0,41.4,4.393410392414166,0.5801081802754725,22.78045462234563,14.16380776343253,-11.712870205780888,4
41500.0,41.5,4.388112146791219,0.5872018067856352,22.422126086175865,14.467001170254974,-12.287924617637984,7
41600.0,41.6,4.432902074011417,0.5364910322340846,22.665386176175076,14.46648155264306,-12.199804039217796,5
41700.0,41.7,4.365739560350595,0.5779928986777909,22.763122572764146,14.76503104705371,-12.616821109567795,3
41800.0,41.8,4.303567548334517,0.5906858161808823,22.217922384127334,14.488084771510714,-12.20438042283648,8
41900.0,41.9,4.29720386646602,0.5892885379097577,23.116969315678816,14.578198365660413,-12.360321673591045,4
42000.0,42.0,4.420090542941574,0.5813812158077537,22.63846175533395,14.510481943105674,-12.20004327540181,5
42100.0,42.1,4.337136989491819,0.556765887962342,23.8835860426571,14.38388362259299,-12.180960380596716,7
42200.0,42.2,4.394612816451692,0.5606614583598013,24.045128214819798,14.183484785080495,-11.772232440296207,8
42300.0,42.3,4.442843840097554,0.5651259586672868,24.473563109681123,14.056102592895968,-11.568691894679006,9
42400.0,42.4,4.44249119960016,0.5462021796564466,24.760011463596257,13.779247946787464,-11.08996699597877,6
42500.0,42.5,4.476838123966427,0.5506921503702603,24.81411388501884,14.002820536422789,-11.501630257569317,9
42600.0,42.6,4.463723852605009,0.5505886443649669,24.751083511468536,13.86620157857189,-11.392724683729199,7
42700.0,42.7,4.467431366052801,0.5558814704527333,23.830490174923625,13.952700171430322,-11.50683708600505,7
42800.0,42.8,4.498537784281908,0.5423409968022589,24.849913476248275,13.81995849288164,-11.24779258265454,11
42900.0,42.9,4.489846565119624,0.5579494655928292,24.88378049360516,13.795652450422011,-11.151060430218749,8
43000.0,43.0,4.40875000241621,0.5432456986322762,23.970136959820636,14.202952235356165,-11.815039286046101,9
43100.0,43.1,4.385590636085171,0.5490338006710983,24.180300277913645,14.172394198488206,-11.761100119605345,5
43200.0,43.2,4.38634675011629,0.5818915102616863,24.265045082242878,14.218867396069285,-11.897671098568395,12
43300.0,43.3,4.383828067325934,0.5541101554963037,24.442124620691928,14.411218480187927,-12.06063682050278,11
43400.0,43.4,4.38630578641009,0.5579419320533064,24.782786284490413,14.293675190440084,-11.931165719588279,4
43500.0,43.5,4.3185609511455985,0.5516349380709548,24.582145508682657,14.034236535655992,-11.572047648790416,4
43600.0,43.6,4.266848913126412,0.5560849453593391,23.257748285632744,14.542461615863601,-12.275873517208623,6
43700.0,43.7,4.353409757528063,0.578250643251254,24.153555363832652,14.403342240375267,-12.187391120435024,5
43800.0,43.8,4.304396723192078,0.5402019694122914,23.537401866319158,14.597393119657056,-12.401315348455896,10
43900.0,43.9,4.343074684153775,0.5758400859671731,23.230521343442348,14.597147601713147,-12.315210453258103,9
44000.0,44.0,4.296549753931153,0.5375660383541854,23.260190561341204,14.757160762588384,-12.625254598723146,9
44100.0,44.1,4.2776025191199585,0.56148682787924,23.243436822810224,14.692158054243663,-12.52107683928385,3
44200.0,44.2,4.3172042288764265,0.5864136266619573,23.087947715815943,14.347943083254577,-11.97960487684621,3
44300.0,44.3,4.361815305051988,0.5622236592176244,23.55288080764052,14.636753950953533,-12.401933567223779,9
44400.0,44.4,4.30037608670326,0.5701778344554456,23.717195929067188,14.747308073129204,-12.567050844658766,7
44500.0,44.5,4.317537691829764,0.5130107490362978,24.361759201630164,14.530539684314704,-12.235748157164082,10
44600.0,44.6,4.226473222595717,0.5056847583112257,24.385921237402073,14.754932681001748,-12.603295388478031,7
44700.0,44.7,4.301406200158572,0.4975463413047779,24.063808371988472,14.645277925971982,-12.445640900917482,8
44800.0,44.8,4.288796150785925,0.4865082701558534,24.73691159857603,14.232148595591212,-11.824261116695226,10
44900.0,44.9,4.393027183972845,0.4926648674625743,24.631416564177158,14.11620504724904,-11.626325534710048,8
45000.0,45.0,4.2779386760179685,0.4510149244639625,25.47400492715289,14.450365981572958,-12.140890962177906,7
45100.0,45.1,4.347752946110026,0.46847155665821,24.781283199222955,14.281842500249738,-11.9003164163218,10
45200.0,45.2,4.368544801139558,0.47024472061101485,25.160964273088183,14.620878201242576,-12.302626340067732,9
45300.0,45.3,4.2513989103577865,0.4951617662901634,23.995601912214184,14.940954857557259,-12.881919956023992,9
45400.0,45.4,4.340791575935585,0.48274087306806823,24.409888286344383,14.546297590671529,-12.290923969429357,9
45500.0,45.5,4.3384594280009,0.49949353969400845,23.64340427583349,14.602437489438628,-12.4062584967309,7
45600.0,45.6,4.392949422338168,0.5192001930129397,23.882518307878797,14.43910150657807,-12.033952765767523,2
45700.0,45.7,4.4134064263484065,0.495119555398015,24.18009346357283,14.336994398161607,-12.03853032077987,5
45800.0,45.8,4.424295300876221,0.48345762207210025,24.376282057319727,14.446834705067573,-12.169306652825128,7
45900.0,45.9,4.582412762439244,0.5065610959409724,24.851388281078172,13.94314201938434,-11.420652021882319,5
46000.0,46.0,4.396801444539373,0.5194866351516156,24.025921067824,14.527750226213058,-12.24153537259518,7
46100.0,46.1,4.308853166642973,0.4866022832675273,23.52035640508869,14.684292504038538,-12.52257980344578,3
46200.0,46.2,4.417307533066557,0.4593830481715718,24.313235316963258,14.300125592869534,-11.92731511485701,3
46300.0,46.3,4.271796105809668,0.49400841523390326,23.47969390503208,14.736256393358744,-12.686651877049911,4
46400.0,46.4,4.217591659837891,0.4914986973350481,22.366398580433554,15.165655939301871,-13.263429073630675,3
46500.0,46.5,4.281573622216618,0.4674013617563525,22.683757495024366,15.02423504616901,-13.036395565381184,4
46600.0,46.6,4.303818448407308,0.49493983368692807,23.053630341264494,14.857640832628135,-12.855360603097594,4
46700.0,46.7,4.276693164113252,0.5274924311864577,22.289593848630645,14.977722054877802,-12.940927778034762,4
46800.0,46.8,4.3223377337039395,0.4913323808467104,21.61903483075794,15.06434379701507,-13.195790518124426,4
46900.0,46.9,4.270795496180827,0.4539473431704316,21.636270651402484,15.012003280442741,-13.188508182040877,4
47000.0,47.0,4.333474827665944,0.5021624159689104,23.05061818493577,14.879486367880503,-12.902149562983638,3
47100.0,47.1,4.3149871909652235,0.49075820733941755,23.070579326206357,14.823127673663848,-12.812196723992543,2
47200.0,47.2,4.205448641019246,0.4718228375573273,22.877331909978096,15.018847508351882,-13.178148398645973,5
47300.0,47.3,4.1961750851289725,0.49013109035372987,22.081799371369343,14.951221806363549,-12.986106544541855,6
47400.0,47.4,4.197279419953508,0.47713388174794436,20.892807219005505,15.073520955846803,-13.258037882779334,7
47500.0,47.5,4.22248074387689,0.4943870253527409,20.9977970174385,15.09054121687889,-13.196876514525002,8
47600.0,47.6,4.114534918763628,0.4938672105954084,21.89812087710723,15.118876336754866,-13.378050875984457,8
47700.0,47.7,4.177897123340182,0.474016861749001,21.341652279974227,14.868092857667335,-12.881396348101347,8
47800.0,47.8,4.178510224839474,0.4901780906579127,21.67253652743807,15.199513886330266,-13.249587808506519,8
47900.0,47.9,4.235768378171697,0.4895654648854818,22.151709083713072,15.161914229460379,-13.31339194838803,6
48000.0,48.0,4.3478254218483325,0.48318030534928863,23.48823147355168,14.872730344197706,-12.856025662085571,6
48100.0,48.1,4.2947672410229725,0.49753675232336725,23.448472047057237,14.947322788963035,-12.908587184788033,10
48200.0,48.2,4.277477198887525,0.47776767660899677,22.913177355997234,15.348294022519227,-13.513960014724063,7
48300.0,48.3,4.348898367306466,0.49292474837675276,22.802479401808426,15.32003615685477,-13.397877441509436,9
48400.0,48.4,4.284460874829185,0.48884125242773047,22.826702448397214,15.255777626476345,-13.383995895152495,5
48500.0,48.5,4.325921782165878,0.47305020010954274,22.865961536311318,15.25699919450858,-13.438349122227237,6
48600.0,48.6,4.333569361310497,0.4950674013896298,23.65061569454039,15.292322236254577,-13.443160813330636,6
48700.0,48.7,4.321515954970665,0.4873158606632275,23.376668276582052,15.383078320246241,-13.605392601658039,4
48800.0,48.8,4.2759207869047655,0.4923625496003511,23.15200127176105,15.181217060618053,-13.379550833615099,4
48900.0,48.9,4.228688042148449,0.48292857352994245,22.605669938703883,15.66101111138093,-14.20551419342543,1
49000.0,49.0,4.25544990323729,0.47587018661867636,22.376909160592234,15.434572804966663,-13.82725496830355,3
49100.0,49.1,4.209902612230584,0.43985894631010114,21.88824615190947,15.802247020718866,-14.367193021921906,3
49200.0,49.2,4.257666999115479,0.45556677466526113,21.678477158315147,15.787588673036637,-14.1946615101334,2
49300.0,49.3,4.2213060010783625,0.4590031160543628,20.689388669098392,16.206128745237564,-14.892295855721557,2
49400.0,49.4,4.211850035527151,0.4910752897436409,21.604838871017563,15.686729792861044,-14.142870101704872,2
49500.0,49.5,4.3122263193259105,0.4109492835671709,20.51595976280703,16.093231942629444,-14.794510490335966,1
49600.0,49.6,4.221031151740442,0.45760770436566717,20.78218031492115,15.89999814186912,-14.506707751612296,1
49700.0,49.7,4.241424393250368,0.45437070567810134,21.925802169744514,15.925976503398985,-14.571986862646881,4
49800.0,49.8,4.17371324208603,0.45787875075533774,21.5504032393262,16.068429758444964,-14.716365247808383,5
49900.0,49.9,4.15119063553862,0.4631985319085046,20.57350753990437,16.07379236530744,-14.716033367248087,5
50000.0,50.0,4.193080289900357,0.4576013759209376,22.235810333742407,15.82989452073646,-14.266820294857183,7
50100.0,50.1,4.217033381141887,0.44957554161650926,21.91793628763601,16.018951463780624,-14.538007656197749,2
50200.0,50.2,4.205054959258811,0.4713539776047441,21.485027907913988,15.970997412531489,-14.442501719437232,7
50300.0,50.3,4.1979914275210515,0.43763730975268544,21.60135481148548,15.584974353440984,-13.847459238922966,0
50400.0,50.4,4.148919843792575,0.4876053096914556,21.90484106298645,15.630425823764341,-13.953868966829603,5
50500.0,50.5,4.148919843792575,0.4876053096914556,21.90484106298645,15.630425823764341,-13.953868966829603,5
50600.0,50.6,4.235369270781476,0.492079319371277,22.087476368449842,15.351848938538197,-13.439348072913262,5
50700.0,50.7,4.122470129613922,0.46022311421469714,21.295867934272962,15.476473961549715,-13.76904426658578,2
50800.0,50.8,4.2768300143923295,0.4593062806845434,19.891486205915868,15.638324530082457,-14.008142323426242,0
50900.0,50.9,4.2312162776422415,0.5017832124312112,20.545776169698755,15.59690932657493,-13.753615384471445,2
51000.0,51.0,4.1679650603350415,0.4853121528270651,20.243124582512706,15.663054037749376,-13.988490980111933,0
51100.0,51.1,4.206551458116547,0.4861188488240663,20.771784364082592,15.396780028346939,-13.623910278938723,0
51200.0,51.2,4.169017550043538,0.4610460414538641,20.31000798007956,15.34350493356493,-13.674306369553648,0
51300.0,51.3,4.2199496446611695,0.4670894875563115,21.708496325052494,15.352735702537473,-13.528620424481318,3
51400.0,51.4,4.351375679559931,0.4647591329940295,20.53703570072757,15.315696422330504,-13.586293411824002,3
51500.0,51.5,4.200863362311125,0.460831011887117,19.868302907969664,15.297447564463724,-13.533326608913839,3
51600.0,51.6,4.221268091743854,0.46842066146435773,19.78596982882732,15.31331052836056,-13.526416559938369,3
51700.0,51.7,4.279116618577968,0.45818426650410976,20.645130998905458,15.117952745557233,-13.18096647411447,2
51800.0,51.8,4.249160738597952,0.4604307399702486,20.505901080435038,15.224323498701338,-13.372895116732877,1
51900.0,51.9,4.198128829272923,0.4697625808412627,20.60475399600672,15.302917865550825,-13.603139379719934,5
52000.0,52.0,4.245823178016571,0.504912556092697,20.261187026939893,15.22388877344649,-13.400864166474904,4
52100.0,52.1,4.247486759126353,0.4874728813759763,20.57552901015086,15.405529651540434,-13.583585499642268,4
52200.0,52.2,4.20817562581328,0.46548150058016946,20.343246359000233,15.190145743953423,-13.258054672637655,6
52300.0,52.3,4.283205162429449,0.47447003224127043,20.93238550838157,15.143740876197342,-13.232529700379189,5
52400.0,52.4,4.2753448207232,0.4399022807004494,20.322037164443472,15.154202699194627,-13.232088163877165,4
52500.0,52.5,4.26732357937837,0.451631893233417,21.283196124627054,15.307734817229871,-13.443992638662621,4
52600.0,52.6,4.224027924714754,0.4626524205930558,20.447937174408978,15.184273154452995,-13.318060710354416,2
52700.0,52.7,4.2156300523310755,0.4980581289578622,20.59357993444452,15.297535444104511,-13.477538948928569,3
52800.0,52.8,4.272255603829241,0.480427261319477,19.977472276680572,15.57077741479307,-13.82669908164226,5
52900.0,52.9,4.353243323382222,0.49261555332303725,19.041385010844337,15.496894037926793,-13.787959010773534,5
53000.0,53.0,4.3498155868118396,0.4801771130698578,19.55197943129005,15.48989906159656,-13.666148385409002,6
53100.0,53.1,4.300478812820994,0.48306763410996456,20.269001633355543,15.56628813409877,-13.824675628586206,9
53200.0,53.2,4.31585945344551,0.4770975859808294,19.149520111466032,15.346180756254341,-13.453681038687321,2
53300.0,53.3,4.329409965884835,0.48218771447216147,19.37158257345814,15.458896387105511,-13.682678541899605,4
53400.0,53.4,4.342291830485573,0.47568594454121343,19.632379380862204,15.470963283431018,-13.668369703716351,5
53500.0,53.5,4.276777028822399,0.49917535968032745,20.03433385433351,15.42008387920579,-13.49219416047481,5
53600.0,53.6,4.248830730065761,0.49947327718224804,19.54221363705865,15.76635308219197,-14.156312646041613,3
53700.0,53.7,4.371326861964135,0.48359775292900264,19.54592000019447,15.215120719282382,-13.411801582802312,2
53800.0,53.8,4.2851666910683495,0.4642922036366791,18.522509281727352,15.635299817609848,-13.982114760793678,5
53900.0,53.9,4.314339368866995,0.4483942549649961,18.399023682902765,15.896014178426057,-14.310145494951428,5
54000.0,54.0,4.322365690419487,0.4735421644079209,18.632666460934388,15.76888175512191,-14.135916680289128,4
54100.0,54.1,4.3271600000701556,0.5007489043616649,18.681219771752936,15.650477850357674,-14.069242896698753,3
54200.0,54.2,4.315084122074962,0.4672924947778867,17.920631264406538,16.017570951347366,-14.661760457248079,4
54300.0,54.3,4.288786683063254,0.5002012792927015,18.94619881770187,16.00493823911772,-14.395375319227256,4
54400.0,54.4,4.34994068701794,0.4828466992649778,18.583260799941755,16.112774090381436,-14.752330025114802,3
54500.0,54.5,4.3558359881099795,0.4610163876016123,18.306881751942598,16.05057950674012,-14.614476088117954,3
54600.0,54.6,4.333325226947926,0.4611892745532299,17.964740782195676,16.265960703074043,-14.966648179860726,1
54700.0,54.7,4.278247620822198,0.47542295839760645,19.305879043591588,15.512429819161937,-13.650977294094304,3
54800.0,54.8,4.1823759734778365,0.4830168464334908,18.65692574667068,16.08854011792056,-14.625867385737294,2
54900.0,54.9,4.289669150817263,0.4849717206636897,18.750744527256387,15.90260243367456,-14.244511072095563,2
55000.0,55.0,4.265913350881548,0.4804271333834502,19.431865767822032,15.78124440745033,-14.199609857937332,3
55100.0,55.1,4.273545831376376,0.48180574605528814,18.135093524798904,15.98434431420229,-14.497108399751198,4
55200.0,55.2,4.336384070022805,0.4510138161613293,18.559691800392287,15.871372712958987,-14.274578421388085,3
55300.0,55.3,4.3412758939583025,0.4672486372107416,18.590805024903204,16.127961595146488,-14.75013323478089,3
55400.0,55.4,4.409261191658741,0.5027980349465159,18.780375398083905,15.67644696931093,-14.031432454927952,4
55500.0,55.5,4.316859489667559,0.4661883689709304,18.367141993776613,15.919482131529946,-14.438332157085398,5
55600.0,55.6,4.2228636696043065,0.48555418741280254,19.112309200185535,15.869871216090942,-14.333400479185954,3
55700.0,55.7,4.237097355363826,0.47980006066327796,19.07183165514988,15.69878282126885,-14.111798819160498,4
55800.0,55.8,4.286831630665059,0.4733391711354928,19.58426891431415,15.595104473029437,-13.89652470671912,2
55900.0,55.9,4.262138261148292,0.4709365679291951,18.87803499928394,15.84095253987725,-14.254532412122458,2
56000.0,56.0,4.234599424173675,0.46843549049751365,20.145941975389434,15.604692305971383,-13.942455285008691,1
56100.0,56.1,4.216875196257888,0.4710198689362886,19.1583228724449,15.89786937091273,-14.343105030428973,5
56200.0,56.2,4.212230083692499,0.4677709414569845,18.606307255390746,15.894439738790496,-14.353976869330666,2
56300.0,56.3,4.229409754858481,0.4747347029150202,18.501013654055185,15.752058867978988,-13.972491684585762,5
56400.0,56.4,4.287871272321146,0.4602588852872745,17.968753010713627,15.838828790982618,-14.164185255029011,1
56500.0,56.5,4.291293780896767,0.45792332969798527,17.875622738525976,15.702837175865625,-13.988580817128806,3
56600.0,56.6,4.1993401829555035,0.46337488916423153,17.57602652046313,15.916504802978238,-14.253199351941404,2
56700.0,56.7,4.33248976172851,0.45811820179096835,17.752214666436885,15.650203885044931,-13.837039080336808,4
56800.0,56.8,4.257387844283653,0.4497211987103961,18.980539407990264,15.944998932643188,-14.387795290172093,2
56900.0,56.9,4.284506784067666,0.4527944011992876,18.066643624866913,15.813870333842075,-14.09124266141238,1
57000.0,57.0,4.222285340769185,0.4649650178872409,19.570820324539184,15.709491630219887,-13.91382011007974,2
57100.0,57.1,4.275947241339901,0.45761685382987755,18.935247755108094,16.217151060637505,-14.765821541846066,4
57200.0,57.2,4.290523741806565,0.444355691376573,18.915498189738642,16.287556445728328,-14.904974276454752,5
57300.0,57.3,4.229854076853522,0.45250522575152263,18.53947083050909,16.146339858563437,-14.73706938100679,5
57400.0,57.4,4.206141664497048,0.44008495054094254,18.60577349934458,15.878775170765266,-14.243994251268319,3
57500.0,57.5,4.233893231789172,0.434504085260161,19.891108326523806,15.969057652109399,-14.505552233782495,2
57600.0,57.6,4.159036289315058,0.43729198096820465,20.43639521174906,15.855585250264895,-14.317573401779214,3
57700.0,57.7,4.160014618537216,0.46493236724009357,19.8135089963596,16.14348693906227,-14.683062358812847,3
57800.0,57.8,4.201758651312192,0.4720923604413184,20.61202587923617,16.13957619701202,-14.62309369823916,4
57900.0,57.9,4.198702265387806,0.44949136480286356,19.57071568500953,16.169096781156227,-14.734637532965422,4
58000.0,58.0,4.305604783383254,0.45427965425529404,20.701733168690225,15.824181778835182,-14.197098527815143,4
58100.0,58.1,4.350594466469573,0.5032730531658056,19.58371045536026,16.05403107946114,-14.57227164014725,5
58200.0,58.2,4.247004597474837,0.5011873312939896,18.966495755958164,16.23313511942476,-14.909947434756106,5
58300.0,58.3,4.2262005265205715,0.4851836638603272,19.314005761521727,16.570873217107916,-15.466276220793148,4
58400.0,58.4,4.345447305382374,0.509349811796377,20.817175456035955,15.962640690091334,-14.399795699674115,4
58500.0,58.5,4.276039623815024,0.49731853691005756,19.983495990911806,15.99365336646457,-14.509412527163619,3
58600.0,58.6,4.268834736109155,0.4803886784202536,19.115932593551207,16.125619234445125,-14.681507634480027,4
58700.0,58.7,4.355892780837283,0.5001904492057396,20.216705090766766,16.069424206420322,-14.615366723031642,2
58800.0,58.8,4.30482023478804,0.5058711769841817,19.188183399055475,16.074231714581273,-14.729997787421766,2
58900.0,58.9,4.358567330716838,0.4868389616772089,20.551725745677444,16.103356862223507,-14.505885894730014,5
59000.0,59.0,4.347951681994145,0.47723897611003663,20.260506410963472,16.36292797412004,-14.974563931725044,2
59100.0,59.1,4.346994871945659,0.5055403521461719,19.536691367389494,16.233735426793473,-14.881631445497277,5
59200.0,59.2,4.249333534921002,0.4854663827986284,19.23067737654081,16.29189983866226,-14.937635715066321,4
59300.0,59.3,4.334195953996337,0.4841164350573706,18.368361863533835,16.336449677954363,-14.96840954887017,4
59400.0,59.4,4.367603691001193,0.5062048485024689,19.300961345269073,16.267264699109845,-14.851918046624064,6
59500.0,59.5,4.338690524121071,0.4697169220659735,18.957892953064743,16.224822903906855,-14.812815446705528,3
59600.0,59.6,4.298376031931349,0.4687652698444874,18.106321686715944,16.32581333498969,-15.032015615660399,5
59700.0,59.7,4.361268953200511,0.45669224374783707,18.34743209437751,16.357893917876908,-15.053454940581418,1
59800.0,59.8,4.346643774130871,0.47718990383693055,18.360589811946852,16.355536936119123,-15.091520715436985,3
59900.0,59.9,4.379633083469233,0.4658490971268992,19.896654860310747,16.207418488746626,-14.77927665398164,7
60000.0,60.0,4.328736651208498,0.4763196865462248,19.036906039029688,16.2850392621975,-14.851334974735764,4
60100.0,60.1,4.258358209270201,0.45793395574648005,18.279737540926163,16.932679243643378,-15.963066360319488,3
60200.0,60.2,4.319022569217281,0.4551796386175385,18.78160052533339,16.492556393910633,-15.370979220259684,3
60300.0,60.3,4.277589503645531,0.4845711492996463,18.4522621735654,17.048483632109395,-16.117537473278546,2
60400.0,60.4,4.306615266807761,0.48318014772822365,18.98352702283279,16.868081532063385,-15.979435200318434,1
60500.0,60.5,4.267778857770013,0.4536522266589684,18.997299929130108,16.44841550924467,-15.33028133112795,1
60600.0,60.6,4.267778857770013,0.4536522266589684,18.997299929130108,16.44841550924467,-15.33028133112795,1
60700.0,60.7,4.341517600560335,0.47801482380008486,20.060630500655577,16.492296104853978,-15.354912955422904,3
60800.0,60.8,4.2904819756833845,0.4483912861818551,20.574716368715173,16.40334710041735,-15.03980675330159,2
60900.0,60.9,4.2508267115710066,0.47887423053532663,20.064254110266674,16.586904951219438,-15.36933109296325,2
61000.0,61.0,4.2460538947502,0.4665177162088213,21.29687256313437,16.646033073863265,-15.57773966518549,3
61100.0,61.1,4.238386971376862,0.4803617943380603,20.331662705810658,16.921707954873582,-16.017332025755223,2
61200.0,61.2,4.28497700978483,0.48662526197307343,20.514286613867938,17.063701354879626,-16.207339056675735,4
61300.0,61.3,4.298127128463654,0.4418224511415613,19.54208013258841,16.679959831159763,-15.485576746310414,2
61400.0,61.4,4.337954086200252,0.4530117505268903,19.10877766579449,16.547788322834506,-15.313544261311648,1
61500.0,61.5,4.346565447746782,0.4533417376335601,20.809029230552312,16.85534139072975,-15.869374751531197,4
61600.0,61.6,4.336328921978341,0.47660848969402725,21.0410925112796,16.704158243426306,-15.691496102670655,5
61700.0,61.7,4.263553422534026,0.4847393156360721,21.882365353959656,16.659493289228664,-15.614675608809733,4
61800.0,61.8,4.2824999107710395,0.47612355208810414,22.15012134601207,16.72363098370782,-15.611724887387822,3
61900.0,61.9,4.321802559511143,0.4603064997843114,20.629434215567017,17.230609669969397,-16.43329812774293,3
62000.0,62.0,4.315334570264767,0.4764402555538775,20.999103544113495,16.965721436297244,-15.995593076069753,3
62100.0,62.1,4.233550483650484,0.47576021911522803,21.552205709244944,16.938559691930664,-15.952149982912474,1
62200.0,62.2,4.2815887883912245,0.45151779767639616,22.453636615653764,17.042105195973903,-16.09547995078256,0
62300.0,62.3,4.302505430702661,0.44684036431499985,22.175692808886367,17.09831533264736,-16.127099704313153,0
62400.0,62.4,4.293695159885759,0.4681825196104447,21.39263555898917,16.9881286261936,-16.037870817296138,2
62500.0,62.5,4.294006816812745,0.4797840430774009,22.43771729947298,17.154410096176505,-16.305784079336163,4
62600.0,62.6,4.26037889777772,0.4665432565305383,22.695106654540155,16.998379257552003,-16.00853752594223,4
62700.0,62.7,4.243878285564423,0.48495555656780276,24.156654653409518,17.011244881584346,-16.073690150545033,1
62800.0,62.8,4.269191519243742,0.5104855217926915,24.68233291081563,16.96543018153477,-16.013974829561292,4
62900.0,62.9,4.305051917337137,0.44416291403377556,23.884158710712015,16.84210192347915,-15.78329819719825,4
63000.0,63.0,4.260415812157322,0.46423142338438667,23.550644789655124,16.759273936223153,-15.688965925102679,4
63100.0,63.1,4.2421053593771685,0.4668812248217444,23.200382790951863,16.925333892677102,-15.965025379182407,3
63200.0,63.2,4.2844148687762695,0.4724896213763203,23.617834350322823,17.165475346335086,-16.33180871511877,2
63300.0,63.3,4.208347017252006,0.4708124619654539,23.447068106202053,16.771800621170087,-15.759519771293412,3
63400.0,63.4,4.309394152651084,0.45934929153787285,22.38048580777398,16.4951708065976,-15.344867077185455,7
63500.0,63.5,4.318373455618227,0.45350797543117116,22.830738594182705,16.21721552762321,-14.824817760716911,7
63600.0,63.6,4.2839124897069425,0.4331355917985559,22.11495158354772,16.53874269858038,-15.341071376668722,5
63700.0,63.7,4.325322355996176,0.45060793787209724,22.117014922592972,16.578175976377352,-15.336709887095196,5
63800.0,63.8,4.334385498882951,0.445292423106197,20.70632990177475,16.518772666176602,-15.334332459499237,4
63900.0,63.9,4.284732462931959,0.4769949424182947,22.015311378173692,16.3155787715297,-15.005041001209108,3
64000.0,64.0,4.272605123953953,0.46249488155379226,22.027460470479653,16.139775389903505,-14.77444635546344,4
64100.0,64.1,4.339668569389376,0.48297932599148047,21.33466060294188,16.38388786244478,-15.074678606996144,3
64200.0,64.2,4.375806803997012,0.4654407637998078,21.126693118450902,16.36507132198777,-15.083198358000061,4
64300.0,64.3,4.417362086534675,0.46562324273003747,21.55823411455617,16.26400083639072,-15.022284259669092,9
64400.0,64.4,4.389224697292778,0.4799345197260469,20.707037071694003,16.437802863081657,-15.32435692452593,9
64500.0,64.5,4.334292861734125,0.46376075539547285,20.763958152351606,16.62962577944998,-15.615965716306206,7
64600.0,64.6,4.248188827785935,0.4726392799374102,19.164172441813236,16.880323136012564,-15.966929473700418,8
64700.0,64.7,4.273848293770476,0.44950291396989084,20.258580589317546,16.935600693627393,-15.98297575946313,4
64800.0,64.8,4.241056712835059,0.5022726610998441,19.74281677878018,17.01059130129751,-16.05886444670074,5
64900.0,64.9,4.260564127665036,0.4717875693634232,20.419478825570508,16.849732169089506,-15.96823904915425,6
65000.0,65.0,4.26459556978935,0.4808728890834407,20.253838413717844,16.57371253302702,-15.465628846234438,9
65100.0,65.1,4.285853940529971,0.46766325818045995,21.827290547365422,16.427267173885355,-15.205110143619038,10
65200.0,65.2,4.272290242627338,0.4984674764373328,21.980709410382516,16.449852112594485,-15.34514167665158,10
65300.0,65.3,4.277147231984894,0.4733281453147936,20.899767348069275,16.39688294031012,-15.226665810278519,15
65400.0,65.4,4.307078418123824,0.47895729839680723,21.291635283896184,16.318283494191107,-15.058914479804372,11
65500.0,65.5,4.290712084984272,0.4706447612125945,21.24322571578648,16.278481281341243,-15.039756953996246,9
65600.0,65.6,4.277509637640984,0.4507134983424124,20.800956677830214,16.356147438778578,-15.175021769096574,9
65700.0,65.7,4.325641072022034,0.4634615022639658,20.653510366819333,16.63315413454437,-15.493656871450852,9
65800.0,65.8,4.258523330229612,0.4415488564422655,21.69070980781386,16.16566618975314,-14.78986477943451,10
65900.0,65.9,4.284456729098833,0.4453525307957899,20.97578184786731,16.32898166610262,-15.043225767777884,7
66000.0,66.0,4.320227261157083,0.43220508346725517,21.058669077234782,16.162998895545854,-14.840370144109528,7
66100.0,66.1,4.399586103090779,0.4253521156562091,20.72532067191152,16.31985037577377,-15.112456126986586,11
66200.0,66.2,4.230210733801878,0.4307010238275276,20.20137457235745,16.417325682057736,-15.146019442474099,8
66300.0,66.3,4.360665399823423,0.42434666493501627,20.620071521370377,15.952078738635535,-14.5808563736272,9
66400.0,66.4,4.364212689192219,0.4623633870746608,20.68931750078302,15.76129964158224,-14.214161878578153,11
66500.0,66.5,4.348805370472442,0.4803020422927804,19.932176122935942,15.800696299984082,-14.279915836469897,11
66600.0,66.6,4.375226295049483,0.49329745851597495,20.078369758545975,15.817603929280779,-14.30580658948179,8
66700.0,66.7,4.325502411860651,0.4128358850721373,19.455695421180366,15.864819439549592,-14.438159265865139,11
66800.0,66.8,4.323826249746956,0.36171998042248094,19.809717747715695,16.085203044697494,-14.668558043199397,7
66900.0,66.9,4.316447476496746,0.37777911860303626,19.848067517692158,16.05975635735821,-14.724936580785823,9
67000.0,67.0,4.360339234864278,0.4138029071553001,19.27925407599234,16.45794399814318,-15.327963679925205,7
67100.0,67.1,4.369334766204586,0.3994847344764748,18.198873696888242,16.462539327250553,-15.465749590216149,7
67200.0,67.2,4.3141808872082725,0.41633815847589767,19.804685358269353,16.278896269659143,-14.971973747446569,7
67300.0,67.3,4.30615963260661,0.4191119992420007,18.25346855627582,16.61613848293665,-15.57241281123153,9
67400.0,67.4,4.367740301426576,0.40585769573757197,19.415818372147683,16.233328222014663,-14.99461153911868,10
67500.0,67.5,4.325939690177972,0.4053001881053159,19.320048211538108,16.271848644216448,-14.996679868866849,9
67600.0,67.6,4.347669499592611,0.40047604144576426,20.057996463351216,16.481415752386397,-15.3599480222733,11
67700.0,67.7,4.376662524654024,0.37799058501814387,19.65846771729808,16.110586873243108,-14.780205664710039,6
67800.0,67.8,4.358207729735595,0.3661932712398882,19.229894841733525,16.281716958315116,-14.989261963899821,5
67900.0,67.9,4.404196752078406,0.36212369557084667,19.771035234537848,16.042075720611322,-14.756519231520898,11
68000.0,68.0,4.414366628518,0.38238483205512186,19.973516247211734,15.874367687944215,-14.467438452312422,6
68100.0,68.1,4.394822568946621,0.37887319664331703,19.375727790784666,16.099224761559725,-14.783959068515998,6
68200.0,68.2,4.437317177909761,0.34542611140300433,19.1339249573782,16.037036289711295,-14.657208720051955,6
68300.0,68.3,4.368033770528165,0.3480920704266801,19.374026087010023,15.767701679269152,-14.247976154081798,8
68400.0,68.4,4.321886724622025,0.3459172605906932,19.15071479801344,15.809562760795629,-14.444841949596807,8
68500.0,68.5,4.2919671165667435,0.37580530193244793,19.31732074609309,16.023566096291177,-14.723277429866343,6
68600.0,68.6,4.311678223608313,0.36237889324414524,19.715528035273252,15.96359994088084,-14.553837672736421,11
68700.0,68.7,4.3248716075446305,0.38050943012025773,18.662901986250574,16.169084911953078,-14.885852691235186,10
68800.0,68.8,4.320528651927594,0.36211176560285696,19.24371631927042,15.98779973022917,-14.597693992046686,11
68900.0,68.9,4.3277516155323665,0.3724430106855247,19.654245782942752,15.886051241908945,-14.376929489853765,13
69000.0,69.0,4.335079153160399,0.35289713633478115,19.500585495476685,16.085271727292437,-14.698987905333198,8
69100.0,69.1,4.292404579215328,0.36730383094416147,19.10094868892311,16.349778780342263,-15.222648803136664,8
69200.0,69.2,4.365463607992264,0.36672402656085495,20.013137037619643,15.975971043435251,-14.63676046716995,9
69300.0,69.3,4.337111961398572,0.37006908186812393,19.452201249862128,16.077690584973908,-14.765729798748595,11
69400.0,69.4,4.371800974565377,0.3648677919036801,19.59234698785994,15.983474579138147,-14.594813840452034,12
69500.0,69.5,4.43715833525889,0.38786281381441473,19.418474346052633,15.717147515027776,-14.232323243500446,13
69600.0,69.6,4.369088298588437,0.3702244434947687,20.304732808147108,16.008703246461664,-14.636837573976095,8
69700.0,69.7,4.382899283895593,0.375511026817205,20.01217886825266,16.048292841411765,-14.707651101452981,12
69800.0,69.8,4.349078044026831,0.334439671171792,20.19096433177714,16.25304024882334,-14.928073547425555,7
69900.0,69.9,4.327709494195635,0.33282667553159007,20.858176274120382,15.710463076392188,-14.140708575845508,8
70000.0,70.0,4.359003472925491,0.35470106460402057,20.22864782198144,15.67270632320266,-14.110104971037131,10
70100.0,70.1,4.346612866325004,0.33255900006897277,20.375031664140636,15.803343085348146,-14.326729888715533,12
70200.0,70.2,4.393457887053829,0.35697012074288137,20.72366908316573,15.701253216725831,-14.209288658882187,12
70300.0,70.3,4.410702701389474,0.3565629621864768,19.696268338076322,15.627424683559582,-14.005594189565713,9
70400.0,70.4,4.2973856462223585,0.3484781151596817,19.503308791885644,15.829306060895163,-14.319680201172503,10
70500.0,70.5,4.474205319384682,0.37352966360249246,20.263979541499253,15.822849920656594,-14.261342610885066,7
70600.0,70.6,4.421396761512576,0.394530637372155,20.28222590269094,15.868508020247432,-14.451071749084917,10
70700.0,70.7,4.421396761512576,0.394530637372155,20.28222590269094,15.868508020247432,-14.451071749084917,10
70800.0,70.8,4.463731388935203,0.3746373384247313,20.905329739587984,15.676840996482355,-14.100019440224017,7
70900.0,70.9,4.422947750431186,0.3691936604725362,20.87281349889048,15.674662716254446,-14.164099616325004,8
71000.0,71.0,4.40349241474019,0.3725141957736744,20.553434770752304,15.853454624220333,-14.420169473799419,6
71100.0,71.1,4.382009640041361,0.3796058148249313,20.76295905532743,15.8850446466342,-14.386555179037586,5
71200.0,71.2,4.449126327577214,0.35892975409805794,20.958972099084335,15.590173334310151,-13.95576403959359,8
71300.0,71.3,4.415979764730402,0.35122621676025173,21.848871662349126,15.66275811496476,-14.129331273309504,8
71400.0,71.4,4.425805539484638,0.3623602169335752,21.715309668670244,15.44571098070287,-13.851875962886822,8
71500.0,71.5,4.3882237280059275,0.3478958150198097,20.872390673541943,15.843862449069036,-14.480131615080893,10
71600.0,71.6,4.453916428713926,0.3844406655642044,21.233850623895265,15.562150712633638,-14.000765136826274,13
71700.0,71.7,4.3891461766342825,0.3789883750143482,21.68186239029737,15.683920115219408,-14.116712672327083,14
71800.0,71.8,4.371900085989402,0.3464177896403155,21.32747349612876,15.836520059466707,-14.322844051643955,11
71900.0,71.9,4.402179341111554,0.38076135181284976,21.26549770675095,15.745141665042823,-14.184486972287601,8
72000.0,72.0,4.445507996557405,0.40736299493868244,22.148683632500834,15.46298181309838,-13.779135805759267,8
72100.0,72.1,4.3876244882898305,0.42094881785553867,21.845824211341068,15.464969097069371,-13.841600108661709,10
72200.0,72.2,4.429079939639985,0.4528753863745335,22.054815521385734,15.584755590927514,-14.038746882524606,4
72300.0,72.3,4.554542208203429,0.4887436444370927,22.117828661561674,15.007999374303893,-13.102269433558845,10
72400.0,72.4,4.3713974037172765,0.48904077682425146,20.855461499132957,15.637663757935272,-14.160933119756308,6
72500.0,72.5,4.439364822864608,0.4859796290373858,21.087513717913552,15.462067486915146,-13.756349780311098,7
72600.0,72.6,4.532940645594521,0.4537887751400901,22.981926965204877,15.22559313152182,-13.418761000063142,5
72700.0,72.7,4.471224675677492,0.4577177669507876,21.669236770550697,15.161406707864003,-13.314421401877567,10
72800.0,72.8,4.410697485933203,0.4464789255904755,22.385336489844846,15.411194804938688,-13.663081173571754,9
72900.0,72.9,4.447679376190185,0.4343786224237681,22.723478661136824,14.990546051438827,-13.113480396861206,8
73000.0,73.0,4.393878332104041,0.46979107334377534,22.491109879509352,15.114616972628568,-13.324173713085642,10
73100.0,73.1,4.386498345414051,0.4722420083660375,21.773032823290862,15.57043428306433,-14.041196512704772,7
73200.0,73.2,4.410760355147407,0.4758174897605347,22.285376095794533,15.322694381851605,-13.640314516419323,11
73300.0,73.3,4.468464424122492,0.44910668922283065,22.399151456247196,15.320137995010214,-13.589558337513367,8
73400.0,73.4,4.456166078780292,0.47596514451941296,21.633381219309882,15.514890030361926,-13.903022278756595,7
73500.0,73.5,4.4648282009921125,0.44662330743542944,21.833777927489592,15.365489536140629,-13.714914837655641,11
73600.0,73.6,4.515119907285867,0.45814221528634747,21.685222203705266,15.267866759452446,-13.604517908870221,9
73700.0,73.7,4.487369610250775,0.44645791131237117,21.89311110048365,15.318362280328444,-13.679669823719934,7
73800.0,73.8,4.41554797712624,0.4698125594795493,21.517756285068273,15.54721998289996,-14.04366866814297,6
73900.0,73.9,4.490640047881856,0.4494867465510602,22.435154001400903,15.418334244545107,-13.855813536428599,5
74000.0,74.0,4.503191752315424,0.45588253259848005,22.57074084716467,15.352847337247226,-13.720395942025007,6
74100.0,74.1,4.447874586842547,0.45325553545264496,22.13797758015569,15.440197324229231,-13.892828663011457,8
74200.0,74.2,4.456429984216434,0.4333719134602725,22.378339649686055,15.430661647371593,-13.757857917426918,6
74300.0,74.3,4.442817212649427,0.4097923014759732,21.856186491184758,15.625229318141791,-14.088614287030154,6
74400.0,74.4,4.3968282943981825,0.3705644444459981,22.91293909086839,15.71221397352393,-14.155953714313284,6
74500.0,74.5,4.449917304728098,0.4054854882277822,22.783789197059434,15.362837340966479,-13.585318736220685,8
74600.0,74.6,4.409915251339422,0.4034952396216286,22.134822797100256,15.529489445544002,-13.933259714060213,6
74700.0,74.7,4.422601042467613,0.38550616137841065,21.697316478157774,15.4096366645269,-13.662162112658947,12
74800.0,74.8,4.442720390168478,0.41204690433212166,20.260270932968268,15.577850354803516,-13.944104055538872,7
74900.0,74.9,4.414516678401538,0.4523804023265581,21.043784979132155,15.573286054678519,-13.984879355247017,7
75000.0,75.0,4.402611381955447,0.44913907931180386,21.366224966463605,15.78442604299589,-14.34250186535786,4
75100.0,75.1,4.448494228923624,0.4259004391644205,21.563475769790514,15.540310521213186,-13.880296237491066,6
75200.0,75.2,4.34323113495068,0.39487744547937026,21.010427407443217,15.931371462812294,-14.424336310562452,6
75300.0,75.3,4.405799111492989,0.37499911138678504,21.555659341172287,15.752421880402437,-14.245240641590016,5
75400.0,75.4,4.394887601874745,0.39468671222423796,21.73495808776974,15.620443100581042,-13.976023227121615,4
75500.0,75.5,4.3445782036898235,0.4086947984371652,21.56714989362102,15.654642114075784,-14.092362266754805,11
75600.0,75.6,4.309161601514182,0.4515168506143311,20.574317884115175,15.913597788244928,-14.461694462915773,8
75700.0,75.7,4.360943724048886,0.3572209539805944,20.296094010439433,15.51182590555075,-13.933524200898859,5
75800.0,75.8,4.346267213224733,0.3629441745257919,21.279595373052615,15.325394809354194,-13.591466564051302,10
75900.0,75.9,4.321826670666075,0.33856953994811634,20.007516582224454,15.933333975006065,-14.434505005652255,7
76000.0,76.0,4.43856031198181,0.3513556623459545,20.96591015550152,15.686445568969305,-14.11927561277659,7
76100.0,76.1,4.389272825554584,0.3311202283901495,20.75019844979046,15.859688560145258,-14.37153668534043,11
76200.0,76.2,4.443000543387814,0.4052749230376639,21.781667148154128,15.579876601444354,-13.894386158778104,11
76300.0,76.3,4.3237561598316905,0.3938303980114059,21.366931908974067,15.8293697107801,-14.33594060779268,11
76400.0,76.4,4.38660180097472,0.386469019230393,21.82595461677137,15.683871087962942,-14.133677503202662,10
76500.0,76.5,4.2925642956706,0.4030522419184712,21.79671864397072,15.913243455265714,-14.45776636866134,9
76600.0,76.6,4.456994669990296,0.3931939695607964,21.321538449199082,15.65565408502691,-13.967442630088172,9
76700.0,76.7,4.401144115296286,0.3693719931646611,22.18177793670604,15.556344603713896,-13.871551731275218,9
76800.0,76.8,4.3796342983134116,0.3733957814785472,21.10503840941982,15.800397463593725,-14.170535276780157,8
76900.0,76.9,4.335078441156755,0.36764077345659935,20.753998938877814,15.801453525971866,-14.293990825680027,7
77000.0,77.0,4.359013366025796,0.38854629172474725,20.756982053148576,15.687955000428673,-14.146752802421517,11
77100.0,77.1,4.303990512299769,0.39662890503161374,22.0805884782517,15.684748514530412,-14.098944972505222,8
77200.0,77.2,4.347739325979915,0.37599292282868185,22.214639650762876,15.524257219168007,-13.886948348514721,8
77300.0,77.3,4.34445171664397,0.3917195747760889,22.701136132624598,15.47643965434959,-13.710905334607077,12
77400.0,77.4,4.335664067047473,0.3124868517232245,21.82672860019916,15.668978407518793,-14.075913463994638,11
77500.0,77.5,4.258088549073992,0.34416741869618817,21.904321682249503,15.699642621329971,-14.15663378410683,10
77600.0,77.6,4.351497505398986,0.35052585734501923,21.39975257820916,15.462471004156129,-13.826166693685252,6
77700.0,77.7,4.33784042173691,0.371305065611382,21.58344249662872,15.535075354096634,-13.847693642631626,9
77800.0,77.8,4.306397864236886,0.3839587657354425,21.08205099653162,15.638411608482755,-14.09930480440623,10
77900.0,77.9,4.258113493058259,0.39226986514425555,22.759179658475915,15.535274674067978,-13.984467189553698,6
78000.0,78.0,4.3440324806108075,0.4264288417050734,21.661356077995535,15.822882042187132,-14.384603015363624,10
78100.0,78.1,4.311346682623265,0.42539205743660735,22.62463554597207,15.54521998096591,-13.983122752819966,8
78200.0,78.2,4.356485060099137,0.420312321997545,22.585530035293104,15.582272559458772,-13.95491790605901,11
78300.0,78.3,4.355266849771396,0.42991041230214944,21.66283377608542,15.540224607205985,-13.97481739964391,12
78400.0,78.4,4.380433852060545,0.3921683065597292,21.312844460453192,15.331038637649726,-13.669298046824053,9
78500.0,78.5,4.389641216510377,0.39551468870349604,21.09417217501229,15.676248912006528,-14.101774530449745,8
78600.0,78.6,4.460737212759145,0.3585044772177083,21.599048676562234,15.39267668936975,-13.732858485396946,8
78700.0,78.7,4.38033554397794,0.3695947165464652,21.828811058619152,15.396876336900647,-13.675005473799075,9
78800.0,78.8,4.4696686272898685,0.37850605221108413,22.12274433460867,15.163249958982703,-13.378035823640815,9
78900.0,78.9,4.490590707527121,0.34790627895870957,22.328947109296507,15.124484745627242,-13.21816685575277,8
79000.0,79.0,4.44970691653794,0.38253633208330723,22.791804355562718,15.308837729948834,-13.426097944616899,9
79100.0,79.1,4.393554209220261,0.3655054984932177,23.20826830979526,15.289653402609801,-13.535726520469055,10
79200.0,79.2,4.356308549936947,0.3724025250892658,22.727469944222307,15.44492389758716,-13.758545203156174,11
79300.0,79.3,4.383015826028531,0.43319271336064513,23.7005367564403,15.485683566055954,-13.66835667217147,7
79400.0,79.4,4.344721559313471,0.45460704905035365,23.502589683598046,15.562597245826467,-13.966798656034669,7
79500.0,79.5,4.353047451651823,0.43400196481266606,23.95452991328561,15.523818223563211,-13.807178788514506,5
79600.0,79.6,4.4355204287251215,0.4423683305803984,24.15607884878503,15.429778692364948,-13.587800295708334,7
79700.0,79.7,4.443275059144183,0.4261022292459119,24.677872379022546,15.382740098505437,-13.538539035976171,7
79800.0,79.8,4.435178496627886,0.4418951568270562,23.592812892815957,15.48647897617515,-13.728234324268882,4
79900.0,79.9,4.474060944120771,0.43400327085866086,24.305193668664614,15.228033695595471,-13.352139415940172,5
80000.0,80.0,4.4979382959702665,0.42987831522253395,24.78061164866861,15.302701547027354,-13.601571122088998,4
80100.0,80.1,4.39470270817471,0.47105491226937957,24.74042159426571,15.462861867680289,-13.865224234437733,6
80200.0,80.2,4.417621705826899,0.45442366649268245,24.469311220352907,15.696628307976397,-14.164381759820628,9
80300.0,80.3,4.427779611273538,0.4597839145390553,24.30969755918747,15.691357799203288,-14.062430756896902,5
80400.0,80.4,4.508508413706111,0.4688856577014825,25.63877843099766,15.170452611619694,-13.388288908487908,7
80500.0,80.5,4.462777167784863,0.46861096601202357,25.15605514591239,15.161931909475044,-13.305700169375683,5
80600.0,80.6,4.505280238628505,0.48169535289192006,25.48658541517314,15.08787036797193,-13.18385425153808,2
80700.0,80.7,4.440445859787468,0.46405686189340856,25.441234213118236,15.21413949850161,-13.414526879407589,6
80800.0,80.8,4.440445859787468,0.46405686189340856,25.441234213118236,15.21413949850161,-13.414526879407589,6
80900.0,80.9,4.447574363771239,0.4807211305070861,24.799331272241403,15.492351554124753,-13.811134946223888,3
81000.0,81.0,4.402311859444896,0.4627143447461358,25.29380797783513,15.563107208530496,-13.896655297461507,3
81100.0,81.1,4.43453493889079,0.46160844849060745,24.77114372664424,15.665867904417283,-14.130802365355933,2
81200.0,81.2,4.535383465983548,0.4562003497590087,25.42281672145627,15.295038106440117,-13.531261793599384,1
81300.0,81.3,4.446086019254787,0.472463088921649,23.551105013770112,15.918648714166494,-14.485747288125054,4
81400.0,81.4,4.4791098883031975,0.48852703653457097,24.37680370236997,15.395512330631973,-13.609595584847838,3
81500.0,81.5,4.4609372426948415,0.5268672263221903,24.73862902815354,15.232633720011961,-13.497912163811122,4
81600.0,81.6,4.427378983460287,0.4943021581567038,24.62350534933624,15.492263515586487,-13.78425315535138,4
81700.0,81.7,4.517283829932479,0.4584809147586256,25.797900484465075,15.219813758709051,-13.45116073572565,7
81800.0,81.8,4.53013962241929,0.473659449842654,24.87214084630564,15.246446923653082,-13.394480425382937,8
81900.0,81.9,4.4047161704880695,0.5071017490179601,24.33892571014013,15.365800519010534,-13.672377593620212,5
82000.0,82.0,4.435977751161431,0.4902030191183395,24.764238534413025,15.28243662803743,-13.412734307705549,4
82100.0,82.1,4.5223126167090495,0.5312783848477117,25.250522007364765,14.989011572103408,-13.078833420256018,8
82200.0,82.2,4.584264690134477,0.5135198209960726,25.79381660242875,14.641416410411608,-12.527207042672558,8
82300.0,82.3,4.530089841158079,0.49695481067960134,24.97540992019823,15.085480662742142,-13.156817258544208,8
82400.0,82.4,4.54993177194658,0.48611868180585754,25.873989994043086,14.788387094282385,-12.706874382358862,12
82500.0,82.5,4.440702838347235,0.46098072453871086,25.033298488324576,15.233882165202544,-13.27556874988926,9
82600.0,82.6,4.488524383090203,0.4958374427087091,26.178997005673565,15.062897168996258,-13.170019110574543,7
82700.0,82.7,4.4443676504750265,0.4937710595495305,25.329216056958444,14.78061403164196,-12.71940807519313,4
82800.0,82.8,4.487348557623608,0.4670457118746194,25.839751480021746,14.795001697083762,-12.761499900016972,6
82900.0,82.9,4.519035285313396,0.45502064243447504,25.59177728596235,15.043959922269195,-13.24094416398934,8
83000.0,83.0,4.474802931745663,0.4767877554843506,25.778655614925967,14.90783517484708,-12.901879350968372,10
83100.0,83.1,4.530728853532687,0.48593883256106374,25.941874740677534,14.616038448716694,-12.52182418957615,8
83200.0,83.2,4.53634803018889,0.466427008096279,24.76125127236925,14.940270246009362,-13.099977761208478,13
83300.0,83.3,4.543934230933255,0.48388109518923683,25.557018489038427,14.71199014941709,-12.608105469717302,7
83400.0,83.4,4.47598457963203,0.5195977103906128,25.507892541788436,14.835963141461875,-12.865398354546016,10
83500.0,83.5,4.596671505264381,0.4703930279982667,26.07576251565888,14.741203411660024,-12.746884162598562,9
83600.0,83.6,4.5676065885971715,0.45502976142311835,25.821159792877125,14.882304250686914,-12.877350649829083,9
83700.0,83.7,4.539852469543947,0.48061130942681557,24.771716279399257,14.968650217580972,-13.147757722001487,12
83800.0,83.8,4.500275839802729,0.45902062352312456,24.51770020607887,15.309554047859763,-13.587425382438909,10
83900.0,83.9,4.463365165520568,0.46848746365572885,24.047226257395664,15.430154875420484,-13.609639502052417,10
84000.0,84.0,4.586131101065753,0.46966144158278517,25.166259843954293,14.994502639361002,-13.04322980656768,10
84100.0,84.1,4.534718750935877,0.4579763577443637,24.8431926828127,15.020213589771458,-13.1551220549605,11
84200.0,84.2,4.506741708812205,0.44886438140348117,24.32000150838391,15.055721687625478,-13.177504212869863,5
84300.0,84.3,4.443667358459477,0.4506969187074624,25.033683497081512,15.267761060291434,-13.396087645652969,11
84400.0,84.4,4.437604269789931,0.45295491882147687,24.830087309693667,15.429921379783536,-13.665895840585506,6
84500.0,84.5,4.405832115043361,0.4648631897857663,24.614965194010793,15.621960368620506,-13.903897978576822,10
84600.0,84.6,4.4465297466183715,0.44639416812145755,24.755356223967368,15.341300969066694,-13.488179938585873,9
84700.0,84.7,4.436122306824916,0.45733733632137563,24.98952838867494,15.092474715779716,-13.100960436456774,8
84800.0,84.8,4.457814642494503,0.455193142960957,24.78642545616792,15.181294108474546,-13.207213636480063,7
84900.0,84.9,4.422016729854664,0.45225453443895447,24.71969535821769,15.483817483975685,-13.712555228764217,11
85000.0,85.0,4.458888862135501,0.45661656610982854,25.241170102295982,15.327407820027375,-13.53578426763903,11
85100.0,85.1,4.4310972170629235,0.43582110688215747,24.982809687041694,15.379774454717335,-13.55223541343166,10
85200.0,85.2,4.446021599539753,0.4318620297278698,24.703308267186358,15.317436700994449,-13.451200958899733,9
85300.0,85.3,4.365489374684291,0.45407111163334035,25.120452872605426,15.4957038204671,-13.734323894732,10
85400.0,85.4,4.441486600549887,0.4500066316674679,25.6018112756297,15.144375250830691,-13.257192832531459,8
85500.0,85.5,4.504679949418301,0.461405142869728,25.816532303121278,15.12676271508127,-13.204527814371858,12
85600.0,85.6,4.545509390678099,0.46175538917317277,26.24640250100373,14.896490333905007,-12.867923517584671,9
85700.0,85.7,4.545330184731302,0.45046063499254263,25.62738504434367,14.784768780151666,-12.696304052542715,10
85800.0,85.8,4.625600945336144,0.4856656372262078,26.752207956791068,14.519384128241697,-12.348243706890614,10
85900.0,85.9,4.6087212006199625,0.46905575188396875,26.445750693068987,14.469862423075668,-12.215127332253246,11
86000.0,86.0,4.598414601167428,0.46385833594517,26.71578129451092,14.268047457126073,-11.853109298121765,7
86100.0,86.1,4.514716009221771,0.43765003166279887,25.503538259447097,14.645383325896603,-12.489878602750707,7
86200.0,86.2,4.467265284669691,0.44132248418167686,26.550387596334048,14.764320027524292,-12.651127364198771,4
86300.0,86.3,4.459191995242972,0.4503142191824109,25.539689684940356,14.755557525447898,-12.671957031812084,9
86400.0,86.4,4.477204244114451,0.4833006427595275,26.475437474367496,14.738310934959642,-12.618068989612283,9
86500.0,86.5,4.445951923463204,0.4883162181552018,25.566817632592162,14.933336915517444,-12.940178056675151,7
86600.0,86.6,4.500711136109057,0.4663916164291361,25.664910069446222,14.655018400454722,-12.55386853976026,9
86700.0,86.7,4.602149453634885,0.4638333881864094,26.246164793871245,14.611993437029952,-12.325838800312766,5
86800.0,86.8,4.569496344946885,0.43755493037238713,25.835218884056772,14.507520824253234,-12.28949936199109,10
86900.0,86.9,4.665737758574444,0.4596197529980891,26.436596869543095,14.184539378691483,-11.772050982621238,9
87000.0,87.0,4.522898467081074,0.4799116202352861,25.441410887962576,14.608572066029396,-12.431884798349046,6
87100.0,87.1,4.509030589757576,0.4538394981523924,24.738338924227193,14.890233628135675,-12.763489559171077,13
87200.0,87.2,4.5559503237422945,0.4498632057490347,24.483057808783855,14.531294431206675,-12.211809587142398,12
87300.0,87.3,4.553946740926727,0.4591394898977478,25.050103634396734,14.659735164343289,-12.427762538264545,9
87400.0,87.4,4.51371274600413,0.4480697745199972,25.900058782698636,14.785659871172797,-12.6224186692464,11
87500.0,87.5,4.494474653793937,0.44670489922732737,26.365823143535124,14.753142193252685,-12.621977249767198,11
87600.0,87.6,4.494087267508559,0.47541075334384136,25.15916767295961,14.967915615813922,-12.946714415101013,9
87700.0,87.7,4.525013970993689,0.45280436111128736,25.34448437188462,14.946807923607793,-12.843757799300178,12
87800.0,87.8,4.540514348166909,0.4493995514280315,25.469500870672775,14.60230332390222,-12.411230888754403,9
87900.0,87.9,4.558656937365756,0.43590698335488154,25.648035566302624,14.641213016007129,-12.502473723377534,12
88000.0,88.0,4.452337045499457,0.45739741996875427,25.69906484117773,14.913154251506455,-12.873849334618768,12
88100.0,88.1,4.432291385247169,0.45556759581007844,25.202382926190083,14.83828027230372,-12.578156506989473,15
88200.0,88.2,4.538776041863615,0.43766192944915927,26.023960133950993,14.74097934615844,-12.596689292847827,16
88300.0,88.3,4.493378302792942,0.44880689932807305,25.011584187705367,14.913623529926966,-12.744622112874026,13
88400.0,88.4,4.482067235203021,0.44969986842463616,25.23215679529335,14.931597229139527,-12.845236265674643,10
88500.0,88.5,4.521666139857243,0.4566937436982507,25.319307545990952,14.860213692319434,-12.73717041615211,13
88600.0,88.6,4.556841235049538,0.4288097984618823,25.07275240518196,14.760950982761983,-12.603472858252545,13
88700.0,88.7,4.540199185493311,0.46205278388393356,23.71548278187018,14.812441523754472,-12.712371313163672,10
88800.0,88.8,4.517354482436856,0.42913971671759576,23.777922968120492,14.804238639318015,-12.790927728221376,11
88900.0,88.9,4.573775429782887,0.4506147286442694,25.05201430267941,14.539991805276443,-12.308244944812884,11
89000.0,89.0,4.531387447225886,0.43980200108970335,24.951379243035618,14.62347811318864,-12.490012105722911,14
89100.0,89.1,4.533230210088304,0.4522159954302153,25.75240273299181,14.464605297326301,-12.266865870617394,14
89200.0,89.2,4.547617939127128,0.4129127729247669,25.50408553093628,14.560662231779858,-12.260139350761563,10
89300.0,89.3,4.54788397376402,0.39778576191820936,25.7145891586801,14.318504822975868,-11.923468095091266,11
89400.0,89.4,4.586225671423779,0.4175684644818259,25.96179205429908,14.50480858171845,-12.178060928226614,7
89500.0,89.5,4.504274344084873,0.429263506840448,25.11794720274169,14.635086669533763,-12.50220968984452,7
89600.0,89.6,4.475191208614191,0.4239519769751509,25.238908585297608,14.851266504357056,-12.773162350867281,10
89700.0,89.7,4.487616082163401,0.41831434700293924,25.423289393804737,14.830829416796789,-12.597039982161903,9
89800.0,89.8,4.468064307678535,0.426897731536505,24.65050271886213,14.921258013615542,-12.755596551569226,13
89900.0,89.9,4.504865707659712,0.43520713982351306,24.22967833971113,14.888298600917281,-12.76456136126987,13
90000.0,90.0,4.458225761577076,0.4333282777281019,24.272095486407594,15.305315840912016,-13.38017251296121,16
90100.0,90.1,4.565923942666835,0.43145056221984995,24.501040201486376,14.85362896696607,-12.740203337043056,8
90200.0,90.2,4.5504858814843745,0.42055379305420953,25.06215651866988,14.77321822197429,-12.602227757194811,11
90300.0,90.3,4.474348848674611,0.4382133193847862,24.4242112468135,15.013250507550964,-12.95010714938418,11
90400.0,90.4,4.497622436428378,0.45160781476476475,25.0289113307265,14.896155680717257,-12.7378756182665,7
90500.0,90.5,4.502608628910014,0.4479675966020104,25.208932398175037,14.631739549820125,-12.350346736920756,7
90600.0,90.6,4.520114013517441,0.44408481857469206,24.839541037309303,14.463223775879626,-12.132574356566721,8
90700.0,90.7,4.44914462291128,0.437676440861538,25.062784232516677,14.787399292086604,-12.528229304846604,8
90800.0,90.8,4.460576740047867,0.457991098903185,25.37906601973033,14.300283530307311,-11.898371931998938,8
90900.0,90.9,4.460576740047867,0.457991098903185,25.37906601973033,14.300283530307311,-11.898371931998938,8
91000.0,91.0,4.561370705116987,0.4615916365617888,25.27282137658878,14.35818210664651,-11.835530876640263,10
91100.0,91.1,4.605949814958359,0.4411183700607415,25.318861711873666,14.099877748636416,-11.497156420671729,10
91200.0,91.2,4.60517156347674,0.44782606879339965,24.983042208807518,14.075886765950486,-11.492222244430863,11
91300.0,91.3,4.6166859777243605,0.42561514814613693,24.9120577391014,14.08171673563794,-11.530373131017015,11
91400.0,91.4,4.5457181200899495,0.43114591754626047,24.65173843451585,14.454991630255762,-12.032707774996851,9
91500.0,91.5,4.5160122980702315,0.41935286772095903,24.504484128539374,14.572257319211602,-12.330570073894677,7
91600.0,91.6,4.583015604362559,0.43915103191586125,25.739963294061383,14.10844199189711,-11.594167094042149,13
91700.0,91.7,4.541641795674307,0.4397123968546519,24.985045350225022,14.568930443336356,-12.312646049945542,12
91800.0,91.8,4.440806398516228,0.4486519777302645,24.815576749145535,14.421611975320602,-12.069991806567032,12
91900.0,91.9,4.383512605139369,0.4230286165370673,23.516278749026398,14.63050321312943,-12.423831540791895,13
92000.0,92.0,4.500176939784585,0.4357655503966992,25.94701895534773,13.720272399270513,-11.003763035409975,12
92100.0,92.1,4.525521848956014,0.4550915788706128,25.14941982307802,13.779378366608654,-11.205715928068358,11
92200.0,92.2,4.507125642105835,0.480533616127361,26.636283326617317,13.807007264183952,-11.242102292162414,9
92300.0,92.3,4.54068779219289,0.4831905334708117,27.33888115546182,13.677353575229986,-10.92654370189102,9
92400.0,92.4,4.470401294143376,0.4719641962246163,26.917616831887145,13.970247989038612,-11.32809784595571,8
92500.0,92.5,4.568268330296677,0.4542522150070045,25.99218797476165,13.975045398787032,-11.440905799034766,7
92600.0,92.6,4.564113808749356,0.46412234401167085,25.918738808141825,13.925672540238779,-11.389731233290163,8
92700.0,92.7,4.558645049309151,0.4407091803544015,26.872391234270367,13.84574985843804,-11.21967072766715,11
92800.0,92.8,4.500618393920151,0.41016453699476185,26.52554706076276,14.004555683446966,-11.602922470785757,8
92900.0,92.9,4.521771139600777,0.3999967865523377,26.954084436349035,13.955039312276028,-11.458638982797922,6
93000.0,93.0,4.500197439295323,0.39990551291667914,26.641985395221155,14.072998369383228,-11.65519543189069,8
93100.0,93.1,4.529452568116704,0.42857181157614727,27.109798343324712,14.07804342919448,-11.685764174379074,9
93200.0,93.2,4.57642036737327,0.3939121693141681,27.439188530785643,13.93516664957204,-11.383855595818702,8
93300.0,93.3,4.51250437557867,0.40393692134282616,26.773438841439955,14.33210985543046,-12.010128604752879,6
93400.0,93.4,4.4825498936783275,0.39148355428319376,27.014619242231475,14.369719259502133,-11.988137786801516,9
93500.0,93.5,4.4996114311282085,0.38367795937289856,27.708344507708958,14.13982372314878,-11.66681426147673,8
93600.0,93.6,4.474944423673071,0.37817720350112444,27.46969541935661,14.232768362419122,-11.812364738819284,5
93700.0,93.7,4.5053925115250575,0.3807313874973919,27.101002168606797,14.369009228887208,-11.94417713205678,8
93800.0,93.8,4.453362632043735,0.3582527109384326,26.825722610303714,14.340839121300661,-12.100635476180543,5
93900.0,93.9,4.480843562852148,0.3653951766745576,25.850820520114794,14.325400925182436,-12.02122023269169,8
94000.0,94.0,4.567276036198459,0.37252755320640113,25.797409196951406,14.192717235706567,-11.83707180542659,8
94100.0,94.1,4.52851438500577,0.38565439113962957,26.31770932129649,14.149534758383481,-11.77297240155795,7
94200.0,94.2,4.527701412079562,0.3892932288937258,26.453589628897788,14.173719661231488,-11.761844341933681,6
94300.0,94.3,4.521936391886273,0.4396862677713482,25.810437092621925,14.287215655002399,-11.837509308507961,6
94400.0,94.4,4.533801750551964,0.41462123576394916,26.081179156976518,14.074801410805776,-11.735055126974956,11
94500.0,94.5,4.498473077179171,0.4080817761454744,25.192478490976868,14.243291551023333,-11.933202146409599,8
94600.0,94.6,4.464119635466412,0.4265647657845508,24.750864930715835,14.389978934833948,-12.193167242282072,13
94700.0,94.7,4.466919984150183,0.4203343974393075,24.564750656029005,14.541377080136343,-12.355192704502898,10
94800.0,94.8,4.404913622522924,0.4536489923267471,24.704315469783623,14.526484310490886,-12.285883846273663,9
94900.0,94.9,4.414137580146777,0.4890665430476937,25.120664812824586,14.579886595910153,-12.373182414453382,9
95000.0,95.0,4.5156116162582505,0.4920562193908401,26.581378452056114,14.244158798725167,-11.758716298975656,9
95100.0,95.1,4.5970519023532095,0.5193895794011644,25.37722430926891,14.320560370551803,-11.813437229125384,6
95200.0,95.2,4.559302039419835,0.4911865677635855,23.36271257415386,14.534208846161349,-12.248123553105984,6
95300.0,95.3,4.506713699501198,0.5039198406096095,24.195110014242246,14.302855335316764,-11.949899896013477,6
95400.0,95.4,4.5593228320948604,0.48167866935242803,25.013963855417245,14.391941745147875,-11.91138554958414,7
95500.0,95.5,4.5065780737125785,0.5127118769277437,23.760363766518594,14.594824663500873,-12.393819729071765,5
95600.0,95.6,4.555491933042821,0.4966363745846637,24.21903424806328,14.571899633105545,-12.32699018455149,5
95700.0,95.7,4.502064730718059,0.5049848081669828,23.258189124639273,14.885999760913236,-12.74989798214834,4
95800.0,95.8,4.469914569069528,0.508688257129628,23.419803330610804,14.696065397136238,-12.582155875670892,6
95900.0,95.9,4.451240811632468,0.5130450190157881,22.653771197373516,15.07118453369911,-13.069696600198,10
96000.0,96.0,4.5035297229724005,0.5344079292915106,22.876268863392838,15.174277032639296,-13.259604514073658,3
96100.0,96.1,4.46760611260096,0.5470861284885483,23.44750025236155,15.285805467639975,-13.546312937438572,5
96200.0,96.2,4.458319106845796,0.5595004413211572,23.18669039220981,15.548657983714989,-13.919622872739424,6
96300.0,96.3,4.503521325827082,0.5573860437467923,21.666129474911003,15.517500029528719,-13.821696328804705,5
96400.0,96.4,4.52830443171907,0.5847443081965323,22.398450267483312,15.315141802225583,-13.512793860196851,6
96500.0,96.5,4.441611436289305,0.6126032182268539,21.840695676583806,15.192782602223815,-13.399354968443276,4
96600.0,96.6,4.430871693787497,0.6038517846069058,21.381478527851428,15.365623255892459,-13.558354220037899,4
96700.0,96.7,4.3997400402695135,0.6023459964855802,21.5903378506692,15.521737884920313,-13.86716578616226,5
96800.0,96.8,4.398935575983512,0.5923299371084936,21.45298013525992,15.394464103776627,-13.731883934224868,5
96900.0,96.9,4.535153779891636,0.5973539193668943,21.544586900493826,14.986124681542734,-13.08474636190688,5
97000.0,97.0,4.349189966724635,0.6070866956281809,21.000994888835564,15.652636084995677,-14.080933670745907,2
97100.0,97.1,4.379187878413648,0.6103595882288608,21.260710229242548,15.329018566619865,-13.699881578177738,4
97200.0,97.2,4.408205566148529,0.5673623982908139,22.00641037024991,15.448716717870866,-13.865756415283727,8
97300.0,97.3,4.390722672801571,0.5782439831907537,21.437256035682125,15.830459165454215,-14.388964362281541,6
97400.0,97.4,4.407786079856615,0.5555623778131357,21.442266495448536,15.783782626665683,-14.267144381384966,4
97500.0,97.5,4.432816186859187,0.5533319689843272,22.503534061566555,15.306066355977563,-13.544773839491967,4
97600.0,97.6,4.359048922494329,0.5421559914991648,22.30696943545651,15.415781855895915,-13.664719273282117,7
97700.0,97.7,4.407671035692245,0.5622418529924096,21.95347268730434,15.406426249193288,-13.696768626017843,6
97800.0,97.8,4.30625732323147,0.5332315640537469,21.852688584154137,15.527810380276122,-13.918034941355643,8
97900.0,97.9,4.361103531720161,0.5328587906772851,22.51774921638446,15.465314270066273,-13.76731315276605,4
98000.0,98.0,4.444443833184241,0.4976284015035808,23.516658559824606,15.357321309031079,-13.56855656554012,8
98100.0,98.1,4.444120207374023,0.45383427051745107,22.50359705836334,15.453775514032486,-13.784465317328298,7
98200.0,98.2,4.549437113361005,0.46982359707733645,23.668048566107288,15.078405932619134,-13.246544982340893,4
98300.0,98.3,4.442781929866903,0.5133369853298896,22.914607283846507,15.124891126257978,-13.204066474131551,5
98400.0,98.4,4.458605310050965,0.5211835788431951,22.758932173784615,15.370489840572944,-13.563625029013053,3
98500.0,98.5,4.372769236146696,0.5039261719998458,22.354087211504833,15.57282854427595,-14.017380504058693,6
98600.0,98.6,4.389633310254597,0.4345288151073303,23.58677130450377,15.036611092315198,-13.019705197209362,5
98700.0,98.7,4.36054326076579,0.4715435737194694,22.701170628938044,15.341722687617434,-13.578195579542111,6
98800.0,98.8,4.401277837592493,0.4643094988648698,22.805130992920596,15.47980932564812,-13.732071203093952,4
98900.0,98.9,4.431947797877789,0.46356885810592063,23.340295819568965,15.18182597218788,-13.25523087769939,2
99000.0,99.0,4.4468823368063735,0.4494290942989988,22.91892791679618,15.269203115803805,-13.481314584417689,4
99100.0,99.1,4.440119210385364,0.4672143192735342,22.258710892042174,15.703340295256055,-14.168760470067397,3
99200.0,99.2,4.499931048217574,0.4539971648102986,22.314937848388382,15.385403369645147,-13.656438611317654,5
99300.0,99.3,4.415644478117793,0.4439739403479758,23.536598606331935,15.53844283063735,-13.918291527190362,8
99400.0,99.4,4.445549915620317,0.42155440587043536,23.87556466757094,15.651406172645352,-14.022096198117197,5
99500.0,99.5,4.452354409641812,0.40254235570443064,24.011090210650835,15.5734722238046,-13.861995535873689,5
99600.0,99.6,4.490689204177949,0.40064504426608927,23.511543838997795,15.356606168209211,-13.583648606945388,5
99700.0,99.7,4.419576184508633,0.441762534395425,23.807874469758758,15.51252883651945,-13.852657408071039,7
99800.0,99.8,4.407750317336555,0.39378236606551964,23.27150809189814,15.434140406921472,-13.73978270720643,3
99900.0,99.9,4.343704375641268,0.40371981878990193,23.03115256000953,15.561550934924185,-13.868796155832158,4
100000.0,100.0,4.330911758358978,0.41279518951046185,22.59235680544799,16.00633345930555,-14.628060008758354,6
100100.0,100.1,4.375168326344547,0.4179677629447395,22.800681226178156,15.755943160313109,-14.217368735276779,6
100200.0,100.2,4.351306110468303,0.401467806435468,24.895238915728825,15.39382629569937,-13.610759618570881,4
100300.0,100.3,4.301076993122494,0.3948536613371359,23.56456229991221,15.822730709778952,-14.274207011794502,5
100400.0,100.4,4.438230329210412,0.40602588170881804,24.57973826018366,15.419782938829186,-13.61631868098614,6
100500.0,100.5,4.443581722747831,0.4044392318000013,23.452893400492698,15.766036391839776,-14.13027425003311,5
100600.0,100.6,4.402390123759854,0.4186122469069223,22.922637480173933,15.699458209395601,-14.079577767601137,8
100700.0,100.7,4.382091152705501,0.40255210877446335,23.11862370857405,15.977157924053799,-14.55322088756705,8
100800.0,100.8,4.413839421626695,0.4407557468443858,22.89688632168891,15.7561680507483,-14.202102212888235,7
100900.0,100.9,4.403287782245938,0.4084955624941595,22.808754146808553,15.789484542344653,-14.189522660974689,7
