                :-) GROMACS - gmx mdrun, 2024.5-conda_forge (-:

Copyright 1991-2024 The GROMACS Authors.
GROMACS is free software; you can redistribute it and/or modify it
under the terms of the GNU Lesser General Public License
as published by the Free Software Foundation; either version 2.1
of the License, or (at your option) any later version.

                         Current GROMACS contributors:
       Mark Abraham           Andrey Alekseenko           Vladimir Basov      
      Cathrine Bergh            Eliane Briand               Ania Brown        
      Mahesh Doijade            Giacomo Fiorin          Stefan Fleischmann    
      Sergey Gorelov         Gilles Gouaillardet            Alan Gray         
     M. Eric Irrgang         Farzaneh Jalalypour            Joe Jordan        
     Carsten Kutzner           Justin A. Lemkul          Magnus Lundborg      
       Pascal Merz              Vedran Miletic            Dmitry Morozov      
       Julien Nabet              Szilard Pall        Andrea Pasquadibisceglie 
    Michele Pellegrino          Hubert Santuz             Roland Schulz       
     Tatiana Shugaeva          Alexey Shvetsov            Philip Turner       
     Alessandra Villa      Sebastian Wingbermuehle  

                         Previous GROMACS contributors:
        Emile Apol             Rossen Apostolov           James Barnett       
        Paul Bauer          Herman J.C. Berendsen          Par Bjelkmar       
      Christian Blau          Viacheslav Bolnykh            Kevin Boyd        
    Aldert van Buuren          Carlo Camilloni           Rudi van Drunen      
      Anton Feenstra           Oliver Fleetwood            Vytas Gapsys       
       Gaurav Garg             Gerrit Groenhof            Bert de Groot       
      Anca Hamuraru           Vincent Hindriksen          Victor Holanda      
     Aleksei Iupinov          Christoph Junghans        Prashanth Kanduri     
   Dimitrios Karkoulis           Peter Kasson             Sebastian Kehl      
     Sebastian Keller             Jiri Kraus               Per Larsson        
      Viveca Lindahl            Erik Marklund           Pieter Meulenhoff     
      Teemu Murtola              Sander Pronk             Michael Shirts      
      Alfons Sijbers            Balint Soproni         David van der Spoel    
      Peter Tieleman            Carsten Uphoff             Jon Vincent        
     Teemu Virolainen         Christian Wennberg           Maarten Wolf       
      Artem Zhmurov       

                  Coordinated by the GROMACS project leaders:
                           Berk Hess and Erik Lindahl

GROMACS:      gmx mdrun, version 2024.5-conda_forge
Executable:   /usr/local/bin.AVX2_256/gmx
Data prefix:  /usr/local
Working dir:  /host_pwd
Process ID:   90554
Command line:
  gmx mdrun -nobackup -nocopyright -v -deffnm step6.2 -nb gpu -pme gpu -bonded gpu -nt 24 -gpu_id 0

GROMACS version:     2024.5-conda_forge
Precision:           mixed
Memory model:        64 bit
MPI library:         thread_mpi
OpenMP support:      enabled (GMX_OPENMP_MAX_THREADS = 128)
GPU support:         CUDA
NBNxM GPU setup:     super-cluster 2x2x2 / cluster 8
SIMD instructions:   AVX2_256
CPU FFT library:     fftw-3.3.10-sse2-avx
GPU FFT library:     cuFFT
Multi-GPU FFT:       none
RDTSCP usage:        disabled
TNG support:         enabled
Hwloc support:       disabled
Tracing support:     disabled
C compiler:          /home/conda/feedstock_root/build_artifacts/gromacs_1737880200488/_build_env/bin/x86_64-conda-linux-gnu-cc GNU 11.4.0
C compiler flags:    -fexcess-precision=fast -funroll-all-loops -mavx2 -mfma -Wno-missing-field-initializers -O3 -DNDEBUG
C++ compiler:        /home/conda/feedstock_root/build_artifacts/gromacs_1737880200488/_build_env/bin/x86_64-conda-linux-gnu-c++ GNU 11.4.0
C++ compiler flags:  -fexcess-precision=fast -funroll-all-loops -mavx2 -mfma -Wno-missing-field-initializers -Wno-cast-function-type-strict SHELL:-fopenmp -O3 -DNDEBUG
BLAS library:        Internal
LAPACK library:      Internal
CUDA compiler:       /usr/local/cuda/bin/nvcc nvcc: NVIDIA (R) Cuda compiler driver;Copyright (c) 2005-2022 NVIDIA Corporation;Built on Wed_Sep_21_10:33:58_PDT_2022;Cuda compilation tools, release 11.8, V11.8.89;Build cuda_11.8.r11.8/compiler.31833905_0
CUDA compiler flags:-std=c++17;--generate-code=arch=compute_35,code=sm_35;--generate-code=arch=compute_37,code=sm_37;--generate-code=arch=compute_50,code=sm_50;--generate-code=arch=compute_52,code=sm_52;--generate-code=arch=compute_60,code=sm_60;--generate-code=arch=compute_61,code=sm_61;--generate-code=arch=compute_70,code=sm_70;--generate-code=arch=compute_75,code=sm_75;--generate-code=arch=compute_80,code=sm_80;--generate-code=arch=compute_86,code=sm_86;--generate-code=arch=compute_89,code=sm_89;--generate-code=arch=compute_90,code=sm_90;-Wno-deprecated-gpu-targets;--generate-code=arch=compute_53,code=sm_53;--generate-code=arch=compute_80,code=sm_80;-use_fast_math;-Xptxas;-warn-double-usage;-Xptxas;-Werror;;-Xcompiler;-fopenmp;-fexcess-precision=fast -funroll-all-loops -mavx2 -mfma -Wno-missing-field-initializers -Wno-cast-function-type-strict SHELL:-fopenmp -O3 -DNDEBUG
CUDA driver:         11.70
CUDA runtime:        11.80


Running on 1 node with total 32 cores, 64 processing units, 1 compatible GPU
Hardware detected on host kuhpcgn2:
  CPU info:
    Vendor: Intel
    Brand:  Intel(R) Xeon(R) Silver 4216 CPU @ 2.10GHz
    Family: 6   Model: 85   Stepping: 7
    Features: aes apic avx avx2 avx512f avx512cd avx512bw avx512vl clfsh cmov cx8 cx16 f16c fma hle htt intel lahf mmx msr nonstop_tsc pcid pclmuldq pdcm pdpe1gb popcnt pse rdrnd rdtscp rtm sse2 sse3 sse4.1 sse4.2 ssse3 tdt x2apic
    Number of AVX-512 FMA units: 1 (For Intel, AVX2 is faster w/o 2 AVX-512 FMA units)
  Hardware topology: Basic
    Packages, cores, and logical processors:
    [indices refer to OS logical processors]
      Package  0: [   0  32] [   1  33] [   2  34] [   3  35] [   4  36] [   5  37] [   6  38] [   7  39] [   8  40] [   9  41] [  10  42] [  11  43] [  12  44] [  13  45] [  14  46] [  15  47]
      Package  1: [  16  48] [  17  49] [  18  50] [  19  51] [  20  52] [  21  53] [  22  54] [  23  55] [  24  56] [  25  57] [  26  58] [  27  59] [  28  60] [  29  61] [  30  62] [  31  63]
    CPU limit set by OS: -1   Recommended max number of threads: 64
  GPU info:
    Number of GPUs detected: 1
    #0: NVIDIA Tesla V100-PCIE-32GB, compute cap.: 7.0, ECC: yes, stat: compatible

The current CPU can measure timings more accurately than the code in
gmx mdrun was configured to use. This might affect your simulation
speed as accurate timings are needed for load-balancing.
Please consider rebuilding gmx mdrun with the GMX_USE_RDTSCP=ON CMake option.

++++ PLEASE READ AND CITE THE FOLLOWING REFERENCE ++++
M. J. Abraham, T. Murtola, R. Schulz, S. Páll, J. C. Smith, B. Hess, E.
Lindahl
GROMACS: High performance molecular simulations through multi-level
parallelism from laptops to supercomputers
SoftwareX 1 (2015) pp. 19-25
-------- -------- --- Thank You --- -------- --------


++++ PLEASE READ AND CITE THE FOLLOWING REFERENCE ++++
S. Páll, M. J. Abraham, C. Kutzner, B. Hess, E. Lindahl
Tackling Exascale Software Challenges in Molecular Dynamics Simulations with
GROMACS
In S. Markidis & E. Laure (Eds.), Solving Software Challenges for Exascale 8759 (2015) pp. 3-27
-------- -------- --- Thank You --- -------- --------


++++ PLEASE READ AND CITE THE FOLLOWING REFERENCE ++++
S. Pronk, S. Páll, R. Schulz, P. Larsson, P. Bjelkmar, R. Apostolov, M. R.
Shirts, J. C. Smith, P. M. Kasson, D. van der Spoel, B. Hess, and E. Lindahl
GROMACS 4.5: a high-throughput and highly parallel open source molecular
simulation toolkit
Bioinformatics 29 (2013) pp. 845-54
-------- -------- --- Thank You --- -------- --------


++++ PLEASE READ AND CITE THE FOLLOWING REFERENCE ++++
B. Hess and C. Kutzner and D. van der Spoel and E. Lindahl
GROMACS 4: Algorithms for highly efficient, load-balanced, and scalable
molecular simulation
J. Chem. Theory Comput. 4 (2008) pp. 435-447
-------- -------- --- Thank You --- -------- --------


++++ PLEASE READ AND CITE THE FOLLOWING REFERENCE ++++
D. van der Spoel, E. Lindahl, B. Hess, G. Groenhof, A. E. Mark and H. J. C.
Berendsen
GROMACS: Fast, Flexible and Free
J. Comp. Chem. 26 (2005) pp. 1701-1719
-------- -------- --- Thank You --- -------- --------


++++ PLEASE READ AND CITE THE FOLLOWING REFERENCE ++++
E. Lindahl and B. Hess and D. van der Spoel
GROMACS 3.0: A package for molecular simulation and trajectory analysis
J. Mol. Mod. 7 (2001) pp. 306-317
-------- -------- --- Thank You --- -------- --------


++++ PLEASE READ AND CITE THE FOLLOWING REFERENCE ++++
H. J. C. Berendsen, D. van der Spoel and R. van Drunen
GROMACS: A message-passing parallel molecular dynamics implementation
Comp. Phys. Comm. 91 (1995) pp. 43-56
-------- -------- --- Thank You --- -------- --------


The number of OpenMP threads was set by environment variable OMP_NUM_THREADS to 24

Input Parameters:
   integrator                     = md
   tinit                          = 0
   dt                             = 0.001
   nsteps                         = 125000
   init-step                      = 0
   simulation-part                = 1
   mts                            = false
   mass-repartition-factor        = 1
   comm-mode                      = Linear
   nstcomm                        = 100
   bd-fric                        = 0
   ld-seed                        = -146931752
   emtol                          = 10
   emstep                         = 0.01
   niter                          = 20
   fcstep                         = 0
   nstcgsteep                     = 1000
   nbfgscorr                      = 10
   rtpi                           = 0.05
   nstxout                        = 0
   nstvout                        = 0
   nstfout                        = 0
   nstlog                         = 1000
   nstcalcenergy                  = 100
   nstenergy                      = 1000
   nstxout-compressed             = 5000
   compressed-x-precision         = 1000
   cutoff-scheme                  = Verlet
   nstlist                        = 20
   pbc                            = xyz
   periodic-molecules             = false
   verlet-buffer-tolerance        = 0.005
   verlet-buffer-pressure-tolerance = 0.5
   rlist                          = 1.2
   coulombtype                    = PME
   coulomb-modifier               = Potential-shift
   rcoulomb-switch                = 0
   rcoulomb                       = 1.2
   epsilon-r                      = 1
   epsilon-rf                     = inf
   vdw-type                       = Cut-off
   vdw-modifier                   = Force-switch
   rvdw-switch                    = 1
   rvdw                           = 1.2
   DispCorr                       = No
   table-extension                = 1
   fourierspacing                 = 0.12
   fourier-nx                     = 72
   fourier-ny                     = 72
   fourier-nz                     = 96
   pme-order                      = 4
   ewald-rtol                     = 1e-05
   ewald-rtol-lj                  = 0.001
   lj-pme-comb-rule               = Geometric
   ewald-geometry                 = 3d
   epsilon-surface                = 0
   ensemble-temperature-setting   = constant
   ensemble-temperature           = 310.15
   tcoupl                         = V-rescale
   nsttcouple                     = 100
   nh-chain-length                = 0
   print-nose-hoover-chain-variables = false
   pcoupl                         = No
   refcoord-scaling               = No
   posres-com (3):
      posres-com[0]= 0.00000e+00
      posres-com[1]= 0.00000e+00
      posres-com[2]= 0.00000e+00
   posres-comB (3):
      posres-comB[0]= 0.00000e+00
      posres-comB[1]= 0.00000e+00
      posres-comB[2]= 0.00000e+00
   QMMM                           = false
qm-opts:
   ngQM                           = 0
   constraint-algorithm           = Lincs
   continuation                   = true
   Shake-SOR                      = false
   shake-tol                      = 0.0001
   lincs-order                    = 4
   lincs-iter                     = 1
   lincs-warnangle                = 30
   nwall                          = 0
   wall-type                      = 9-3
   wall-r-linpot                  = -1
   wall-atomtype[0]               = -1
   wall-atomtype[1]               = -1
   wall-density[0]                = 0
   wall-density[1]                = 0
   wall-ewald-zfac                = 3
   pull                           = false
   awh                            = false
   rotation                       = false
   interactiveMD                  = false
   disre                          = No
   disre-weighting                = Conservative
   disre-mixed                    = false
   dr-fc                          = 1000
   dr-tau                         = 0
   nstdisreout                    = 100
   orire-fc                       = 0
   orire-tau                      = 0
   nstorireout                    = 100
   free-energy                    = no
   cos-acceleration               = 0
   deform (3x3):
      deform[    0]={ 0.00000e+00,  0.00000e+00,  0.00000e+00}
      deform[    1]={ 0.00000e+00,  0.00000e+00,  0.00000e+00}
      deform[    2]={ 0.00000e+00,  0.00000e+00,  0.00000e+00}
   simulated-tempering            = false
   swapcoords                     = no
   userint1                       = 0
   userint2                       = 0
   userint3                       = 0
   userint4                       = 0
   userreal1                      = 0
   userreal2                      = 0
   userreal3                      = 0
   userreal4                      = 0
   applied-forces:
     electric-field:
       x:
         E0                       = 0
         omega                    = 0
         t0                       = 0
         sigma                    = 0
       y:
         E0                       = 0
         omega                    = 0
         t0                       = 0
         sigma                    = 0
       z:
         E0                       = 0
         omega                    = 0
         t0                       = 0
         sigma                    = 0
     density-guided-simulation:
       active                     = false
       group                      = protein
       similarity-measure         = inner-product
       atom-spreading-weight      = unity
       force-constant             = 1e+09
       gaussian-transform-spreading-width = 0.2
       gaussian-transform-spreading-range-in-multiples-of-width = 4
       reference-density-filename = reference.mrc
       nst                        = 1
       normalize-densities        = true
       adaptive-force-scaling     = false
       adaptive-force-scaling-time-constant = 4
       shift-vector               = 
       transformation-matrix      = 
     qmmm-cp2k:
       active                     = false
       qmgroup                    = System
       qmmethod                   = PBE
       qmfilenames                = 
       qmcharge                   = 0
       qmmultiplicity             = 1
     colvars:
       active                     = false
       configfile                 = 
       seed                       = -1
grpopts:
   nrdf:     1424.93     59697.1       82437
   ref-t:      310.15      310.15      310.15
   tau-t:           1           1           1
annealing:          No          No          No
annealing-npoints:           0           0           0
   acc:	           0           0           0
   nfreeze:           N           N           N
   energygrp-flags[  0]: 0

Changing nstlist from 20 to 100, rlist from 1.2 to 1.292

When checking whether update groups are usable:
  Domain decomposition is not active, so there is no need for update groups
1 GPU selected for this run.
Mapping of GPU IDs to the 2 GPU tasks in the 1 rank on this node:
  PP:0,PME:0
PP tasks will do (non-perturbed) short-ranged and most bonded interactions on the GPU
PP task will update and constrain coordinates on the GPU
PME tasks will do all aspects on the GPU
Using 1 MPI thread
Using 24 OpenMP threads 

System total charge: 0.000
Will do PME sum in reciprocal space for electrostatic interactions.

++++ PLEASE READ AND CITE THE FOLLOWING REFERENCE ++++
U. Essmann, L. Perera, M. L. Berkowitz, T. Darden, H. Lee and L. G. Pedersen 
A smooth particle mesh Ewald method
J. Chem. Phys. 103 (1995) pp. 8577-8592
-------- -------- --- Thank You --- -------- --------

Using a Gaussian width (1/beta) of 0.384195 nm for Ewald
Potential shift: LJ r^-12: -2.648e-01 r^-6: -5.349e-01, Ewald -8.333e-06
Initialized non-bonded Coulomb Ewald tables, spacing: 1.02e-03 size: 1176

Generated table with 1146 data points for 1-4 COUL.
Tabscale = 500 points/nm
Generated table with 1146 data points for 1-4 LJ6.
Tabscale = 500 points/nm
Generated table with 1146 data points for 1-4 LJ12.
Tabscale = 500 points/nm


Using GPU 8x8 nonbonded short-range kernels

Using a dual 8x8 pair-list setup updated with dynamic, rolling pruning:
  outer list: updated every 100 steps, buffer 0.092 nm, rlist 1.292 nm
  inner list: updated every  34 steps, buffer 0.001 nm, rlist 1.201 nm
At tolerance 0.005 kJ/mol/ps per atom, equivalent classical 1x1 list would be:
  outer list: updated every 100 steps, buffer 0.203 nm, rlist 1.403 nm
  inner list: updated every  34 steps, buffer 0.071 nm, rlist 1.271 nm

The average pressure is off by at most 0.34 bar due to missing LJ interactions

NOTE: The number of threads is not equal to the number of (logical) cpus
      and the -pin option is set to auto: will not pin threads to cpus.
      This can lead to significant performance degradation.
      Consider using -pin on (and -pinoffset in case you run multiple jobs).

Initializing LINear Constraint Solver

++++ PLEASE READ AND CITE THE FOLLOWING REFERENCE ++++
B. Hess and H. Bekker and H. J. C. Berendsen and J. G. E. M. Fraaije
LINCS: A Linear Constraint Solver for molecular simulations
J. Comp. Chem. 18 (1997) pp. 1463-1472
-------- -------- --- Thank You --- -------- --------

The number of constraints is 15336

++++ PLEASE READ AND CITE THE FOLLOWING REFERENCE ++++
S. Miyamoto and P. A. Kollman
SETTLE: An Analytical Version of the SHAKE and RATTLE Algorithms for Rigid
Water Models
J. Comp. Chem. 13 (1992) pp. 952-962
-------- -------- --- Thank You --- -------- --------


++++ PLEASE READ AND CITE THE FOLLOWING REFERENCE ++++
G. Bussi, D. Donadio and M. Parrinello
Canonical sampling through velocity rescaling
J. Chem. Phys. 126 (2007) pp. 014101
-------- -------- --- Thank You --- -------- --------

There are: 66650 Atoms

Updating coordinates and applying constraints on the GPU.
Center of mass motion removal mode is Linear
We have the following groups for center of mass motion removal:
  0:  SOLU_MEMB
  1:  SOLV

Started mdrun on rank 0 Sun Jul  5 08:30:37 2026

           Step           Time
              0        0.00000

   Energies (kJ/mol)
           Bond            U-B    Proper Dih.  Improper Dih.      CMAP Dih.
    1.16666e+04    6.77046e+04    4.88257e+04    5.88227e+02    5.16518e+01
          LJ-14     Coulomb-14        LJ (SR)   Coulomb (SR)   Coul. recip.
    7.21887e+03    1.79176e+05    2.00314e+04   -9.29761e+05    3.51044e+03
 Position Rest.     Dih. Rest.      Potential    Kinetic En.   Total Energy
    2.94197e+02    7.65857e+01   -5.90616e+05    1.87763e+05   -4.02854e+05
  Conserved En.    Temperature Pressure (bar)   Constr. rmsd
   -4.02854e+05    3.14612e+02   -9.12390e+02    0.00000e+00

step  600: timed with pme grid 72 72 96, coulomb cutoff 1.200: 4636.5 M-cycles
step  800: timed with pme grid 64 64 84, coulomb cutoff 1.307: 3175.5 M-cycles
step 1000: timed with pme grid 56 56 80, coulomb cutoff 1.444: 4809.4 M-cycles
           Step           Time
           1000        1.00000

   Energies (kJ/mol)
           Bond            U-B    Proper Dih.  Improper Dih.      CMAP Dih.
    1.17844e+04    6.77754e+04    4.85528e+04    5.70011e+02    5.51766e+01
          LJ-14     Coulomb-14        LJ (SR)   Coulomb (SR)   Coul. recip.
    7.31910e+03    1.79211e+05    2.16485e+04   -9.30810e+05    2.24445e+03
 Position Rest.     Dih. Rest.      Potential    Kinetic En.   Total Energy
    4.22929e+02    1.71732e+02   -5.91054e+05    1.85142e+05   -4.05912e+05
  Conserved En.    Temperature Pressure (bar)   Constr. rmsd
   -4.05010e+05    3.10221e+02   -5.51300e+02    0.00000e+00

step 1200: timed with pme grid 60 60 80, coulomb cutoff 1.373: 4901.9 M-cycles
step 1400: timed with pme grid 60 60 84, coulomb cutoff 1.347: 3939.1 M-cycles
step 1600: timed with pme grid 64 64 84, coulomb cutoff 1.307: 3710.0 M-cycles
step 1800: timed with pme grid 64 64 96, coulomb cutoff 1.263: 1349.0 M-cycles
              optimal pme grid 64 64 96, coulomb cutoff 1.263
           Step           Time
           2000        2.00000

   Energies (kJ/mol)
           Bond            U-B    Proper Dih.  Improper Dih.      CMAP Dih.
    1.14453e+04    6.69800e+04    4.87366e+04    6.03220e+02    3.68341e+01
          LJ-14     Coulomb-14        LJ (SR)   Coulomb (SR)   Coul. recip.
    7.46397e+03    1.79270e+05    2.21049e+04   -9.31427e+05    2.96163e+03
 Position Rest.     Dih. Rest.      Potential    Kinetic En.   Total Energy
    4.23887e+02    1.77441e+02   -5.91224e+05    1.83772e+05   -4.07452e+05
  Conserved En.    Temperature Pressure (bar)   Constr. rmsd
   -4.05027e+05    3.07924e+02   -5.13169e+02    0.00000e+00

           Step           Time
           3000        3.00000

   Energies (kJ/mol)
           Bond            U-B    Proper Dih.  Improper Dih.      CMAP Dih.
    1.16831e+04    6.73740e+04    4.85682e+04    5.99415e+02    6.91319e+01
          LJ-14     Coulomb-14        LJ (SR)   Coulomb (SR)   Coul. recip.
    7.14547e+03    1.78773e+05    2.21003e+04   -9.32016e+05    2.87799e+03
 Position Rest.     Dih. Rest.      Potential    Kinetic En.   Total Energy
    5.23349e+02    1.52315e+02   -5.92150e+05    1.84406e+05   -4.07745e+05
  Conserved En.    Temperature Pressure (bar)   Constr. rmsd
   -4.05018e+05    3.08987e+02   -5.28945e+02    0.00000e+00

           Step           Time
           4000        4.00000

   Energies (kJ/mol)
           Bond            U-B    Proper Dih.  Improper Dih.      CMAP Dih.
    1.16263e+04    6.80052e+04    4.84742e+04    4.87365e+02    6.34309e+01
          LJ-14     Coulomb-14        LJ (SR)   Coulomb (SR)   Coul. recip.
    7.25811e+03    1.79359e+05    2.30092e+04   -9.33626e+05    2.97978e+03
 Position Rest.     Dih. Rest.      Potential    Kinetic En.   Total Energy
    4.93628e+02    1.52954e+02   -5.91717e+05    1.83493e+05   -4.08223e+05
  Conserved En.    Temperature Pressure (bar)   Constr. rmsd
   -4.05013e+05    3.07458e+02   -2.80642e+02    0.00000e+00

           Step           Time
           5000        5.00000

   Energies (kJ/mol)
           Bond            U-B    Proper Dih.  Improper Dih.      CMAP Dih.
    1.15536e+04    6.76912e+04    4.85251e+04    5.59246e+02    7.08939e+01
          LJ-14     Coulomb-14        LJ (SR)   Coulomb (SR)   Coul. recip.
    7.36752e+03    1.79596e+05    2.27170e+04   -9.33522e+05    2.93761e+03
 Position Rest.     Dih. Rest.      Potential    Kinetic En.   Total Energy
    4.70063e+02    1.49440e+02   -5.91884e+05    1.84529e+05   -4.07355e+05
  Conserved En.    Temperature Pressure (bar)   Constr. rmsd
   -4.05021e+05    3.09193e+02   -4.09580e+02    0.00000e+00

           Step           Time
           6000        6.00000

   Energies (kJ/mol)
           Bond            U-B    Proper Dih.  Improper Dih.      CMAP Dih.
    1.17669e+04    6.74965e+04    4.85538e+04    6.07103e+02    3.91526e+01
          LJ-14     Coulomb-14        LJ (SR)   Coulomb (SR)   Coul. recip.
    7.48485e+03    1.79226e+05    2.18676e+04   -9.30648e+05    2.92891e+03
 Position Rest.     Dih. Rest.      Potential    Kinetic En.   Total Energy
    4.91987e+02    1.94974e+02   -5.89991e+05    1.85800e+05   -4.04191e+05
  Conserved En.    Temperature Pressure (bar)   Constr. rmsd
   -4.05052e+05    3.11323e+02   -3.31101e+02    0.00000e+00

           Step           Time
           7000        7.00000

   Energies (kJ/mol)
           Bond            U-B    Proper Dih.  Improper Dih.      CMAP Dih.
    1.15555e+04    6.81089e+04    4.87040e+04    6.02347e+02    3.69737e+01
          LJ-14     Coulomb-14        LJ (SR)   Coulomb (SR)   Coul. recip.
    7.31228e+03    1.79062e+05    2.05202e+04   -9.30178e+05    2.84255e+03
 Position Rest.     Dih. Rest.      Potential    Kinetic En.   Total Energy
    5.09135e+02    1.89866e+02   -5.90735e+05    1.85701e+05   -4.05034e+05
  Conserved En.    Temperature Pressure (bar)   Constr. rmsd
   -4.05040e+05    3.11157e+02   -5.09084e+02    0.00000e+00

           Step           Time
           8000        8.00000

   Energies (kJ/mol)
           Bond            U-B    Proper Dih.  Improper Dih.      CMAP Dih.
    1.16174e+04    6.78099e+04    4.86542e+04    5.79412e+02    4.59106e+01
          LJ-14     Coulomb-14        LJ (SR)   Coulomb (SR)   Coul. recip.
    7.46519e+03    1.79046e+05    2.14311e+04   -9.30501e+05    2.90162e+03
 Position Rest.     Dih. Rest.      Potential    Kinetic En.   Total Energy
    5.43131e+02    1.56192e+02   -5.90251e+05    1.83873e+05   -4.06378e+05
  Conserved En.    Temperature Pressure (bar)   Constr. rmsd
   -4.05040e+05    3.08094e+02   -2.43400e+02    0.00000e+00

           Step           Time
           9000        9.00000

   Energies (kJ/mol)
           Bond            U-B    Proper Dih.  Improper Dih.      CMAP Dih.
    1.14485e+04    6.80279e+04    4.86895e+04    5.03029e+02    6.37817e+01
          LJ-14     Coulomb-14        LJ (SR)   Coulomb (SR)   Coul. recip.
    7.19023e+03    1.79069e+05    2.03188e+04   -9.31287e+05    2.83740e+03
 Position Rest.     Dih. Rest.      Potential    Kinetic En.   Total Energy
    4.79329e+02    1.61039e+02   -5.92499e+05    1.86243e+05   -4.06256e+05
  Conserved En.    Temperature Pressure (bar)   Constr. rmsd
   -4.05057e+05    3.12065e+02   -6.71536e+02    0.00000e+00

           Step           Time
          10000       10.00000

   Energies (kJ/mol)
           Bond            U-B    Proper Dih.  Improper Dih.      CMAP Dih.
    1.18312e+04    6.80680e+04    4.88414e+04    6.62880e+02    2.62579e+01
          LJ-14     Coulomb-14        LJ (SR)   Coulomb (SR)   Coul. recip.
    7.41374e+03    1.78840e+05    2.20937e+04   -9.30829e+05    2.88457e+03
 Position Rest.     Dih. Rest.      Potential    Kinetic En.   Total Energy
    4.85400e+02    1.51305e+02   -5.89530e+05    1.85344e+05   -4.04186e+05
  Conserved En.    Temperature Pressure (bar)   Constr. rmsd
   -4.05036e+05    3.10558e+02   -5.32093e+02    0.00000e+00

           Step           Time
          11000       11.00000

   Energies (kJ/mol)
           Bond            U-B    Proper Dih.  Improper Dih.      CMAP Dih.
    1.17898e+04    6.80046e+04    4.87694e+04    5.95032e+02    5.72906e+01
          LJ-14     Coulomb-14        LJ (SR)   Coulomb (SR)   Coul. recip.
    7.51409e+03    1.79543e+05    2.10655e+04   -9.30520e+05    2.92055e+03
 Position Rest.     Dih. Rest.      Potential    Kinetic En.   Total Energy
    4.45141e+02    1.38009e+02   -5.89677e+05    1.86409e+05   -4.03268e+05
  Conserved En.    Temperature Pressure (bar)   Constr. rmsd
   -4.05034e+05    3.12343e+02   -2.72621e+02    0.00000e+00

           Step           Time
          12000       12.00000

   Energies (kJ/mol)
           Bond            U-B    Proper Dih.  Improper Dih.      CMAP Dih.
    1.17892e+04    6.80579e+04    4.89314e+04    5.49229e+02    2.68873e+01
          LJ-14     Coulomb-14        LJ (SR)   Coulomb (SR)   Coul. recip.
    7.31509e+03    1.79120e+05    2.06841e+04   -9.30626e+05    2.90629e+03
 Position Rest.     Dih. Rest.      Potential    Kinetic En.   Total Energy
    4.89367e+02    1.66540e+02   -5.90590e+05    1.86550e+05   -4.04040e+05
  Conserved En.    Temperature Pressure (bar)   Constr. rmsd
   -4.05053e+05    3.12579e+02   -2.96528e+02    0.00000e+00

           Step           Time
          13000       13.00000

   Energies (kJ/mol)
           Bond            U-B    Proper Dih.  Improper Dih.      CMAP Dih.
    1.17260e+04    6.83627e+04    4.88827e+04    5.23835e+02    5.62144e+01
          LJ-14     Coulomb-14        LJ (SR)   Coulomb (SR)   Coul. recip.
    7.37161e+03    1.79125e+05    2.14298e+04   -9.30432e+05    2.87499e+03
 Position Rest.     Dih. Rest.      Potential    Kinetic En.   Total Energy
    4.53642e+02    1.51116e+02   -5.89474e+05    1.85025e+05   -4.04449e+05
  Conserved En.    Temperature Pressure (bar)   Constr. rmsd
   -4.05033e+05    3.10024e+02   -5.25592e+02    0.00000e+00

           Step           Time
          14000       14.00000

   Energies (kJ/mol)
           Bond            U-B    Proper Dih.  Improper Dih.      CMAP Dih.
    1.17790e+04    6.76735e+04    4.88064e+04    5.74406e+02    7.04415e+00
          LJ-14     Coulomb-14        LJ (SR)   Coulomb (SR)   Coul. recip.
    7.40168e+03    1.79204e+05    2.21409e+04   -9.32227e+05    2.91099e+03
 Position Rest.     Dih. Rest.      Potential    Kinetic En.   Total Energy
    5.15576e+02    1.50262e+02   -5.91063e+05    1.86524e+05   -4.04540e+05
  Conserved En.    Temperature Pressure (bar)   Constr. rmsd
   -4.05058e+05    3.12535e+02   -4.12809e+02    0.00000e+00

           Step           Time
          15000       15.00000

   Energies (kJ/mol)
           Bond            U-B    Proper Dih.  Improper Dih.      CMAP Dih.
    1.13780e+04    6.85540e+04    4.86912e+04    5.77647e+02    6.86210e+01
          LJ-14     Coulomb-14        LJ (SR)   Coulomb (SR)   Coul. recip.
    7.15473e+03    1.79066e+05    2.06414e+04   -9.30821e+05    2.90687e+03
 Position Rest.     Dih. Rest.      Potential    Kinetic En.   Total Energy
    4.46777e+02    1.68759e+02   -5.91167e+05    1.84581e+05   -4.06585e+05
  Conserved En.    Temperature Pressure (bar)   Constr. rmsd
   -4.05050e+05    3.09281e+02   -3.89860e+02    0.00000e+00

           Step           Time
          16000       16.00000

   Energies (kJ/mol)
           Bond            U-B    Proper Dih.  Improper Dih.      CMAP Dih.
    1.16604e+04    6.76476e+04    4.86729e+04    5.51613e+02    6.23879e+01
          LJ-14     Coulomb-14        LJ (SR)   Coulomb (SR)   Coul. recip.
    7.43484e+03    1.79390e+05    2.12322e+04   -9.32034e+05    2.81674e+03
 Position Rest.     Dih. Rest.      Potential    Kinetic En.   Total Energy
    4.88260e+02    1.50285e+02   -5.91926e+05    1.85340e+05   -4.06586e+05
  Conserved En.    Temperature Pressure (bar)   Constr. rmsd
   -4.05062e+05    3.10553e+02   -2.61120e+02    0.00000e+00

           Step           Time
          17000       17.00000

   Energies (kJ/mol)
           Bond            U-B    Proper Dih.  Improper Dih.      CMAP Dih.
    1.15113e+04    6.73195e+04    4.86110e+04    6.28000e+02    3.80963e+01
          LJ-14     Coulomb-14        LJ (SR)   Coulomb (SR)   Coul. recip.
    7.22147e+03    1.78751e+05    2.04976e+04   -9.30549e+05    3.02774e+03
 Position Rest.     Dih. Rest.      Potential    Kinetic En.   Total Energy
    5.08920e+02    1.52098e+02   -5.92282e+05    1.83519e+05   -4.08763e+05
  Conserved En.    Temperature Pressure (bar)   Constr. rmsd
   -4.05088e+05    3.07500e+02   -6.46346e+02    0.00000e+00

           Step           Time
          18000       18.00000

   Energies (kJ/mol)
           Bond            U-B    Proper Dih.  Improper Dih.      CMAP Dih.
    1.18228e+04    6.76478e+04    4.86618e+04    5.42208e+02    6.92371e+01
          LJ-14     Coulomb-14        LJ (SR)   Coulomb (SR)   Coul. recip.
    7.29197e+03    1.79491e+05    2.26374e+04   -9.32612e+05    2.93818e+03
 Position Rest.     Dih. Rest.      Potential    Kinetic En.   Total Energy
    4.89743e+02    1.78535e+02   -5.90842e+05    1.85388e+05   -4.05454e+05
  Conserved En.    Temperature Pressure (bar)   Constr. rmsd
   -4.05088e+05    3.10632e+02   -1.65839e+02    0.00000e+00

           Step           Time
          19000       19.00000

   Energies (kJ/mol)
           Bond            U-B    Proper Dih.  Improper Dih.      CMAP Dih.
    1.14065e+04    6.76658e+04    4.87497e+04    6.16426e+02    4.76822e+01
          LJ-14     Coulomb-14        LJ (SR)   Coulomb (SR)   Coul. recip.
    7.28250e+03    1.79144e+05    2.24676e+04   -9.31884e+05    2.94994e+03
 Position Rest.     Dih. Rest.      Potential    Kinetic En.   Total Energy
    4.62532e+02    1.58188e+02   -5.90933e+05    1.86809e+05   -4.04124e+05
  Conserved En.    Temperature Pressure (bar)   Constr. rmsd
   -4.05094e+05    3.13013e+02   -2.96186e+02    0.00000e+00

           Step           Time
          20000       20.00000

   Energies (kJ/mol)
           Bond            U-B    Proper Dih.  Improper Dih.      CMAP Dih.
    1.16595e+04    6.75058e+04    4.86699e+04    5.69647e+02    5.12437e+01
          LJ-14     Coulomb-14        LJ (SR)   Coulomb (SR)   Coul. recip.
    7.27145e+03    1.79233e+05    2.19560e+04   -9.31619e+05    2.97300e+03
 Position Rest.     Dih. Rest.      Potential    Kinetic En.   Total Energy
    5.39993e+02    1.60778e+02   -5.91028e+05    1.85718e+05   -4.05310e+05
  Conserved En.    Temperature Pressure (bar)   Constr. rmsd
   -4.05099e+05    3.11186e+02   -5.67434e+02    0.00000e+00

           Step           Time
          21000       21.00000

   Energies (kJ/mol)
           Bond            U-B    Proper Dih.  Improper Dih.      CMAP Dih.
    1.14420e+04    6.79156e+04    4.85421e+04    5.71849e+02    6.05712e+01
          LJ-14     Coulomb-14        LJ (SR)   Coulomb (SR)   Coul. recip.
    7.32803e+03    1.79230e+05    2.31378e+04   -9.33293e+05    2.98748e+03
 Position Rest.     Dih. Rest.      Potential    Kinetic En.   Total Energy
    5.59013e+02    1.60060e+02   -5.91359e+05    1.84795e+05   -4.06563e+05
  Conserved En.    Temperature Pressure (bar)   Constr. rmsd
   -4.05091e+05    3.09639e+02   -4.73455e+02    0.00000e+00

           Step           Time
          22000       22.00000

   Energies (kJ/mol)
           Bond            U-B    Proper Dih.  Improper Dih.      CMAP Dih.
    1.15652e+04    6.71247e+04    4.89550e+04    5.44566e+02    4.18338e+01
          LJ-14     Coulomb-14        LJ (SR)   Coulomb (SR)   Coul. recip.
    7.45988e+03    1.79229e+05    2.17121e+04   -9.32039e+05    2.93619e+03
 Position Rest.     Dih. Rest.      Potential    Kinetic En.   Total Energy
    4.84565e+02    1.70376e+02   -5.91816e+05    1.83901e+05   -4.07915e+05
  Conserved En.    Temperature Pressure (bar)   Constr. rmsd
   -4.05106e+05    3.08141e+02   -1.86400e+02    0.00000e+00

           Step           Time
          23000       23.00000

   Energies (kJ/mol)
           Bond            U-B    Proper Dih.  Improper Dih.      CMAP Dih.
    1.15887e+04    6.80283e+04    4.86252e+04    5.25069e+02    5.21579e+01
          LJ-14     Coulomb-14        LJ (SR)   Coulomb (SR)   Coul. recip.
    7.35480e+03    1.78866e+05    2.12375e+04   -9.30706e+05    2.94541e+03
 Position Rest.     Dih. Rest.      Potential    Kinetic En.   Total Energy
    5.89268e+02    1.45906e+02   -5.90748e+05    1.84241e+05   -4.06507e+05
  Conserved En.    Temperature Pressure (bar)   Constr. rmsd
   -4.05114e+05    3.08710e+02   -3.31424e+02    0.00000e+00

           Step           Time
          24000       24.00000

   Energies (kJ/mol)
           Bond            U-B    Proper Dih.  Improper Dih.      CMAP Dih.
    1.14250e+04    6.77646e+04    4.89621e+04    6.47150e+02    5.11162e+01
          LJ-14     Coulomb-14        LJ (SR)   Coulomb (SR)   Coul. recip.
    7.47275e+03    1.79302e+05    2.12290e+04   -9.29610e+05    2.87932e+03
 Position Rest.     Dih. Rest.      Potential    Kinetic En.   Total Energy
    4.83467e+02    1.82016e+02   -5.89212e+05    1.85677e+05   -4.03535e+05
  Conserved En.    Temperature Pressure (bar)   Constr. rmsd
   -4.05105e+05    3.11117e+02   -3.23944e+02    0.00000e+00

           Step           Time
          25000       25.00000

   Energies (kJ/mol)
           Bond            U-B    Proper Dih.  Improper Dih.      CMAP Dih.
    1.17749e+04    6.76962e+04    4.86878e+04    6.15025e+02    4.83921e+01
          LJ-14     Coulomb-14        LJ (SR)   Coulomb (SR)   Coul. recip.
    7.41168e+03    1.78762e+05    2.15242e+04   -9.30156e+05    2.96262e+03
 Position Rest.     Dih. Rest.      Potential    Kinetic En.   Total Energy
    5.43234e+02    1.38217e+02   -5.89991e+05    1.85335e+05   -4.04656e+05
  Conserved En.    Temperature Pressure (bar)   Constr. rmsd
   -4.05111e+05    3.10544e+02   -4.62021e+02    0.00000e+00

           Step           Time
          26000       26.00000

   Energies (kJ/mol)
           Bond            U-B    Proper Dih.  Improper Dih.      CMAP Dih.
    1.17551e+04    6.74783e+04    4.87288e+04    5.46307e+02    3.12817e+01
          LJ-14     Coulomb-14        LJ (SR)   Coulomb (SR)   Coul. recip.
    7.38743e+03    1.78979e+05    2.08808e+04   -9.30716e+05    2.87380e+03
 Position Rest.     Dih. Rest.      Potential    Kinetic En.   Total Energy
    5.39774e+02    1.48892e+02   -5.91367e+05    1.85300e+05   -4.06067e+05
  Conserved En.    Temperature Pressure (bar)   Constr. rmsd
   -4.05113e+05    3.10485e+02   -4.36400e+02    0.00000e+00

           Step           Time
          27000       27.00000

   Energies (kJ/mol)
           Bond            U-B    Proper Dih.  Improper Dih.      CMAP Dih.
    1.17273e+04    6.80586e+04    4.86786e+04    5.86872e+02    4.55396e+01
          LJ-14     Coulomb-14        LJ (SR)   Coulomb (SR)   Coul. recip.
    7.35831e+03    1.78792e+05    2.23059e+04   -9.32548e+05    2.88540e+03
 Position Rest.     Dih. Rest.      Potential    Kinetic En.   Total Energy
    5.52569e+02    1.56048e+02   -5.91401e+05    1.85064e+05   -4.06337e+05
  Conserved En.    Temperature Pressure (bar)   Constr. rmsd
   -4.05104e+05    3.10089e+02   -5.93429e+02    0.00000e+00

           Step           Time
          28000       28.00000

   Energies (kJ/mol)
           Bond            U-B    Proper Dih.  Improper Dih.      CMAP Dih.
    1.18587e+04    6.78815e+04    4.88578e+04    5.89491e+02    5.73420e+01
          LJ-14     Coulomb-14        LJ (SR)   Coulomb (SR)   Coul. recip.
    7.37596e+03    1.78843e+05    2.05055e+04   -9.31285e+05    2.91767e+03
 Position Rest.     Dih. Rest.      Potential    Kinetic En.   Total Energy
    5.37707e+02    1.50682e+02   -5.91709e+05    1.85493e+05   -4.06217e+05
  Conserved En.    Temperature Pressure (bar)   Constr. rmsd
   -4.05128e+05    3.10808e+02   -6.18768e+02    0.00000e+00

           Step           Time
          29000       29.00000

   Energies (kJ/mol)
           Bond            U-B    Proper Dih.  Improper Dih.      CMAP Dih.
    1.17170e+04    6.76731e+04    4.91206e+04    5.76109e+02    6.13731e+01
          LJ-14     Coulomb-14        LJ (SR)   Coulomb (SR)   Coul. recip.
    7.43689e+03    1.78736e+05    2.24926e+04   -9.32424e+05    2.91711e+03
 Position Rest.     Dih. Rest.      Potential    Kinetic En.   Total Energy
    5.39568e+02    1.98183e+02   -5.90955e+05    1.85202e+05   -4.05754e+05
  Conserved En.    Temperature Pressure (bar)   Constr. rmsd
   -4.05118e+05    3.10321e+02   -5.36507e+02    0.00000e+00

           Step           Time
          30000       30.00000

   Energies (kJ/mol)
           Bond            U-B    Proper Dih.  Improper Dih.      CMAP Dih.
    1.17665e+04    6.81582e+04    4.89479e+04    6.02817e+02    3.15474e+01
          LJ-14     Coulomb-14        LJ (SR)   Coulomb (SR)   Coul. recip.
    7.40017e+03    1.78558e+05    2.16254e+04   -9.30094e+05    2.93952e+03
 Position Rest.     Dih. Rest.      Potential    Kinetic En.   Total Energy
    5.34921e+02    1.33341e+02   -5.89396e+05    1.84305e+05   -4.05091e+05
  Conserved En.    Temperature Pressure (bar)   Constr. rmsd
   -4.05114e+05    3.08817e+02   -3.15210e+02    0.00000e+00

           Step           Time
          31000       31.00000

   Energies (kJ/mol)
           Bond            U-B    Proper Dih.  Improper Dih.      CMAP Dih.
    1.13134e+04    6.74343e+04    4.88599e+04    5.70213e+02    5.73360e+01
          LJ-14     Coulomb-14        LJ (SR)   Coulomb (SR)   Coul. recip.
    7.34813e+03    1.78533e+05    2.21785e+04   -9.32844e+05    2.91516e+03
 Position Rest.     Dih. Rest.      Potential    Kinetic En.   Total Energy
    4.90065e+02    1.70224e+02   -5.92974e+05    1.84038e+05   -4.08936e+05
  Conserved En.    Temperature Pressure (bar)   Constr. rmsd
   -4.05131e+05    3.08370e+02   -4.27625e+02    0.00000e+00

           Step           Time
          32000       32.00000

   Energies (kJ/mol)
           Bond            U-B    Proper Dih.  Improper Dih.      CMAP Dih.
    1.15010e+04    6.75449e+04    4.86313e+04    5.92162e+02    4.80890e+01
          LJ-14     Coulomb-14        LJ (SR)   Coulomb (SR)   Coul. recip.
    7.22951e+03    1.78462e+05    2.19427e+04   -9.32145e+05    2.86270e+03
 Position Rest.     Dih. Rest.      Potential    Kinetic En.   Total Energy
    5.22833e+02    1.54375e+02   -5.92654e+05    1.83430e+05   -4.09224e+05
  Conserved En.    Temperature Pressure (bar)   Constr. rmsd
   -4.05154e+05    3.07351e+02   -4.72264e+02    0.00000e+00

           Step           Time
          33000       33.00000

   Energies (kJ/mol)
           Bond            U-B    Proper Dih.  Improper Dih.      CMAP Dih.
    1.17023e+04    6.71544e+04    4.87063e+04    6.39545e+02    6.37966e+01
          LJ-14     Coulomb-14        LJ (SR)   Coulomb (SR)   Coul. recip.
    7.37800e+03    1.78465e+05    2.23234e+04   -9.31691e+05    2.85580e+03
 Position Rest.     Dih. Rest.      Potential    Kinetic En.   Total Energy
    5.22955e+02    1.59445e+02   -5.91721e+05    1.84835e+05   -4.06885e+05
  Conserved En.    Temperature Pressure (bar)   Constr. rmsd
   -4.05149e+05    3.09706e+02   -4.59996e+02    0.00000e+00

           Step           Time
          34000       34.00000

   Energies (kJ/mol)
           Bond            U-B    Proper Dih.  Improper Dih.      CMAP Dih.
    1.15207e+04    6.76620e+04    4.84834e+04    5.63647e+02    5.71006e+01
          LJ-14     Coulomb-14        LJ (SR)   Coulomb (SR)   Coul. recip.
    7.28790e+03    1.78529e+05    2.31174e+04   -9.31850e+05    2.93166e+03
 Position Rest.     Dih. Rest.      Potential    Kinetic En.   Total Energy
    5.24174e+02    1.52171e+02   -5.91020e+05    1.85273e+05   -4.05747e+05
  Conserved En.    Temperature Pressure (bar)   Constr. rmsd
   -4.05155e+05    3.10439e+02   -1.75414e+02    0.00000e+00

           Step           Time
          35000       35.00000

   Energies (kJ/mol)
           Bond            U-B    Proper Dih.  Improper Dih.      CMAP Dih.
    1.13770e+04    6.69032e+04    4.86299e+04    5.77025e+02    3.44923e+01
          LJ-14     Coulomb-14        LJ (SR)   Coulomb (SR)   Coul. recip.
    7.38375e+03    1.78380e+05    2.12072e+04   -9.30908e+05    2.99791e+03
 Position Rest.     Dih. Rest.      Potential    Kinetic En.   Total Energy
    5.42370e+02    1.81089e+02   -5.92694e+05    1.86505e+05   -4.06189e+05
  Conserved En.    Temperature Pressure (bar)   Constr. rmsd
   -4.05179e+05    3.12504e+02   -3.89445e+02    0.00000e+00

           Step           Time
          36000       36.00000

   Energies (kJ/mol)
           Bond            U-B    Proper Dih.  Improper Dih.      CMAP Dih.
    1.17973e+04    6.79840e+04    4.90110e+04    5.25451e+02    4.77461e+01
          LJ-14     Coulomb-14        LJ (SR)   Coulomb (SR)   Coul. recip.
    7.35541e+03    1.78747e+05    2.11907e+04   -9.30079e+05    2.96615e+03
 Position Rest.     Dih. Rest.      Potential    Kinetic En.   Total Energy
    5.11862e+02    1.71015e+02   -5.89771e+05    1.86137e+05   -4.03634e+05
  Conserved En.    Temperature Pressure (bar)   Constr. rmsd
   -4.05156e+05    3.11888e+02   -4.42412e+02    0.00000e+00

           Step           Time
          37000       37.00000

   Energies (kJ/mol)
           Bond            U-B    Proper Dih.  Improper Dih.      CMAP Dih.
    1.15670e+04    6.78834e+04    4.87667e+04    5.77648e+02    3.78811e+01
          LJ-14     Coulomb-14        LJ (SR)   Coulomb (SR)   Coul. recip.
    7.42127e+03    1.78852e+05    2.23678e+04   -9.31590e+05    3.01669e+03
 Position Rest.     Dih. Rest.      Potential    Kinetic En.   Total Energy
    5.30056e+02    1.81568e+02   -5.90387e+05    1.84298e+05   -4.06089e+05
  Conserved En.    Temperature Pressure (bar)   Constr. rmsd
   -4.05162e+05    3.08807e+02   -3.48059e+02    0.00000e+00

           Step           Time
          38000       38.00000

   Energies (kJ/mol)
           Bond            U-B    Proper Dih.  Improper Dih.      CMAP Dih.
    1.18334e+04    6.77927e+04    4.88969e+04    5.95447e+02    2.93881e+01
          LJ-14     Coulomb-14        LJ (SR)   Coulomb (SR)   Coul. recip.
    7.17672e+03    1.78511e+05    2.27693e+04   -9.31842e+05    2.93086e+03
 Position Rest.     Dih. Rest.      Potential    Kinetic En.   Total Energy
    4.90795e+02    1.54797e+02   -5.90660e+05    1.84732e+05   -4.05927e+05
  Conserved En.    Temperature Pressure (bar)   Constr. rmsd
   -4.05180e+05    3.09534e+02   -3.84939e+02    0.00000e+00

           Step           Time
          39000       39.00000

   Energies (kJ/mol)
           Bond            U-B    Proper Dih.  Improper Dih.      CMAP Dih.
    1.14224e+04    6.76375e+04    4.86189e+04    6.62933e+02    4.08799e+01
          LJ-14     Coulomb-14        LJ (SR)   Coulomb (SR)   Coul. recip.
    7.38102e+03    1.79036e+05    2.18666e+04   -9.31913e+05    2.96333e+03
 Position Rest.     Dih. Rest.      Potential    Kinetic En.   Total Energy
    4.93997e+02    1.69899e+02   -5.91620e+05    1.85496e+05   -4.06123e+05
  Conserved En.    Temperature Pressure (bar)   Constr. rmsd
   -4.05186e+05    3.10814e+02   -3.69540e+02    0.00000e+00

           Step           Time
          40000       40.00000

   Energies (kJ/mol)
           Bond            U-B    Proper Dih.  Improper Dih.      CMAP Dih.
    1.14967e+04    6.78126e+04    4.89021e+04    5.30320e+02    3.95604e+01
          LJ-14     Coulomb-14        LJ (SR)   Coulomb (SR)   Coul. recip.
    7.18183e+03    1.78275e+05    2.25181e+04   -9.31396e+05    2.85169e+03
 Position Rest.     Dih. Rest.      Potential    Kinetic En.   Total Energy
    5.11755e+02    1.57684e+02   -5.91119e+05    1.84535e+05   -4.06584e+05
  Conserved En.    Temperature Pressure (bar)   Constr. rmsd
   -4.05198e+05    3.09203e+02   -2.65245e+02    0.00000e+00

           Step           Time
          41000       41.00000

   Energies (kJ/mol)
           Bond            U-B    Proper Dih.  Improper Dih.      CMAP Dih.
    1.17599e+04    6.77191e+04    4.89212e+04    6.18405e+02    6.23143e+01
          LJ-14     Coulomb-14        LJ (SR)   Coulomb (SR)   Coul. recip.
    7.35425e+03    1.78675e+05    1.97648e+04   -9.29788e+05    2.86599e+03
 Position Rest.     Dih. Rest.      Potential    Kinetic En.   Total Energy
    4.70938e+02    1.76558e+02   -5.91399e+05    1.83843e+05   -4.07556e+05
  Conserved En.    Temperature Pressure (bar)   Constr. rmsd
   -4.05191e+05    3.08044e+02   -8.99429e+02    0.00000e+00

           Step           Time
          42000       42.00000

   Energies (kJ/mol)
           Bond            U-B    Proper Dih.  Improper Dih.      CMAP Dih.
    1.14944e+04    6.79899e+04    4.90000e+04    6.01179e+02    6.26614e+01
          LJ-14     Coulomb-14        LJ (SR)   Coulomb (SR)   Coul. recip.
    7.23520e+03    1.78142e+05    2.02535e+04   -9.29257e+05    2.94057e+03
 Position Rest.     Dih. Rest.      Potential    Kinetic En.   Total Energy
    4.97527e+02    1.56743e+02   -5.90884e+05    1.84783e+05   -4.06101e+05
  Conserved En.    Temperature Pressure (bar)   Constr. rmsd
   -4.05203e+05    3.09618e+02   -6.98635e+02    0.00000e+00

           Step           Time
          43000       43.00000

   Energies (kJ/mol)
           Bond            U-B    Proper Dih.  Improper Dih.      CMAP Dih.
    1.18676e+04    6.82536e+04    4.87157e+04    5.79739e+02    5.18237e+01
          LJ-14     Coulomb-14        LJ (SR)   Coulomb (SR)   Coul. recip.
    7.17346e+03    1.78497e+05    2.08574e+04   -9.30364e+05    3.05885e+03
 Position Rest.     Dih. Rest.      Potential    Kinetic En.   Total Energy
    5.09055e+02    1.55775e+02   -5.90644e+05    1.85505e+05   -4.05138e+05
  Conserved En.    Temperature Pressure (bar)   Constr. rmsd
   -4.05200e+05    3.10829e+02   -6.59759e+02    0.00000e+00

           Step           Time
          44000       44.00000

   Energies (kJ/mol)
           Bond            U-B    Proper Dih.  Improper Dih.      CMAP Dih.
    1.17006e+04    6.81976e+04    4.88288e+04    6.26629e+02    7.18818e+01
          LJ-14     Coulomb-14        LJ (SR)   Coulomb (SR)   Coul. recip.
    7.34059e+03    1.78843e+05    2.11738e+04   -9.29574e+05    2.91680e+03
 Position Rest.     Dih. Rest.      Potential    Kinetic En.   Total Energy
    4.98408e+02    1.86470e+02   -5.89190e+05    1.84848e+05   -4.04341e+05
  Conserved En.    Temperature Pressure (bar)   Constr. rmsd
   -4.05205e+05    3.09729e+02   -4.41529e+02    0.00000e+00

           Step           Time
          45000       45.00000

   Energies (kJ/mol)
           Bond            U-B    Proper Dih.  Improper Dih.      CMAP Dih.
    1.12026e+04    6.77838e+04    4.88723e+04    5.35496e+02    6.36917e+01
          LJ-14     Coulomb-14        LJ (SR)   Coulomb (SR)   Coul. recip.
    7.35527e+03    1.79084e+05    2.08117e+04   -9.29893e+05    2.90940e+03
 Position Rest.     Dih. Rest.      Potential    Kinetic En.   Total Energy
    4.67093e+02    1.65153e+02   -5.90643e+05    1.85590e+05   -4.05053e+05
  Conserved En.    Temperature Pressure (bar)   Constr. rmsd
   -4.05226e+05    3.10971e+02   -5.24113e+02    0.00000e+00

           Step           Time
          46000       46.00000

   Energies (kJ/mol)
           Bond            U-B    Proper Dih.  Improper Dih.      CMAP Dih.
    1.14662e+04    6.84599e+04    4.90990e+04    5.20121e+02    7.28209e+01
          LJ-14     Coulomb-14        LJ (SR)   Coulomb (SR)   Coul. recip.
    7.42926e+03    1.79205e+05    2.07475e+04   -9.28510e+05    2.93327e+03
 Position Rest.     Dih. Rest.      Potential    Kinetic En.   Total Energy
    5.47172e+02    1.53523e+02   -5.87876e+05    1.85444e+05   -4.02432e+05
  Conserved En.    Temperature Pressure (bar)   Constr. rmsd
   -4.05210e+05    3.10727e+02   -4.85426e+02    0.00000e+00

           Step           Time
          47000       47.00000

   Energies (kJ/mol)
           Bond            U-B    Proper Dih.  Improper Dih.      CMAP Dih.
    1.15318e+04    6.80848e+04    4.88900e+04    5.98719e+02    4.60009e+01
          LJ-14     Coulomb-14        LJ (SR)   Coulomb (SR)   Coul. recip.
    7.19521e+03    1.78918e+05    2.15938e+04   -9.30236e+05    2.87315e+03
 Position Rest.     Dih. Rest.      Potential    Kinetic En.   Total Energy
    5.07776e+02    1.66580e+02   -5.89830e+05    1.85232e+05   -4.04599e+05
  Conserved En.    Temperature Pressure (bar)   Constr. rmsd
   -4.05230e+05    3.10371e+02   -8.07280e+02    0.00000e+00

           Step           Time
          48000       48.00000

   Energies (kJ/mol)
           Bond            U-B    Proper Dih.  Improper Dih.      CMAP Dih.
    1.14474e+04    6.85333e+04    4.88441e+04    5.79549e+02    5.01636e+01
          LJ-14     Coulomb-14        LJ (SR)   Coulomb (SR)   Coul. recip.
    7.36675e+03    1.78998e+05    2.14491e+04   -9.30471e+05    2.86920e+03
 Position Rest.     Dih. Rest.      Potential    Kinetic En.   Total Energy
    5.31560e+02    1.79759e+02   -5.89622e+05    1.84998e+05   -4.04624e+05
  Conserved En.    Temperature Pressure (bar)   Constr. rmsd
   -4.05231e+05    3.09980e+02   -5.33289e+02    0.00000e+00

           Step           Time
          49000       49.00000

Writing checkpoint, step 49000 at Sun Jul  5 08:45:41 2026


   Energies (kJ/mol)
           Bond            U-B    Proper Dih.  Improper Dih.      CMAP Dih.
    1.19448e+04    6.76190e+04    4.88370e+04    6.80019e+02    4.94830e+01
          LJ-14     Coulomb-14        LJ (SR)   Coulomb (SR)   Coul. recip.
    7.29225e+03    1.78690e+05    2.27170e+04   -9.31809e+05    2.76825e+03
 Position Rest.     Dih. Rest.      Potential    Kinetic En.   Total Energy
    5.11515e+02    1.78147e+02   -5.90522e+05    1.86627e+05   -4.03895e+05
  Conserved En.    Temperature Pressure (bar)   Constr. rmsd
   -4.05240e+05    3.12708e+02   -4.17792e+02    0.00000e+00

           Step           Time
          50000       50.00000

   Energies (kJ/mol)
           Bond            U-B    Proper Dih.  Improper Dih.      CMAP Dih.
    1.18406e+04    6.77620e+04    4.88016e+04    5.95866e+02    5.83784e+01
          LJ-14     Coulomb-14        LJ (SR)   Coulomb (SR)   Coul. recip.
    7.26604e+03    1.78675e+05    2.26264e+04   -9.32055e+05    2.99111e+03
 Position Rest.     Dih. Rest.      Potential    Kinetic En.   Total Energy
    5.23245e+02    1.82772e+02   -5.90732e+05    1.85277e+05   -4.05455e+05
  Conserved En.    Temperature Pressure (bar)   Constr. rmsd
   -4.05243e+05    3.10446e+02   -4.85822e+02    0.00000e+00

           Step           Time
          51000       51.00000

   Energies (kJ/mol)
           Bond            U-B    Proper Dih.  Improper Dih.      CMAP Dih.
    1.18125e+04    6.79017e+04    4.88856e+04    5.15587e+02    5.92672e+01
          LJ-14     Coulomb-14        LJ (SR)   Coulomb (SR)   Coul. recip.
    7.28702e+03    1.78937e+05    2.17235e+04   -9.30312e+05    2.86333e+03
 Position Rest.     Dih. Rest.      Potential    Kinetic En.   Total Energy
    5.21556e+02    1.92176e+02   -5.89613e+05    1.84355e+05   -4.05257e+05
  Conserved En.    Temperature Pressure (bar)   Constr. rmsd
   -4.05240e+05    3.08902e+02   -5.41893e+02    0.00000e+00

           Step           Time
          52000       52.00000

   Energies (kJ/mol)
           Bond            U-B    Proper Dih.  Improper Dih.      CMAP Dih.
    1.15803e+04    6.77686e+04    4.85893e+04    5.59548e+02    5.41967e+01
          LJ-14     Coulomb-14        LJ (SR)   Coulomb (SR)   Coul. recip.
    7.16078e+03    1.79086e+05    2.07346e+04   -9.30566e+05    2.87348e+03
 Position Rest.     Dih. Rest.      Potential    Kinetic En.   Total Energy
    5.16413e+02    1.58694e+02   -5.91484e+05    1.85863e+05   -4.05621e+05
  Conserved En.    Temperature Pressure (bar)   Constr. rmsd
   -4.05265e+05    3.11429e+02   -5.48154e+02    0.00000e+00

           Step           Time
          53000       53.00000

   Energies (kJ/mol)
           Bond            U-B    Proper Dih.  Improper Dih.      CMAP Dih.
    1.17240e+04    6.84066e+04    4.87025e+04    5.35791e+02    7.87763e+01
          LJ-14     Coulomb-14        LJ (SR)   Coulomb (SR)   Coul. recip.
    7.25966e+03    1.79317e+05    2.16235e+04   -9.30983e+05    2.87805e+03
 Position Rest.     Dih. Rest.      Potential    Kinetic En.   Total Energy
    5.00965e+02    1.43318e+02   -5.89813e+05    1.85680e+05   -4.04133e+05
  Conserved En.    Temperature Pressure (bar)   Constr. rmsd
   -4.05252e+05    3.11122e+02   -5.73954e+02    0.00000e+00

           Step           Time
          54000       54.00000

   Energies (kJ/mol)
           Bond            U-B    Proper Dih.  Improper Dih.      CMAP Dih.
    1.13195e+04    6.82130e+04    4.91244e+04    5.55812e+02    5.82887e+01
          LJ-14     Coulomb-14        LJ (SR)   Coulomb (SR)   Coul. recip.
    7.34501e+03    1.79073e+05    2.07114e+04   -9.30232e+05    2.89750e+03
 Position Rest.     Dih. Rest.      Potential    Kinetic En.   Total Energy
    5.15401e+02    1.81422e+02   -5.90238e+05    1.85405e+05   -4.04832e+05
  Conserved En.    Temperature Pressure (bar)   Constr. rmsd
   -4.05265e+05    3.10661e+02   -5.24001e+02    0.00000e+00

           Step           Time
          55000       55.00000

   Energies (kJ/mol)
           Bond            U-B    Proper Dih.  Improper Dih.      CMAP Dih.
    1.14537e+04    6.79379e+04    4.89811e+04    5.39933e+02    5.05626e+01
          LJ-14     Coulomb-14        LJ (SR)   Coulomb (SR)   Coul. recip.
    7.47003e+03    1.79557e+05    2.12229e+04   -9.30802e+05    2.88736e+03
 Position Rest.     Dih. Rest.      Potential    Kinetic En.   Total Energy
    5.09724e+02    1.56626e+02   -5.90035e+05    1.85873e+05   -4.04162e+05
  Conserved En.    Temperature Pressure (bar)   Constr. rmsd
   -4.05279e+05    3.11446e+02   -3.04427e+02    0.00000e+00

           Step           Time
          56000       56.00000

   Energies (kJ/mol)
           Bond            U-B    Proper Dih.  Improper Dih.      CMAP Dih.
    1.15672e+04    6.78492e+04    4.86799e+04    6.49973e+02    4.22204e+01
          LJ-14     Coulomb-14        LJ (SR)   Coulomb (SR)   Coul. recip.
    7.49172e+03    1.79055e+05    2.16833e+04   -9.30874e+05    2.87591e+03
 Position Rest.     Dih. Rest.      Potential    Kinetic En.   Total Energy
    4.96010e+02    1.59355e+02   -5.90324e+05    1.85842e+05   -4.04482e+05
  Conserved En.    Temperature Pressure (bar)   Constr. rmsd
   -4.05286e+05    3.11393e+02   -5.86626e+02    0.00000e+00

           Step           Time
          57000       57.00000

   Energies (kJ/mol)
           Bond            U-B    Proper Dih.  Improper Dih.      CMAP Dih.
    1.17118e+04    6.81652e+04    4.88435e+04    5.53208e+02    4.42496e+01
          LJ-14     Coulomb-14        LJ (SR)   Coulomb (SR)   Coul. recip.
    7.22859e+03    1.78871e+05    2.27512e+04   -9.31762e+05    2.86684e+03
 Position Rest.     Dih. Rest.      Potential    Kinetic En.   Total Energy
    5.57417e+02    1.44890e+02   -5.90025e+05    1.85523e+05   -4.04502e+05
  Conserved En.    Temperature Pressure (bar)   Constr. rmsd
   -4.05290e+05    3.10858e+02   -4.68902e+02    0.00000e+00

           Step           Time
          58000       58.00000

   Energies (kJ/mol)
           Bond            U-B    Proper Dih.  Improper Dih.      CMAP Dih.
    1.13217e+04    6.77569e+04    4.85540e+04    5.75759e+02    5.04303e+01
          LJ-14     Coulomb-14        LJ (SR)   Coulomb (SR)   Coul. recip.
    7.27794e+03    1.79085e+05    2.20059e+04   -9.30849e+05    2.91726e+03
 Position Rest.     Dih. Rest.      Potential    Kinetic En.   Total Energy
    4.89017e+02    1.62614e+02   -5.90652e+05    1.85348e+05   -4.05304e+05
  Conserved En.    Temperature Pressure (bar)   Constr. rmsd
   -4.05302e+05    3.10566e+02   -4.42351e+02    0.00000e+00

           Step           Time
          59000       59.00000

   Energies (kJ/mol)
           Bond            U-B    Proper Dih.  Improper Dih.      CMAP Dih.
    1.18724e+04    6.82248e+04    4.89281e+04    5.55210e+02    5.17278e+01
          LJ-14     Coulomb-14        LJ (SR)   Coulomb (SR)   Coul. recip.
    7.30227e+03    1.79076e+05    2.07291e+04   -9.28832e+05    2.87632e+03
 Position Rest.     Dih. Rest.      Potential    Kinetic En.   Total Energy
    4.97903e+02    1.82078e+02   -5.88536e+05    1.85312e+05   -4.03224e+05
  Conserved En.    Temperature Pressure (bar)   Constr. rmsd
   -4.05293e+05    3.10506e+02   -5.84797e+02    0.00000e+00

           Step           Time
          60000       60.00000

   Energies (kJ/mol)
           Bond            U-B    Proper Dih.  Improper Dih.      CMAP Dih.
    1.18597e+04    6.75447e+04    4.89616e+04    5.78815e+02    6.21908e+01
          LJ-14     Coulomb-14        LJ (SR)   Coulomb (SR)   Coul. recip.
    7.37322e+03    1.79187e+05    2.05502e+04   -9.28161e+05    2.98292e+03
 Position Rest.     Dih. Rest.      Potential    Kinetic En.   Total Energy
    5.21840e+02    1.71624e+02   -5.88366e+05    1.86695e+05   -4.01671e+05
  Conserved En.    Temperature Pressure (bar)   Constr. rmsd
   -4.05304e+05    3.12823e+02   -6.04742e+02    0.00000e+00

           Step           Time
          61000       61.00000

   Energies (kJ/mol)
           Bond            U-B    Proper Dih.  Improper Dih.      CMAP Dih.
    1.18541e+04    6.77094e+04    4.90669e+04    6.24289e+02    3.88420e+01
          LJ-14     Coulomb-14        LJ (SR)   Coulomb (SR)   Coul. recip.
    7.30005e+03    1.78930e+05    2.28171e+04   -9.31589e+05    2.98033e+03
 Position Rest.     Dih. Rest.      Potential    Kinetic En.   Total Energy
    5.35816e+02    1.81082e+02   -5.89551e+05    1.85822e+05   -4.03729e+05
  Conserved En.    Temperature Pressure (bar)   Constr. rmsd
   -4.05292e+05    3.11360e+02   -4.85509e+02    0.00000e+00

           Step           Time
          62000       62.00000

   Energies (kJ/mol)
           Bond            U-B    Proper Dih.  Improper Dih.      CMAP Dih.
    1.16211e+04    6.71648e+04    4.87593e+04    6.03566e+02    4.44376e+01
          LJ-14     Coulomb-14        LJ (SR)   Coulomb (SR)   Coul. recip.
    7.32344e+03    1.78933e+05    2.22390e+04   -9.31686e+05    2.94115e+03
 Position Rest.     Dih. Rest.      Potential    Kinetic En.   Total Energy
    5.25630e+02    1.79806e+02   -5.91351e+05    1.84953e+05   -4.06398e+05
  Conserved En.    Temperature Pressure (bar)   Constr. rmsd
   -4.05305e+05    3.09903e+02   -5.99592e+02    0.00000e+00

           Step           Time
          63000       63.00000

   Energies (kJ/mol)
           Bond            U-B    Proper Dih.  Improper Dih.      CMAP Dih.
    1.15228e+04    6.80218e+04    4.86156e+04    5.53931e+02    4.94889e+01
          LJ-14     Coulomb-14        LJ (SR)   Coulomb (SR)   Coul. recip.
    7.35110e+03    1.78739e+05    2.22227e+04   -9.32288e+05    2.95706e+03
 Position Rest.     Dih. Rest.      Potential    Kinetic En.   Total Energy
    5.14391e+02    1.74034e+02   -5.91566e+05    1.85690e+05   -4.05876e+05
  Conserved En.    Temperature Pressure (bar)   Constr. rmsd
   -4.05297e+05    3.11138e+02   -3.26193e+02    0.00000e+00

           Step           Time
          64000       64.00000

   Energies (kJ/mol)
           Bond            U-B    Proper Dih.  Improper Dih.      CMAP Dih.
    1.12316e+04    6.78922e+04    4.87462e+04    5.99391e+02    4.78569e+01
          LJ-14     Coulomb-14        LJ (SR)   Coulomb (SR)   Coul. recip.
    7.33534e+03    1.78873e+05    2.19300e+04   -9.31046e+05    2.88383e+03
 Position Rest.     Dih. Rest.      Potential    Kinetic En.   Total Energy
    5.29791e+02    1.68921e+02   -5.90808e+05    1.85127e+05   -4.05681e+05
  Conserved En.    Temperature Pressure (bar)   Constr. rmsd
   -4.05310e+05    3.10195e+02   -4.35961e+02    0.00000e+00

           Step           Time
          65000       65.00000

   Energies (kJ/mol)
           Bond            U-B    Proper Dih.  Improper Dih.      CMAP Dih.
    1.15192e+04    6.78695e+04    4.88552e+04    4.64391e+02    4.64920e+01
          LJ-14     Coulomb-14        LJ (SR)   Coulomb (SR)   Coul. recip.
    7.31227e+03    1.78922e+05    2.23055e+04   -9.32330e+05    2.94718e+03
 Position Rest.     Dih. Rest.      Potential    Kinetic En.   Total Energy
    5.23024e+02    1.40086e+02   -5.91425e+05    1.84236e+05   -4.07189e+05
  Conserved En.    Temperature Pressure (bar)   Constr. rmsd
   -4.05301e+05    3.08703e+02   -6.29964e+02    0.00000e+00

           Step           Time
          66000       66.00000

   Energies (kJ/mol)
           Bond            U-B    Proper Dih.  Improper Dih.      CMAP Dih.
    1.16836e+04    6.77725e+04    4.87954e+04    5.27467e+02    3.80497e+01
          LJ-14     Coulomb-14        LJ (SR)   Coulomb (SR)   Coul. recip.
    7.39396e+03    1.78857e+05    2.19428e+04   -9.31818e+05    2.92722e+03
 Position Rest.     Dih. Rest.      Potential    Kinetic En.   Total Energy
    5.17499e+02    1.48893e+02   -5.91213e+05    1.84388e+05   -4.06825e+05
  Conserved En.    Temperature Pressure (bar)   Constr. rmsd
   -4.05300e+05    3.08958e+02   -2.58579e+02    0.00000e+00

           Step           Time
          67000       67.00000

   Energies (kJ/mol)
           Bond            U-B    Proper Dih.  Improper Dih.      CMAP Dih.
    1.15490e+04    6.78056e+04    4.87788e+04    5.76471e+02    2.46743e+01
          LJ-14     Coulomb-14        LJ (SR)   Coulomb (SR)   Coul. recip.
    7.26317e+03    1.79207e+05    2.22090e+04   -9.32205e+05    2.87056e+03
 Position Rest.     Dih. Rest.      Potential    Kinetic En.   Total Energy
    5.68294e+02    1.39409e+02   -5.91214e+05    1.84981e+05   -4.06232e+05
  Conserved En.    Temperature Pressure (bar)   Constr. rmsd
   -4.05335e+05    3.09951e+02   -5.96459e+02    0.00000e+00

           Step           Time
          68000       68.00000

   Energies (kJ/mol)
           Bond            U-B    Proper Dih.  Improper Dih.      CMAP Dih.
    1.18421e+04    6.83256e+04    4.87495e+04    6.71871e+02    5.67442e+01
          LJ-14     Coulomb-14        LJ (SR)   Coulomb (SR)   Coul. recip.
    7.32652e+03    1.79196e+05    2.14759e+04   -9.30396e+05    2.95714e+03
 Position Rest.     Dih. Rest.      Potential    Kinetic En.   Total Energy
    5.53165e+02    1.76263e+02   -5.89066e+05    1.86030e+05   -4.03036e+05
  Conserved En.    Temperature Pressure (bar)   Constr. rmsd
   -4.05322e+05    3.11709e+02   -3.24864e+02    0.00000e+00

           Step           Time
          69000       69.00000

   Energies (kJ/mol)
           Bond            U-B    Proper Dih.  Improper Dih.      CMAP Dih.
    1.16883e+04    6.83698e+04    4.88838e+04    5.88234e+02    5.53863e+01
          LJ-14     Coulomb-14        LJ (SR)   Coulomb (SR)   Coul. recip.
    7.39237e+03    1.79165e+05    2.12823e+04   -9.29934e+05    2.91185e+03
 Position Rest.     Dih. Rest.      Potential    Kinetic En.   Total Energy
    5.80818e+02    1.57825e+02   -5.88858e+05    1.85688e+05   -4.03170e+05
  Conserved En.    Temperature Pressure (bar)   Constr. rmsd
   -4.05346e+05    3.11135e+02   -5.35721e+02    0.00000e+00

           Step           Time
          70000       70.00000

   Energies (kJ/mol)
           Bond            U-B    Proper Dih.  Improper Dih.      CMAP Dih.
    1.16381e+04    6.82267e+04    4.87925e+04    5.14234e+02    4.15584e+01
          LJ-14     Coulomb-14        LJ (SR)   Coulomb (SR)   Coul. recip.
    7.25782e+03    1.79397e+05    2.04679e+04   -9.30151e+05    2.87639e+03
 Position Rest.     Dih. Rest.      Potential    Kinetic En.   Total Energy
    4.98148e+02    1.58722e+02   -5.90282e+05    1.85646e+05   -4.04636e+05
  Conserved En.    Temperature Pressure (bar)   Constr. rmsd
   -4.05342e+05    3.11065e+02   -6.27133e+02    0.00000e+00

           Step           Time
          71000       71.00000

   Energies (kJ/mol)
           Bond            U-B    Proper Dih.  Improper Dih.      CMAP Dih.
    1.17201e+04    6.80373e+04    4.87303e+04    5.46520e+02    8.10213e+01
          LJ-14     Coulomb-14        LJ (SR)   Coulomb (SR)   Coul. recip.
    7.39738e+03    1.79811e+05    2.01741e+04   -9.30240e+05    2.91015e+03
 Position Rest.     Dih. Rest.      Potential    Kinetic En.   Total Energy
    5.10235e+02    1.68843e+02   -5.90153e+05    1.84475e+05   -4.05677e+05
  Conserved En.    Temperature Pressure (bar)   Constr. rmsd
   -4.05341e+05    3.09103e+02   -5.06231e+02    0.00000e+00

           Step           Time
          72000       72.00000

   Energies (kJ/mol)
           Bond            U-B    Proper Dih.  Improper Dih.      CMAP Dih.
    1.13726e+04    6.79328e+04    4.88564e+04    5.86002e+02    4.72474e+01
          LJ-14     Coulomb-14        LJ (SR)   Coulomb (SR)   Coul. recip.
    7.32809e+03    1.79512e+05    2.23392e+04   -9.33016e+05    2.87044e+03
 Position Rest.     Dih. Rest.      Potential    Kinetic En.   Total Energy
    5.06624e+02    1.67966e+02   -5.91497e+05    1.84574e+05   -4.06923e+05
  Conserved En.    Temperature Pressure (bar)   Constr. rmsd
   -4.05351e+05    3.09269e+02   -5.52398e+02    0.00000e+00

           Step           Time
          73000       73.00000

   Energies (kJ/mol)
           Bond            U-B    Proper Dih.  Improper Dih.      CMAP Dih.
    1.16371e+04    6.81211e+04    4.88243e+04    6.24797e+02    3.16692e+01
          LJ-14     Coulomb-14        LJ (SR)   Coulomb (SR)   Coul. recip.
    7.28624e+03    1.79157e+05    2.36310e+04   -9.33610e+05    2.85290e+03
 Position Rest.     Dih. Rest.      Potential    Kinetic En.   Total Energy
    5.61682e+02    1.45501e+02   -5.90736e+05    1.85202e+05   -4.05535e+05
  Conserved En.    Temperature Pressure (bar)   Constr. rmsd
   -4.05350e+05    3.10320e+02   -2.68072e+02    0.00000e+00

           Step           Time
          74000       74.00000

   Energies (kJ/mol)
           Bond            U-B    Proper Dih.  Improper Dih.      CMAP Dih.
    1.17644e+04    6.78309e+04    4.87744e+04    5.51602e+02    4.27215e+01
          LJ-14     Coulomb-14        LJ (SR)   Coulomb (SR)   Coul. recip.
    7.37028e+03    1.79175e+05    2.22728e+04   -9.31867e+05    2.86739e+03
 Position Rest.     Dih. Rest.      Potential    Kinetic En.   Total Energy
    5.08479e+02    1.70913e+02   -5.90538e+05    1.84006e+05   -4.06532e+05
  Conserved En.    Temperature Pressure (bar)   Constr. rmsd
   -4.05353e+05    3.08317e+02   -3.49673e+02    0.00000e+00

           Step           Time
          75000       75.00000

   Energies (kJ/mol)
           Bond            U-B    Proper Dih.  Improper Dih.      CMAP Dih.
    1.14559e+04    6.80676e+04    4.88592e+04    6.36582e+02    4.21741e+01
          LJ-14     Coulomb-14        LJ (SR)   Coulomb (SR)   Coul. recip.
    7.32254e+03    1.79097e+05    2.15245e+04   -9.31457e+05    2.89572e+03
 Position Rest.     Dih. Rest.      Potential    Kinetic En.   Total Energy
    5.55286e+02    1.59530e+02   -5.90841e+05    1.85924e+05   -4.04917e+05
  Conserved En.    Temperature Pressure (bar)   Constr. rmsd
   -4.05360e+05    3.11530e+02   -4.71107e+02    0.00000e+00

           Step           Time
          76000       76.00000

   Energies (kJ/mol)
           Bond            U-B    Proper Dih.  Improper Dih.      CMAP Dih.
    1.14760e+04    6.82209e+04    4.87611e+04    5.56260e+02    5.65482e+01
          LJ-14     Coulomb-14        LJ (SR)   Coulomb (SR)   Coul. recip.
    7.51550e+03    1.79098e+05    2.21073e+04   -9.30960e+05    2.88576e+03
 Position Rest.     Dih. Rest.      Potential    Kinetic En.   Total Energy
    5.55633e+02    1.84684e+02   -5.89543e+05    1.84539e+05   -4.05004e+05
  Conserved En.    Temperature Pressure (bar)   Constr. rmsd
   -4.05347e+05    3.09210e+02   -3.62503e+02    0.00000e+00

           Step           Time
          77000       77.00000

   Energies (kJ/mol)
           Bond            U-B    Proper Dih.  Improper Dih.      CMAP Dih.
    1.17233e+04    6.77936e+04    4.85863e+04    6.22646e+02    4.55220e+01
          LJ-14     Coulomb-14        LJ (SR)   Coulomb (SR)   Coul. recip.
    7.43308e+03    1.79143e+05    2.08941e+04   -9.30276e+05    2.93336e+03
 Position Rest.     Dih. Rest.      Potential    Kinetic En.   Total Energy
    5.16856e+02    1.59247e+02   -5.90425e+05    1.84552e+05   -4.05873e+05
  Conserved En.    Temperature Pressure (bar)   Constr. rmsd
   -4.05388e+05    3.09232e+02   -4.41413e+02    0.00000e+00

           Step           Time
          78000       78.00000

   Energies (kJ/mol)
           Bond            U-B    Proper Dih.  Improper Dih.      CMAP Dih.
    1.17803e+04    6.75731e+04    4.88329e+04    6.01775e+02    5.10650e+01
          LJ-14     Coulomb-14        LJ (SR)   Coulomb (SR)   Coul. recip.
    7.38290e+03    1.79023e+05    2.07904e+04   -9.31495e+05    2.82871e+03
 Position Rest.     Dih. Rest.      Potential    Kinetic En.   Total Energy
    5.34693e+02    1.45038e+02   -5.91951e+05    1.84858e+05   -4.07092e+05
  Conserved En.    Temperature Pressure (bar)   Constr. rmsd
   -4.05382e+05    3.09745e+02   -5.81678e+02    0.00000e+00

           Step           Time
          79000       79.00000

   Energies (kJ/mol)
           Bond            U-B    Proper Dih.  Improper Dih.      CMAP Dih.
    1.15755e+04    6.74027e+04    4.84527e+04    5.67660e+02    6.30872e+01
          LJ-14     Coulomb-14        LJ (SR)   Coulomb (SR)   Coul. recip.
    7.35050e+03    1.79307e+05    2.09994e+04   -9.31772e+05    2.84058e+03
 Position Rest.     Dih. Rest.      Potential    Kinetic En.   Total Energy
    5.17705e+02    1.38234e+02   -5.92557e+05    1.83267e+05   -4.09290e+05
  Conserved En.    Temperature Pressure (bar)   Constr. rmsd
   -4.05386e+05    3.07079e+02   -5.51319e+02    0.00000e+00

           Step           Time
          80000       80.00000

   Energies (kJ/mol)
           Bond            U-B    Proper Dih.  Improper Dih.      CMAP Dih.
    1.17484e+04    6.74838e+04    4.86856e+04    5.50749e+02    7.29550e+01
          LJ-14     Coulomb-14        LJ (SR)   Coulomb (SR)   Coul. recip.
    7.32199e+03    1.78913e+05    2.20599e+04   -9.32254e+05    2.81911e+03
 Position Rest.     Dih. Rest.      Potential    Kinetic En.   Total Energy
    5.24751e+02    1.40975e+02   -5.91933e+05    1.84981e+05   -4.06952e+05
  Conserved En.    Temperature Pressure (bar)   Constr. rmsd
   -4.05400e+05    3.09951e+02   -4.55498e+02    0.00000e+00

           Step           Time
          81000       81.00000

   Energies (kJ/mol)
           Bond            U-B    Proper Dih.  Improper Dih.      CMAP Dih.
    1.16010e+04    6.76357e+04    4.87362e+04    6.09450e+02    2.62157e+01
          LJ-14     Coulomb-14        LJ (SR)   Coulomb (SR)   Coul. recip.
    7.48390e+03    1.79271e+05    2.16012e+04   -9.31864e+05    2.89786e+03
 Position Rest.     Dih. Rest.      Potential    Kinetic En.   Total Energy
    5.44285e+02    1.74507e+02   -5.91283e+05    1.84365e+05   -4.06917e+05
  Conserved En.    Temperature Pressure (bar)   Constr. rmsd
   -4.05395e+05    3.08919e+02   -5.25505e+02    0.00000e+00

           Step           Time
          82000       82.00000

   Energies (kJ/mol)
           Bond            U-B    Proper Dih.  Improper Dih.      CMAP Dih.
    1.16863e+04    6.84391e+04    4.87208e+04    6.32962e+02    3.11526e+01
          LJ-14     Coulomb-14        LJ (SR)   Coulomb (SR)   Coul. recip.
    7.36394e+03    1.79045e+05    2.09960e+04   -9.31425e+05    2.89387e+03
 Position Rest.     Dih. Rest.      Potential    Kinetic En.   Total Energy
    5.21753e+02    1.75854e+02   -5.90919e+05    1.86607e+05   -4.04311e+05
  Conserved En.    Temperature Pressure (bar)   Constr. rmsd
   -4.05408e+05    3.12676e+02   -4.85975e+02    0.00000e+00

           Step           Time
          83000       83.00000

   Energies (kJ/mol)
           Bond            U-B    Proper Dih.  Improper Dih.      CMAP Dih.
    1.17488e+04    6.77926e+04    4.87870e+04    6.17836e+02    4.14890e+01
          LJ-14     Coulomb-14        LJ (SR)   Coulomb (SR)   Coul. recip.
    7.29087e+03    1.79062e+05    2.09280e+04   -9.30674e+05    2.90370e+03
 Position Rest.     Dih. Rest.      Potential    Kinetic En.   Total Energy
    5.33808e+02    1.70666e+02   -5.90798e+05    1.85865e+05   -4.04933e+05
  Conserved En.    Temperature Pressure (bar)   Constr. rmsd
   -4.05421e+05    3.11432e+02   -5.78876e+02    0.00000e+00

           Step           Time
          84000       84.00000

   Energies (kJ/mol)
           Bond            U-B    Proper Dih.  Improper Dih.      CMAP Dih.
    1.15128e+04    6.72732e+04    4.86820e+04    6.01801e+02    5.01664e+01
          LJ-14     Coulomb-14        LJ (SR)   Coulomb (SR)   Coul. recip.
    7.42435e+03    1.79298e+05    2.24158e+04   -9.32828e+05    2.83856e+03
 Position Rest.     Dih. Rest.      Potential    Kinetic En.   Total Energy
    4.91439e+02    1.34512e+02   -5.92106e+05    1.84800e+05   -4.07306e+05
  Conserved En.    Temperature Pressure (bar)   Constr. rmsd
   -4.05442e+05    3.09647e+02   -4.17005e+02    0.00000e+00

           Step           Time
          85000       85.00000

   Energies (kJ/mol)
           Bond            U-B    Proper Dih.  Improper Dih.      CMAP Dih.
    1.14435e+04    6.70572e+04    4.87439e+04    6.30186e+02    5.55746e+01
          LJ-14     Coulomb-14        LJ (SR)   Coulomb (SR)   Coul. recip.
    7.45412e+03    1.79297e+05    2.22209e+04   -9.33727e+05    2.94128e+03
 Position Rest.     Dih. Rest.      Potential    Kinetic En.   Total Energy
    5.14367e+02    1.31309e+02   -5.93238e+05    1.84619e+05   -4.08619e+05
  Conserved En.    Temperature Pressure (bar)   Constr. rmsd
   -4.05429e+05    3.09345e+02   -2.86429e+02    0.00000e+00

           Step           Time
          86000       86.00000

   Energies (kJ/mol)
           Bond            U-B    Proper Dih.  Improper Dih.      CMAP Dih.
    1.13401e+04    6.70690e+04    4.88007e+04    5.50217e+02    5.73087e+01
          LJ-14     Coulomb-14        LJ (SR)   Coulomb (SR)   Coul. recip.
    7.22309e+03    1.79380e+05    2.16889e+04   -9.32833e+05    2.89036e+03
 Position Rest.     Dih. Rest.      Potential    Kinetic En.   Total Energy
    4.90402e+02    1.76861e+02   -5.93166e+05    1.83831e+05   -4.09335e+05
  Conserved En.    Temperature Pressure (bar)   Constr. rmsd
   -4.05439e+05    3.08025e+02   -6.78052e+02    0.00000e+00

           Step           Time
          87000       87.00000

   Energies (kJ/mol)
           Bond            U-B    Proper Dih.  Improper Dih.      CMAP Dih.
    1.16402e+04    6.76812e+04    4.89913e+04    5.41043e+02    8.66522e+01
          LJ-14     Coulomb-14        LJ (SR)   Coulomb (SR)   Coul. recip.
    7.24926e+03    1.79415e+05    2.26362e+04   -9.34771e+05    2.86003e+03
 Position Rest.     Dih. Rest.      Potential    Kinetic En.   Total Energy
    5.58887e+02    1.83071e+02   -5.92928e+05    1.85665e+05   -4.07264e+05
  Conserved En.    Temperature Pressure (bar)   Constr. rmsd
   -4.05443e+05    3.11096e+02   -3.35753e+02    0.00000e+00

           Step           Time
          88000       88.00000

   Energies (kJ/mol)
           Bond            U-B    Proper Dih.  Improper Dih.      CMAP Dih.
    1.16297e+04    6.72314e+04    4.87568e+04    6.43563e+02    5.45025e+01
          LJ-14     Coulomb-14        LJ (SR)   Coulomb (SR)   Coul. recip.
    7.31601e+03    1.79495e+05    2.19374e+04   -9.32980e+05    2.90058e+03
 Position Rest.     Dih. Rest.      Potential    Kinetic En.   Total Energy
    5.22372e+02    1.47391e+02   -5.92345e+05    1.85457e+05   -4.06888e+05
  Conserved En.    Temperature Pressure (bar)   Constr. rmsd
   -4.05465e+05    3.10749e+02   -5.15671e+02    0.00000e+00

           Step           Time
          89000       89.00000

   Energies (kJ/mol)
           Bond            U-B    Proper Dih.  Improper Dih.      CMAP Dih.
    1.18696e+04    6.77879e+04    4.87473e+04    6.00066e+02    6.49556e+01
          LJ-14     Coulomb-14        LJ (SR)   Coulomb (SR)   Coul. recip.
    7.29231e+03    1.79256e+05    2.09618e+04   -9.32185e+05    2.88986e+03
 Position Rest.     Dih. Rest.      Potential    Kinetic En.   Total Energy
    5.42766e+02    1.66289e+02   -5.92007e+05    1.84740e+05   -4.07267e+05
  Conserved En.    Temperature Pressure (bar)   Constr. rmsd
   -4.05467e+05    3.09547e+02   -5.43227e+02    0.00000e+00

           Step           Time
          90000       90.00000

   Energies (kJ/mol)
           Bond            U-B    Proper Dih.  Improper Dih.      CMAP Dih.
    1.17503e+04    6.76427e+04    4.88350e+04    5.21010e+02    4.64614e+01
          LJ-14     Coulomb-14        LJ (SR)   Coulomb (SR)   Coul. recip.
    7.27557e+03    1.78933e+05    2.10953e+04   -9.30728e+05    2.97251e+03
 Position Rest.     Dih. Rest.      Potential    Kinetic En.   Total Energy
    5.41652e+02    1.64066e+02   -5.90950e+05    1.84801e+05   -4.06149e+05
  Conserved En.    Temperature Pressure (bar)   Constr. rmsd
   -4.05487e+05    3.09650e+02   -6.03418e+02    0.00000e+00

           Step           Time
          91000       91.00000

   Energies (kJ/mol)
           Bond            U-B    Proper Dih.  Improper Dih.      CMAP Dih.
    1.15303e+04    6.72939e+04    4.87292e+04    5.92631e+02    4.86836e+01
          LJ-14     Coulomb-14        LJ (SR)   Coulomb (SR)   Coul. recip.
    7.33079e+03    1.79471e+05    2.29197e+04   -9.33752e+05    2.98667e+03
 Position Rest.     Dih. Rest.      Potential    Kinetic En.   Total Energy
    5.25511e+02    1.92993e+02   -5.92131e+05    1.84398e+05   -4.07733e+05
  Conserved En.    Temperature Pressure (bar)   Constr. rmsd
   -4.05476e+05    3.08973e+02   -2.29936e+02    0.00000e+00

           Step           Time
          92000       92.00000

   Energies (kJ/mol)
           Bond            U-B    Proper Dih.  Improper Dih.      CMAP Dih.
    1.20587e+04    6.80470e+04    4.88566e+04    5.66443e+02    5.12710e+01
          LJ-14     Coulomb-14        LJ (SR)   Coulomb (SR)   Coul. recip.
    7.45691e+03    1.79247e+05    2.11731e+04   -9.30837e+05    2.94600e+03
 Position Rest.     Dih. Rest.      Potential    Kinetic En.   Total Energy
    5.23626e+02    1.64960e+02   -5.89745e+05    1.84738e+05   -4.05007e+05
  Conserved En.    Temperature Pressure (bar)   Constr. rmsd
   -4.05471e+05    3.09544e+02   -5.35941e+02    0.00000e+00

           Step           Time
          93000       93.00000

   Energies (kJ/mol)
           Bond            U-B    Proper Dih.  Improper Dih.      CMAP Dih.
    1.16858e+04    6.81007e+04    4.89180e+04    6.18577e+02    5.17556e+01
          LJ-14     Coulomb-14        LJ (SR)   Coulomb (SR)   Coul. recip.
    7.34080e+03    1.79319e+05    2.17882e+04   -9.31725e+05    2.99649e+03
 Position Rest.     Dih. Rest.      Potential    Kinetic En.   Total Energy
    5.02640e+02    1.65615e+02   -5.90237e+05    1.85451e+05   -4.04787e+05
  Conserved En.    Temperature Pressure (bar)   Constr. rmsd
   -4.05484e+05    3.10738e+02   -4.60958e+02    0.00000e+00

           Step           Time
          94000       94.00000

   Energies (kJ/mol)
           Bond            U-B    Proper Dih.  Improper Dih.      CMAP Dih.
    1.16518e+04    6.75355e+04    4.86027e+04    5.81309e+02    6.20622e+01
          LJ-14     Coulomb-14        LJ (SR)   Coulomb (SR)   Coul. recip.
    7.23909e+03    1.78861e+05    2.14961e+04   -9.32358e+05    2.97090e+03
 Position Rest.     Dih. Rest.      Potential    Kinetic En.   Total Energy
    5.52161e+02    1.38214e+02   -5.92667e+05    1.84371e+05   -4.08296e+05
  Conserved En.    Temperature Pressure (bar)   Constr. rmsd
   -4.05500e+05    3.08929e+02   -6.71577e+02    0.00000e+00

           Step           Time
          95000       95.00000

   Energies (kJ/mol)
           Bond            U-B    Proper Dih.  Improper Dih.      CMAP Dih.
    1.21248e+04    6.75513e+04    4.83614e+04    5.68437e+02    4.98723e+01
          LJ-14     Coulomb-14        LJ (SR)   Coulomb (SR)   Coul. recip.
    7.30613e+03    1.79308e+05    2.06254e+04   -9.33084e+05    2.89572e+03
 Position Rest.     Dih. Rest.      Potential    Kinetic En.   Total Energy
    5.06079e+02    1.66901e+02   -5.93620e+05    1.85140e+05   -4.08481e+05
  Conserved En.    Temperature Pressure (bar)   Constr. rmsd
   -4.05508e+05    3.10216e+02   -6.60935e+02    0.00000e+00

           Step           Time
          96000       96.00000

   Energies (kJ/mol)
           Bond            U-B    Proper Dih.  Improper Dih.      CMAP Dih.
    1.15723e+04    6.75245e+04    4.84494e+04    5.79417e+02    5.99680e+01
          LJ-14     Coulomb-14        LJ (SR)   Coulomb (SR)   Coul. recip.
    7.35745e+03    1.79381e+05    2.24500e+04   -9.34742e+05    2.82173e+03
 Position Rest.     Dih. Rest.      Potential    Kinetic En.   Total Energy
    5.06913e+02    1.53000e+02   -5.93886e+05    1.84225e+05   -4.09661e+05
  Conserved En.    Temperature Pressure (bar)   Constr. rmsd
   -4.05518e+05    3.08684e+02   -4.51366e+02    0.00000e+00

           Step           Time
          97000       97.00000

   Energies (kJ/mol)
           Bond            U-B    Proper Dih.  Improper Dih.      CMAP Dih.
    1.17315e+04    6.78066e+04    4.86618e+04    6.10532e+02    3.03573e+01
          LJ-14     Coulomb-14        LJ (SR)   Coulomb (SR)   Coul. recip.
    7.15506e+03    1.79234e+05    2.17366e+04   -9.32682e+05    2.92735e+03
 Position Rest.     Dih. Rest.      Potential    Kinetic En.   Total Energy
    5.23057e+02    1.37968e+02   -5.92127e+05    1.84386e+05   -4.07740e+05
  Conserved En.    Temperature Pressure (bar)   Constr. rmsd
   -4.05534e+05    3.08954e+02   -6.61881e+02    0.00000e+00

           Step           Time
          98000       98.00000

   Energies (kJ/mol)
           Bond            U-B    Proper Dih.  Improper Dih.      CMAP Dih.
    1.17379e+04    6.71491e+04    4.84923e+04    5.55130e+02    3.33699e+01
          LJ-14     Coulomb-14        LJ (SR)   Coulomb (SR)   Coul. recip.
    7.49156e+03    1.79466e+05    2.22658e+04   -9.32810e+05    2.88778e+03
 Position Rest.     Dih. Rest.      Potential    Kinetic En.   Total Energy
    5.42966e+02    1.58619e+02   -5.92030e+05    1.84721e+05   -4.07309e+05
  Conserved En.    Temperature Pressure (bar)   Constr. rmsd
   -4.05523e+05    3.09514e+02   -5.15308e+02    0.00000e+00

           Step           Time
          99000       99.00000

   Energies (kJ/mol)
           Bond            U-B    Proper Dih.  Improper Dih.      CMAP Dih.
    1.19348e+04    6.80233e+04    4.87332e+04    5.24338e+02    6.32270e+01
          LJ-14     Coulomb-14        LJ (SR)   Coulomb (SR)   Coul. recip.
    7.50180e+03    1.78994e+05    2.28809e+04   -9.33769e+05    2.97306e+03
 Position Rest.     Dih. Rest.      Potential    Kinetic En.   Total Energy
    5.44898e+02    1.75116e+02   -5.91420e+05    1.85467e+05   -4.05953e+05
  Conserved En.    Temperature Pressure (bar)   Constr. rmsd
   -4.05538e+05    3.10766e+02   -2.78341e+02    0.00000e+00

Writing checkpoint, step 99800 at Sun Jul  5 09:00:40 2026


           Step           Time
         100000      100.00000

   Energies (kJ/mol)
           Bond            U-B    Proper Dih.  Improper Dih.      CMAP Dih.
    1.18493e+04    6.75040e+04    4.85817e+04    5.33014e+02    5.73770e+01
          LJ-14     Coulomb-14        LJ (SR)   Coulomb (SR)   Coul. recip.
    7.31260e+03    1.79190e+05    2.11005e+04   -9.31806e+05    2.88816e+03
 Position Rest.     Dih. Rest.      Potential    Kinetic En.   Total Energy
    5.31424e+02    1.38479e+02   -5.92119e+05    1.84206e+05   -4.07914e+05
  Conserved En.    Temperature Pressure (bar)   Constr. rmsd
   -4.05544e+05    3.08651e+02   -7.39343e+02    0.00000e+00

           Step           Time
         101000      101.00000

   Energies (kJ/mol)
           Bond            U-B    Proper Dih.  Improper Dih.      CMAP Dih.
    1.15676e+04    6.70236e+04    4.83812e+04    5.59303e+02    4.70152e+01
          LJ-14     Coulomb-14        LJ (SR)   Coulomb (SR)   Coul. recip.
    7.29610e+03    1.79004e+05    2.09259e+04   -9.32508e+05    2.87096e+03
 Position Rest.     Dih. Rest.      Potential    Kinetic En.   Total Energy
    4.90703e+02    1.60930e+02   -5.94180e+05    1.85014e+05   -4.09166e+05
  Conserved En.    Temperature Pressure (bar)   Constr. rmsd
   -4.05568e+05    3.10006e+02   -4.83049e+02    0.00000e+00

           Step           Time
         102000      102.00000

   Energies (kJ/mol)
           Bond            U-B    Proper Dih.  Improper Dih.      CMAP Dih.
    1.17187e+04    6.74371e+04    4.84720e+04    6.16962e+02    5.26599e+01
          LJ-14     Coulomb-14        LJ (SR)   Coulomb (SR)   Coul. recip.
    7.22443e+03    1.78918e+05    2.20846e+04   -9.32665e+05    2.85618e+03
 Position Rest.     Dih. Rest.      Potential    Kinetic En.   Total Energy
    5.14918e+02    1.74143e+02   -5.92596e+05    1.83024e+05   -4.09571e+05
  Conserved En.    Temperature Pressure (bar)   Constr. rmsd
   -4.05541e+05    3.06672e+02   -6.21997e+02    0.00000e+00

           Step           Time
         103000      103.00000

   Energies (kJ/mol)
           Bond            U-B    Proper Dih.  Improper Dih.      CMAP Dih.
    1.13835e+04    6.72116e+04    4.82202e+04    6.15270e+02    6.19865e+01
          LJ-14     Coulomb-14        LJ (SR)   Coulomb (SR)   Coul. recip.
    7.37697e+03    1.78998e+05    2.06536e+04   -9.32810e+05    2.91293e+03
 Position Rest.     Dih. Rest.      Potential    Kinetic En.   Total Energy
    5.17077e+02    1.60019e+02   -5.94699e+05    1.85446e+05   -4.09253e+05
  Conserved En.    Temperature Pressure (bar)   Constr. rmsd
   -4.05563e+05    3.10730e+02   -4.02810e+02    0.00000e+00

           Step           Time
         104000      104.00000

   Energies (kJ/mol)
           Bond            U-B    Proper Dih.  Improper Dih.      CMAP Dih.
    1.16772e+04    6.75057e+04    4.85134e+04    5.78728e+02    3.19309e+01
          LJ-14     Coulomb-14        LJ (SR)   Coulomb (SR)   Coul. recip.
    7.37313e+03    1.78744e+05    2.19913e+04   -9.32521e+05    2.87728e+03
 Position Rest.     Dih. Rest.      Potential    Kinetic En.   Total Energy
    5.74449e+02    1.58388e+02   -5.92495e+05    1.84619e+05   -4.07876e+05
  Conserved En.    Temperature Pressure (bar)   Constr. rmsd
   -4.05552e+05    3.09344e+02   -5.64376e+02    0.00000e+00

           Step           Time
         105000      105.00000

   Energies (kJ/mol)
           Bond            U-B    Proper Dih.  Improper Dih.      CMAP Dih.
    1.16997e+04    6.81883e+04    4.84493e+04    6.07942e+02    3.41226e+01
          LJ-14     Coulomb-14        LJ (SR)   Coulomb (SR)   Coul. recip.
    7.26841e+03    1.78564e+05    2.14183e+04   -9.31433e+05    2.93526e+03
 Position Rest.     Dih. Rest.      Potential    Kinetic En.   Total Energy
    5.71683e+02    1.50036e+02   -5.91546e+05    1.85111e+05   -4.06435e+05
  Conserved En.    Temperature Pressure (bar)   Constr. rmsd
   -4.05564e+05    3.10168e+02   -5.18657e+02    0.00000e+00

           Step           Time
         106000      106.00000

   Energies (kJ/mol)
           Bond            U-B    Proper Dih.  Improper Dih.      CMAP Dih.
    1.15992e+04    6.83078e+04    4.87072e+04    5.67866e+02    5.34577e+01
          LJ-14     Coulomb-14        LJ (SR)   Coulomb (SR)   Coul. recip.
    7.36285e+03    1.78667e+05    2.12526e+04   -9.31160e+05    2.89655e+03
 Position Rest.     Dih. Rest.      Potential    Kinetic En.   Total Energy
    4.91326e+02    1.53720e+02   -5.91100e+05    1.85827e+05   -4.05273e+05
  Conserved En.    Temperature Pressure (bar)   Constr. rmsd
   -4.05567e+05    3.11368e+02   -3.73902e+02    0.00000e+00

           Step           Time
         107000      107.00000

   Energies (kJ/mol)
           Bond            U-B    Proper Dih.  Improper Dih.      CMAP Dih.
    1.19049e+04    6.81228e+04    4.89280e+04    5.67658e+02    5.27254e+01
          LJ-14     Coulomb-14        LJ (SR)   Coulomb (SR)   Coul. recip.
    7.30471e+03    1.78728e+05    2.17922e+04   -9.32326e+05    2.89286e+03
 Position Rest.     Dih. Rest.      Potential    Kinetic En.   Total Energy
    5.38205e+02    1.68948e+02   -5.91325e+05    1.84927e+05   -4.06398e+05
  Conserved En.    Temperature Pressure (bar)   Constr. rmsd
   -4.05564e+05    3.09860e+02   -4.26909e+02    0.00000e+00

           Step           Time
         108000      108.00000

   Energies (kJ/mol)
           Bond            U-B    Proper Dih.  Improper Dih.      CMAP Dih.
    1.18949e+04    6.81076e+04    4.85546e+04    5.39717e+02    5.25322e+01
          LJ-14     Coulomb-14        LJ (SR)   Coulomb (SR)   Coul. recip.
    7.24029e+03    1.78919e+05    2.04022e+04   -9.30922e+05    2.83121e+03
 Position Rest.     Dih. Rest.      Potential    Kinetic En.   Total Energy
    5.83810e+02    1.62644e+02   -5.91633e+05    1.85487e+05   -4.06146e+05
  Conserved En.    Temperature Pressure (bar)   Constr. rmsd
   -4.05563e+05    3.10798e+02   -5.85331e+02    0.00000e+00

           Step           Time
         109000      109.00000

   Energies (kJ/mol)
           Bond            U-B    Proper Dih.  Improper Dih.      CMAP Dih.
    1.14825e+04    6.80576e+04    4.85226e+04    6.07254e+02    3.53619e+01
          LJ-14     Coulomb-14        LJ (SR)   Coulomb (SR)   Coul. recip.
    7.34285e+03    1.79117e+05    2.24035e+04   -9.33402e+05    2.83867e+03
 Position Rest.     Dih. Rest.      Potential    Kinetic En.   Total Energy
    5.29951e+02    1.66156e+02   -5.92298e+05    1.85790e+05   -4.06508e+05
  Conserved En.    Temperature Pressure (bar)   Constr. rmsd
   -4.05567e+05    3.11307e+02   -3.65415e+02    0.00000e+00

           Step           Time
         110000      110.00000

   Energies (kJ/mol)
           Bond            U-B    Proper Dih.  Improper Dih.      CMAP Dih.
    1.17444e+04    6.84518e+04    4.85263e+04    5.76361e+02    5.50039e+01
          LJ-14     Coulomb-14        LJ (SR)   Coulomb (SR)   Coul. recip.
    7.19818e+03    1.78593e+05    2.14938e+04   -9.31571e+05    2.92479e+03
 Position Rest.     Dih. Rest.      Potential    Kinetic En.   Total Energy
    5.17060e+02    1.60532e+02   -5.91330e+05    1.84369e+05   -4.06961e+05
  Conserved En.    Temperature Pressure (bar)   Constr. rmsd
   -4.05565e+05    3.08925e+02   -5.38035e+02    0.00000e+00

           Step           Time
         111000      111.00000

   Energies (kJ/mol)
           Bond            U-B    Proper Dih.  Improper Dih.      CMAP Dih.
    1.20014e+04    6.74854e+04    4.83879e+04    5.76923e+02    4.28864e+01
          LJ-14     Coulomb-14        LJ (SR)   Coulomb (SR)   Coul. recip.
    7.26498e+03    1.78847e+05    2.15814e+04   -9.32907e+05    2.88235e+03
 Position Rest.     Dih. Rest.      Potential    Kinetic En.   Total Energy
    5.51910e+02    1.92891e+02   -5.93092e+05    1.85068e+05   -4.08024e+05
  Conserved En.    Temperature Pressure (bar)   Constr. rmsd
   -4.05570e+05    3.10096e+02   -7.14677e+02    0.00000e+00

           Step           Time
         112000      112.00000

   Energies (kJ/mol)
           Bond            U-B    Proper Dih.  Improper Dih.      CMAP Dih.
    1.14970e+04    6.76909e+04    4.87708e+04    5.40027e+02    3.82618e+01
          LJ-14     Coulomb-14        LJ (SR)   Coulomb (SR)   Coul. recip.
    7.28677e+03    1.78890e+05    2.12040e+04   -9.31750e+05    2.93183e+03
 Position Rest.     Dih. Rest.      Potential    Kinetic En.   Total Energy
    5.29837e+02    1.64703e+02   -5.92205e+05    1.84585e+05   -4.07621e+05
  Conserved En.    Temperature Pressure (bar)   Constr. rmsd
   -4.05597e+05    3.09286e+02   -4.59082e+02    0.00000e+00

           Step           Time
         113000      113.00000

   Energies (kJ/mol)
           Bond            U-B    Proper Dih.  Improper Dih.      CMAP Dih.
    1.15233e+04    6.80646e+04    4.84977e+04    6.43007e+02    4.40295e+01
          LJ-14     Coulomb-14        LJ (SR)   Coulomb (SR)   Coul. recip.
    7.33550e+03    1.78605e+05    2.18311e+04   -9.32652e+05    2.88368e+03
 Position Rest.     Dih. Rest.      Potential    Kinetic En.   Total Energy
    4.97898e+02    1.49772e+02   -5.92576e+05    1.84441e+05   -4.08135e+05
  Conserved En.    Temperature Pressure (bar)   Constr. rmsd
   -4.05591e+05    3.09045e+02   -5.89449e+02    0.00000e+00

           Step           Time
         114000      114.00000

   Energies (kJ/mol)
           Bond            U-B    Proper Dih.  Improper Dih.      CMAP Dih.
    1.17828e+04    6.74390e+04    4.86256e+04    6.44021e+02    4.77078e+01
          LJ-14     Coulomb-14        LJ (SR)   Coulomb (SR)   Coul. recip.
    7.27189e+03    1.78725e+05    1.99914e+04   -9.30552e+05    2.89831e+03
 Position Rest.     Dih. Rest.      Potential    Kinetic En.   Total Energy
    5.46574e+02    1.55969e+02   -5.92424e+05    1.85231e+05   -4.07193e+05
  Conserved En.    Temperature Pressure (bar)   Constr. rmsd
   -4.05603e+05    3.10369e+02   -6.95007e+02    0.00000e+00

           Step           Time
         115000      115.00000

   Energies (kJ/mol)
           Bond            U-B    Proper Dih.  Improper Dih.      CMAP Dih.
    1.16488e+04    6.79598e+04    4.85891e+04    5.97316e+02    2.44166e+01
          LJ-14     Coulomb-14        LJ (SR)   Coulomb (SR)   Coul. recip.
    7.29272e+03    1.78927e+05    2.13443e+04   -9.31960e+05    2.89572e+03
 Position Rest.     Dih. Rest.      Potential    Kinetic En.   Total Energy
    5.17177e+02    1.67457e+02   -5.91996e+05    1.84248e+05   -4.07749e+05
  Conserved En.    Temperature Pressure (bar)   Constr. rmsd
   -4.05590e+05    3.08722e+02   -5.19587e+02    0.00000e+00

           Step           Time
         116000      116.00000

   Energies (kJ/mol)
           Bond            U-B    Proper Dih.  Improper Dih.      CMAP Dih.
    1.16946e+04    6.80451e+04    4.84394e+04    5.74563e+02    3.36475e+01
          LJ-14     Coulomb-14        LJ (SR)   Coulomb (SR)   Coul. recip.
    7.29582e+03    1.78667e+05    2.12021e+04   -9.33332e+05    2.86395e+03
 Position Rest.     Dih. Rest.      Potential    Kinetic En.   Total Energy
    5.75911e+02    1.66859e+02   -5.93773e+05    1.84579e+05   -4.09194e+05
  Conserved En.    Temperature Pressure (bar)   Constr. rmsd
   -4.05609e+05    3.09277e+02   -7.22219e+02    0.00000e+00

           Step           Time
         117000      117.00000

   Energies (kJ/mol)
           Bond            U-B    Proper Dih.  Improper Dih.      CMAP Dih.
    1.16363e+04    6.79352e+04    4.84122e+04    5.35248e+02    3.81636e+01
          LJ-14     Coulomb-14        LJ (SR)   Coulomb (SR)   Coul. recip.
    7.36813e+03    1.78425e+05    2.19849e+04   -9.33239e+05    2.91855e+03
 Position Rest.     Dih. Rest.      Potential    Kinetic En.   Total Energy
    5.20199e+02    1.76891e+02   -5.93288e+05    1.83841e+05   -4.09448e+05
  Conserved En.    Temperature Pressure (bar)   Constr. rmsd
   -4.05594e+05    3.08040e+02   -4.64420e+02    0.00000e+00

           Step           Time
         118000      118.00000

   Energies (kJ/mol)
           Bond            U-B    Proper Dih.  Improper Dih.      CMAP Dih.
    1.16613e+04    6.78187e+04    4.85823e+04    5.51185e+02    3.10784e+01
          LJ-14     Coulomb-14        LJ (SR)   Coulomb (SR)   Coul. recip.
    7.34555e+03    1.78515e+05    2.04169e+04   -9.32093e+05    2.84438e+03
 Position Rest.     Dih. Rest.      Potential    Kinetic En.   Total Energy
    5.85315e+02    1.66537e+02   -5.93574e+05    1.84672e+05   -4.08903e+05
  Conserved En.    Temperature Pressure (bar)   Constr. rmsd
   -4.05617e+05    3.09432e+02   -6.76691e+02    0.00000e+00

           Step           Time
         119000      119.00000

   Energies (kJ/mol)
           Bond            U-B    Proper Dih.  Improper Dih.      CMAP Dih.
    1.18381e+04    6.74020e+04    4.84703e+04    5.76280e+02    5.77419e+01
          LJ-14     Coulomb-14        LJ (SR)   Coulomb (SR)   Coul. recip.
    7.24491e+03    1.78589e+05    2.19981e+04   -9.33828e+05    2.91088e+03
 Position Rest.     Dih. Rest.      Potential    Kinetic En.   Total Energy
    5.65521e+02    1.70685e+02   -5.94005e+05    1.84317e+05   -4.09688e+05
  Conserved En.    Temperature Pressure (bar)   Constr. rmsd
   -4.05622e+05    3.08838e+02   -5.97875e+02    0.00000e+00

           Step           Time
         120000      120.00000

   Energies (kJ/mol)
           Bond            U-B    Proper Dih.  Improper Dih.      CMAP Dih.
    1.16044e+04    6.78141e+04    4.85213e+04    6.25862e+02    3.34539e+01
          LJ-14     Coulomb-14        LJ (SR)   Coulomb (SR)   Coul. recip.
    7.20053e+03    1.77977e+05    2.26607e+04   -9.34185e+05    2.92775e+03
 Position Rest.     Dih. Rest.      Potential    Kinetic En.   Total Energy
    5.50380e+02    1.69351e+02   -5.94099e+05    1.84834e+05   -4.09265e+05
  Conserved En.    Temperature Pressure (bar)   Constr. rmsd
   -4.05631e+05    3.09705e+02   -2.96237e+02    0.00000e+00

           Step           Time
         121000      121.00000

   Energies (kJ/mol)
           Bond            U-B    Proper Dih.  Improper Dih.      CMAP Dih.
    1.16070e+04    6.75186e+04    4.87625e+04    6.21129e+02    5.11165e+01
          LJ-14     Coulomb-14        LJ (SR)   Coulomb (SR)   Coul. recip.
    7.28663e+03    1.78541e+05    2.14819e+04   -9.33324e+05    2.92518e+03
 Position Rest.     Dih. Rest.      Potential    Kinetic En.   Total Energy
    5.63698e+02    1.78551e+02   -5.93787e+05    1.84959e+05   -4.08828e+05
  Conserved En.    Temperature Pressure (bar)   Constr. rmsd
   -4.05630e+05    3.09914e+02   -4.16607e+02    0.00000e+00

           Step           Time
         122000      122.00000

   Energies (kJ/mol)
           Bond            U-B    Proper Dih.  Improper Dih.      CMAP Dih.
    1.17584e+04    6.79802e+04    4.86723e+04    5.73975e+02    3.56716e+01
          LJ-14     Coulomb-14        LJ (SR)   Coulomb (SR)   Coul. recip.
    7.25751e+03    1.78311e+05    2.07863e+04   -9.32075e+05    2.83287e+03
 Position Rest.     Dih. Rest.      Potential    Kinetic En.   Total Energy
    5.28772e+02    1.80466e+02   -5.93158e+05    1.84313e+05   -4.08845e+05
  Conserved En.    Temperature Pressure (bar)   Constr. rmsd
   -4.05626e+05    3.08832e+02   -4.53223e+02    0.00000e+00

           Step           Time
         123000      123.00000

   Energies (kJ/mol)
           Bond            U-B    Proper Dih.  Improper Dih.      CMAP Dih.
    1.13654e+04    6.74449e+04    4.86607e+04    5.67812e+02    6.48422e+01
          LJ-14     Coulomb-14        LJ (SR)   Coulomb (SR)   Coul. recip.
    7.41285e+03    1.78096e+05    2.17949e+04   -9.32823e+05    2.81263e+03
 Position Rest.     Dih. Rest.      Potential    Kinetic En.   Total Energy
    5.41632e+02    1.52777e+02   -5.93908e+05    1.83921e+05   -4.09987e+05
  Conserved En.    Temperature Pressure (bar)   Constr. rmsd
   -4.05641e+05    3.08175e+02   -4.66361e+02    0.00000e+00

           Step           Time
         124000      124.00000

   Energies (kJ/mol)
           Bond            U-B    Proper Dih.  Improper Dih.      CMAP Dih.
    1.15636e+04    6.75468e+04    4.85813e+04    5.63185e+02    4.42581e+01
          LJ-14     Coulomb-14        LJ (SR)   Coulomb (SR)   Coul. recip.
    7.37664e+03    1.78346e+05    2.01141e+04   -9.30483e+05    2.84397e+03
 Position Rest.     Dih. Rest.      Potential    Kinetic En.   Total Energy
    5.25908e+02    1.65093e+02   -5.92812e+05    1.84184e+05   -4.08628e+05
  Conserved En.    Temperature Pressure (bar)   Constr. rmsd
   -4.05647e+05    3.08616e+02   -4.73001e+02    0.00000e+00

           Step           Time
         125000      125.00000

Writing checkpoint, step 125000 at Sun Jul  5 09:08:15 2026


   Energies (kJ/mol)
           Bond            U-B    Proper Dih.  Improper Dih.      CMAP Dih.
    1.17471e+04    6.74432e+04    4.89126e+04    5.23877e+02    5.61518e+01
          LJ-14     Coulomb-14        LJ (SR)   Coulomb (SR)   Coul. recip.
    7.34084e+03    1.78248e+05    2.19757e+04   -9.32609e+05    2.79926e+03
 Position Rest.     Dih. Rest.      Potential    Kinetic En.   Total Energy
    5.23517e+02    1.51884e+02   -5.92886e+05    1.84065e+05   -4.08821e+05
  Conserved En.    Temperature Pressure (bar)   Constr. rmsd
   -4.05652e+05    3.08417e+02   -7.03382e+02    0.00000e+00


Energy conservation over simulation part #1 of length 125 ps, time 0 to 125 ps
  Conserved energy drift: -3.36e-04 kJ/mol/ps per atom


	<======  ###############  ==>
	<====  A V E R A G E S  ====>
	<==  ###############  ======>

	Statistics over 125001 steps using 1251 frames

   Energies (kJ/mol)
           Bond            U-B    Proper Dih.  Improper Dih.      CMAP Dih.
    1.16482e+04    6.77856e+04    4.87352e+04    5.82804e+02    4.96779e+01
          LJ-14     Coulomb-14        LJ (SR)   Coulomb (SR)   Coul. recip.
    7.32970e+03    1.78989e+05    2.16393e+04   -9.31675e+05    2.89799e+03
 Position Rest.     Dih. Rest.      Potential    Kinetic En.   Total Energy
    5.19372e+02    1.61447e+02   -5.91336e+05    1.84987e+05   -4.06349e+05
  Conserved En.    Temperature Pressure (bar)   Constr. rmsd
   -4.05314e+05    3.09961e+02   -4.80154e+02    0.00000e+00

   Total Virial (kJ/mol)
    7.00839e+04   -1.08316e+02    6.12881e+01
   -1.08321e+02    7.04403e+04   -5.93235e+01
    6.12958e+01   -5.93293e+01    7.55983e+04

   Pressure (bar)
   -4.29406e+02    7.20340e+00   -4.29713e-01
    7.20364e+00   -4.43354e+02    1.76945e+00
   -4.30069e-01    1.76972e+00   -5.67703e+02

         T-SOLU         T-MEMB         T-SOLV
    3.10340e+02    3.09996e+02    3.09929e+02


       P P   -   P M E   L O A D   B A L A N C I N G

 PP/PME load balancing changed the cut-off and PME settings:
           particle-particle                    PME
            rcoulomb  rlist            grid      spacing   1/beta
   initial  1.200 nm  1.201 nm      72  72  96   0.114 nm  0.384 nm
   final    1.263 nm  1.264 nm      64  64  96   0.126 nm  0.404 nm
 cost-ratio           1.17             0.79
 (note that these numbers concern only part of the total PP and PME load)


	M E G A - F L O P S   A C C O U N T I N G

 NB=Group-cutoff nonbonded kernels    NxN=N-by-N cluster Verlet kernels
 RF=Reaction-Field  VdW=Van der Waals  QSTab=quadratic-spline table
 W3=SPC/TIP3p  W4=TIP4p (single or pairs)
 V&F=Potential and force  V=Potential only  F=Force only

 Computing:                               M-Number         M-Flops  % Flops
-----------------------------------------------------------------------------
 Pair Search distance check            9907.940336       89171.463     0.0
 NxN QSTab Elec. + LJ [F]          10410426.468288   551752602.819    97.7
 NxN QSTab Elec. + LJ [V&F]          105240.096448     8524447.812     1.5
 1,4 nonbonded interactions            8441.317530      759718.578     0.1
 Shift-X                                 83.379150         500.275     0.0
 Bonds                                 1261.260090       74414.345     0.0
 Propers                              10526.709213     2410616.410     0.4
 Impropers                               63.125505       13130.105     0.0
 Dihedral Restr.                         41.250330        8250.066     0.0
 Pos. Restr.                             60.375483        3018.774     0.0
 Virial                                  83.435445        1501.838     0.0
 Stop-CM                                 83.379150         833.791     0.0
 Calc-Ekin                              166.758300        4502.474     0.0
 CMAP                                     4.375035        7437.559     0.0
 Urey-Bradley                          6143.674149     1124292.369     0.2
-----------------------------------------------------------------------------
 Total                                               564774438.680   100.0
-----------------------------------------------------------------------------


      R E A L   C Y C L E   A N D   T I M E   A C C O U N T I N G

On 1 MPI rank, each using 24 OpenMP threads

 Activity:              Num   Num      Call    Wall time         Giga-Cycles
                        Ranks Threads  Count      (s)         total sum    %
--------------------------------------------------------------------------------
 Neighbor search           1   24       1251      57.185       2875.287   2.5
 Launch PP GPU ops.        1   24     248751      13.945        701.153   0.6
 Force                     1   24     125001    1963.621      98732.235  86.9
 PME GPU mesh              1   24     125001      18.788        944.658   0.8
 Wait Bonded GPU           1   24       1251       0.026          1.330   0.0
 Wait GPU NB local         1   24     125001       0.913         45.918   0.0
 Wait GPU state copy       1   24     132503      84.699       4258.700   3.8
 NB X/F buffer ops.        1   24       1251       8.463        425.545   0.4
 Write traj.               1   24         28       0.809         40.666   0.0
 Rest                                            110.063       5534.051   4.9
--------------------------------------------------------------------------------
 Total                                          2258.512     113559.544 100.0
--------------------------------------------------------------------------------
 Breakdown of PME mesh activities
--------------------------------------------------------------------------------
 Wait PME GPU gather       1   24     125001       0.139          6.999   0.0
 Reduce GPU PME F          1   24     125001       7.589        381.601   0.3
 Launch PME GPU ops.       1   24    1000016      10.771        541.579   0.5
--------------------------------------------------------------------------------

               Core t (s)   Wall t (s)        (%)
       Time:    54202.436     2258.512     2399.9
                         37:38
                 (ns/day)    (hour/ns)
Performance:        4.782        5.019
Finished mdrun on rank 0 Sun Jul  5 09:08:16 2026

