                :-) GROMACS - gmx mdrun, 2024.5-conda_forge (-:

Copyright 1991-2024 The GROMACS Authors.
GROMACS is free software; you can redistribute it and/or modify it
under the terms of the GNU Lesser General Public License
as published by the Free Software Foundation; either version 2.1
of the License, or (at your option) any later version.

                         Current GROMACS contributors:
       Mark Abraham           Andrey Alekseenko           Vladimir Basov      
      Cathrine Bergh            Eliane Briand               Ania Brown        
      Mahesh Doijade            Giacomo Fiorin          Stefan Fleischmann    
      Sergey Gorelov         Gilles Gouaillardet            Alan Gray         
     M. Eric Irrgang         Farzaneh Jalalypour            Joe Jordan        
     Carsten Kutzner           Justin A. Lemkul          Magnus Lundborg      
       Pascal Merz              Vedran Miletic            Dmitry Morozov      
       Julien Nabet              Szilard Pall        Andrea Pasquadibisceglie 
    Michele Pellegrino          Hubert Santuz             Roland Schulz       
     Tatiana Shugaeva          Alexey Shvetsov            Philip Turner       
     Alessandra Villa      Sebastian Wingbermuehle  

                         Previous GROMACS contributors:
        Emile Apol             Rossen Apostolov           James Barnett       
        Paul Bauer          Herman J.C. Berendsen          Par Bjelkmar       
      Christian Blau          Viacheslav Bolnykh            Kevin Boyd        
    Aldert van Buuren          Carlo Camilloni           Rudi van Drunen      
      Anton Feenstra           Oliver Fleetwood            Vytas Gapsys       
       Gaurav Garg             Gerrit Groenhof            Bert de Groot       
      Anca Hamuraru           Vincent Hindriksen          Victor Holanda      
     Aleksei Iupinov          Christoph Junghans        Prashanth Kanduri     
   Dimitrios Karkoulis           Peter Kasson             Sebastian Kehl      
     Sebastian Keller             Jiri Kraus               Per Larsson        
      Viveca Lindahl            Erik Marklund           Pieter Meulenhoff     
      Teemu Murtola              Sander Pronk             Michael Shirts      
      Alfons Sijbers            Balint Soproni         David van der Spoel    
      Peter Tieleman            Carsten Uphoff             Jon Vincent        
     Teemu Virolainen         Christian Wennberg           Maarten Wolf       
      Artem Zhmurov       

                  Coordinated by the GROMACS project leaders:
                           Berk Hess and Erik Lindahl

GROMACS:      gmx mdrun, version 2024.5-conda_forge
Executable:   /venv/main/bin.AVX2_256/gmx
Data prefix:  /venv/main
Working dir:  /home/admin/gitrepos/gromacs_sims/protein-1lml-ligand-pdl-sim/1lml_pdl_complex/sys_equi/sys_equi/02_equi_CA_LOW
Process ID:   2657
Command line:
  gmx mdrun -s equi_CA_LOW_1lml_pdl_complex.tpr -deffnm equi_CA_LOW_1lml_pdl_complex -nt 32 -ntmpi 0 -nsteps -2 -nocopyright -gpu_id 0

GROMACS version:     2024.5-conda_forge
Precision:           mixed
Memory model:        64 bit
MPI library:         thread_mpi
OpenMP support:      enabled (GMX_OPENMP_MAX_THREADS = 128)
GPU support:         CUDA
NBNxM GPU setup:     super-cluster 2x2x2 / cluster 8
SIMD instructions:   AVX2_256
CPU FFT library:     fftw-3.3.11-sse2-avx
GPU FFT library:     cuFFT
Multi-GPU FFT:       none
RDTSCP usage:        disabled
TNG support:         enabled
Hwloc support:       disabled
Tracing support:     disabled
C compiler:          /home/conda/feedstock_root/build_artifacts/gromacs_1737880200488/_build_env/bin/x86_64-conda-linux-gnu-cc GNU 11.4.0
C compiler flags:    -fexcess-precision=fast -funroll-all-loops -mavx2 -mfma -Wno-missing-field-initializers -O3 -DNDEBUG
C++ compiler:        /home/conda/feedstock_root/build_artifacts/gromacs_1737880200488/_build_env/bin/x86_64-conda-linux-gnu-c++ GNU 11.4.0
C++ compiler flags:  -fexcess-precision=fast -funroll-all-loops -mavx2 -mfma -Wno-missing-field-initializers -Wno-cast-function-type-strict SHELL:-fopenmp -O3 -DNDEBUG
BLAS library:        Internal
LAPACK library:      Internal
CUDA compiler:       /usr/local/cuda/bin/nvcc nvcc: NVIDIA (R) Cuda compiler driver;Copyright (c) 2005-2022 NVIDIA Corporation;Built on Wed_Sep_21_10:33:58_PDT_2022;Cuda compilation tools, release 11.8, V11.8.89;Build cuda_11.8.r11.8/compiler.31833905_0
CUDA compiler flags:-std=c++17;--generate-code=arch=compute_35,code=sm_35;--generate-code=arch=compute_37,code=sm_37;--generate-code=arch=compute_50,code=sm_50;--generate-code=arch=compute_52,code=sm_52;--generate-code=arch=compute_60,code=sm_60;--generate-code=arch=compute_61,code=sm_61;--generate-code=arch=compute_70,code=sm_70;--generate-code=arch=compute_75,code=sm_75;--generate-code=arch=compute_80,code=sm_80;--generate-code=arch=compute_86,code=sm_86;--generate-code=arch=compute_89,code=sm_89;--generate-code=arch=compute_90,code=sm_90;-Wno-deprecated-gpu-targets;--generate-code=arch=compute_53,code=sm_53;--generate-code=arch=compute_80,code=sm_80;-use_fast_math;-Xptxas;-warn-double-usage;-Xptxas;-Werror;;-Xcompiler;-fopenmp;-fexcess-precision=fast -funroll-all-loops -mavx2 -mfma -Wno-missing-field-initializers -Wno-cast-function-type-strict SHELL:-fopenmp -O3 -DNDEBUG
CUDA driver:         13.10
CUDA runtime:        11.80


Running on 1 node with total 14 cores, 28 processing units, 1 compatible GPU
Hardware detected on host 9f449d7b1e5e:
  CPU info:
    Vendor: Intel
    Brand:  Intel(R) Xeon(R) CPU E5-2680 v4 @ 2.40GHz
    Family: 6   Model: 79   Stepping: 1
    Features: aes apic avx avx2 clfsh cmov cx8 cx16 f16c fma hle htt intel lahf mmx msr nonstop_tsc pcid pclmuldq pdcm pdpe1gb popcnt pse rdrnd rdtscp rtm sse2 sse3 sse4.1 sse4.2 ssse3 tdt x2apic
  Hardware topology: Basic
    Packages, cores, and logical processors:
    [indices refer to OS logical processors]
      Package  0: [   0  14] [   1  15] [   2  16] [   3  17] [   4  18] [   5  19] [   6  20] [   7  21] [   8  22] [   9  23] [  10  24] [  11  25] [  12  26] [  13  27]
    CPU limit set by OS: 26.88   Recommended max number of threads: 27
  GPU info:
    Number of GPUs detected: 1
    #0: NVIDIA NVIDIA GeForce RTX 2060 SUPER, compute cap.: 7.5, ECC:  no, stat: compatible

The current CPU can measure timings more accurately than the code in
gmx mdrun was configured to use. This might affect your simulation
speed as accurate timings are needed for load-balancing.
Please consider rebuilding gmx mdrun with the GMX_USE_RDTSCP=ON CMake option.

++++ PLEASE READ AND CITE THE FOLLOWING REFERENCE ++++
M. J. Abraham, T. Murtola, R. Schulz, S. Páll, J. C. Smith, B. Hess, E.
Lindahl
GROMACS: High performance molecular simulations through multi-level
parallelism from laptops to supercomputers
SoftwareX 1 (2015) pp. 19-25
-------- -------- --- Thank You --- -------- --------


++++ PLEASE READ AND CITE THE FOLLOWING REFERENCE ++++
S. Páll, M. J. Abraham, C. Kutzner, B. Hess, E. Lindahl
Tackling Exascale Software Challenges in Molecular Dynamics Simulations with
GROMACS
In S. Markidis & E. Laure (Eds.), Solving Software Challenges for Exascale 8759 (2015) pp. 3-27
-------- -------- --- Thank You --- -------- --------


++++ PLEASE READ AND CITE THE FOLLOWING REFERENCE ++++
S. Pronk, S. Páll, R. Schulz, P. Larsson, P. Bjelkmar, R. Apostolov, M. R.
Shirts, J. C. Smith, P. M. Kasson, D. van der Spoel, B. Hess, and E. Lindahl
GROMACS 4.5: a high-throughput and highly parallel open source molecular
simulation toolkit
Bioinformatics 29 (2013) pp. 845-54
-------- -------- --- Thank You --- -------- --------


++++ PLEASE READ AND CITE THE FOLLOWING REFERENCE ++++
B. Hess and C. Kutzner and D. van der Spoel and E. Lindahl
GROMACS 4: Algorithms for highly efficient, load-balanced, and scalable
molecular simulation
J. Chem. Theory Comput. 4 (2008) pp. 435-447
-------- -------- --- Thank You --- -------- --------


++++ PLEASE READ AND CITE THE FOLLOWING REFERENCE ++++
D. van der Spoel, E. Lindahl, B. Hess, G. Groenhof, A. E. Mark and H. J. C.
Berendsen
GROMACS: Fast, Flexible and Free
J. Comp. Chem. 26 (2005) pp. 1701-1719
-------- -------- --- Thank You --- -------- --------


++++ PLEASE READ AND CITE THE FOLLOWING REFERENCE ++++
E. Lindahl and B. Hess and D. van der Spoel
GROMACS 3.0: A package for molecular simulation and trajectory analysis
J. Mol. Mod. 7 (2001) pp. 306-317
-------- -------- --- Thank You --- -------- --------


++++ PLEASE READ AND CITE THE FOLLOWING REFERENCE ++++
H. J. C. Berendsen, D. van der Spoel and R. van Drunen
GROMACS: A message-passing parallel molecular dynamics implementation
Comp. Phys. Comm. 91 (1995) pp. 43-56
-------- -------- --- Thank You --- -------- --------

Input Parameters:
   integrator                     = md
   tinit                          = 0
   dt                             = 0.002
   nsteps                         = 2000000
   init-step                      = 0
   simulation-part                = 1
   mts                            = false
   mass-repartition-factor        = 1
   comm-mode                      = None
   nstcomm                        = 0
   bd-fric                        = 0
   ld-seed                        = -428343305
   emtol                          = 10
   emstep                         = 0.01
   niter                          = 20
   fcstep                         = 0
   nstcgsteep                     = 1000
   nbfgscorr                      = 10
   rtpi                           = 0.05
   nstxout                        = 200000
   nstvout                        = 200000
   nstfout                        = 0
   nstlog                         = 5000
   nstcalcenergy                  = 100
   nstenergy                      = 5000
   nstxout-compressed             = 5000
   compressed-x-precision         = 1000
   cutoff-scheme                  = Verlet
   nstlist                        = 10
   pbc                            = xyz
   periodic-molecules             = false
   verlet-buffer-tolerance        = 0.005
   verlet-buffer-pressure-tolerance = 0.5
   rlist                          = 1
   coulombtype                    = PME
   coulomb-modifier               = Potential-shift
   rcoulomb-switch                = 0
   rcoulomb                       = 1
   epsilon-r                      = 1
   epsilon-rf                     = inf
   vdw-type                       = Cut-off
   vdw-modifier                   = Potential-shift
   rvdw-switch                    = 0
   rvdw                           = 1
   DispCorr                       = EnerPres
   table-extension                = 1
   fourierspacing                 = 0.12
   fourier-nx                     = 96
   fourier-ny                     = 96
   fourier-nz                     = 96
   pme-order                      = 4
   ewald-rtol                     = 1e-05
   ewald-rtol-lj                  = 0.001
   lj-pme-comb-rule               = Geometric
   ewald-geometry                 = 3d
   epsilon-surface                = 0
   ensemble-temperature-setting   = constant
   ensemble-temperature           = 310
   tcoupl                         = V-rescale
   nsttcouple                     = 10
   nh-chain-length                = 0
   print-nose-hoover-chain-variables = false
   pcoupl                         = Parrinello-Rahman
   pcoupltype                     = Isotropic
   nstpcouple                     = 100
   tau-p                          = 5
   compressibility (3x3):
      compressibility[    0]={ 4.50000e-05,  0.00000e+00,  0.00000e+00}
      compressibility[    1]={ 0.00000e+00,  4.50000e-05,  0.00000e+00}
      compressibility[    2]={ 0.00000e+00,  0.00000e+00,  4.50000e-05}
   ref-p (3x3):
      ref-p[    0]={ 1.00000e+00,  0.00000e+00,  0.00000e+00}
      ref-p[    1]={ 0.00000e+00,  1.00000e+00,  0.00000e+00}
      ref-p[    2]={ 0.00000e+00,  0.00000e+00,  1.00000e+00}
   refcoord-scaling               = COM
   posres-com (3):
      posres-com[0]= 4.96477e-01
      posres-com[1]= 4.96287e-01
      posres-com[2]= 5.03873e-01
   posres-comB (3):
      posres-comB[0]= 4.96477e-01
      posres-comB[1]= 4.96287e-01
      posres-comB[2]= 5.03873e-01
   QMMM                           = false
qm-opts:
   ngQM                           = 0
   constraint-algorithm           = Lincs
   continuation                   = false
   Shake-SOR                      = false
   shake-tol                      = 0.0001
   lincs-order                    = 4
   lincs-iter                     = 1
   lincs-warnangle                = 30
   nwall                          = 0
   wall-type                      = 9-3
   wall-r-linpot                  = -1
   wall-atomtype[0]               = -1
   wall-atomtype[1]               = -1
   wall-density[0]                = 0
   wall-density[1]                = 0
   wall-ewald-zfac                = 3
   pull                           = false
   awh                            = false
   rotation                       = false
   interactiveMD                  = false
   disre                          = Simple
   disre-weighting                = Conservative
   disre-mixed                    = false
   dr-fc                          = 1000
   dr-tau                         = 0
   nstdisreout                    = 0
   orire-fc                       = 0
   orire-tau                      = 0
   nstorireout                    = 100
   free-energy                    = no
   cos-acceleration               = 0
   deform (3x3):
      deform[    0]={ 0.00000e+00,  0.00000e+00,  0.00000e+00}
      deform[    1]={ 0.00000e+00,  0.00000e+00,  0.00000e+00}
      deform[    2]={ 0.00000e+00,  0.00000e+00,  0.00000e+00}
   simulated-tempering            = false
   swapcoords                     = no
   userint1                       = 0
   userint2                       = 0
   userint3                       = 0
   userint4                       = 0
   userreal1                      = 0
   userreal2                      = 0
   userreal3                      = 0
   userreal4                      = 0
   applied-forces:
     electric-field:
       x:
         E0                       = 0
         omega                    = 0
         t0                       = 0
         sigma                    = 0
       y:
         E0                       = 0
         omega                    = 0
         t0                       = 0
         sigma                    = 0
       z:
         E0                       = 0
         omega                    = 0
         t0                       = 0
         sigma                    = 0
     density-guided-simulation:
       active                     = false
       group                      = protein
       similarity-measure         = inner-product
       atom-spreading-weight      = unity
       force-constant             = 1e+09
       gaussian-transform-spreading-width = 0.2
       gaussian-transform-spreading-range-in-multiples-of-width = 4
       reference-density-filename = reference.mrc
       nst                        = 1
       normalize-densities        = true
       adaptive-force-scaling     = false
       adaptive-force-scaling-time-constant = 4
       shift-vector               = 
       transformation-matrix      = 
     qmmm-cp2k:
       active                     = false
       qmgroup                    = System
       qmmethod                   = PBE
       qmfilenames                = 
       qmcharge                   = 0
       qmmultiplicity             = 1
     colvars:
       active                     = false
       configfile                 = 
       seed                       = -1
grpopts:
   nrdf:       17491      144102
   ref-t:         310         310
   tau-t:         0.1         0.1
annealing:          No          No
annealing-npoints:           0           0
   acc:	           0           0           0
   nfreeze:           N           N           N
   energygrp-flags[  0]: 0

Changing nstlist from 10 to 100, rlist from 1 to 1.178


Update groups can not be used for this system because atoms that are (in)directly constrained together are interdispersed with other atoms

1 GPU selected for this run.
Mapping of GPU IDs to the 2 GPU tasks in the 1 rank on this node:
  PP:0,PME:0
PP tasks will do (non-perturbed) short-ranged interactions on the GPU
PP task will update and constrain coordinates on the GPU
PME tasks will do all aspects on the GPU
Using 1 MPI thread
Using 32 OpenMP threads 


WARNING: Oversubscribing the recommended max load of 27 logical CPUs with 32 threads.
         This will cause considerable performance loss.
System total charge: 0.000
Will do PME sum in reciprocal space for electrostatic interactions.

++++ PLEASE READ AND CITE THE FOLLOWING REFERENCE ++++
U. Essmann, L. Perera, M. L. Berkowitz, T. Darden, H. Lee and L. G. Pedersen 
A smooth particle mesh Ewald method
J. Chem. Phys. 103 (1995) pp. 8577-8592
-------- -------- --- Thank You --- -------- --------

Using a Gaussian width (1/beta) of 0.320163 nm for Ewald
Potential shift: LJ r^-12: -1.000e+00 r^-6: -1.000e+00, Ewald -1.000e-05
Initialized non-bonded Coulomb Ewald tables, spacing: 9.33e-04 size: 1073

Generated table with 1089 data points for 1-4 COUL.
Tabscale = 500 points/nm
Generated table with 1089 data points for 1-4 LJ6.
Tabscale = 500 points/nm
Generated table with 1089 data points for 1-4 LJ12.
Tabscale = 500 points/nm

Long Range LJ corr.: <C6> 3.2051e-04


Using GPU 8x8 nonbonded short-range kernels

Using a dual 8x8 pair-list setup updated with dynamic, rolling pruning:
  outer list: updated every 100 steps, buffer 0.178 nm, rlist 1.178 nm
  inner list: updated every   8 steps, buffer 0.001 nm, rlist 1.001 nm
At tolerance 0.005 kJ/mol/ps per atom, equivalent classical 1x1 list would be:
  outer list: updated every 100 steps, buffer 0.311 nm, rlist 1.311 nm
  inner list: updated every   8 steps, buffer 0.031 nm, rlist 1.031 nm

The average pressure is off by at most 0.56 bar due to missing LJ interactions

Using Lorentz-Berthelot Lennard-Jones combination rule
Removing pbc first time

NOTE: OS CPU limit is lower than logical cpu count, thread pinning disabled.

Initializing LINear Constraint Solver

++++ PLEASE READ AND CITE THE FOLLOWING REFERENCE ++++
B. Hess and H. Bekker and H. J. C. Berendsen and J. G. E. M. Fraaije
LINCS: A Linear Constraint Solver for molecular simulations
J. Comp. Chem. 18 (1997) pp. 1463-1472
-------- -------- --- Thank You --- -------- --------

The number of constraints is 3395

++++ PLEASE READ AND CITE THE FOLLOWING REFERENCE ++++
S. Miyamoto and P. A. Kollman
SETTLE: An Analytical Version of the SHAKE and RATTLE Algorithms for Rigid
Water Models
J. Comp. Chem. 13 (1992) pp. 952-962
-------- -------- --- Thank You --- -------- --------


++++ PLEASE READ AND CITE THE FOLLOWING REFERENCE ++++
G. Bussi, D. Donadio and M. Parrinello
Canonical sampling through velocity rescaling
J. Chem. Phys. 126 (2007) pp. 014101
-------- -------- --- Thank You --- -------- --------

There are: 78953 Atoms

Updating coordinates and applying constraints on the GPU.

Constraining the starting coordinates (step 0)

Constraining the coordinates at t0-dt (step 0)
RMS relative constraint deviation after constraining: 3.77e-06
Initial temperature: 310.554 K

Started mdrun on rank 0 Wed Apr 29 12:11:53 2026

           Step           Time
              0        0.00000

   Energies (kJ/mol)
           Bond          Angle    Proper Dih. Per. Imp. Dih.          LJ-14
    6.21359e+03    1.82230e+04    2.15463e+04    1.07786e+03    6.19156e+03
     Coulomb-14        LJ (SR)  Disper. corr.   Coulomb (SR)   Coul. recip.
    7.60034e+04    1.35399e+05   -1.04903e+04   -1.29638e+06    8.20559e+03
 Position Rest.      Potential    Kinetic En.   Total Energy  Conserved En.
    1.81184e+02   -1.03383e+06    2.08801e+05   -8.25032e+05   -8.24984e+05
    Temperature Pres. DC (bar) Pressure (bar)   Constr. rmsd
    3.10818e+02   -2.18876e+02   -2.14328e+01    3.76783e-06

step 4000: timed with pme grid 96 96 96, coulomb cutoff 1.000: 297.2 M-cycles
step 4200: timed with pme grid 80 80 80, coulomb cutoff 1.084: 317.6 M-cycles
step 4400: timed with pme grid 72 72 72, coulomb cutoff 1.204: 358.4 M-cycles
step 4600: timed with pme grid 80 80 80, coulomb cutoff 1.084: 315.7 M-cycles
step 4800: timed with pme grid 84 84 84, coulomb cutoff 1.032: 335.4 M-cycles
step 5000: timed with pme grid 96 96 96, coulomb cutoff 1.000: 343.2 M-cycles
              optimal pme grid 96 96 96, coulomb cutoff 1.000
           Step           Time
           5000       10.00000

   Energies (kJ/mol)
           Bond          Angle    Proper Dih. Per. Imp. Dih.          LJ-14
    6.01731e+03    1.82572e+04    2.13279e+04    1.02471e+03    6.23219e+03
     Coulomb-14        LJ (SR)  Disper. corr.   Coulomb (SR)   Coul. recip.
    7.58774e+04    1.34500e+05   -1.05100e+04   -1.29394e+06    8.17730e+03
 Position Rest.      Potential    Kinetic En.   Total Energy  Conserved En.
    4.02726e+02   -1.03263e+06    2.09012e+05   -8.23621e+05   -8.24874e+05
    Temperature Pres. DC (bar) Pressure (bar)   Constr. rmsd
    3.11132e+02   -2.19699e+02    5.98531e+01    3.76783e-06

           Step           Time
          10000       20.00000

   Energies (kJ/mol)
           Bond          Angle    Proper Dih. Per. Imp. Dih.          LJ-14
    5.98590e+03    1.82254e+04    2.11071e+04    1.05930e+03    6.21232e+03
     Coulomb-14        LJ (SR)  Disper. corr.   Coulomb (SR)   Coul. recip.
    7.61876e+04    1.34970e+05   -1.04448e+04   -1.29487e+06    8.14926e+03
 Position Rest.      Potential    Kinetic En.   Total Energy  Conserved En.
    4.15703e+02   -1.03300e+06    2.08327e+05   -8.24675e+05   -8.24716e+05
    Temperature Pres. DC (bar) Pressure (bar)   Constr. rmsd
    3.10112e+02   -2.16986e+02   -7.66804e+01    3.76783e-06

           Step           Time
          15000       30.00000

   Energies (kJ/mol)
           Bond          Angle    Proper Dih. Per. Imp. Dih.          LJ-14
    5.84321e+03    1.77612e+04    2.10642e+04    9.87990e+02    6.29571e+03
     Coulomb-14        LJ (SR)  Disper. corr.   Coulomb (SR)   Coul. recip.
    7.61391e+04    1.36464e+05   -1.05680e+04   -1.29938e+06    8.16843e+03
 Position Rest.      Potential    Kinetic En.   Total Energy  Conserved En.
    4.79590e+02   -1.03674e+06    2.06843e+05   -8.29900e+05   -8.24332e+05
    Temperature Pres. DC (bar) Pressure (bar)   Constr. rmsd
    3.07903e+02   -2.22128e+02    5.40015e+01    3.76783e-06

           Step           Time
          20000       40.00000

   Energies (kJ/mol)
           Bond          Angle    Proper Dih. Per. Imp. Dih.          LJ-14
    5.92073e+03    1.77348e+04    2.11385e+04    9.90625e+02    6.28002e+03
     Coulomb-14        LJ (SR)  Disper. corr.   Coulomb (SR)   Coul. recip.
    7.62995e+04    1.36209e+05   -1.05502e+04   -1.29880e+06    8.21417e+03
 Position Rest.      Potential    Kinetic En.   Total Energy  Conserved En.
    5.21448e+02   -1.03604e+06    2.09886e+05   -8.26151e+05   -8.24221e+05
    Temperature Pres. DC (bar) Pressure (bar)   Constr. rmsd
    3.12433e+02   -2.21381e+02    1.38612e+02    3.76783e-06

           Step           Time
          25000       50.00000

   Energies (kJ/mol)
           Bond          Angle    Proper Dih. Per. Imp. Dih.          LJ-14
    6.01215e+03    1.78509e+04    2.10249e+04    1.02643e+03    6.28357e+03
     Coulomb-14        LJ (SR)  Disper. corr.   Coulomb (SR)   Coul. recip.
    7.63929e+04    1.36019e+05   -1.04890e+04   -1.29782e+06    8.18773e+03
 Position Rest.      Potential    Kinetic En.   Total Energy  Conserved En.
    5.55419e+02   -1.03496e+06    2.09708e+05   -8.25248e+05   -8.24151e+05
    Temperature Pres. DC (bar) Pressure (bar)   Constr. rmsd
    3.12168e+02   -2.18823e+02   -1.90315e+01    3.76783e-06

           Step           Time
          30000       60.00000

   Energies (kJ/mol)
           Bond          Angle    Proper Dih. Per. Imp. Dih.          LJ-14
    6.00151e+03    1.81242e+04    2.08449e+04    1.05927e+03    6.20803e+03
     Coulomb-14        LJ (SR)  Disper. corr.   Coulomb (SR)   Coul. recip.
    7.60102e+04    1.33227e+05   -1.05229e+04   -1.29552e+06    8.32964e+03
 Position Rest.      Potential    Kinetic En.   Total Energy  Conserved En.
    5.84185e+02   -1.03566e+06    2.08778e+05   -8.26879e+05   -8.23975e+05
    Temperature Pres. DC (bar) Pressure (bar)   Constr. rmsd
    3.10783e+02   -2.20236e+02   -2.20005e+02    3.76783e-06

           Step           Time
          35000       70.00000

   Energies (kJ/mol)
           Bond          Angle    Proper Dih. Per. Imp. Dih.          LJ-14
    5.85278e+03    1.78016e+04    2.10162e+04    1.00071e+03    6.37949e+03
     Coulomb-14        LJ (SR)  Disper. corr.   Coulomb (SR)   Coul. recip.
    7.67041e+04    1.35241e+05   -1.04929e+04   -1.29676e+06    8.04242e+03
 Position Rest.      Potential    Kinetic En.   Total Energy  Conserved En.
    5.96702e+02   -1.03462e+06    2.07931e+05   -8.26691e+05   -8.23867e+05
    Temperature Pres. DC (bar) Pressure (bar)   Constr. rmsd
    3.09523e+02   -2.18988e+02    6.82072e+01    3.76783e-06

           Step           Time
          40000       80.00000

   Energies (kJ/mol)
           Bond          Angle    Proper Dih. Per. Imp. Dih.          LJ-14
    5.72107e+03    1.80892e+04    2.09303e+04    1.02799e+03    6.24532e+03
     Coulomb-14        LJ (SR)  Disper. corr.   Coulomb (SR)   Coul. recip.
    7.60892e+04    1.36143e+05   -1.04838e+04   -1.29650e+06    8.10438e+03
 Position Rest.      Potential    Kinetic En.   Total Energy  Conserved En.
    5.81456e+02   -1.03405e+06    2.07950e+05   -8.26103e+05   -8.23806e+05
    Temperature Pres. DC (bar) Pressure (bar)   Constr. rmsd
    3.09552e+02   -2.18605e+02    1.28424e+02    3.76783e-06

           Step           Time
          45000       90.00000

   Energies (kJ/mol)
           Bond          Angle    Proper Dih. Per. Imp. Dih.          LJ-14
    6.18483e+03    1.77680e+04    2.07897e+04    1.06901e+03    6.26867e+03
     Coulomb-14        LJ (SR)  Disper. corr.   Coulomb (SR)   Coul. recip.
    7.62395e+04    1.37152e+05   -1.05561e+04   -1.30119e+06    8.16004e+03
 Position Rest.      Potential    Kinetic En.   Total Energy  Conserved En.
    5.78664e+02   -1.03753e+06    2.09876e+05   -8.27656e+05   -8.23391e+05
    Temperature Pres. DC (bar) Pressure (bar)   Constr. rmsd
    3.12418e+02   -2.21631e+02    1.56607e+02    3.76783e-06

           Step           Time
          50000      100.00000

   Energies (kJ/mol)
           Bond          Angle    Proper Dih. Per. Imp. Dih.          LJ-14
    5.86420e+03    1.79588e+04    2.08044e+04    9.64407e+02    6.24129e+03
     Coulomb-14        LJ (SR)  Disper. corr.   Coulomb (SR)   Coul. recip.
    7.66561e+04    1.33316e+05   -1.04012e+04   -1.29484e+06    8.13566e+03
 Position Rest.      Potential    Kinetic En.   Total Energy  Conserved En.
    5.64476e+02   -1.03474e+06    2.08255e+05   -8.26484e+05   -8.23036e+05
    Temperature Pres. DC (bar) Pressure (bar)   Constr. rmsd
    3.10005e+02   -2.15181e+02   -2.56457e+02    3.76783e-06

           Step           Time
          55000      110.00000

   Energies (kJ/mol)
           Bond          Angle    Proper Dih. Per. Imp. Dih.          LJ-14
    5.63475e+03    1.79292e+04    2.10378e+04    9.78990e+02    6.19639e+03
     Coulomb-14        LJ (SR)  Disper. corr.   Coulomb (SR)   Coul. recip.
    7.63629e+04    1.35355e+05   -1.04141e+04   -1.29594e+06    8.15076e+03
 Position Rest.      Potential    Kinetic En.   Total Energy  Conserved En.
    5.90023e+02   -1.03412e+06    2.06979e+05   -8.27140e+05   -8.22606e+05
    Temperature Pres. DC (bar) Pressure (bar)   Constr. rmsd
    3.08106e+02   -2.15715e+02   -1.45766e+02    3.76783e-06

           Step           Time
          60000      120.00000

   Energies (kJ/mol)
           Bond          Angle    Proper Dih. Per. Imp. Dih.          LJ-14
    5.91230e+03    1.79821e+04    2.11139e+04    9.80206e+02    6.19058e+03
     Coulomb-14        LJ (SR)  Disper. corr.   Coulomb (SR)   Coul. recip.
    7.61880e+04    1.36708e+05   -1.04603e+04   -1.29710e+06    8.24083e+03
 Position Rest.      Potential    Kinetic En.   Total Energy  Conserved En.
    5.99928e+02   -1.03364e+06    2.09390e+05   -8.24250e+05   -8.22446e+05
    Temperature Pres. DC (bar) Pressure (bar)   Constr. rmsd
    3.11694e+02   -2.17630e+02    1.34164e+02    3.76783e-06

           Step           Time
          65000      130.00000

   Energies (kJ/mol)
           Bond          Angle    Proper Dih. Per. Imp. Dih.          LJ-14
    5.82068e+03    1.81227e+04    2.10930e+04    9.39676e+02    6.19280e+03
     Coulomb-14        LJ (SR)  Disper. corr.   Coulomb (SR)   Coul. recip.
    7.64059e+04    1.36008e+05   -1.04982e+04   -1.30000e+06    8.10608e+03
 Position Rest.      Potential    Kinetic En.   Total Energy  Conserved En.
    5.75158e+02   -1.03724e+06    2.08316e+05   -8.28921e+05   -8.22310e+05
    Temperature Pres. DC (bar) Pressure (bar)   Constr. rmsd
    3.10096e+02   -2.19208e+02    2.94024e+01    3.76783e-06

           Step           Time
          70000      140.00000

   Energies (kJ/mol)
           Bond          Angle    Proper Dih. Per. Imp. Dih.          LJ-14
    6.26538e+03    1.80060e+04    2.11226e+04    1.00062e+03    6.21226e+03
     Coulomb-14        LJ (SR)  Disper. corr.   Coulomb (SR)   Coul. recip.
    7.59705e+04    1.36625e+05   -1.04883e+04   -1.29765e+06    8.19121e+03
 Position Rest.      Potential    Kinetic En.   Total Energy  Conserved En.
    6.05288e+02   -1.03414e+06    2.06883e+05   -8.27257e+05   -8.22265e+05
    Temperature Pres. DC (bar) Pressure (bar)   Constr. rmsd
    3.07963e+02   -2.18793e+02   -4.11613e+01    3.76783e-06

           Step           Time
          75000      150.00000

   Energies (kJ/mol)
           Bond          Angle    Proper Dih. Per. Imp. Dih.          LJ-14
    6.03504e+03    1.78977e+04    2.07766e+04    1.01283e+03    6.26556e+03
     Coulomb-14        LJ (SR)  Disper. corr.   Coulomb (SR)   Coul. recip.
    7.61626e+04    1.36202e+05   -1.04196e+04   -1.29795e+06    8.13432e+03
 Position Rest.      Potential    Kinetic En.   Total Energy  Conserved En.
    5.57861e+02   -1.03532e+06    2.09205e+05   -8.26118e+05   -8.22280e+05
    Temperature Pres. DC (bar) Pressure (bar)   Constr. rmsd
    3.11419e+02   -2.15940e+02   -5.89373e+01    3.76783e-06

           Step           Time
          80000      160.00000

   Energies (kJ/mol)
           Bond          Angle    Proper Dih. Per. Imp. Dih.          LJ-14
    5.84114e+03    1.83061e+04    2.11458e+04    9.67000e+02    6.30914e+03
     Coulomb-14        LJ (SR)  Disper. corr.   Coulomb (SR)   Coul. recip.
    7.64978e+04    1.33600e+05   -1.04406e+04   -1.29475e+06    8.20797e+03
 Position Rest.      Potential    Kinetic En.   Total Energy  Conserved En.
    5.87220e+02   -1.03373e+06    2.08920e+05   -8.24808e+05   -8.21897e+05
    Temperature Pres. DC (bar) Pressure (bar)   Constr. rmsd
    3.10994e+02   -2.16810e+02   -1.98130e+02    3.76783e-06

           Step           Time
          85000      170.00000

   Energies (kJ/mol)
           Bond          Angle    Proper Dih. Per. Imp. Dih.          LJ-14
    6.06725e+03    1.80868e+04    2.11325e+04    9.75892e+02    6.28649e+03
     Coulomb-14        LJ (SR)  Disper. corr.   Coulomb (SR)   Coul. recip.
    7.63703e+04    1.38574e+05   -1.05321e+04   -1.30105e+06    8.03699e+03
 Position Rest.      Potential    Kinetic En.   Total Energy  Conserved En.
    6.17031e+02   -1.03544e+06    2.09614e+05   -8.25823e+05   -8.21697e+05
    Temperature Pres. DC (bar) Pressure (bar)   Constr. rmsd
    3.12028e+02   -2.20624e+02    2.60905e+02    3.76783e-06

           Step           Time
          90000      180.00000

   Energies (kJ/mol)
           Bond          Angle    Proper Dih. Per. Imp. Dih.          LJ-14
    6.10025e+03    1.79129e+04    2.09270e+04    9.60806e+02    6.23290e+03
     Coulomb-14        LJ (SR)  Disper. corr.   Coulomb (SR)   Coul. recip.
    7.62092e+04    1.37038e+05   -1.05404e+04   -1.30131e+06    8.13653e+03
 Position Rest.      Potential    Kinetic En.   Total Energy  Conserved En.
    6.18963e+02   -1.03772e+06    2.08846e+05   -8.28870e+05   -8.21535e+05
    Temperature Pres. DC (bar) Pressure (bar)   Constr. rmsd
    3.10884e+02   -2.20972e+02    5.99888e+01    3.76783e-06

           Step           Time
          95000      190.00000

   Energies (kJ/mol)
           Bond          Angle    Proper Dih. Per. Imp. Dih.          LJ-14
    5.87360e+03    1.81252e+04    2.09192e+04    9.93797e+02    6.22837e+03
     Coulomb-14        LJ (SR)  Disper. corr.   Coulomb (SR)   Coul. recip.
    7.62431e+04    1.33817e+05   -1.04173e+04   -1.29463e+06    8.16827e+03
 Position Rest.      Potential    Kinetic En.   Total Energy  Conserved En.
    5.51308e+02   -1.03413e+06    2.09035e+05   -8.25094e+05   -8.20771e+05
    Temperature Pres. DC (bar) Pressure (bar)   Constr. rmsd
    3.11166e+02   -2.15847e+02   -1.21585e+02    3.76783e-06

           Step           Time
         100000      200.00000

   Energies (kJ/mol)
           Bond          Angle    Proper Dih. Per. Imp. Dih.          LJ-14
    5.83270e+03    1.81198e+04    2.09531e+04    9.59845e+02    6.16630e+03
     Coulomb-14        LJ (SR)  Disper. corr.   Coulomb (SR)   Coul. recip.
    7.63564e+04    1.36016e+05   -1.04792e+04   -1.30043e+06    8.19655e+03
 Position Rest.      Potential    Kinetic En.   Total Energy  Conserved En.
    6.00870e+02   -1.03771e+06    2.07434e+05   -8.30275e+05   -8.20377e+05
    Temperature Pres. DC (bar) Pressure (bar)   Constr. rmsd
    3.08783e+02   -2.18414e+02   -8.74383e+01    3.76783e-06

           Step           Time
         105000      210.00000

   Energies (kJ/mol)
           Bond          Angle    Proper Dih. Per. Imp. Dih.          LJ-14
    5.94435e+03    1.80731e+04    2.08875e+04    1.01667e+03    6.24502e+03
     Coulomb-14        LJ (SR)  Disper. corr.   Coulomb (SR)   Coul. recip.
    7.63748e+04    1.35277e+05   -1.04589e+04   -1.29742e+06    8.19615e+03
 Position Rest.      Potential    Kinetic En.   Total Energy  Conserved En.
    6.02145e+02   -1.03526e+06    2.08321e+05   -8.26938e+05   -8.20132e+05
    Temperature Pres. DC (bar) Pressure (bar)   Constr. rmsd
    3.10104e+02   -2.17571e+02   -1.08969e+02    3.76783e-06

           Step           Time
         110000      220.00000

   Energies (kJ/mol)
           Bond          Angle    Proper Dih. Per. Imp. Dih.          LJ-14
    5.94017e+03    1.80896e+04    2.09886e+04    9.98427e+02    6.22751e+03
     Coulomb-14        LJ (SR)  Disper. corr.   Coulomb (SR)   Coul. recip.
    7.61250e+04    1.36421e+05   -1.05322e+04   -1.29937e+06    8.13563e+03
 Position Rest.      Potential    Kinetic En.   Total Energy  Conserved En.
    5.83052e+02   -1.03640e+06    2.07974e+05   -8.28423e+05   -8.19932e+05
    Temperature Pres. DC (bar) Pressure (bar)   Constr. rmsd
    3.09586e+02   -2.20626e+02    1.61908e+02    3.76783e-06

           Step           Time
         115000      230.00000

   Energies (kJ/mol)
           Bond          Angle    Proper Dih. Per. Imp. Dih.          LJ-14
    5.89058e+03    1.81884e+04    2.08487e+04    9.81858e+02    6.34378e+03
     Coulomb-14        LJ (SR)  Disper. corr.   Coulomb (SR)   Coul. recip.
    7.64907e+04    1.36865e+05   -1.04729e+04   -1.29936e+06    8.13423e+03
 Position Rest.      Potential    Kinetic En.   Total Energy  Conserved En.
    5.68458e+02   -1.03552e+06    2.07932e+05   -8.27591e+05   -8.19882e+05
    Temperature Pres. DC (bar) Pressure (bar)   Constr. rmsd
    3.09524e+02   -2.18154e+02    1.90741e+02    3.76783e-06

           Step           Time
         120000      240.00000

   Energies (kJ/mol)
           Bond          Angle    Proper Dih. Per. Imp. Dih.          LJ-14
    6.03706e+03    1.79103e+04    2.10466e+04    9.02924e+02    6.27368e+03
     Coulomb-14        LJ (SR)  Disper. corr.   Coulomb (SR)   Coul. recip.
    7.60737e+04    1.35302e+05   -1.04684e+04   -1.29549e+06    8.08235e+03
 Position Rest.      Potential    Kinetic En.   Total Energy  Conserved En.
    5.94858e+02   -1.03374e+06    2.08381e+05   -8.25356e+05   -8.19895e+05
    Temperature Pres. DC (bar) Pressure (bar)   Constr. rmsd
    3.10192e+02   -2.17966e+02   -2.50297e+01    3.76783e-06

           Step           Time
         125000      250.00000

   Energies (kJ/mol)
           Bond          Angle    Proper Dih. Per. Imp. Dih.          LJ-14
    5.73443e+03    1.81211e+04    2.09886e+04    1.03507e+03    6.28282e+03
     Coulomb-14        LJ (SR)  Disper. corr.   Coulomb (SR)   Coul. recip.
    7.65619e+04    1.35420e+05   -1.05494e+04   -1.29953e+06    8.24138e+03
 Position Rest.      Potential    Kinetic En.   Total Energy  Conserved En.
    5.84947e+02   -1.03711e+06    2.07600e+05   -8.29506e+05   -8.19527e+05
    Temperature Pres. DC (bar) Pressure (bar)   Constr. rmsd
    3.09031e+02   -2.21349e+02   -3.15061e+01    3.76783e-06

           Step           Time
         130000      260.00000

   Energies (kJ/mol)
           Bond          Angle    Proper Dih. Per. Imp. Dih.          LJ-14
    5.82635e+03    1.78646e+04    2.08654e+04    9.48146e+02    6.25429e+03
     Coulomb-14        LJ (SR)  Disper. corr.   Coulomb (SR)   Coul. recip.
    7.61006e+04    1.35203e+05   -1.05069e+04   -1.29740e+06    8.19252e+03
 Position Rest.      Potential    Kinetic En.   Total Energy  Conserved En.
    6.03612e+02   -1.03605e+06    2.07340e+05   -8.28712e+05   -8.19455e+05
    Temperature Pres. DC (bar) Pressure (bar)   Constr. rmsd
    3.08643e+02   -2.19571e+02   -1.98083e+01    3.76783e-06

           Step           Time
         135000      270.00000

   Energies (kJ/mol)
           Bond          Angle    Proper Dih. Per. Imp. Dih.          LJ-14
    5.81639e+03    1.79169e+04    2.08919e+04    9.33489e+02    6.20308e+03
     Coulomb-14        LJ (SR)  Disper. corr.   Coulomb (SR)   Coul. recip.
    7.64838e+04    1.35589e+05   -1.05174e+04   -1.29957e+06    8.22126e+03
 Position Rest.      Potential    Kinetic En.   Total Energy  Conserved En.
    6.11358e+02   -1.03742e+06    2.07777e+05   -8.29639e+05   -8.19410e+05
    Temperature Pres. DC (bar) Pressure (bar)   Constr. rmsd
    3.09293e+02   -2.20008e+02   -3.67112e+01    3.76783e-06

           Step           Time
         140000      280.00000

   Energies (kJ/mol)
           Bond          Angle    Proper Dih. Per. Imp. Dih.          LJ-14
    5.94983e+03    1.83065e+04    2.07492e+04    1.02057e+03    6.28298e+03
     Coulomb-14        LJ (SR)  Disper. corr.   Coulomb (SR)   Coul. recip.
    7.60742e+04    1.35227e+05   -1.04425e+04   -1.29581e+06    8.11244e+03
 Position Rest.      Potential    Kinetic En.   Total Energy  Conserved En.
    6.01572e+02   -1.03392e+06    2.07862e+05   -8.26063e+05   -8.19237e+05
    Temperature Pres. DC (bar) Pressure (bar)   Constr. rmsd
    3.09420e+02   -2.16891e+02   -6.63922e+01    3.76783e-06

           Step           Time
         145000      290.00000

   Energies (kJ/mol)
           Bond          Angle    Proper Dih. Per. Imp. Dih.          LJ-14
    5.85256e+03    1.82864e+04    2.09310e+04    9.20244e+02    6.32059e+03
     Coulomb-14        LJ (SR)  Disper. corr.   Coulomb (SR)   Coul. recip.
    7.57872e+04    1.35594e+05   -1.04281e+04   -1.29533e+06    8.34554e+03
 Position Rest.      Potential    Kinetic En.   Total Energy  Conserved En.
    6.19472e+02   -1.03310e+06    2.07959e+05   -8.25141e+05   -8.18561e+05
    Temperature Pres. DC (bar) Pressure (bar)   Constr. rmsd
    3.09564e+02   -2.16291e+02    7.89607e+01    3.76783e-06

           Step           Time
         150000      300.00000

   Energies (kJ/mol)
           Bond          Angle    Proper Dih. Per. Imp. Dih.          LJ-14
    5.79690e+03    1.78852e+04    2.07952e+04    9.38573e+02    6.35272e+03
     Coulomb-14        LJ (SR)  Disper. corr.   Coulomb (SR)   Coul. recip.
    7.62039e+04    1.37520e+05   -1.05731e+04   -1.30178e+06    8.11897e+03
 Position Rest.      Potential    Kinetic En.   Total Energy  Conserved En.
    6.51255e+02   -1.03809e+06    2.08842e+05   -8.29245e+05   -8.17897e+05
    Temperature Pres. DC (bar) Pressure (bar)   Constr. rmsd
    3.10879e+02   -2.22340e+02    1.99518e+02    3.76783e-06

           Step           Time
         155000      310.00000

   Energies (kJ/mol)
           Bond          Angle    Proper Dih. Per. Imp. Dih.          LJ-14
    5.98481e+03    1.81304e+04    2.06425e+04    1.05160e+03    6.25942e+03
     Coulomb-14        LJ (SR)  Disper. corr.   Coulomb (SR)   Coul. recip.
    7.61205e+04    1.36628e+05   -1.06015e+04   -1.29876e+06    8.02889e+03
 Position Rest.      Potential    Kinetic En.   Total Energy  Conserved En.
    6.20642e+02   -1.03590e+06    2.08380e+05   -8.27516e+05   -8.17407e+05
    Temperature Pres. DC (bar) Pressure (bar)   Constr. rmsd
    3.10192e+02   -2.23537e+02    2.87642e+02    3.76783e-06

           Step           Time
         160000      320.00000

   Energies (kJ/mol)
           Bond          Angle    Proper Dih. Per. Imp. Dih.          LJ-14
    5.79571e+03    1.79673e+04    2.07465e+04    9.15808e+02    6.29138e+03
     Coulomb-14        LJ (SR)  Disper. corr.   Coulomb (SR)   Coul. recip.
    7.66176e+04    1.35736e+05   -1.05142e+04   -1.29736e+06    8.11305e+03
 Position Rest.      Potential    Kinetic En.   Total Energy  Conserved En.
    6.28680e+02   -1.03506e+06    2.07824e+05   -8.27237e+05   -8.16913e+05
    Temperature Pres. DC (bar) Pressure (bar)   Constr. rmsd
    3.09363e+02   -2.19874e+02    4.21303e+01    3.76783e-06

           Step           Time
         165000      330.00000

   Energies (kJ/mol)
           Bond          Angle    Proper Dih. Per. Imp. Dih.          LJ-14
    5.80660e+03    1.77575e+04    2.08756e+04    9.81985e+02    6.26326e+03
     Coulomb-14        LJ (SR)  Disper. corr.   Coulomb (SR)   Coul. recip.
    7.63473e+04    1.34897e+05   -1.04222e+04   -1.29622e+06    8.26407e+03
 Position Rest.      Potential    Kinetic En.   Total Energy  Conserved En.
    6.67264e+02   -1.03478e+06    2.08057e+05   -8.26721e+05   -8.16722e+05
    Temperature Pres. DC (bar) Pressure (bar)   Constr. rmsd
    3.09710e+02   -2.16050e+02   -1.59716e+02    3.76783e-06

           Step           Time
         170000      340.00000

   Energies (kJ/mol)
           Bond          Angle    Proper Dih. Per. Imp. Dih.          LJ-14
    5.70300e+03    1.83787e+04    2.08194e+04    9.92650e+02    6.25481e+03
     Coulomb-14        LJ (SR)  Disper. corr.   Coulomb (SR)   Coul. recip.
    7.61667e+04    1.35292e+05   -1.04847e+04   -1.29801e+06    8.12900e+03
 Position Rest.      Potential    Kinetic En.   Total Energy  Conserved En.
    6.67168e+02   -1.03609e+06    2.07156e+05   -8.28937e+05   -8.16527e+05
    Temperature Pres. DC (bar) Pressure (bar)   Constr. rmsd
    3.08368e+02   -2.18645e+02    1.76625e+01    3.76783e-06

           Step           Time
         175000      350.00000

   Energies (kJ/mol)
           Bond          Angle    Proper Dih. Per. Imp. Dih.          LJ-14
    5.99038e+03    1.80481e+04    2.07786e+04    1.01666e+03    6.26291e+03
     Coulomb-14        LJ (SR)  Disper. corr.   Coulomb (SR)   Coul. recip.
    7.59886e+04    1.35152e+05   -1.04419e+04   -1.29535e+06    8.14186e+03
 Position Rest.      Potential    Kinetic En.   Total Energy  Conserved En.
    6.49791e+02   -1.03377e+06    2.08531e+05   -8.25236e+05   -8.16468e+05
    Temperature Pres. DC (bar) Pressure (bar)   Constr. rmsd
    3.10416e+02   -2.16864e+02   -6.52423e+01    3.76783e-06

           Step           Time
         180000      360.00000

   Energies (kJ/mol)
           Bond          Angle    Proper Dih. Per. Imp. Dih.          LJ-14
    6.10014e+03    1.80127e+04    2.06809e+04    9.61739e+02    6.21262e+03
     Coulomb-14        LJ (SR)  Disper. corr.   Coulomb (SR)   Coul. recip.
    7.63450e+04    1.34663e+05   -1.05360e+04   -1.29712e+06    7.99433e+03
 Position Rest.      Potential    Kinetic En.   Total Energy  Conserved En.
    6.42333e+02   -1.03604e+06    2.08303e+05   -8.27737e+05   -8.16112e+05
    Temperature Pres. DC (bar) Pressure (bar)   Constr. rmsd
    3.10077e+02   -2.20788e+02   -6.93300e+01    3.76783e-06

           Step           Time
         185000      370.00000

   Energies (kJ/mol)
           Bond          Angle    Proper Dih. Per. Imp. Dih.          LJ-14
    6.24806e+03    1.79388e+04    2.09234e+04    9.48819e+02    6.25699e+03
     Coulomb-14        LJ (SR)  Disper. corr.   Coulomb (SR)   Coul. recip.
    7.60932e+04    1.37103e+05   -1.05086e+04   -1.29900e+06    8.10559e+03
 Position Rest.      Potential    Kinetic En.   Total Energy  Conserved En.
    6.76037e+02   -1.03521e+06    2.09347e+05   -8.25866e+05   -8.15952e+05
    Temperature Pres. DC (bar) Pressure (bar)   Constr. rmsd
    3.11630e+02   -2.19642e+02    5.59682e+01    3.76783e-06

           Step           Time
         190000      380.00000

   Energies (kJ/mol)
           Bond          Angle    Proper Dih. Per. Imp. Dih.          LJ-14
    6.08160e+03    1.82117e+04    2.05110e+04    9.28303e+02    6.28065e+03
     Coulomb-14        LJ (SR)  Disper. corr.   Coulomb (SR)   Coul. recip.
    7.61835e+04    1.35127e+05   -1.05690e+04   -1.29787e+06    8.20287e+03
 Position Rest.      Potential    Kinetic En.   Total Energy  Conserved En.
    6.75003e+02   -1.03623e+06    2.07029e+05   -8.29204e+05   -8.15771e+05
    Temperature Pres. DC (bar) Pressure (bar)   Constr. rmsd
    3.08181e+02   -2.22172e+02   -3.23697e+01    3.76783e-06

           Step           Time
         195000      390.00000

   Energies (kJ/mol)
           Bond          Angle    Proper Dih. Per. Imp. Dih.          LJ-14
    5.81861e+03    1.81492e+04    2.07588e+04    9.11730e+02    6.27597e+03
     Coulomb-14        LJ (SR)  Disper. corr.   Coulomb (SR)   Coul. recip.
    7.58371e+04    1.36180e+05   -1.04735e+04   -1.29732e+06    8.29858e+03
 Position Rest.      Potential    Kinetic En.   Total Energy  Conserved En.
    6.49323e+02   -1.03491e+06    2.07692e+05   -8.27217e+05   -8.15700e+05
    Temperature Pres. DC (bar) Pressure (bar)   Constr. rmsd
    3.09167e+02   -2.18177e+02   -1.20512e+01    3.76783e-06

           Step           Time
         200000      400.00000

   Energies (kJ/mol)
           Bond          Angle    Proper Dih. Per. Imp. Dih.          LJ-14
    6.02714e+03    1.75553e+04    2.07105e+04    9.24575e+02    6.36191e+03
     Coulomb-14        LJ (SR)  Disper. corr.   Coulomb (SR)   Coul. recip.
    7.65972e+04    1.34913e+05   -1.04940e+04   -1.29853e+06    8.02790e+03
 Position Rest.      Potential    Kinetic En.   Total Energy  Conserved En.
    6.69967e+02   -1.03724e+06    2.08830e+05   -8.28408e+05   -8.15589e+05
    Temperature Pres. DC (bar) Pressure (bar)   Constr. rmsd
    3.10861e+02   -2.19031e+02   -7.14164e+01    3.76783e-06

           Step           Time
         205000      410.00000

   Energies (kJ/mol)
           Bond          Angle    Proper Dih. Per. Imp. Dih.          LJ-14
    6.13934e+03    1.77606e+04    2.07670e+04    9.17548e+02    6.20558e+03
     Coulomb-14        LJ (SR)  Disper. corr.   Coulomb (SR)   Coul. recip.
    7.61742e+04    1.35114e+05   -1.05010e+04   -1.29604e+06    8.03341e+03
 Position Rest.      Potential    Kinetic En.   Total Energy  Conserved En.
    6.71693e+02   -1.03475e+06    2.08111e+05   -8.26643e+05   -8.15489e+05
    Temperature Pres. DC (bar) Pressure (bar)   Constr. rmsd
    3.09790e+02   -2.19326e+02   -7.72893e+01    3.76783e-06

           Step           Time
         210000      420.00000

   Energies (kJ/mol)
           Bond          Angle    Proper Dih. Per. Imp. Dih.          LJ-14
    5.88367e+03    1.77651e+04    2.06621e+04    9.25894e+02    6.23520e+03
     Coulomb-14        LJ (SR)  Disper. corr.   Coulomb (SR)   Coul. recip.
    7.61614e+04    1.35576e+05   -1.04950e+04   -1.29936e+06    8.33606e+03
 Position Rest.      Potential    Kinetic En.   Total Energy  Conserved En.
    6.93816e+02   -1.03762e+06    2.07061e+05   -8.30554e+05   -8.15406e+05
    Temperature Pres. DC (bar) Pressure (bar)   Constr. rmsd
    3.08228e+02   -2.19074e+02   -8.88576e+01    3.76783e-06

           Step           Time
         215000      430.00000

   Energies (kJ/mol)
           Bond          Angle    Proper Dih. Per. Imp. Dih.          LJ-14
    5.81137e+03    1.80646e+04    2.05406e+04    1.02957e+03    6.41292e+03
     Coulomb-14        LJ (SR)  Disper. corr.   Coulomb (SR)   Coul. recip.
    7.60920e+04    1.36130e+05   -1.04933e+04   -1.29763e+06    8.18832e+03
 Position Rest.      Potential    Kinetic En.   Total Energy  Conserved En.
    6.67969e+02   -1.03519e+06    2.08450e+05   -8.26736e+05   -8.15382e+05
    Temperature Pres. DC (bar) Pressure (bar)   Constr. rmsd
    3.10295e+02   -2.19003e+02    1.16957e+02    3.76783e-06

           Step           Time
         220000      440.00000

   Energies (kJ/mol)
           Bond          Angle    Proper Dih. Per. Imp. Dih.          LJ-14
    6.08267e+03    1.74347e+04    2.08010e+04    9.30948e+02    6.31575e+03
     Coulomb-14        LJ (SR)  Disper. corr.   Coulomb (SR)   Coul. recip.
    7.62295e+04    1.35128e+05   -1.05022e+04   -1.29774e+06    8.07629e+03
 Position Rest.      Potential    Kinetic En.   Total Energy  Conserved En.
    6.82268e+02   -1.03656e+06    2.06381e+05   -8.30182e+05   -8.15327e+05
    Temperature Pres. DC (bar) Pressure (bar)   Constr. rmsd
    3.07215e+02   -2.19375e+02    1.75611e+01    3.76783e-06

           Step           Time
         225000      450.00000

   Energies (kJ/mol)
           Bond          Angle    Proper Dih. Per. Imp. Dih.          LJ-14
    5.96520e+03    1.79017e+04    2.08685e+04    8.96352e+02    6.25807e+03
     Coulomb-14        LJ (SR)  Disper. corr.   Coulomb (SR)   Coul. recip.
    7.63629e+04    1.33981e+05   -1.05023e+04   -1.29678e+06    8.13942e+03
 Position Rest.      Potential    Kinetic En.   Total Energy  Conserved En.
    6.48255e+02   -1.03626e+06    2.08833e+05   -8.27424e+05   -8.15294e+05
    Temperature Pres. DC (bar) Pressure (bar)   Constr. rmsd
    3.10865e+02   -2.19378e+02   -1.01083e+02    3.76783e-06

           Step           Time
         230000      460.00000

   Energies (kJ/mol)
           Bond          Angle    Proper Dih. Per. Imp. Dih.          LJ-14
    5.91567e+03    1.76935e+04    2.08098e+04    1.03991e+03    6.32443e+03
     Coulomb-14        LJ (SR)  Disper. corr.   Coulomb (SR)   Coul. recip.
    7.61664e+04    1.36788e+05   -1.05115e+04   -1.29958e+06    8.02735e+03
 Position Rest.      Potential    Kinetic En.   Total Energy  Conserved En.
    6.90911e+02   -1.03663e+06    2.09354e+05   -8.27281e+05   -8.15240e+05
    Temperature Pres. DC (bar) Pressure (bar)   Constr. rmsd
    3.11641e+02   -2.19764e+02    1.03170e+02    3.76783e-06

           Step           Time
         235000      470.00000

   Energies (kJ/mol)
           Bond          Angle    Proper Dih. Per. Imp. Dih.          LJ-14
    5.79013e+03    1.78772e+04    2.09642e+04    1.03432e+03    6.21722e+03
     Coulomb-14        LJ (SR)  Disper. corr.   Coulomb (SR)   Coul. recip.
    7.63469e+04    1.36592e+05   -1.05568e+04   -1.30064e+06    8.07475e+03
 Position Rest.      Potential    Kinetic En.   Total Energy  Conserved En.
    6.61881e+02   -1.03764e+06    2.08005e+05   -8.29634e+05   -8.14882e+05
    Temperature Pres. DC (bar) Pressure (bar)   Constr. rmsd
    3.09633e+02   -2.21658e+02    8.68735e+01    3.76783e-06

           Step           Time
         240000      480.00000

   Energies (kJ/mol)
           Bond          Angle    Proper Dih. Per. Imp. Dih.          LJ-14
    6.08229e+03    1.74118e+04    2.05084e+04    9.29475e+02    6.30889e+03
     Coulomb-14        LJ (SR)  Disper. corr.   Coulomb (SR)   Coul. recip.
    7.60507e+04    1.35913e+05   -1.05192e+04   -1.29951e+06    8.15042e+03
 Position Rest.      Potential    Kinetic En.   Total Energy  Conserved En.
    6.41475e+02   -1.03803e+06    2.09569e+05   -8.28462e+05   -8.14581e+05
    Temperature Pres. DC (bar) Pressure (bar)   Constr. rmsd
    3.11961e+02   -2.20084e+02    1.44080e+01    3.76783e-06

           Step           Time
         245000      490.00000

   Energies (kJ/mol)
           Bond          Angle    Proper Dih. Per. Imp. Dih.          LJ-14
    6.23065e+03    1.82427e+04    2.06714e+04    9.82897e+02    6.25032e+03
     Coulomb-14        LJ (SR)  Disper. corr.   Coulomb (SR)   Coul. recip.
    7.62159e+04    1.37058e+05   -1.05017e+04   -1.29771e+06    8.13022e+03
 Position Rest.      Potential    Kinetic En.   Total Energy  Conserved En.
    6.80904e+02   -1.03375e+06    2.09988e+05   -8.23757e+05   -8.14267e+05
    Temperature Pres. DC (bar) Pressure (bar)   Constr. rmsd
    3.12585e+02   -2.19352e+02    1.68284e+02    3.76783e-06

           Step           Time
         250000      500.00000

   Energies (kJ/mol)
           Bond          Angle    Proper Dih. Per. Imp. Dih.          LJ-14
    5.99936e+03    1.78317e+04    2.06734e+04    9.41534e+02    6.18826e+03
     Coulomb-14        LJ (SR)  Disper. corr.   Coulomb (SR)   Coul. recip.
    7.61389e+04    1.33988e+05   -1.04347e+04   -1.29589e+06    8.11116e+03
 Position Rest.      Potential    Kinetic En.   Total Energy  Conserved En.
    6.73681e+02   -1.03578e+06    2.08053e+05   -8.27730e+05   -8.14193e+05
    Temperature Pres. DC (bar) Pressure (bar)   Constr. rmsd
    3.09704e+02   -2.16567e+02   -2.98510e+02    3.76783e-06

           Step           Time
         255000      510.00000

   Energies (kJ/mol)
           Bond          Angle    Proper Dih. Per. Imp. Dih.          LJ-14
    6.06214e+03    1.74485e+04    2.06302e+04    9.58761e+02    6.32560e+03
     Coulomb-14        LJ (SR)  Disper. corr.   Coulomb (SR)   Coul. recip.
    7.60892e+04    1.36347e+05   -1.05253e+04   -1.29941e+06    8.02386e+03
 Position Rest.      Potential    Kinetic En.   Total Energy  Conserved En.
    6.93204e+02   -1.03735e+06    2.08319e+05   -8.29034e+05   -8.14062e+05
    Temperature Pres. DC (bar) Pressure (bar)   Constr. rmsd
    3.10101e+02   -2.20338e+02    9.14581e+01    3.76783e-06

           Step           Time
         260000      520.00000

   Energies (kJ/mol)
           Bond          Angle    Proper Dih. Per. Imp. Dih.          LJ-14
    6.05581e+03    1.76658e+04    2.07201e+04    9.43413e+02    6.35383e+03
     Coulomb-14        LJ (SR)  Disper. corr.   Coulomb (SR)   Coul. recip.
    7.64065e+04    1.35114e+05   -1.03885e+04   -1.29616e+06    8.17545e+03
 Position Rest.      Potential    Kinetic En.   Total Energy  Conserved En.
    6.83807e+02   -1.03443e+06    2.07493e+05   -8.26939e+05   -8.13755e+05
    Temperature Pres. DC (bar) Pressure (bar)   Constr. rmsd
    3.08870e+02   -2.14655e+02   -1.51936e+02    3.76783e-06

           Step           Time
         265000      530.00000

   Energies (kJ/mol)
           Bond          Angle    Proper Dih. Per. Imp. Dih.          LJ-14
    5.83018e+03    1.81246e+04    2.05629e+04    9.65648e+02    6.26823e+03
     Coulomb-14        LJ (SR)  Disper. corr.   Coulomb (SR)   Coul. recip.
    7.59289e+04    1.36550e+05   -1.05505e+04   -1.29972e+06    7.92740e+03
 Position Rest.      Potential    Kinetic En.   Total Energy  Conserved En.
    7.07726e+02   -1.03740e+06    2.08395e+05   -8.29006e+05   -8.13252e+05
    Temperature Pres. DC (bar) Pressure (bar)   Constr. rmsd
    3.10214e+02   -2.21393e+02    9.62565e+01    3.76783e-06

           Step           Time
         270000      540.00000

   Energies (kJ/mol)
           Bond          Angle    Proper Dih. Per. Imp. Dih.          LJ-14
    5.85077e+03    1.77999e+04    2.06039e+04    9.72894e+02    6.43676e+03
     Coulomb-14        LJ (SR)  Disper. corr.   Coulomb (SR)   Coul. recip.
    7.59499e+04    1.37135e+05   -1.05413e+04   -1.29865e+06    8.12957e+03
 Position Rest.      Potential    Kinetic En.   Total Energy  Conserved En.
    6.71911e+02   -1.03564e+06    2.06414e+05   -8.29223e+05   -8.13068e+05
    Temperature Pres. DC (bar) Pressure (bar)   Constr. rmsd
    3.07264e+02   -2.21009e+02    1.59309e+02    3.76783e-06

           Step           Time
         275000      550.00000

   Energies (kJ/mol)
           Bond          Angle    Proper Dih. Per. Imp. Dih.          LJ-14
    6.00133e+03    1.79455e+04    2.05452e+04    9.72633e+02    6.22764e+03
     Coulomb-14        LJ (SR)  Disper. corr.   Coulomb (SR)   Coul. recip.
    7.61902e+04    1.34761e+05   -1.05264e+04   -1.29783e+06    8.20308e+03
 Position Rest.      Potential    Kinetic En.   Total Energy  Conserved En.
    6.72011e+02   -1.03684e+06    2.07960e+05   -8.28882e+05   -8.12807e+05
    Temperature Pres. DC (bar) Pressure (bar)   Constr. rmsd
    3.09566e+02   -2.20386e+02   -7.29744e+01    3.76783e-06

           Step           Time
         280000      560.00000

   Energies (kJ/mol)
           Bond          Angle    Proper Dih. Per. Imp. Dih.          LJ-14
    5.99189e+03    1.82290e+04    2.05730e+04    8.94179e+02    6.22606e+03
     Coulomb-14        LJ (SR)  Disper. corr.   Coulomb (SR)   Coul. recip.
    7.58768e+04    1.34201e+05   -1.04907e+04   -1.29525e+06    8.25573e+03
 Position Rest.      Potential    Kinetic En.   Total Energy  Conserved En.
    7.19910e+02   -1.03478e+06    2.08873e+05   -8.25903e+05   -8.12791e+05
    Temperature Pres. DC (bar) Pressure (bar)   Constr. rmsd
    3.10925e+02   -2.18893e+02    9.91547e-01    3.76783e-06

           Step           Time
         285000      570.00000

   Energies (kJ/mol)
           Bond          Angle    Proper Dih. Per. Imp. Dih.          LJ-14
    6.06314e+03    1.77465e+04    2.06536e+04    9.29467e+02    6.27518e+03
     Coulomb-14        LJ (SR)  Disper. corr.   Coulomb (SR)   Coul. recip.
    7.61025e+04    1.36811e+05   -1.05715e+04   -1.29944e+06    8.19569e+03
 Position Rest.      Potential    Kinetic En.   Total Energy  Conserved En.
    7.16688e+02   -1.03652e+06    2.07830e+05   -8.28688e+05   -8.12575e+05
    Temperature Pres. DC (bar) Pressure (bar)   Constr. rmsd
    3.09373e+02   -2.22275e+02    2.99838e+02    3.76783e-06

           Step           Time
         290000      580.00000

   Energies (kJ/mol)
           Bond          Angle    Proper Dih. Per. Imp. Dih.          LJ-14
    6.08349e+03    1.78281e+04    2.04197e+04    9.60797e+02    6.24033e+03
     Coulomb-14        LJ (SR)  Disper. corr.   Coulomb (SR)   Coul. recip.
    7.58758e+04    1.35195e+05   -1.04893e+04   -1.29712e+06    8.15225e+03
 Position Rest.      Potential    Kinetic En.   Total Energy  Conserved En.
    7.13233e+02   -1.03614e+06    2.07535e+05   -8.28601e+05   -8.12138e+05
    Temperature Pres. DC (bar) Pressure (bar)   Constr. rmsd
    3.08933e+02   -2.18835e+02   -1.09827e+02    3.76783e-06

           Step           Time
         295000      590.00000

   Energies (kJ/mol)
           Bond          Angle    Proper Dih. Per. Imp. Dih.          LJ-14
    5.72993e+03    1.76452e+04    2.06563e+04    9.47275e+02    6.38230e+03
     Coulomb-14        LJ (SR)  Disper. corr.   Coulomb (SR)   Coul. recip.
    7.59029e+04    1.37164e+05   -1.04758e+04   -1.29836e+06    8.08149e+03
 Position Rest.      Potential    Kinetic En.   Total Energy  Conserved En.
    7.06860e+02   -1.03562e+06    2.08545e+05   -8.27073e+05   -8.12013e+05
    Temperature Pres. DC (bar) Pressure (bar)   Constr. rmsd
    3.10437e+02   -2.18274e+02    7.93406e+01    3.76783e-06

           Step           Time
         300000      600.00000

   Energies (kJ/mol)
           Bond          Angle    Proper Dih. Per. Imp. Dih.          LJ-14
    5.96239e+03    1.75705e+04    2.05858e+04    9.51944e+02    6.22078e+03
     Coulomb-14        LJ (SR)  Disper. corr.   Coulomb (SR)   Coul. recip.
    7.63474e+04    1.37033e+05   -1.05497e+04   -1.30212e+06    8.06813e+03
 Position Rest.      Potential    Kinetic En.   Total Energy  Conserved En.
    7.26363e+02   -1.03921e+06    2.08137e+05   -8.31071e+05   -8.11855e+05
    Temperature Pres. DC (bar) Pressure (bar)   Constr. rmsd
    3.09829e+02   -2.21358e+02   -1.74822e+01    3.76783e-06

           Step           Time
         305000      610.00000

   Energies (kJ/mol)
           Bond          Angle    Proper Dih. Per. Imp. Dih.          LJ-14
    6.07792e+03    1.78187e+04    2.06208e+04    9.42879e+02    6.27056e+03
     Coulomb-14        LJ (SR)  Disper. corr.   Coulomb (SR)   Coul. recip.
    7.60797e+04    1.36281e+05   -1.05494e+04   -1.30123e+06    8.08368e+03
 Position Rest.      Potential    Kinetic En.   Total Energy  Conserved En.
    7.01834e+02   -1.03891e+06    2.08375e+05   -8.30531e+05   -8.11584e+05
    Temperature Pres. DC (bar) Pressure (bar)   Constr. rmsd
    3.10184e+02   -2.21347e+02    1.02206e+02    3.76783e-06

           Step           Time
         310000      620.00000

   Energies (kJ/mol)
           Bond          Angle    Proper Dih. Per. Imp. Dih.          LJ-14
    5.78209e+03    1.77962e+04    2.02957e+04    9.67791e+02    6.37193e+03
     Coulomb-14        LJ (SR)  Disper. corr.   Coulomb (SR)   Coul. recip.
    7.62325e+04    1.35463e+05   -1.04732e+04   -1.29640e+06    8.22212e+03
 Position Rest.      Potential    Kinetic En.   Total Energy  Conserved En.
    7.31415e+02   -1.03501e+06    2.08364e+05   -8.26642e+05   -8.11465e+05
    Temperature Pres. DC (bar) Pressure (bar)   Constr. rmsd
    3.10167e+02   -2.18166e+02    3.90706e+01    3.76783e-06

           Step           Time
         315000      630.00000

   Energies (kJ/mol)
           Bond          Angle    Proper Dih. Per. Imp. Dih.          LJ-14
    6.17741e+03    1.79565e+04    2.04267e+04    9.30193e+02    6.19200e+03
     Coulomb-14        LJ (SR)  Disper. corr.   Coulomb (SR)   Coul. recip.
    7.60511e+04    1.37053e+05   -1.05016e+04   -1.30028e+06    8.10895e+03
 Position Rest.      Potential    Kinetic En.   Total Energy  Conserved En.
    7.19112e+02   -1.03717e+06    2.07964e+05   -8.29205e+05   -8.11380e+05
    Temperature Pres. DC (bar) Pressure (bar)   Constr. rmsd
    3.09571e+02   -2.19350e+02   -8.03539e+00    3.76783e-06

           Step           Time
         320000      640.00000

   Energies (kJ/mol)
           Bond          Angle    Proper Dih. Per. Imp. Dih.          LJ-14
    5.75624e+03    1.79357e+04    2.04807e+04    9.12189e+02    6.29280e+03
     Coulomb-14        LJ (SR)  Disper. corr.   Coulomb (SR)   Coul. recip.
    7.63390e+04    1.35688e+05   -1.04950e+04   -1.29738e+06    8.09009e+03
 Position Rest.      Potential    Kinetic En.   Total Energy  Conserved En.
    7.13967e+02   -1.03567e+06    2.08287e+05   -8.27380e+05   -8.11368e+05
    Temperature Pres. DC (bar) Pressure (bar)   Constr. rmsd
    3.10053e+02   -2.19072e+02    7.28695e+01    3.76783e-06

           Step           Time
         325000      650.00000

   Energies (kJ/mol)
           Bond          Angle    Proper Dih. Per. Imp. Dih.          LJ-14
    5.93546e+03    1.81169e+04    2.06407e+04    9.35148e+02    6.29306e+03
     Coulomb-14        LJ (SR)  Disper. corr.   Coulomb (SR)   Coul. recip.
    7.61006e+04    1.37198e+05   -1.05456e+04   -1.29910e+06    8.14666e+03
 Position Rest.      Potential    Kinetic En.   Total Energy  Conserved En.
    7.03472e+02   -1.03558e+06    2.08468e+05   -8.27109e+05   -8.11231e+05
    Temperature Pres. DC (bar) Pressure (bar)   Constr. rmsd
    3.10323e+02   -2.21190e+02    1.32522e+02    3.76783e-06

           Step           Time
         330000      660.00000

   Energies (kJ/mol)
           Bond          Angle    Proper Dih. Per. Imp. Dih.          LJ-14
    5.92661e+03    1.76608e+04    2.06821e+04    9.40025e+02    6.25691e+03
     Coulomb-14        LJ (SR)  Disper. corr.   Coulomb (SR)   Coul. recip.
    7.59596e+04    1.34087e+05   -1.05317e+04   -1.29753e+06    8.08463e+03
 Position Rest.      Potential    Kinetic En.   Total Energy  Conserved En.
    7.01941e+02   -1.03777e+06    2.09151e+05   -8.28615e+05   -8.11014e+05
    Temperature Pres. DC (bar) Pressure (bar)   Constr. rmsd
    3.11339e+02   -2.20608e+02   -8.89343e+01    3.76783e-06

           Step           Time
         335000      670.00000

   Energies (kJ/mol)
           Bond          Angle    Proper Dih. Per. Imp. Dih.          LJ-14
    5.98415e+03    1.79593e+04    2.06377e+04    9.82450e+02    6.28644e+03
     Coulomb-14        LJ (SR)  Disper. corr.   Coulomb (SR)   Coul. recip.
    7.61525e+04    1.36022e+05   -1.04219e+04   -1.29512e+06    8.21086e+03
 Position Rest.      Potential    Kinetic En.   Total Energy  Conserved En.
    7.28318e+02   -1.03257e+06    2.08313e+05   -8.24261e+05   -8.10781e+05
    Temperature Pres. DC (bar) Pressure (bar)   Constr. rmsd
    3.10092e+02   -2.16035e+02   -1.01828e+01    3.76783e-06

           Step           Time
         340000      680.00000

   Energies (kJ/mol)
           Bond          Angle    Proper Dih. Per. Imp. Dih.          LJ-14
    5.98189e+03    1.78736e+04    2.05581e+04    9.22706e+02    6.18613e+03
     Coulomb-14        LJ (SR)  Disper. corr.   Coulomb (SR)   Coul. recip.
    7.61944e+04    1.33868e+05   -1.04129e+04   -1.29494e+06    8.15285e+03
 Position Rest.      Potential    Kinetic En.   Total Energy  Conserved En.
    6.97841e+02   -1.03492e+06    2.09041e+05   -8.25879e+05   -8.10538e+05
    Temperature Pres. DC (bar) Pressure (bar)   Constr. rmsd
    3.11176e+02   -2.15662e+02   -2.93501e+02    3.76783e-06

           Step           Time
         345000      690.00000

   Energies (kJ/mol)
           Bond          Angle    Proper Dih. Per. Imp. Dih.          LJ-14
    5.99709e+03    1.78982e+04    2.06835e+04    9.23823e+02    6.31911e+03
     Coulomb-14        LJ (SR)  Disper. corr.   Coulomb (SR)   Coul. recip.
    7.60952e+04    1.35586e+05   -1.05336e+04   -1.29746e+06    8.10922e+03
 Position Rest.      Potential    Kinetic En.   Total Energy  Conserved En.
    7.52712e+02   -1.03563e+06    2.09145e+05   -8.26482e+05   -8.10445e+05
    Temperature Pres. DC (bar) Pressure (bar)   Constr. rmsd
    3.11330e+02   -2.20686e+02    1.10079e+02    3.76783e-06

           Step           Time
         350000      700.00000

   Energies (kJ/mol)
           Bond          Angle    Proper Dih. Per. Imp. Dih.          LJ-14
    5.93615e+03    1.76109e+04    2.05544e+04    9.19293e+02    6.23682e+03
     Coulomb-14        LJ (SR)  Disper. corr.   Coulomb (SR)   Coul. recip.
    7.63510e+04    1.35573e+05   -1.04985e+04   -1.29986e+06    8.15024e+03
 Position Rest.      Potential    Kinetic En.   Total Energy  Conserved En.
    7.36100e+02   -1.03829e+06    2.08150e+05   -8.30138e+05   -8.10344e+05
    Temperature Pres. DC (bar) Pressure (bar)   Constr. rmsd
    3.09848e+02   -2.19219e+02   -5.67812e+00    3.76783e-06

           Step           Time
         355000      710.00000

   Energies (kJ/mol)
           Bond          Angle    Proper Dih. Per. Imp. Dih.          LJ-14
    6.34012e+03    1.77848e+04    2.08278e+04    8.30890e+02    6.16962e+03
     Coulomb-14        LJ (SR)  Disper. corr.   Coulomb (SR)   Coul. recip.
    7.58567e+04    1.34181e+05   -1.04508e+04   -1.29664e+06    8.23264e+03
 Position Rest.      Potential    Kinetic En.   Total Energy  Conserved En.
    7.24412e+02   -1.03614e+06    2.07565e+05   -8.28576e+05   -8.10132e+05
    Temperature Pres. DC (bar) Pressure (bar)   Constr. rmsd
    3.08978e+02   -2.17234e+02   -2.28932e+02    3.76783e-06

           Step           Time
         360000      720.00000

   Energies (kJ/mol)
           Bond          Angle    Proper Dih. Per. Imp. Dih.          LJ-14
    6.01756e+03    1.76408e+04    2.05558e+04    9.39732e+02    6.23313e+03
     Coulomb-14        LJ (SR)  Disper. corr.   Coulomb (SR)   Coul. recip.
    7.60512e+04    1.35843e+05   -1.04836e+04   -1.29829e+06    8.19794e+03
 Position Rest.      Potential    Kinetic En.   Total Energy  Conserved En.
    7.28507e+02   -1.03656e+06    2.07609e+05   -8.28956e+05   -8.10018e+05
    Temperature Pres. DC (bar) Pressure (bar)   Constr. rmsd
    3.09043e+02   -2.18599e+02   -3.42659e+01    3.76783e-06

           Step           Time
         365000      730.00000

   Energies (kJ/mol)
           Bond          Angle    Proper Dih. Per. Imp. Dih.          LJ-14
    5.95735e+03    1.79377e+04    2.06619e+04    1.01002e+03    6.17079e+03
     Coulomb-14        LJ (SR)  Disper. corr.   Coulomb (SR)   Coul. recip.
    7.55835e+04    1.36517e+05   -1.05034e+04   -1.29915e+06    8.17485e+03
 Position Rest.      Potential    Kinetic En.   Total Energy  Conserved En.
    7.44855e+02   -1.03690e+06    2.08470e+05   -8.28427e+05   -8.09986e+05
    Temperature Pres. DC (bar) Pressure (bar)   Constr. rmsd
    3.10325e+02   -2.19425e+02    4.00630e+01    3.76783e-06

           Step           Time
         370000      740.00000

   Energies (kJ/mol)
           Bond          Angle    Proper Dih. Per. Imp. Dih.          LJ-14
    5.87700e+03    1.78397e+04    2.03496e+04    1.03867e+03    6.35250e+03
     Coulomb-14        LJ (SR)  Disper. corr.   Coulomb (SR)   Coul. recip.
    7.61219e+04    1.35764e+05   -1.05744e+04   -1.30117e+06    8.09930e+03
 Position Rest.      Potential    Kinetic En.   Total Energy  Conserved En.
    7.40434e+02   -1.03956e+06    2.09056e+05   -8.30506e+05   -8.09713e+05
    Temperature Pres. DC (bar) Pressure (bar)   Constr. rmsd
    3.11197e+02   -2.22399e+02    6.72123e+01    3.76783e-06

           Step           Time
         375000      750.00000

   Energies (kJ/mol)
           Bond          Angle    Proper Dih. Per. Imp. Dih.          LJ-14
    5.74528e+03    1.75826e+04    2.06697e+04    9.51135e+02    6.26742e+03
     Coulomb-14        LJ (SR)  Disper. corr.   Coulomb (SR)   Coul. recip.
    7.62359e+04    1.35492e+05   -1.04272e+04   -1.29764e+06    8.26386e+03
 Position Rest.      Potential    Kinetic En.   Total Energy  Conserved En.
    7.30911e+02   -1.03613e+06    2.08607e+05   -8.27520e+05   -8.09356e+05
    Temperature Pres. DC (bar) Pressure (bar)   Constr. rmsd
    3.10529e+02   -2.16258e+02    1.52165e+01    3.76783e-06

           Step           Time
         380000      760.00000

   Energies (kJ/mol)
           Bond          Angle    Proper Dih. Per. Imp. Dih.          LJ-14
    5.79856e+03    1.78464e+04    2.08562e+04    9.97673e+02    6.36421e+03
     Coulomb-14        LJ (SR)  Disper. corr.   Coulomb (SR)   Coul. recip.
    7.61795e+04    1.36689e+05   -1.04267e+04   -1.29847e+06    8.07606e+03
 Position Rest.      Potential    Kinetic En.   Total Energy  Conserved En.
    7.02261e+02   -1.03538e+06    2.09305e+05   -8.26079e+05   -8.08679e+05
    Temperature Pres. DC (bar) Pressure (bar)   Constr. rmsd
    3.11568e+02   -2.16235e+02    9.48160e+01    3.76783e-06

           Step           Time
         385000      770.00000

   Energies (kJ/mol)
           Bond          Angle    Proper Dih. Per. Imp. Dih.          LJ-14
    6.15489e+03    1.72868e+04    2.06802e+04    1.02436e+03    6.20354e+03
     Coulomb-14        LJ (SR)  Disper. corr.   Coulomb (SR)   Coul. recip.
    7.61569e+04    1.36717e+05   -1.05260e+04   -1.29966e+06    8.13803e+03
 Position Rest.      Potential    Kinetic En.   Total Energy  Conserved En.
    7.37136e+02   -1.03709e+06    2.08712e+05   -8.28379e+05   -8.08236e+05
    Temperature Pres. DC (bar) Pressure (bar)   Constr. rmsd
    3.10685e+02   -2.20369e+02    3.84839e+01    3.76783e-06

           Step           Time
         390000      780.00000

   Energies (kJ/mol)
           Bond          Angle    Proper Dih. Per. Imp. Dih.          LJ-14
    5.86861e+03    1.79061e+04    2.05034e+04    9.73308e+02    6.31596e+03
     Coulomb-14        LJ (SR)  Disper. corr.   Coulomb (SR)   Coul. recip.
    7.63798e+04    1.37202e+05   -1.05054e+04   -1.30033e+06    8.10114e+03
 Position Rest.      Potential    Kinetic En.   Total Energy  Conserved En.
    7.50648e+02   -1.03683e+06    2.08761e+05   -8.28070e+05   -8.07922e+05
    Temperature Pres. DC (bar) Pressure (bar)   Constr. rmsd
    3.10758e+02   -2.19506e+02    1.10888e+02    3.76783e-06

           Step           Time
         395000      790.00000

   Energies (kJ/mol)
           Bond          Angle    Proper Dih. Per. Imp. Dih.          LJ-14
    6.01506e+03    1.76540e+04    2.05844e+04    9.49222e+02    6.35129e+03
     Coulomb-14        LJ (SR)  Disper. corr.   Coulomb (SR)   Coul. recip.
    7.61722e+04    1.37704e+05   -1.05132e+04   -1.29916e+06    8.16156e+03
 Position Rest.      Potential    Kinetic En.   Total Energy  Conserved En.
    6.98989e+02   -1.03538e+06    2.08430e+05   -8.26953e+05   -8.07692e+05
    Temperature Pres. DC (bar) Pressure (bar)   Constr. rmsd
    3.10265e+02   -2.19833e+02    3.02494e+02    3.76783e-06

           Step           Time
         400000      800.00000

   Energies (kJ/mol)
           Bond          Angle    Proper Dih. Per. Imp. Dih.          LJ-14
    5.91088e+03    1.78244e+04    2.06224e+04    9.46469e+02    6.33322e+03
     Coulomb-14        LJ (SR)  Disper. corr.   Coulomb (SR)   Coul. recip.
    7.64214e+04    1.37589e+05   -1.05382e+04   -1.30040e+06    7.96140e+03
 Position Rest.      Potential    Kinetic En.   Total Energy  Conserved En.
    7.72487e+02   -1.03656e+06    2.07705e+05   -8.28856e+05   -8.07604e+05
    Temperature Pres. DC (bar) Pressure (bar)   Constr. rmsd
    3.09186e+02   -2.20877e+02    2.16118e+02    3.76783e-06

           Step           Time
         405000      810.00000

   Energies (kJ/mol)
           Bond          Angle    Proper Dih. Per. Imp. Dih.          LJ-14
    5.81238e+03    1.79263e+04    2.06868e+04    9.76056e+02    6.25533e+03
     Coulomb-14        LJ (SR)  Disper. corr.   Coulomb (SR)   Coul. recip.
    7.60531e+04    1.35117e+05   -1.05044e+04   -1.29716e+06    8.11946e+03
 Position Rest.      Potential    Kinetic En.   Total Energy  Conserved En.
    7.24344e+02   -1.03599e+06    2.09132e+05   -8.26860e+05   -8.07441e+05
    Temperature Pres. DC (bar) Pressure (bar)   Constr. rmsd
    3.11311e+02   -2.19466e+02    5.16060e+01    3.76783e-06

           Step           Time
         410000      820.00000

   Energies (kJ/mol)
           Bond          Angle    Proper Dih. Per. Imp. Dih.          LJ-14
    5.96917e+03    1.77881e+04    2.04629e+04    9.39730e+02    6.19445e+03
     Coulomb-14        LJ (SR)  Disper. corr.   Coulomb (SR)   Coul. recip.
    7.64046e+04    1.35327e+05   -1.04965e+04   -1.29924e+06    8.14702e+03
 Position Rest.      Potential    Kinetic En.   Total Energy  Conserved En.
    7.13211e+02   -1.03779e+06    2.07382e+05   -8.30409e+05   -8.07366e+05
    Temperature Pres. DC (bar) Pressure (bar)   Constr. rmsd
    3.08705e+02   -2.19134e+02   -5.74664e+01    3.76783e-06

           Step           Time
         415000      830.00000

   Energies (kJ/mol)
           Bond          Angle    Proper Dih. Per. Imp. Dih.          LJ-14
    5.89019e+03    1.78955e+04    2.05200e+04    9.69615e+02    6.21717e+03
     Coulomb-14        LJ (SR)  Disper. corr.   Coulomb (SR)   Coul. recip.
    7.62832e+04    1.37616e+05   -1.05072e+04   -1.30147e+06    8.02111e+03
 Position Rest.      Potential    Kinetic En.   Total Energy  Conserved En.
    7.29189e+02   -1.03784e+06    2.08662e+05   -8.29175e+05   -8.07308e+05
    Temperature Pres. DC (bar) Pressure (bar)   Constr. rmsd
    3.10611e+02   -2.19581e+02    1.74063e+02    3.76783e-06

           Step           Time
         420000      840.00000

   Energies (kJ/mol)
           Bond          Angle    Proper Dih. Per. Imp. Dih.          LJ-14
    5.83097e+03    1.76448e+04    2.04177e+04    8.90464e+02    6.24826e+03
     Coulomb-14        LJ (SR)  Disper. corr.   Coulomb (SR)   Coul. recip.
    7.63407e+04    1.37048e+05   -1.04717e+04   -1.30058e+06    8.03946e+03
 Position Rest.      Potential    Kinetic En.   Total Energy  Conserved En.
    7.57970e+02   -1.03783e+06    2.08123e+05   -8.29709e+05   -8.07162e+05
    Temperature Pres. DC (bar) Pressure (bar)   Constr. rmsd
    3.09809e+02   -2.18105e+02    5.52631e+01    3.76783e-06

           Step           Time
         425000      850.00000

   Energies (kJ/mol)
           Bond          Angle    Proper Dih. Per. Imp. Dih.          LJ-14
    5.91956e+03    1.78347e+04    2.04959e+04    9.52675e+02    6.23216e+03
     Coulomb-14        LJ (SR)  Disper. corr.   Coulomb (SR)   Coul. recip.
    7.63219e+04    1.35525e+05   -1.04771e+04   -1.29692e+06    8.00886e+03
 Position Rest.      Potential    Kinetic En.   Total Energy  Conserved En.
    7.42280e+02   -1.03537e+06    2.08641e+05   -8.26726e+05   -8.07036e+05
    Temperature Pres. DC (bar) Pressure (bar)   Constr. rmsd
    3.10580e+02   -2.18330e+02   -8.56801e+01    3.76783e-06

           Step           Time
         430000      860.00000

   Energies (kJ/mol)
           Bond          Angle    Proper Dih. Per. Imp. Dih.          LJ-14
    5.67250e+03    1.80855e+04    2.07519e+04    9.59687e+02    6.23782e+03
     Coulomb-14        LJ (SR)  Disper. corr.   Coulomb (SR)   Coul. recip.
    7.59800e+04    1.35742e+05   -1.05135e+04   -1.29885e+06    8.16668e+03
 Position Rest.      Potential    Kinetic En.   Total Energy  Conserved En.
    7.19977e+02   -1.03704e+06    2.09015e+05   -8.28029e+05   -8.06989e+05
    Temperature Pres. DC (bar) Pressure (bar)   Constr. rmsd
    3.11136e+02   -2.19845e+02    4.97180e+01    3.76783e-06

           Step           Time
         435000      870.00000

   Energies (kJ/mol)
           Bond          Angle    Proper Dih. Per. Imp. Dih.          LJ-14
    5.98331e+03    1.75698e+04    2.06141e+04    9.50214e+02    6.26077e+03
     Coulomb-14        LJ (SR)  Disper. corr.   Coulomb (SR)   Coul. recip.
    7.65831e+04    1.34846e+05   -1.05289e+04   -1.29770e+06    8.22238e+03
 Position Rest.      Potential    Kinetic En.   Total Energy  Conserved En.
    7.54761e+02   -1.03644e+06    2.09934e+05   -8.26511e+05   -8.06907e+05
    Temperature Pres. DC (bar) Pressure (bar)   Constr. rmsd
    3.12504e+02   -2.20489e+02   -4.83980e+01    3.76783e-06

           Step           Time
         440000      880.00000

   Energies (kJ/mol)
           Bond          Angle    Proper Dih. Per. Imp. Dih.          LJ-14
    5.94845e+03    1.75844e+04    2.07754e+04    9.36218e+02    6.18062e+03
     Coulomb-14        LJ (SR)  Disper. corr.   Coulomb (SR)   Coul. recip.
    7.62255e+04    1.35584e+05   -1.05440e+04   -1.29871e+06    8.01204e+03
 Position Rest.      Potential    Kinetic En.   Total Energy  Conserved En.
    7.70279e+02   -1.03724e+06    2.07154e+05   -8.30083e+05   -8.06843e+05
    Temperature Pres. DC (bar) Pressure (bar)   Constr. rmsd
    3.08366e+02   -2.21121e+02   -2.96115e+00    3.76783e-06

           Step           Time
         445000      890.00000

   Energies (kJ/mol)
           Bond          Angle    Proper Dih. Per. Imp. Dih.          LJ-14
    5.88061e+03    1.76829e+04    2.06532e+04    9.10193e+02    6.16575e+03
     Coulomb-14        LJ (SR)  Disper. corr.   Coulomb (SR)   Coul. recip.
    7.60326e+04    1.34678e+05   -1.04159e+04   -1.29491e+06    8.46499e+03
 Position Rest.      Potential    Kinetic En.   Total Energy  Conserved En.
    7.68827e+02   -1.03409e+06    2.08213e+05   -8.25874e+05   -8.06735e+05
    Temperature Pres. DC (bar) Pressure (bar)   Constr. rmsd
    3.09942e+02   -2.15788e+02   -2.12028e+02    3.76783e-06

           Step           Time
         450000      900.00000

   Energies (kJ/mol)
           Bond          Angle    Proper Dih. Per. Imp. Dih.          LJ-14
    5.93346e+03    1.81173e+04    2.05869e+04    9.73378e+02    6.27981e+03
     Coulomb-14        LJ (SR)  Disper. corr.   Coulomb (SR)   Coul. recip.
    7.59168e+04    1.36702e+05   -1.05293e+04   -1.29894e+06    8.13677e+03
 Position Rest.      Potential    Kinetic En.   Total Energy  Conserved En.
    7.55624e+02   -1.03607e+06    2.10008e+05   -8.26061e+05   -8.06561e+05
    Temperature Pres. DC (bar) Pressure (bar)   Constr. rmsd
    3.12615e+02   -2.20506e+02    7.02061e+01    3.76783e-06

           Step           Time
         455000      910.00000

   Energies (kJ/mol)
           Bond          Angle    Proper Dih. Per. Imp. Dih.          LJ-14
    5.86257e+03    1.78390e+04    2.06433e+04    9.63327e+02    6.43984e+03
     Coulomb-14        LJ (SR)  Disper. corr.   Coulomb (SR)   Coul. recip.
    7.60849e+04    1.35124e+05   -1.05146e+04   -1.29650e+06    8.17437e+03
 Position Rest.      Potential    Kinetic En.   Total Energy  Conserved En.
    7.55939e+02   -1.03513e+06    2.08666e+05   -8.26464e+05   -8.06474e+05
    Temperature Pres. DC (bar) Pressure (bar)   Constr. rmsd
    3.10617e+02   -2.19891e+02    4.63659e+01    3.76783e-06

           Step           Time
         460000      920.00000

   Energies (kJ/mol)
           Bond          Angle    Proper Dih. Per. Imp. Dih.          LJ-14
    5.94968e+03    1.80304e+04    2.05511e+04    9.21347e+02    6.16659e+03
     Coulomb-14        LJ (SR)  Disper. corr.   Coulomb (SR)   Coul. recip.
    7.59207e+04    1.36193e+05   -1.05062e+04   -1.29883e+06    8.10039e+03
 Position Rest.      Potential    Kinetic En.   Total Energy  Conserved En.
    7.05984e+02   -1.03680e+06    2.09392e+05   -8.27406e+05   -8.06396e+05
    Temperature Pres. DC (bar) Pressure (bar)   Constr. rmsd
    3.11698e+02   -2.19539e+02   -5.33484e+01    3.76783e-06

           Step           Time
         465000      930.00000

   Energies (kJ/mol)
           Bond          Angle    Proper Dih. Per. Imp. Dih.          LJ-14
    5.77805e+03    1.71439e+04    2.06682e+04    9.72522e+02    6.24168e+03
     Coulomb-14        LJ (SR)  Disper. corr.   Coulomb (SR)   Coul. recip.
    7.59929e+04    1.36376e+05   -1.05080e+04   -1.29868e+06    8.18394e+03
 Position Rest.      Potential    Kinetic En.   Total Energy  Conserved En.
    7.21159e+02   -1.03711e+06    2.07725e+05   -8.29382e+05   -8.06374e+05
    Temperature Pres. DC (bar) Pressure (bar)   Constr. rmsd
    3.09216e+02   -2.19615e+02    9.31321e+01    3.76783e-06

           Step           Time
         470000      940.00000

   Energies (kJ/mol)
           Bond          Angle    Proper Dih. Per. Imp. Dih.          LJ-14
    5.86577e+03    1.78597e+04    2.05456e+04    8.78138e+02    6.23091e+03
     Coulomb-14        LJ (SR)  Disper. corr.   Coulomb (SR)   Coul. recip.
    7.60539e+04    1.36268e+05   -1.05026e+04   -1.29888e+06    8.24463e+03
 Position Rest.      Potential    Kinetic En.   Total Energy  Conserved En.
    7.58283e+02   -1.03668e+06    2.07598e+05   -8.29083e+05   -8.06179e+05
    Temperature Pres. DC (bar) Pressure (bar)   Constr. rmsd
    3.09027e+02   -2.19392e+02   -7.35829e+00    3.76783e-06

           Step           Time
         475000      950.00000

   Energies (kJ/mol)
           Bond          Angle    Proper Dih. Per. Imp. Dih.          LJ-14
    5.93217e+03    1.76977e+04    2.06387e+04    8.44598e+02    6.31523e+03
     Coulomb-14        LJ (SR)  Disper. corr.   Coulomb (SR)   Coul. recip.
    7.60186e+04    1.33472e+05   -1.04672e+04   -1.29478e+06    8.12393e+03
 Position Rest.      Potential    Kinetic En.   Total Energy  Conserved En.
    7.50062e+02   -1.03546e+06    2.10039e+05   -8.25420e+05   -8.06102e+05
    Temperature Pres. DC (bar) Pressure (bar)   Constr. rmsd
    3.12661e+02   -2.17915e+02   -2.16618e+02    3.76783e-06

           Step           Time
         480000      960.00000

   Energies (kJ/mol)
           Bond          Angle    Proper Dih. Per. Imp. Dih.          LJ-14
    5.82762e+03    1.80679e+04    2.06213e+04    9.25593e+02    6.32780e+03
     Coulomb-14        LJ (SR)  Disper. corr.   Coulomb (SR)   Coul. recip.
    7.61768e+04    1.34483e+05   -1.03459e+04   -1.29335e+06    8.44047e+03
 Position Rest.      Potential    Kinetic En.   Total Energy  Conserved En.
    7.29295e+02   -1.03210e+06    2.09139e+05   -8.22960e+05   -8.05328e+05
    Temperature Pres. DC (bar) Pressure (bar)   Constr. rmsd
    3.11321e+02   -2.12898e+02   -1.83468e+02    3.76783e-06

           Step           Time
         485000      970.00000

   Energies (kJ/mol)
           Bond          Angle    Proper Dih. Per. Imp. Dih.          LJ-14
    5.71707e+03    1.77051e+04    2.06189e+04    9.96621e+02    6.34909e+03
     Coulomb-14        LJ (SR)  Disper. corr.   Coulomb (SR)   Coul. recip.
    7.59895e+04    1.35916e+05   -1.04705e+04   -1.29854e+06    8.17377e+03
 Position Rest.      Potential    Kinetic En.   Total Energy  Conserved En.
    7.72757e+02   -1.03678e+06    2.09741e+05   -8.27035e+05   -8.04470e+05
    Temperature Pres. DC (bar) Pressure (bar)   Constr. rmsd
    3.12217e+02   -2.18055e+02   -5.13927e+01    3.76783e-06

           Step           Time
         490000      980.00000

   Energies (kJ/mol)
           Bond          Angle    Proper Dih. Per. Imp. Dih.          LJ-14
    5.79503e+03    1.78944e+04    2.08734e+04    9.64924e+02    6.20946e+03
     Coulomb-14        LJ (SR)  Disper. corr.   Coulomb (SR)   Coul. recip.
    7.60479e+04    1.37702e+05   -1.06052e+04   -1.30065e+06    7.92294e+03
 Position Rest.      Potential    Kinetic En.   Total Energy  Conserved En.
    7.88346e+02   -1.03706e+06    2.09544e+05   -8.27512e+05   -8.03703e+05
    Temperature Pres. DC (bar) Pressure (bar)   Constr. rmsd
    3.11924e+02   -2.23693e+02    3.18958e+02    3.76783e-06

           Step           Time
         495000      990.00000

   Energies (kJ/mol)
           Bond          Angle    Proper Dih. Per. Imp. Dih.          LJ-14
    5.86034e+03    1.77513e+04    2.07267e+04    9.62220e+02    6.31420e+03
     Coulomb-14        LJ (SR)  Disper. corr.   Coulomb (SR)   Coul. recip.
    7.60917e+04    1.37055e+05   -1.04831e+04   -1.30003e+06    8.14377e+03
 Position Rest.      Potential    Kinetic En.   Total Energy  Conserved En.
    7.59644e+02   -1.03685e+06    2.07815e+05   -8.29035e+05   -8.03188e+05
    Temperature Pres. DC (bar) Pressure (bar)   Constr. rmsd
    3.09350e+02   -2.18578e+02    9.87745e+01    3.76783e-06

           Step           Time
         500000     1000.00000

   Energies (kJ/mol)
           Bond          Angle    Proper Dih. Per. Imp. Dih.          LJ-14
    6.11385e+03    1.81288e+04    2.05303e+04    9.92256e+02    6.24782e+03
     Coulomb-14        LJ (SR)  Disper. corr.   Coulomb (SR)   Coul. recip.
    7.61567e+04    1.33397e+05   -1.04435e+04   -1.29488e+06    8.22772e+03
 Position Rest.      Potential    Kinetic En.   Total Energy  Conserved En.
    7.36187e+02   -1.03479e+06    2.07415e+05   -8.27375e+05   -8.02926e+05
    Temperature Pres. DC (bar) Pressure (bar)   Constr. rmsd
    3.08754e+02   -2.16930e+02   -1.95581e+02    3.76783e-06

           Step           Time
         505000     1010.00000

   Energies (kJ/mol)
           Bond          Angle    Proper Dih. Per. Imp. Dih.          LJ-14
    6.14272e+03    1.78700e+04    2.04850e+04    1.00020e+03    6.16320e+03
     Coulomb-14        LJ (SR)  Disper. corr.   Coulomb (SR)   Coul. recip.
    7.61388e+04    1.35357e+05   -1.04039e+04   -1.29426e+06    8.13252e+03
 Position Rest.      Potential    Kinetic En.   Total Energy  Conserved En.
    7.56741e+02   -1.03262e+06    2.09832e+05   -8.22786e+05   -8.02880e+05
    Temperature Pres. DC (bar) Pressure (bar)   Constr. rmsd
    3.12353e+02   -2.15290e+02   -1.60711e+02    3.76783e-06

           Step           Time
         510000     1020.00000

   Energies (kJ/mol)
           Bond          Angle    Proper Dih. Per. Imp. Dih.          LJ-14
    5.88579e+03    1.77717e+04    2.06846e+04    9.72680e+02    6.22965e+03
     Coulomb-14        LJ (SR)  Disper. corr.   Coulomb (SR)   Coul. recip.
    7.61560e+04    1.34881e+05   -1.04790e+04   -1.29715e+06    8.38810e+03
 Position Rest.      Potential    Kinetic En.   Total Energy  Conserved En.
    7.64093e+02   -1.03589e+06    2.08551e+05   -8.27340e+05   -8.02580e+05
    Temperature Pres. DC (bar) Pressure (bar)   Constr. rmsd
    3.10446e+02   -2.18406e+02   -9.90532e+01    3.76783e-06

           Step           Time
         515000     1030.00000

   Energies (kJ/mol)
           Bond          Angle    Proper Dih. Per. Imp. Dih.          LJ-14
    5.90681e+03    1.79984e+04    2.06095e+04    9.61097e+02    6.32636e+03
     Coulomb-14        LJ (SR)  Disper. corr.   Coulomb (SR)   Coul. recip.
    7.59409e+04    1.37868e+05   -1.05562e+04   -1.30174e+06    8.16489e+03
 Position Rest.      Potential    Kinetic En.   Total Energy  Conserved En.
    7.79907e+02   -1.03774e+06    2.08566e+05   -8.29172e+05   -8.02265e+05
    Temperature Pres. DC (bar) Pressure (bar)   Constr. rmsd
    3.10467e+02   -2.21634e+02    2.78964e+02    3.76783e-06

           Step           Time
         520000     1040.00000

   Energies (kJ/mol)
           Bond          Angle    Proper Dih. Per. Imp. Dih.          LJ-14
    6.02921e+03    1.78451e+04    2.05421e+04    9.30097e+02    6.24288e+03
     Coulomb-14        LJ (SR)  Disper. corr.   Coulomb (SR)   Coul. recip.
    7.63590e+04    1.35782e+05   -1.04944e+04   -1.29725e+06    8.19236e+03
 Position Rest.      Potential    Kinetic En.   Total Energy  Conserved En.
    7.69866e+02   -1.03506e+06    2.08769e+05   -8.26287e+05   -8.01953e+05
    Temperature Pres. DC (bar) Pressure (bar)   Constr. rmsd
    3.10770e+02   -2.19050e+02   -3.00996e+01    3.76783e-06

           Step           Time
         525000     1050.00000

   Energies (kJ/mol)
           Bond          Angle    Proper Dih. Per. Imp. Dih.          LJ-14
    5.79555e+03    1.78465e+04    2.06370e+04    9.54814e+02    6.20346e+03
     Coulomb-14        LJ (SR)  Disper. corr.   Coulomb (SR)   Coul. recip.
    7.58845e+04    1.37722e+05   -1.04745e+04   -1.30007e+06    8.10847e+03
 Position Rest.      Potential    Kinetic En.   Total Energy  Conserved En.
    7.67380e+02   -1.03663e+06    2.09020e+05   -8.27606e+05   -8.01975e+05
    Temperature Pres. DC (bar) Pressure (bar)   Constr. rmsd
    3.11144e+02   -2.18221e+02    5.40808e+01    3.76783e-06

           Step           Time
         530000     1060.00000

   Energies (kJ/mol)
           Bond          Angle    Proper Dih. Per. Imp. Dih.          LJ-14
    5.85097e+03    1.76057e+04    2.04595e+04    9.43362e+02    6.28024e+03
     Coulomb-14        LJ (SR)  Disper. corr.   Coulomb (SR)   Coul. recip.
    7.65886e+04    1.37460e+05   -1.06053e+04   -1.30190e+06    7.93979e+03
 Position Rest.      Potential    Kinetic En.   Total Energy  Conserved En.
    7.67507e+02   -1.03861e+06    2.06825e+05   -8.31784e+05   -8.01723e+05
    Temperature Pres. DC (bar) Pressure (bar)   Constr. rmsd
    3.07877e+02   -2.23699e+02    2.73992e+02    3.76783e-06

           Step           Time
         535000     1070.00000

   Energies (kJ/mol)
           Bond          Angle    Proper Dih. Per. Imp. Dih.          LJ-14
    5.66125e+03    1.79061e+04    2.07051e+04    9.69783e+02    6.21927e+03
     Coulomb-14        LJ (SR)  Disper. corr.   Coulomb (SR)   Coul. recip.
    7.63347e+04    1.36045e+05   -1.05619e+04   -1.29969e+06    8.06294e+03
 Position Rest.      Potential    Kinetic En.   Total Energy  Conserved En.
    7.33221e+02   -1.03761e+06    2.09237e+05   -8.28373e+05   -8.01229e+05
    Temperature Pres. DC (bar) Pressure (bar)   Constr. rmsd
    3.11467e+02   -2.21872e+02    1.03376e+02    3.76783e-06

           Step           Time
         540000     1080.00000

   Energies (kJ/mol)
           Bond          Angle    Proper Dih. Per. Imp. Dih.          LJ-14
    5.89312e+03    1.78026e+04    2.07673e+04    9.33004e+02    6.12307e+03
     Coulomb-14        LJ (SR)  Disper. corr.   Coulomb (SR)   Coul. recip.
    7.62566e+04    1.36997e+05   -1.05153e+04   -1.30094e+06    8.00141e+03
 Position Rest.      Potential    Kinetic En.   Total Energy  Conserved En.
    7.60324e+02   -1.03792e+06    2.08519e+05   -8.29398e+05   -8.01074e+05
    Temperature Pres. DC (bar) Pressure (bar)   Constr. rmsd
    3.10398e+02   -2.19921e+02   -4.84641e+01    3.76783e-06

           Step           Time
         545000     1090.00000

   Energies (kJ/mol)
           Bond          Angle    Proper Dih. Per. Imp. Dih.          LJ-14
    5.94932e+03    1.76178e+04    2.05660e+04    9.22594e+02    6.37401e+03
     Coulomb-14        LJ (SR)  Disper. corr.   Coulomb (SR)   Coul. recip.
    7.64464e+04    1.33725e+05   -1.04639e+04   -1.29457e+06    8.08725e+03
 Position Rest.      Potential    Kinetic En.   Total Energy  Conserved En.
    7.50482e+02   -1.03459e+06    2.08599e+05   -8.25994e+05   -8.00837e+05
    Temperature Pres. DC (bar) Pressure (bar)   Constr. rmsd
    3.10517e+02   -2.17778e+02   -6.56519e+01    3.76783e-06

           Step           Time
         550000     1100.00000

   Energies (kJ/mol)
           Bond          Angle    Proper Dih. Per. Imp. Dih.          LJ-14
    5.98904e+03    1.77930e+04    2.06535e+04    9.74438e+02    6.19624e+03
     Coulomb-14        LJ (SR)  Disper. corr.   Coulomb (SR)   Coul. recip.
    7.60350e+04    1.37056e+05   -1.04815e+04   -1.29678e+06    8.11819e+03
 Position Rest.      Potential    Kinetic En.   Total Energy  Conserved En.
    7.33761e+02   -1.03371e+06    2.08165e+05   -8.25550e+05   -8.00748e+05
    Temperature Pres. DC (bar) Pressure (bar)   Constr. rmsd
    3.09870e+02   -2.18511e+02    5.49260e+01    3.76783e-06

           Step           Time
         555000     1110.00000

   Energies (kJ/mol)
           Bond          Angle    Proper Dih. Per. Imp. Dih.          LJ-14
    5.89332e+03    1.76539e+04    2.04917e+04    1.02957e+03    6.27387e+03
     Coulomb-14        LJ (SR)  Disper. corr.   Coulomb (SR)   Coul. recip.
    7.61166e+04    1.35420e+05   -1.04781e+04   -1.29840e+06    8.20216e+03
 Position Rest.      Potential    Kinetic En.   Total Energy  Conserved En.
    7.63281e+02   -1.03703e+06    2.08755e+05   -8.28277e+05   -8.00673e+05
    Temperature Pres. DC (bar) Pressure (bar)   Constr. rmsd
    3.10750e+02   -2.18371e+02   -1.05057e+02    3.76783e-06

           Step           Time
         560000     1120.00000

   Energies (kJ/mol)
           Bond          Angle    Proper Dih. Per. Imp. Dih.          LJ-14
    6.06738e+03    1.76942e+04    2.04880e+04    9.39424e+02    6.26736e+03
     Coulomb-14        LJ (SR)  Disper. corr.   Coulomb (SR)   Coul. recip.
    7.60542e+04    1.38089e+05   -1.05042e+04   -1.30175e+06    7.93637e+03
 Position Rest.      Potential    Kinetic En.   Total Energy  Conserved En.
    7.77326e+02   -1.03794e+06    2.07889e+05   -8.30055e+05   -8.00513e+05
    Temperature Pres. DC (bar) Pressure (bar)   Constr. rmsd
    3.09460e+02   -2.19456e+02    1.30953e+02    3.76783e-06

           Step           Time
         565000     1130.00000

   Energies (kJ/mol)
           Bond          Angle    Proper Dih. Per. Imp. Dih.          LJ-14
    5.72775e+03    1.77617e+04    2.06955e+04    9.88254e+02    6.25322e+03
     Coulomb-14        LJ (SR)  Disper. corr.   Coulomb (SR)   Coul. recip.
    7.64152e+04    1.36026e+05   -1.05869e+04   -1.30052e+06    7.98363e+03
 Position Rest.      Potential    Kinetic En.   Total Energy  Conserved En.
    7.29177e+02   -1.03853e+06    2.07456e+05   -8.31074e+05   -8.00112e+05
    Temperature Pres. DC (bar) Pressure (bar)   Constr. rmsd
    3.08815e+02   -2.22922e+02    9.86236e+01    3.76783e-06

           Step           Time
         570000     1140.00000

   Energies (kJ/mol)
           Bond          Angle    Proper Dih. Per. Imp. Dih.          LJ-14
    5.94796e+03    1.76729e+04    2.06780e+04    9.82411e+02    6.38201e+03
     Coulomb-14        LJ (SR)  Disper. corr.   Coulomb (SR)   Coul. recip.
    7.62405e+04    1.35081e+05   -1.04478e+04   -1.29682e+06    8.21159e+03
 Position Rest.      Potential    Kinetic En.   Total Energy  Conserved En.
    7.32934e+02   -1.03534e+06    2.08660e+05   -8.26680e+05   -7.99872e+05
    Temperature Pres. DC (bar) Pressure (bar)   Constr. rmsd
    3.10608e+02   -2.17109e+02    3.86081e+01    3.76783e-06

           Step           Time
         575000     1150.00000

   Energies (kJ/mol)
           Bond          Angle    Proper Dih. Per. Imp. Dih.          LJ-14
    5.87012e+03    1.80007e+04    2.05251e+04    9.35792e+02    6.29653e+03
     Coulomb-14        LJ (SR)  Disper. corr.   Coulomb (SR)   Coul. recip.
    7.61106e+04    1.33516e+05   -1.04219e+04   -1.29358e+06    8.11433e+03
 Position Rest.      Potential    Kinetic En.   Total Energy  Conserved En.
    7.49956e+02   -1.03389e+06    2.07501e+05   -8.26386e+05   -7.99786e+05
    Temperature Pres. DC (bar) Pressure (bar)   Constr. rmsd
    3.08882e+02   -2.16035e+02   -1.49251e+02    3.76783e-06

           Step           Time
         580000     1160.00000

   Energies (kJ/mol)
           Bond          Angle    Proper Dih. Per. Imp. Dih.          LJ-14
    5.81295e+03    1.76832e+04    2.05664e+04    9.40870e+02    6.33863e+03
     Coulomb-14        LJ (SR)  Disper. corr.   Coulomb (SR)   Coul. recip.
    7.60583e+04    1.36803e+05   -1.05181e+04   -1.29907e+06    8.11581e+03
 Position Rest.      Potential    Kinetic En.   Total Energy  Conserved En.
    7.56094e+02   -1.03651e+06    2.08004e+05   -8.28506e+05   -7.99605e+05
    Temperature Pres. DC (bar) Pressure (bar)   Constr. rmsd
    3.09631e+02   -2.20039e+02    2.01349e+02    3.76783e-06

           Step           Time
         585000     1170.00000

   Energies (kJ/mol)
           Bond          Angle    Proper Dih. Per. Imp. Dih.          LJ-14
    6.04686e+03    1.77871e+04    2.05675e+04    9.08123e+02    6.20707e+03
     Coulomb-14        LJ (SR)  Disper. corr.   Coulomb (SR)   Coul. recip.
    7.60615e+04    1.35882e+05   -1.04766e+04   -1.29964e+06    8.10702e+03
 Position Rest.      Potential    Kinetic En.   Total Energy  Conserved En.
    7.45695e+02   -1.03780e+06    2.08675e+05   -8.29125e+05   -7.99508e+05
    Temperature Pres. DC (bar) Pressure (bar)   Constr. rmsd
    3.10631e+02   -2.18306e+02   -8.47151e+01    3.76783e-06

           Step           Time
         590000     1180.00000

   Energies (kJ/mol)
           Bond          Angle    Proper Dih. Per. Imp. Dih.          LJ-14
    5.90573e+03    1.75705e+04    2.06494e+04    9.30151e+02    6.22569e+03
     Coulomb-14        LJ (SR)  Disper. corr.   Coulomb (SR)   Coul. recip.
    7.61258e+04    1.34442e+05   -1.04876e+04   -1.29604e+06    8.11715e+03
 Position Rest.      Potential    Kinetic En.   Total Energy  Conserved En.
    7.47358e+02   -1.03581e+06    2.10101e+05   -8.25710e+05   -7.99483e+05
    Temperature Pres. DC (bar) Pressure (bar)   Constr. rmsd
    3.12753e+02   -2.18767e+02   -1.28751e+02    3.76783e-06

           Step           Time
         595000     1190.00000

   Energies (kJ/mol)
           Bond          Angle    Proper Dih. Per. Imp. Dih.          LJ-14
    6.06496e+03    1.78943e+04    2.06857e+04    9.85520e+02    6.26999e+03
     Coulomb-14        LJ (SR)  Disper. corr.   Coulomb (SR)   Coul. recip.
    7.60016e+04    1.35908e+05   -1.05023e+04   -1.29886e+06    8.09869e+03
 Position Rest.      Potential    Kinetic En.   Total Energy  Conserved En.
    7.22412e+02   -1.03673e+06    2.07381e+05   -8.29347e+05   -7.99336e+05
    Temperature Pres. DC (bar) Pressure (bar)   Constr. rmsd
    3.08704e+02   -2.19376e+02   -3.05227e+01    3.76783e-06

           Step           Time
         600000     1200.00000

   Energies (kJ/mol)
           Bond          Angle    Proper Dih. Per. Imp. Dih.          LJ-14
    5.80097e+03    1.75621e+04    2.07920e+04    9.21601e+02    6.19589e+03
     Coulomb-14        LJ (SR)  Disper. corr.   Coulomb (SR)   Coul. recip.
    7.66569e+04    1.35422e+05   -1.05530e+04   -1.29846e+06    8.11797e+03
 Position Rest.      Potential    Kinetic En.   Total Energy  Conserved En.
    7.12034e+02   -1.03683e+06    2.07793e+05   -8.29038e+05   -7.99282e+05
    Temperature Pres. DC (bar) Pressure (bar)   Constr. rmsd
    3.09317e+02   -2.21497e+02    1.14378e+01    3.76783e-06

           Step           Time
         605000     1210.00000

   Energies (kJ/mol)
           Bond          Angle    Proper Dih. Per. Imp. Dih.          LJ-14
    5.82287e+03    1.77159e+04    2.05663e+04    8.81412e+02    6.12827e+03
     Coulomb-14        LJ (SR)  Disper. corr.   Coulomb (SR)   Coul. recip.
    7.62762e+04    1.34574e+05   -1.05203e+04   -1.29730e+06    8.04734e+03
 Position Rest.      Potential    Kinetic En.   Total Energy  Conserved En.
    7.48064e+02   -1.03706e+06    2.06724e+05   -8.30338e+05   -7.99210e+05
    Temperature Pres. DC (bar) Pressure (bar)   Constr. rmsd
    3.07726e+02   -2.20131e+02   -1.11366e+02    3.76783e-06

           Step           Time
         610000     1220.00000

   Energies (kJ/mol)
           Bond          Angle    Proper Dih. Per. Imp. Dih.          LJ-14
    5.82961e+03    1.80507e+04    2.07053e+04    8.84637e+02    6.19037e+03
     Coulomb-14        LJ (SR)  Disper. corr.   Coulomb (SR)   Coul. recip.
    7.63234e+04    1.34732e+05   -1.04774e+04   -1.29810e+06    8.27529e+03
 Position Rest.      Potential    Kinetic En.   Total Energy  Conserved En.
    7.31641e+02   -1.03686e+06    2.08911e+05   -8.27945e+05   -7.99142e+05
    Temperature Pres. DC (bar) Pressure (bar)   Constr. rmsd
    3.10982e+02   -2.18339e+02   -1.15124e+02    3.76783e-06

           Step           Time
         615000     1230.00000

   Energies (kJ/mol)
           Bond          Angle    Proper Dih. Per. Imp. Dih.          LJ-14
    5.98939e+03    1.78119e+04    2.04500e+04    8.83912e+02    6.23609e+03
     Coulomb-14        LJ (SR)  Disper. corr.   Coulomb (SR)   Coul. recip.
    7.64035e+04    1.35284e+05   -1.04617e+04   -1.29650e+06    8.31497e+03
 Position Rest.      Potential    Kinetic En.   Total Energy  Conserved En.
    7.34874e+02   -1.03486e+06    2.09133e+05   -8.25724e+05   -7.99002e+05
    Temperature Pres. DC (bar) Pressure (bar)   Constr. rmsd
    3.11311e+02   -2.17688e+02   -5.00918e+01    3.76783e-06

           Step           Time
         620000     1240.00000

   Energies (kJ/mol)
           Bond          Angle    Proper Dih. Per. Imp. Dih.          LJ-14
    5.77877e+03    1.78322e+04    2.07141e+04    9.79223e+02    6.37896e+03
     Coulomb-14        LJ (SR)  Disper. corr.   Coulomb (SR)   Coul. recip.
    7.63206e+04    1.35330e+05   -1.05270e+04   -1.29692e+06    8.02324e+03
 Position Rest.      Potential    Kinetic En.   Total Energy  Conserved En.
    7.08882e+02   -1.03538e+06    2.09580e+05   -8.25799e+05   -7.98893e+05
    Temperature Pres. DC (bar) Pressure (bar)   Constr. rmsd
    3.11977e+02   -2.20409e+02    8.77995e+01    3.76783e-06

           Step           Time
         625000     1250.00000

   Energies (kJ/mol)
           Bond          Angle    Proper Dih. Per. Imp. Dih.          LJ-14
    6.00402e+03    1.77072e+04    2.06049e+04    9.64524e+02    6.25215e+03
     Coulomb-14        LJ (SR)  Disper. corr.   Coulomb (SR)   Coul. recip.
    7.64387e+04    1.36112e+05   -1.05088e+04   -1.29893e+06    8.16586e+03
 Position Rest.      Potential    Kinetic En.   Total Energy  Conserved En.
    7.47100e+02   -1.03644e+06    2.09513e+05   -8.26929e+05   -7.98726e+05
    Temperature Pres. DC (bar) Pressure (bar)   Constr. rmsd
    3.11877e+02   -2.19649e+02    4.52538e-01    3.76783e-06

           Step           Time
         630000     1260.00000

   Energies (kJ/mol)
           Bond          Angle    Proper Dih. Per. Imp. Dih.          LJ-14
    5.85557e+03    1.76314e+04    2.06959e+04    9.60931e+02    6.32277e+03
     Coulomb-14        LJ (SR)  Disper. corr.   Coulomb (SR)   Coul. recip.
    7.62111e+04    1.35516e+05   -1.05067e+04   -1.29849e+06    8.12494e+03
 Position Rest.      Potential    Kinetic En.   Total Energy  Conserved En.
    7.36721e+02   -1.03694e+06    2.07140e+05   -8.29803e+05   -7.98578e+05
    Temperature Pres. DC (bar) Pressure (bar)   Constr. rmsd
    3.08346e+02   -2.19562e+02    1.46436e+02    3.76783e-06

           Step           Time
         635000     1270.00000

   Energies (kJ/mol)
           Bond          Angle    Proper Dih. Per. Imp. Dih.          LJ-14
    5.71662e+03    1.79229e+04    2.04349e+04    9.75063e+02    6.41627e+03
     Coulomb-14        LJ (SR)  Disper. corr.   Coulomb (SR)   Coul. recip.
    7.59967e+04    1.37080e+05   -1.05607e+04   -1.30083e+06    8.14971e+03
 Position Rest.      Potential    Kinetic En.   Total Energy  Conserved En.
    7.26308e+02   -1.03797e+06    2.07832e+05   -8.30138e+05   -7.98153e+05
    Temperature Pres. DC (bar) Pressure (bar)   Constr. rmsd
    3.09375e+02   -2.21821e+02    2.12425e+02    3.76783e-06

           Step           Time
         640000     1280.00000

   Energies (kJ/mol)
           Bond          Angle    Proper Dih. Per. Imp. Dih.          LJ-14
    5.83467e+03    1.75872e+04    2.10056e+04    9.54279e+02    6.28121e+03
     Coulomb-14        LJ (SR)  Disper. corr.   Coulomb (SR)   Coul. recip.
    7.63907e+04    1.35865e+05   -1.04912e+04   -1.29788e+06    8.21450e+03
 Position Rest.      Potential    Kinetic En.   Total Energy  Conserved En.
    7.23254e+02   -1.03552e+06    2.07733e+05   -8.27784e+05   -7.98002e+05
    Temperature Pres. DC (bar) Pressure (bar)   Constr. rmsd
    3.09228e+02   -2.18913e+02    5.62763e+01    3.76783e-06

           Step           Time
         645000     1290.00000

   Energies (kJ/mol)
           Bond          Angle    Proper Dih. Per. Imp. Dih.          LJ-14
    5.89623e+03    1.75008e+04    2.06491e+04    9.89634e+02    6.30706e+03
     Coulomb-14        LJ (SR)  Disper. corr.   Coulomb (SR)   Coul. recip.
    7.60290e+04    1.35814e+05   -1.04600e+04   -1.29765e+06    8.09664e+03
 Position Rest.      Potential    Kinetic En.   Total Energy  Conserved En.
    7.55402e+02   -1.03607e+06    2.08143e+05   -8.27930e+05   -7.97708e+05
    Temperature Pres. DC (bar) Pressure (bar)   Constr. rmsd
    3.09838e+02   -2.17614e+02   -2.97003e+01    3.76783e-06

           Step           Time
         650000     1300.00000

   Energies (kJ/mol)
           Bond          Angle    Proper Dih. Per. Imp. Dih.          LJ-14
    6.10285e+03    1.78213e+04    2.05964e+04    9.80583e+02    6.23059e+03
     Coulomb-14        LJ (SR)  Disper. corr.   Coulomb (SR)   Coul. recip.
    7.60931e+04    1.34838e+05   -1.04888e+04   -1.29826e+06    8.25047e+03
 Position Rest.      Potential    Kinetic En.   Total Energy  Conserved En.
    7.68103e+02   -1.03707e+06    2.09413e+05   -8.27656e+05   -7.97449e+05
    Temperature Pres. DC (bar) Pressure (bar)   Constr. rmsd
    3.11728e+02   -2.18813e+02   -1.37927e+02    3.76783e-06

           Step           Time
         655000     1310.00000

   Energies (kJ/mol)
           Bond          Angle    Proper Dih. Per. Imp. Dih.          LJ-14
    5.97280e+03    1.79752e+04    2.04817e+04    9.99347e+02    6.20078e+03
     Coulomb-14        LJ (SR)  Disper. corr.   Coulomb (SR)   Coul. recip.
    7.62912e+04    1.36648e+05   -1.05227e+04   -1.30002e+06    8.12547e+03
 Position Rest.      Potential    Kinetic En.   Total Energy  Conserved En.
    7.30040e+02   -1.03712e+06    2.07838e+05   -8.29282e+05   -7.97302e+05
    Temperature Pres. DC (bar) Pressure (bar)   Constr. rmsd
    3.09384e+02   -2.20230e+02   -2.50020e+00    3.76783e-06

           Step           Time
         660000     1320.00000

   Energies (kJ/mol)
           Bond          Angle    Proper Dih. Per. Imp. Dih.          LJ-14
    5.90692e+03    1.77773e+04    2.04433e+04    9.89012e+02    6.41473e+03
     Coulomb-14        LJ (SR)  Disper. corr.   Coulomb (SR)   Coul. recip.
    7.65541e+04    1.37338e+05   -1.05660e+04   -1.30205e+06    8.04038e+03
 Position Rest.      Potential    Kinetic En.   Total Energy  Conserved En.
    7.45487e+02   -1.03841e+06    2.08212e+05   -8.30199e+05   -7.97196e+05
    Temperature Pres. DC (bar) Pressure (bar)   Constr. rmsd
    3.09942e+02   -2.22046e+02    2.08203e+02    3.76783e-06

           Step           Time
         665000     1330.00000

   Energies (kJ/mol)
           Bond          Angle    Proper Dih. Per. Imp. Dih.          LJ-14
    5.77112e+03    1.80328e+04    2.07545e+04    9.81480e+02    6.24660e+03
     Coulomb-14        LJ (SR)  Disper. corr.   Coulomb (SR)   Coul. recip.
    7.62938e+04    1.35275e+05   -1.04722e+04   -1.29677e+06    8.13038e+03
 Position Rest.      Potential    Kinetic En.   Total Energy  Conserved En.
    7.43924e+02   -1.03501e+06    2.09299e+05   -8.25711e+05   -7.97028e+05
    Temperature Pres. DC (bar) Pressure (bar)   Constr. rmsd
    3.11560e+02   -2.18125e+02   -4.15044e+01    3.76783e-06

Writing checkpoint, step 669100 at Wed Apr 29 12:26:53 2026


           Step           Time
         670000     1340.00000

   Energies (kJ/mol)
           Bond          Angle    Proper Dih. Per. Imp. Dih.          LJ-14
    5.57575e+03    1.74984e+04    2.06886e+04    1.03194e+03    6.35163e+03
     Coulomb-14        LJ (SR)  Disper. corr.   Coulomb (SR)   Coul. recip.
    7.67494e+04    1.35506e+05   -1.04634e+04   -1.29772e+06    8.00910e+03
 Position Rest.      Potential    Kinetic En.   Total Energy  Conserved En.
    7.47416e+02   -1.03603e+06    2.08041e+05   -8.27986e+05   -7.97016e+05
    Temperature Pres. DC (bar) Pressure (bar)   Constr. rmsd
    3.09686e+02   -2.17758e+02    1.70712e+02    3.76783e-06

           Step           Time
         675000     1350.00000

   Energies (kJ/mol)
           Bond          Angle    Proper Dih. Per. Imp. Dih.          LJ-14
    5.57087e+03    1.81246e+04    2.04608e+04    9.78602e+02    6.28611e+03
     Coulomb-14        LJ (SR)  Disper. corr.   Coulomb (SR)   Coul. recip.
    7.60209e+04    1.37088e+05   -1.06014e+04   -1.30112e+06    7.88423e+03
 Position Rest.      Potential    Kinetic En.   Total Energy  Conserved En.
    7.76519e+02   -1.03854e+06    2.07939e+05   -8.30596e+05   -7.96692e+05
    Temperature Pres. DC (bar) Pressure (bar)   Constr. rmsd
    3.09535e+02   -2.23532e+02    1.71977e+02    3.76783e-06

           Step           Time
         680000     1360.00000

   Energies (kJ/mol)
           Bond          Angle    Proper Dih. Per. Imp. Dih.          LJ-14
    6.02396e+03    1.75967e+04    2.06673e+04    9.09916e+02    6.33676e+03
     Coulomb-14        LJ (SR)  Disper. corr.   Coulomb (SR)   Coul. recip.
    7.62074e+04    1.37047e+05   -1.05709e+04   -1.29937e+06    8.11432e+03
 Position Rest.      Potential    Kinetic En.   Total Energy  Conserved En.
    7.50704e+02   -1.03629e+06    2.09548e+05   -8.26742e+05   -7.96066e+05
    Temperature Pres. DC (bar) Pressure (bar)   Constr. rmsd
    3.11929e+02   -2.22249e+02    2.66489e+02    3.76783e-06

           Step           Time
         685000     1370.00000

   Energies (kJ/mol)
           Bond          Angle    Proper Dih. Per. Imp. Dih.          LJ-14
    6.05876e+03    1.78310e+04    2.06225e+04    9.68110e+02    6.26780e+03
     Coulomb-14        LJ (SR)  Disper. corr.   Coulomb (SR)   Coul. recip.
    7.60262e+04    1.35111e+05   -1.04837e+04   -1.29766e+06    8.09645e+03
 Position Rest.      Potential    Kinetic En.   Total Energy  Conserved En.
    7.36191e+02   -1.03642e+06    2.07669e+05   -8.28754e+05   -7.96036e+05
    Temperature Pres. DC (bar) Pressure (bar)   Constr. rmsd
    3.09132e+02   -2.18601e+02   -1.06656e+02    3.76783e-06

           Step           Time
         690000     1380.00000

   Energies (kJ/mol)
           Bond          Angle    Proper Dih. Per. Imp. Dih.          LJ-14
    5.79822e+03    1.78352e+04    2.06741e+04    9.57168e+02    6.24642e+03
     Coulomb-14        LJ (SR)  Disper. corr.   Coulomb (SR)   Coul. recip.
    7.62348e+04    1.37101e+05   -1.05088e+04   -1.29908e+06    8.27726e+03
 Position Rest.      Potential    Kinetic En.   Total Energy  Conserved En.
    7.65767e+02   -1.03569e+06    2.07383e+05   -8.28312e+05   -7.95829e+05
    Temperature Pres. DC (bar) Pressure (bar)   Constr. rmsd
    3.08707e+02   -2.19647e+02    1.70201e+02    3.76783e-06

           Step           Time
         695000     1390.00000

   Energies (kJ/mol)
           Bond          Angle    Proper Dih. Per. Imp. Dih.          LJ-14
    5.89724e+03    1.77700e+04    2.06476e+04    8.80298e+02    6.26887e+03
     Coulomb-14        LJ (SR)  Disper. corr.   Coulomb (SR)   Coul. recip.
    7.60900e+04    1.36775e+05   -1.05168e+04   -1.30052e+06    8.07109e+03
 Position Rest.      Potential    Kinetic En.   Total Energy  Conserved En.
    8.06554e+02   -1.03783e+06    2.09061e+05   -8.28768e+05   -7.95461e+05
    Temperature Pres. DC (bar) Pressure (bar)   Constr. rmsd
    3.11205e+02   -2.19982e+02    1.07821e+02    3.76783e-06

           Step           Time
         700000     1400.00000

   Energies (kJ/mol)
           Bond          Angle    Proper Dih. Per. Imp. Dih.          LJ-14
    5.85478e+03    1.76759e+04    2.06515e+04    9.74844e+02    6.39009e+03
     Coulomb-14        LJ (SR)  Disper. corr.   Coulomb (SR)   Coul. recip.
    7.61744e+04    1.35782e+05   -1.05008e+04   -1.29726e+06    8.20907e+03
 Position Rest.      Potential    Kinetic En.   Total Energy  Conserved En.
    8.13418e+02   -1.03524e+06    2.07929e+05   -8.27310e+05   -7.95282e+05
    Temperature Pres. DC (bar) Pressure (bar)   Constr. rmsd
    3.09519e+02   -2.19315e+02    7.46009e+01    3.76783e-06

           Step           Time
         705000     1410.00000

   Energies (kJ/mol)
           Bond          Angle    Proper Dih. Per. Imp. Dih.          LJ-14
    5.68361e+03    1.71877e+04    2.05092e+04    9.76736e+02    6.35933e+03
     Coulomb-14        LJ (SR)  Disper. corr.   Coulomb (SR)   Coul. recip.
    7.62705e+04    1.35753e+05   -1.04692e+04   -1.29743e+06    8.04922e+03
 Position Rest.      Potential    Kinetic En.   Total Energy  Conserved En.
    7.63784e+02   -1.03635e+06    2.08210e+05   -8.28138e+05   -7.95260e+05
    Temperature Pres. DC (bar) Pressure (bar)   Constr. rmsd
    3.09938e+02   -2.18001e+02   -2.92875e+01    3.76783e-06

           Step           Time
         710000     1420.00000

   Energies (kJ/mol)
           Bond          Angle    Proper Dih. Per. Imp. Dih.          LJ-14
    5.98204e+03    1.73039e+04    2.05755e+04    9.43813e+02    6.30288e+03
     Coulomb-14        LJ (SR)  Disper. corr.   Coulomb (SR)   Coul. recip.
    7.63868e+04    1.36179e+05   -1.05402e+04   -1.29890e+06    8.13148e+03
 Position Rest.      Potential    Kinetic En.   Total Energy  Conserved En.
    7.98631e+02   -1.03683e+06    2.08261e+05   -8.28570e+05   -7.95156e+05
    Temperature Pres. DC (bar) Pressure (bar)   Constr. rmsd
    3.10015e+02   -2.20962e+02    1.73991e+02    3.76783e-06

           Step           Time
         715000     1430.00000

   Energies (kJ/mol)
           Bond          Angle    Proper Dih. Per. Imp. Dih.          LJ-14
    5.93561e+03    1.76369e+04    2.06610e+04    9.24592e+02    6.29548e+03
     Coulomb-14        LJ (SR)  Disper. corr.   Coulomb (SR)   Coul. recip.
    7.64849e+04    1.38039e+05   -1.05967e+04   -1.30394e+06    8.00969e+03
 Position Rest.      Potential    Kinetic En.   Total Energy  Conserved En.
    7.71270e+02   -1.03978e+06    2.08113e+05   -8.31665e+05   -7.94896e+05
    Temperature Pres. DC (bar) Pressure (bar)   Constr. rmsd
    3.09794e+02   -2.23333e+02    2.79970e+02    3.76783e-06

           Step           Time
         720000     1440.00000

   Energies (kJ/mol)
           Bond          Angle    Proper Dih. Per. Imp. Dih.          LJ-14
    6.04373e+03    1.77300e+04    2.05757e+04    9.86267e+02    6.19617e+03
     Coulomb-14        LJ (SR)  Disper. corr.   Coulomb (SR)   Coul. recip.
    7.63627e+04    1.36086e+05   -1.04956e+04   -1.29798e+06    8.15095e+03
 Position Rest.      Potential    Kinetic En.   Total Energy  Conserved En.
    7.50339e+02   -1.03559e+06    2.08989e+05   -8.26602e+05   -7.94596e+05
    Temperature Pres. DC (bar) Pressure (bar)   Constr. rmsd
    3.11097e+02   -2.19097e+02    6.46532e+01    3.76783e-06

           Step           Time
         725000     1450.00000

   Energies (kJ/mol)
           Bond          Angle    Proper Dih. Per. Imp. Dih.          LJ-14
    6.02008e+03    1.74622e+04    2.06660e+04    9.15477e+02    6.31344e+03
     Coulomb-14        LJ (SR)  Disper. corr.   Coulomb (SR)   Coul. recip.
    7.67013e+04    1.33440e+05   -1.04322e+04   -1.29397e+06    8.08223e+03
 Position Rest.      Potential    Kinetic En.   Total Energy  Conserved En.
    7.71794e+02   -1.03403e+06    2.07983e+05   -8.26048e+05   -7.94367e+05
    Temperature Pres. DC (bar) Pressure (bar)   Constr. rmsd
    3.09600e+02   -2.16461e+02   -2.94264e+02    3.76783e-06

           Step           Time
         730000     1460.00000

   Energies (kJ/mol)
           Bond          Angle    Proper Dih. Per. Imp. Dih.          LJ-14
    6.08574e+03    1.77608e+04    2.05866e+04    1.02662e+03    6.32984e+03
     Coulomb-14        LJ (SR)  Disper. corr.   Coulomb (SR)   Coul. recip.
    7.63714e+04    1.35435e+05   -1.05049e+04   -1.29986e+06    7.92135e+03
 Position Rest.      Potential    Kinetic En.   Total Energy  Conserved En.
    7.76187e+02   -1.03807e+06    2.07552e+05   -8.30522e+05   -7.93890e+05
    Temperature Pres. DC (bar) Pressure (bar)   Constr. rmsd
    3.08959e+02   -2.19488e+02   -4.56480e+01    3.76783e-06

           Step           Time
         735000     1470.00000

   Energies (kJ/mol)
           Bond          Angle    Proper Dih. Per. Imp. Dih.          LJ-14
    5.94869e+03    1.77122e+04    2.05986e+04    9.46470e+02    6.35401e+03
     Coulomb-14        LJ (SR)  Disper. corr.   Coulomb (SR)   Coul. recip.
    7.62577e+04    1.37079e+05   -1.06217e+04   -1.30167e+06    8.13782e+03
 Position Rest.      Potential    Kinetic En.   Total Energy  Conserved En.
    7.76928e+02   -1.03848e+06    2.08206e+05   -8.30278e+05   -7.93328e+05
    Temperature Pres. DC (bar) Pressure (bar)   Constr. rmsd
    3.09931e+02   -2.24387e+02    2.73777e+02    3.76783e-06

           Step           Time
         740000     1480.00000

   Energies (kJ/mol)
           Bond          Angle    Proper Dih. Per. Imp. Dih.          LJ-14
    5.77715e+03    1.74924e+04    2.05275e+04    9.60828e+02    6.22315e+03
     Coulomb-14        LJ (SR)  Disper. corr.   Coulomb (SR)   Coul. recip.
    7.61992e+04    1.34880e+05   -1.05315e+04   -1.29718e+06    8.09905e+03
 Position Rest.      Potential    Kinetic En.   Total Energy  Conserved En.
    7.92629e+02   -1.03676e+06    2.08528e+05   -8.28237e+05   -7.93078e+05
    Temperature Pres. DC (bar) Pressure (bar)   Constr. rmsd
    3.10411e+02   -2.20596e+02   -8.46092e+01    3.76783e-06

           Step           Time
         745000     1490.00000

   Energies (kJ/mol)
           Bond          Angle    Proper Dih. Per. Imp. Dih.          LJ-14
    6.05091e+03    1.76487e+04    2.05923e+04    9.08017e+02    6.31348e+03
     Coulomb-14        LJ (SR)  Disper. corr.   Coulomb (SR)   Coul. recip.
    7.61304e+04    1.35181e+05   -1.04358e+04   -1.29538e+06    8.14029e+03
 Position Rest.      Potential    Kinetic En.   Total Energy  Conserved En.
    7.68277e+02   -1.03408e+06    2.07492e+05   -8.26586e+05   -7.92960e+05
    Temperature Pres. DC (bar) Pressure (bar)   Constr. rmsd
    3.08870e+02   -2.16613e+02   -7.80753e+01    3.76783e-06

           Step           Time
         750000     1500.00000

   Energies (kJ/mol)
           Bond          Angle    Proper Dih. Per. Imp. Dih.          LJ-14
    5.77972e+03    1.76146e+04    2.04864e+04    9.15528e+02    6.23366e+03
     Coulomb-14        LJ (SR)  Disper. corr.   Coulomb (SR)   Coul. recip.
    7.62674e+04    1.36516e+05   -1.05225e+04   -1.29914e+06    8.08306e+03
 Position Rest.      Potential    Kinetic En.   Total Energy  Conserved En.
    7.89961e+02   -1.03697e+06    2.08629e+05   -8.28345e+05   -7.92795e+05
    Temperature Pres. DC (bar) Pressure (bar)   Constr. rmsd
    3.10562e+02   -2.20222e+02    1.24887e+02    3.76783e-06

           Step           Time
         755000     1510.00000

   Energies (kJ/mol)
           Bond          Angle    Proper Dih. Per. Imp. Dih.          LJ-14
    5.93611e+03    1.77495e+04    2.05444e+04    9.69422e+02    6.31458e+03
     Coulomb-14        LJ (SR)  Disper. corr.   Coulomb (SR)   Coul. recip.
    7.59860e+04    1.37157e+05   -1.05065e+04   -1.29913e+06    8.04381e+03
 Position Rest.      Potential    Kinetic En.   Total Energy  Conserved En.
    7.75040e+02   -1.03616e+06    2.07857e+05   -8.28301e+05   -7.92476e+05
    Temperature Pres. DC (bar) Pressure (bar)   Constr. rmsd
    3.09412e+02   -2.19555e+02    6.71991e+01    3.76783e-06

           Step           Time
         760000     1520.00000

   Energies (kJ/mol)
           Bond          Angle    Proper Dih. Per. Imp. Dih.          LJ-14
    6.04191e+03    1.76112e+04    2.04419e+04    9.18152e+02    6.13700e+03
     Coulomb-14        LJ (SR)  Disper. corr.   Coulomb (SR)   Coul. recip.
    7.57107e+04    1.35376e+05   -1.04319e+04   -1.29636e+06    8.23507e+03
 Position Rest.      Potential    Kinetic En.   Total Energy  Conserved En.
    7.68706e+02   -1.03555e+06    2.06964e+05   -8.28583e+05   -7.92335e+05
    Temperature Pres. DC (bar) Pressure (bar)   Constr. rmsd
    3.08083e+02   -2.16450e+02   -1.92268e+02    3.76783e-06

           Step           Time
         765000     1530.00000

   Energies (kJ/mol)
           Bond          Angle    Proper Dih. Per. Imp. Dih.          LJ-14
    5.83721e+03    1.75260e+04    2.03896e+04    9.70167e+02    6.27182e+03
     Coulomb-14        LJ (SR)  Disper. corr.   Coulomb (SR)   Coul. recip.
    7.60711e+04    1.36203e+05   -1.04629e+04   -1.29843e+06    8.10253e+03
 Position Rest.      Potential    Kinetic En.   Total Energy  Conserved En.
    8.03758e+02   -1.03672e+06    2.07785e+05   -8.28932e+05   -7.92099e+05
    Temperature Pres. DC (bar) Pressure (bar)   Constr. rmsd
    3.09305e+02   -2.17737e+02   -3.50360e+01    3.76783e-06

           Step           Time
         770000     1540.00000

   Energies (kJ/mol)
           Bond          Angle    Proper Dih. Per. Imp. Dih.          LJ-14
    6.01704e+03    1.80223e+04    2.05446e+04    9.97015e+02    6.21929e+03
     Coulomb-14        LJ (SR)  Disper. corr.   Coulomb (SR)   Coul. recip.
    7.58062e+04    1.34400e+05   -1.05125e+04   -1.29584e+06    8.03294e+03
 Position Rest.      Potential    Kinetic En.   Total Energy  Conserved En.
    7.59718e+02   -1.03555e+06    2.09345e+05   -8.26209e+05   -7.91826e+05
    Temperature Pres. DC (bar) Pressure (bar)   Constr. rmsd
    3.11627e+02   -2.19805e+02   -7.91934e+01    3.76783e-06

           Step           Time
         775000     1550.00000

   Energies (kJ/mol)
           Bond          Angle    Proper Dih. Per. Imp. Dih.          LJ-14
    6.05239e+03    1.77994e+04    2.04714e+04    8.79188e+02    6.24707e+03
     Coulomb-14        LJ (SR)  Disper. corr.   Coulomb (SR)   Coul. recip.
    7.58521e+04    1.36123e+05   -1.04641e+04   -1.29756e+06    8.16360e+03
 Position Rest.      Potential    Kinetic En.   Total Energy  Conserved En.
    7.54938e+02   -1.03569e+06    2.08452e+05   -8.27233e+05   -7.91358e+05
    Temperature Pres. DC (bar) Pressure (bar)   Constr. rmsd
    3.10298e+02   -2.17786e+02   -1.12765e+02    3.76783e-06

           Step           Time
         780000     1560.00000

   Energies (kJ/mol)
           Bond          Angle    Proper Dih. Per. Imp. Dih.          LJ-14
    5.91247e+03    1.74979e+04    2.06578e+04    1.00988e+03    6.43300e+03
     Coulomb-14        LJ (SR)  Disper. corr.   Coulomb (SR)   Coul. recip.
    7.63483e+04    1.35284e+05   -1.04034e+04   -1.29552e+06    8.14420e+03
 Position Rest.      Potential    Kinetic En.   Total Energy  Conserved En.
    7.65129e+02   -1.03387e+06    2.09521e+05   -8.24349e+05   -7.91230e+05
    Temperature Pres. DC (bar) Pressure (bar)   Constr. rmsd
    3.11890e+02   -2.15270e+02   -1.13652e+01    3.76783e-06

           Step           Time
         785000     1570.00000

   Energies (kJ/mol)
           Bond          Angle    Proper Dih. Per. Imp. Dih.          LJ-14
    5.90339e+03    1.75033e+04    2.06063e+04    9.97235e+02    6.26024e+03
     Coulomb-14        LJ (SR)  Disper. corr.   Coulomb (SR)   Coul. recip.
    7.60733e+04    1.34346e+05   -1.05340e+04   -1.29712e+06    8.02195e+03
 Position Rest.      Potential    Kinetic En.   Total Energy  Conserved En.
    7.92432e+02   -1.03715e+06    2.06945e+05   -8.30200e+05   -7.91050e+05
    Temperature Pres. DC (bar) Pressure (bar)   Constr. rmsd
    3.08055e+02   -2.20704e+02   -4.67961e+01    3.76783e-06

           Step           Time
         790000     1580.00000

   Energies (kJ/mol)
           Bond          Angle    Proper Dih. Per. Imp. Dih.          LJ-14
    6.05961e+03    1.74302e+04    2.06393e+04    9.63318e+02    6.26368e+03
     Coulomb-14        LJ (SR)  Disper. corr.   Coulomb (SR)   Coul. recip.
    7.59218e+04    1.37399e+05   -1.05623e+04   -1.30009e+06    8.06296e+03
 Position Rest.      Potential    Kinetic En.   Total Energy  Conserved En.
    7.46883e+02   -1.03717e+06    2.08804e+05   -8.28363e+05   -7.90930e+05
    Temperature Pres. DC (bar) Pressure (bar)   Constr. rmsd
    3.10822e+02   -2.21888e+02    1.69962e+02    3.76783e-06

           Step           Time
         795000     1590.00000

   Energies (kJ/mol)
           Bond          Angle    Proper Dih. Per. Imp. Dih.          LJ-14
    6.03895e+03    1.77193e+04    2.05845e+04    9.32543e+02    6.29802e+03
     Coulomb-14        LJ (SR)  Disper. corr.   Coulomb (SR)   Coul. recip.
    7.62139e+04    1.35235e+05   -1.05243e+04   -1.29753e+06    8.15383e+03
 Position Rest.      Potential    Kinetic En.   Total Energy  Conserved En.
    7.58324e+02   -1.03612e+06    2.09466e+05   -8.26653e+05   -7.90869e+05
    Temperature Pres. DC (bar) Pressure (bar)   Constr. rmsd
    3.11807e+02   -2.20296e+02   -3.43398e+00    3.76783e-06

           Step           Time
         800000     1600.00000

   Energies (kJ/mol)
           Bond          Angle    Proper Dih. Per. Imp. Dih.          LJ-14
    6.02903e+03    1.75860e+04    2.04719e+04    9.40835e+02    6.26601e+03
     Coulomb-14        LJ (SR)  Disper. corr.   Coulomb (SR)   Coul. recip.
    7.66433e+04    1.33818e+05   -1.04372e+04   -1.29411e+06    8.08082e+03
 Position Rest.      Potential    Kinetic En.   Total Energy  Conserved En.
    7.71096e+02   -1.03394e+06    2.09347e+05   -8.24598e+05   -7.90796e+05
    Temperature Pres. DC (bar) Pressure (bar)   Constr. rmsd
    3.11630e+02   -2.16670e+02   -1.07716e+02    3.76783e-06

           Step           Time
         805000     1610.00000

   Energies (kJ/mol)
           Bond          Angle    Proper Dih. Per. Imp. Dih.          LJ-14
    6.02589e+03    1.77940e+04    2.03893e+04    9.78213e+02    6.26357e+03
     Coulomb-14        LJ (SR)  Disper. corr.   Coulomb (SR)   Coul. recip.
    7.61480e+04    1.33449e+05   -1.04942e+04   -1.29555e+06    8.13160e+03
 Position Rest.      Potential    Kinetic En.   Total Energy  Conserved En.
    7.55413e+02   -1.03611e+06    2.09022e+05   -8.27087e+05   -7.90524e+05
    Temperature Pres. DC (bar) Pressure (bar)   Constr. rmsd
    3.11146e+02   -2.19041e+02   -1.75706e+02    3.76783e-06

           Step           Time
         810000     1620.00000

   Energies (kJ/mol)
           Bond          Angle    Proper Dih. Per. Imp. Dih.          LJ-14
    5.78917e+03    1.82867e+04    2.04719e+04    9.22738e+02    6.31867e+03
     Coulomb-14        LJ (SR)  Disper. corr.   Coulomb (SR)   Coul. recip.
    7.64106e+04    1.34673e+05   -1.04702e+04   -1.29568e+06    8.31758e+03
 Position Rest.      Potential    Kinetic En.   Total Energy  Conserved En.
    7.52163e+02   -1.03421e+06    2.09264e+05   -8.24945e+05   -7.90400e+05
    Temperature Pres. DC (bar) Pressure (bar)   Constr. rmsd
    3.11507e+02   -2.18041e+02   -1.25940e+02    3.76783e-06

           Step           Time
         815000     1630.00000

   Energies (kJ/mol)
           Bond          Angle    Proper Dih. Per. Imp. Dih.          LJ-14
    5.97302e+03    1.75534e+04    2.04080e+04    9.90009e+02    6.28004e+03
     Coulomb-14        LJ (SR)  Disper. corr.   Coulomb (SR)   Coul. recip.
    7.60891e+04    1.35096e+05   -1.04815e+04   -1.29766e+06    7.98936e+03
 Position Rest.      Potential    Kinetic En.   Total Energy  Conserved En.
    7.68162e+02   -1.03700e+06    2.07842e+05   -8.29155e+05   -7.90384e+05
    Temperature Pres. DC (bar) Pressure (bar)   Constr. rmsd
    3.09390e+02   -2.18513e+02   -1.22320e+02    3.76783e-06

           Step           Time
         820000     1640.00000

   Energies (kJ/mol)
           Bond          Angle    Proper Dih. Per. Imp. Dih.          LJ-14
    5.80938e+03    1.77831e+04    2.06558e+04    9.66864e+02    6.22039e+03
     Coulomb-14        LJ (SR)  Disper. corr.   Coulomb (SR)   Coul. recip.
    7.62116e+04    1.34470e+05   -1.04942e+04   -1.29627e+06    8.19810e+03
 Position Rest.      Potential    Kinetic En.   Total Energy  Conserved En.
    7.29881e+02   -1.03572e+06    2.08006e+05   -8.27713e+05   -7.90343e+05
    Temperature Pres. DC (bar) Pressure (bar)   Constr. rmsd
    3.09634e+02   -2.19038e+02    2.24162e+00    3.76783e-06

           Step           Time
         825000     1650.00000

   Energies (kJ/mol)
           Bond          Angle    Proper Dih. Per. Imp. Dih.          LJ-14
    5.94190e+03    1.76637e+04    2.06512e+04    9.86520e+02    6.31479e+03
     Coulomb-14        LJ (SR)  Disper. corr.   Coulomb (SR)   Coul. recip.
    7.60505e+04    1.36228e+05   -1.04372e+04   -1.29758e+06    8.05465e+03
 Position Rest.      Potential    Kinetic En.   Total Energy  Conserved En.
    8.08323e+02   -1.03532e+06    2.07495e+05   -8.27821e+05   -7.90222e+05
    Temperature Pres. DC (bar) Pressure (bar)   Constr. rmsd
    3.08874e+02   -2.16672e+02   -1.70820e+01    3.76783e-06

           Step           Time
         830000     1660.00000

   Energies (kJ/mol)
           Bond          Angle    Proper Dih. Per. Imp. Dih.          LJ-14
    6.03234e+03    1.77050e+04    2.04906e+04    9.02738e+02    6.30432e+03
     Coulomb-14        LJ (SR)  Disper. corr.   Coulomb (SR)   Coul. recip.
    7.64244e+04    1.37091e+05   -1.04158e+04   -1.29832e+06    8.27928e+03
 Position Rest.      Potential    Kinetic En.   Total Energy  Conserved En.
    7.58344e+02   -1.03475e+06    2.08400e+05   -8.26353e+05   -7.89868e+05
    Temperature Pres. DC (bar) Pressure (bar)   Constr. rmsd
    3.10221e+02   -2.15784e+02   -5.55447e+00    3.76783e-06

           Step           Time
         835000     1670.00000

   Energies (kJ/mol)
           Bond          Angle    Proper Dih. Per. Imp. Dih.          LJ-14
    6.04554e+03    1.75124e+04    2.05697e+04    9.19221e+02    6.25868e+03
     Coulomb-14        LJ (SR)  Disper. corr.   Coulomb (SR)   Coul. recip.
    7.61839e+04    1.33091e+05   -1.04324e+04   -1.29456e+06    8.29179e+03
 Position Rest.      Potential    Kinetic En.   Total Energy  Conserved En.
    7.52352e+02   -1.03537e+06    2.07558e+05   -8.27812e+05   -7.89711e+05
    Temperature Pres. DC (bar) Pressure (bar)   Constr. rmsd
    3.08968e+02   -2.16471e+02   -3.32097e+02    3.76783e-06

           Step           Time
         840000     1680.00000

   Energies (kJ/mol)
           Bond          Angle    Proper Dih. Per. Imp. Dih.          LJ-14
    6.08626e+03    1.76842e+04    2.04942e+04    9.85484e+02    6.35354e+03
     Coulomb-14        LJ (SR)  Disper. corr.   Coulomb (SR)   Coul. recip.
    7.60932e+04    1.35800e+05   -1.04395e+04   -1.29553e+06    8.25493e+03
 Position Rest.      Potential    Kinetic En.   Total Energy  Conserved En.
    7.63917e+02   -1.03346e+06    2.08916e+05   -8.24539e+05   -7.89449e+05
    Temperature Pres. DC (bar) Pressure (bar)   Constr. rmsd
    3.10990e+02   -2.16767e+02   -3.88817e+01    3.76783e-06

           Step           Time
         845000     1690.00000

   Energies (kJ/mol)
           Bond          Angle    Proper Dih. Per. Imp. Dih.          LJ-14
    6.04225e+03    1.77292e+04    2.05587e+04    9.59968e+02    6.30366e+03
     Coulomb-14        LJ (SR)  Disper. corr.   Coulomb (SR)   Coul. recip.
    7.63059e+04    1.38834e+05   -1.04844e+04   -1.30052e+06    8.30175e+03
 Position Rest.      Potential    Kinetic En.   Total Energy  Conserved En.
    7.56367e+02   -1.03521e+06    2.07968e+05   -8.27240e+05   -7.89220e+05
    Temperature Pres. DC (bar) Pressure (bar)   Constr. rmsd
    3.09578e+02   -2.18632e+02    1.69247e+02    3.76783e-06

           Step           Time
         850000     1700.00000

   Energies (kJ/mol)
           Bond          Angle    Proper Dih. Per. Imp. Dih.          LJ-14
    5.88949e+03    1.76681e+04    2.05906e+04    9.80006e+02    6.25404e+03
     Coulomb-14        LJ (SR)  Disper. corr.   Coulomb (SR)   Coul. recip.
    7.62896e+04    1.35944e+05   -1.05181e+04   -1.29884e+06    8.15169e+03
 Position Rest.      Potential    Kinetic En.   Total Energy  Conserved En.
    7.89192e+02   -1.03680e+06    2.08036e+05   -8.28767e+05   -7.89168e+05
    Temperature Pres. DC (bar) Pressure (bar)   Constr. rmsd
    3.09679e+02   -2.20037e+02    1.55887e+01    3.76783e-06

           Step           Time
         855000     1710.00000

   Energies (kJ/mol)
           Bond          Angle    Proper Dih. Per. Imp. Dih.          LJ-14
    6.06078e+03    1.80068e+04    2.07855e+04    9.07761e+02    6.32092e+03
     Coulomb-14        LJ (SR)  Disper. corr.   Coulomb (SR)   Coul. recip.
    7.62485e+04    1.35052e+05   -1.04207e+04   -1.29468e+06    8.29170e+03
 Position Rest.      Potential    Kinetic En.   Total Energy  Conserved En.
    7.58347e+02   -1.03267e+06    2.08982e+05   -8.23685e+05   -7.88848e+05
    Temperature Pres. DC (bar) Pressure (bar)   Constr. rmsd
    3.11088e+02   -2.15988e+02   -1.64278e+02    3.76783e-06

           Step           Time
         860000     1720.00000

   Energies (kJ/mol)
           Bond          Angle    Proper Dih. Per. Imp. Dih.          LJ-14
    5.73113e+03    1.79772e+04    2.05797e+04    9.70021e+02    6.26560e+03
     Coulomb-14        LJ (SR)  Disper. corr.   Coulomb (SR)   Coul. recip.
    7.63091e+04    1.36138e+05   -1.04750e+04   -1.30012e+06    8.12480e+03
 Position Rest.      Potential    Kinetic En.   Total Energy  Conserved En.
    7.55551e+02   -1.03774e+06    2.08278e+05   -8.29464e+05   -7.88612e+05
    Temperature Pres. DC (bar) Pressure (bar)   Constr. rmsd
    3.10040e+02   -2.18239e+02   -1.02495e+02    3.76783e-06

           Step           Time
         865000     1730.00000

   Energies (kJ/mol)
           Bond          Angle    Proper Dih. Per. Imp. Dih.          LJ-14
    5.76842e+03    1.75769e+04    2.06023e+04    9.14553e+02    6.32500e+03
     Coulomb-14        LJ (SR)  Disper. corr.   Coulomb (SR)   Coul. recip.
    7.66663e+04    1.37177e+05   -1.05784e+04   -1.30095e+06    8.24032e+03
 Position Rest.      Potential    Kinetic En.   Total Energy  Conserved En.
    7.34423e+02   -1.03752e+06    2.08122e+05   -8.29397e+05   -7.88502e+05
    Temperature Pres. DC (bar) Pressure (bar)   Constr. rmsd
    3.09807e+02   -2.22563e+02    1.98409e+02    3.76783e-06

           Step           Time
         870000     1740.00000

   Energies (kJ/mol)
           Bond          Angle    Proper Dih. Per. Imp. Dih.          LJ-14
    6.07523e+03    1.79439e+04    2.03885e+04    9.82567e+02    6.32682e+03
     Coulomb-14        LJ (SR)  Disper. corr.   Coulomb (SR)   Coul. recip.
    7.63272e+04    1.36910e+05   -1.04936e+04   -1.29844e+06    8.10757e+03
 Position Rest.      Potential    Kinetic En.   Total Energy  Conserved En.
    7.42428e+02   -1.03513e+06    2.07805e+05   -8.27326e+05   -7.88064e+05
    Temperature Pres. DC (bar) Pressure (bar)   Constr. rmsd
    3.09335e+02   -2.19017e+02    1.56066e+02    3.76783e-06

           Step           Time
         875000     1750.00000

   Energies (kJ/mol)
           Bond          Angle    Proper Dih. Per. Imp. Dih.          LJ-14
    5.92190e+03    1.77847e+04    2.06179e+04    9.68089e+02    6.12773e+03
     Coulomb-14        LJ (SR)  Disper. corr.   Coulomb (SR)   Coul. recip.
    7.64583e+04    1.36432e+05   -1.05101e+04   -1.29921e+06    8.12009e+03
 Position Rest.      Potential    Kinetic En.   Total Energy  Conserved En.
    7.55516e+02   -1.03654e+06    2.08462e+05   -8.28074e+05   -7.88038e+05
    Temperature Pres. DC (bar) Pressure (bar)   Constr. rmsd
    3.10314e+02   -2.19702e+02   -3.56907e+01    3.76783e-06

           Step           Time
         880000     1760.00000

   Energies (kJ/mol)
           Bond          Angle    Proper Dih. Per. Imp. Dih.          LJ-14
    6.02269e+03    1.77714e+04    2.06162e+04    1.01218e+03    6.33449e+03
     Coulomb-14        LJ (SR)  Disper. corr.   Coulomb (SR)   Coul. recip.
    7.60600e+04    1.35524e+05   -1.05075e+04   -1.29990e+06    8.22390e+03
 Position Rest.      Potential    Kinetic En.   Total Energy  Conserved En.
    7.59868e+02   -1.03808e+06    2.07419e+05   -8.30663e+05   -7.87918e+05
    Temperature Pres. DC (bar) Pressure (bar)   Constr. rmsd
    3.08760e+02   -2.19594e+02   -5.31591e+01    3.76783e-06

           Step           Time
         885000     1770.00000

   Energies (kJ/mol)
           Bond          Angle    Proper Dih. Per. Imp. Dih.          LJ-14
    5.89979e+03    1.76571e+04    2.05105e+04    9.36859e+02    6.29009e+03
     Coulomb-14        LJ (SR)  Disper. corr.   Coulomb (SR)   Coul. recip.
    7.64626e+04    1.34196e+05   -1.05333e+04   -1.29603e+06    8.22048e+03
 Position Rest.      Potential    Kinetic En.   Total Energy  Conserved En.
    7.68945e+02   -1.03562e+06    2.08254e+05   -8.27362e+05   -7.87927e+05
    Temperature Pres. DC (bar) Pressure (bar)   Constr. rmsd
    3.10004e+02   -2.20673e+02   -2.40131e+01    3.76783e-06

           Step           Time
         890000     1780.00000

   Energies (kJ/mol)
           Bond          Angle    Proper Dih. Per. Imp. Dih.          LJ-14
    6.04031e+03    1.74325e+04    2.05274e+04    1.01454e+03    6.28919e+03
     Coulomb-14        LJ (SR)  Disper. corr.   Coulomb (SR)   Coul. recip.
    7.64869e+04    1.33746e+05   -1.04444e+04   -1.29546e+06    8.20330e+03
 Position Rest.      Potential    Kinetic En.   Total Energy  Conserved En.
    7.62923e+02   -1.03540e+06    2.09577e+05   -8.25824e+05   -7.87886e+05
    Temperature Pres. DC (bar) Pressure (bar)   Constr. rmsd
    3.11974e+02   -2.16968e+02   -1.39062e+02    3.76783e-06

           Step           Time
         895000     1790.00000

   Energies (kJ/mol)
           Bond          Angle    Proper Dih. Per. Imp. Dih.          LJ-14
    6.08883e+03    1.76995e+04    2.04554e+04    8.72764e+02    6.13827e+03
     Coulomb-14        LJ (SR)  Disper. corr.   Coulomb (SR)   Coul. recip.
    7.64254e+04    1.33232e+05   -1.03998e+04   -1.29423e+06    8.34400e+03
 Position Rest.      Potential    Kinetic En.   Total Energy  Conserved En.
    7.61400e+02   -1.03461e+06    2.08800e+05   -8.25808e+05   -7.87727e+05
    Temperature Pres. DC (bar) Pressure (bar)   Constr. rmsd
    3.10816e+02   -2.15120e+02   -3.31454e+02    3.76783e-06

           Step           Time
         900000     1800.00000

   Energies (kJ/mol)
           Bond          Angle    Proper Dih. Per. Imp. Dih.          LJ-14
    5.87977e+03    1.77177e+04    2.03541e+04    9.10829e+02    6.25894e+03
     Coulomb-14        LJ (SR)  Disper. corr.   Coulomb (SR)   Coul. recip.
    7.63897e+04    1.37705e+05   -1.05604e+04   -1.30440e+06    8.09175e+03
 Position Rest.      Potential    Kinetic En.   Total Energy  Conserved En.
    7.45145e+02   -1.04090e+06    2.07805e+05   -8.33100e+05   -7.87434e+05
    Temperature Pres. DC (bar) Pressure (bar)   Constr. rmsd
    3.09335e+02   -2.21809e+02    1.10144e+02    3.76783e-06

           Step           Time
         905000     1810.00000

   Energies (kJ/mol)
           Bond          Angle    Proper Dih. Per. Imp. Dih.          LJ-14
    6.04046e+03    1.78352e+04    2.05015e+04    9.67411e+02    6.43340e+03
     Coulomb-14        LJ (SR)  Disper. corr.   Coulomb (SR)   Coul. recip.
    7.62159e+04    1.38706e+05   -1.05449e+04   -1.30334e+06    8.13526e+03
 Position Rest.      Potential    Kinetic En.   Total Energy  Conserved En.
    7.57337e+02   -1.03829e+06    2.09198e+05   -8.29093e+05   -7.87096e+05
    Temperature Pres. DC (bar) Pressure (bar)   Constr. rmsd
    3.11408e+02   -2.21161e+02    3.52591e+02    3.76783e-06

           Step           Time
         910000     1820.00000

   Energies (kJ/mol)
           Bond          Angle    Proper Dih. Per. Imp. Dih.          LJ-14
    6.12542e+03    1.78838e+04    2.05605e+04    9.64737e+02    6.30854e+03
     Coulomb-14        LJ (SR)  Disper. corr.   Coulomb (SR)   Coul. recip.
    7.62301e+04    1.37758e+05   -1.05673e+04   -1.30212e+06    8.22375e+03
 Position Rest.      Potential    Kinetic En.   Total Energy  Conserved En.
    7.47744e+02   -1.03789e+06    2.09346e+05   -8.28543e+05   -7.86997e+05
    Temperature Pres. DC (bar) Pressure (bar)   Constr. rmsd
    3.11629e+02   -2.22099e+02    2.48204e+02    3.76783e-06

           Step           Time
         915000     1830.00000

   Energies (kJ/mol)
           Bond          Angle    Proper Dih. Per. Imp. Dih.          LJ-14
    5.84587e+03    1.76542e+04    2.04560e+04    9.12517e+02    6.23197e+03
     Coulomb-14        LJ (SR)  Disper. corr.   Coulomb (SR)   Coul. recip.
    7.65504e+04    1.34914e+05   -1.04414e+04   -1.29762e+06    8.19895e+03
 Position Rest.      Potential    Kinetic En.   Total Energy  Conserved En.
    7.49804e+02   -1.03655e+06    2.07501e+05   -8.29048e+05   -7.86829e+05
    Temperature Pres. DC (bar) Pressure (bar)   Constr. rmsd
    3.08883e+02   -2.16844e+02   -1.23160e+02    3.76783e-06

           Step           Time
         920000     1840.00000

   Energies (kJ/mol)
           Bond          Angle    Proper Dih. Per. Imp. Dih.          LJ-14
    6.21929e+03    1.75592e+04    2.05746e+04    9.59405e+02    6.31350e+03
     Coulomb-14        LJ (SR)  Disper. corr.   Coulomb (SR)   Coul. recip.
    7.64056e+04    1.36032e+05   -1.04230e+04   -1.29682e+06    8.32599e+03
 Position Rest.      Potential    Kinetic En.   Total Energy  Conserved En.
    7.68416e+02   -1.03409e+06    2.07622e+05   -8.26467e+05   -7.86639e+05
    Temperature Pres. DC (bar) Pressure (bar)   Constr. rmsd
    3.09063e+02   -2.16083e+02   -1.40373e+02    3.76783e-06

           Step           Time
         925000     1850.00000

   Energies (kJ/mol)
           Bond          Angle    Proper Dih. Per. Imp. Dih.          LJ-14
    5.77338e+03    1.79531e+04    2.05632e+04    9.44385e+02    6.28340e+03
     Coulomb-14        LJ (SR)  Disper. corr.   Coulomb (SR)   Coul. recip.
    7.66968e+04    1.37327e+05   -1.05076e+04   -1.30005e+06    8.14313e+03
 Position Rest.      Potential    Kinetic En.   Total Energy  Conserved En.
    7.50549e+02   -1.03613e+06    2.07735e+05   -8.28392e+05   -7.86549e+05
    Temperature Pres. DC (bar) Pressure (bar)   Constr. rmsd
    3.09231e+02   -2.19601e+02    2.75941e+02    3.76783e-06

           Step           Time
         930000     1860.00000

   Energies (kJ/mol)
           Bond          Angle    Proper Dih. Per. Imp. Dih.          LJ-14
    5.61067e+03    1.74297e+04    2.05906e+04    9.27519e+02    6.32069e+03
     Coulomb-14        LJ (SR)  Disper. corr.   Coulomb (SR)   Coul. recip.
    7.65269e+04    1.35895e+05   -1.04752e+04   -1.29814e+06    8.22120e+03
 Position Rest.      Potential    Kinetic En.   Total Energy  Conserved En.
    7.72283e+02   -1.03632e+06    2.09159e+05   -8.27162e+05   -7.86550e+05
    Temperature Pres. DC (bar) Pressure (bar)   Constr. rmsd
    3.11350e+02   -2.18248e+02    4.10179e+01    3.76783e-06

           Step           Time
         935000     1870.00000

   Energies (kJ/mol)
           Bond          Angle    Proper Dih. Per. Imp. Dih.          LJ-14
    5.88683e+03    1.76981e+04    2.05971e+04    9.50607e+02    6.22898e+03
     Coulomb-14        LJ (SR)  Disper. corr.   Coulomb (SR)   Coul. recip.
    7.63848e+04    1.36074e+05   -1.05537e+04   -1.29922e+06    8.18664e+03
 Position Rest.      Potential    Kinetic En.   Total Energy  Conserved En.
    7.39533e+02   -1.03702e+06    2.07703e+05   -8.29320e+05   -7.86464e+05
    Temperature Pres. DC (bar) Pressure (bar)   Constr. rmsd
    3.09183e+02   -2.21530e+02    1.84992e+02    3.76783e-06

           Step           Time
         940000     1880.00000

   Energies (kJ/mol)
           Bond          Angle    Proper Dih. Per. Imp. Dih.          LJ-14
    5.76143e+03    1.80507e+04    2.04823e+04    9.56383e+02    6.28253e+03
     Coulomb-14        LJ (SR)  Disper. corr.   Coulomb (SR)   Coul. recip.
    7.63010e+04    1.36854e+05   -1.04580e+04   -1.29959e+06    8.17553e+03
 Position Rest.      Potential    Kinetic En.   Total Energy  Conserved En.
    7.66419e+02   -1.03641e+06    2.08074e+05   -8.28341e+05   -7.86283e+05
    Temperature Pres. DC (bar) Pressure (bar)   Constr. rmsd
    3.09735e+02   -2.17535e+02    1.18037e+02    3.76783e-06

           Step           Time
         945000     1890.00000

   Energies (kJ/mol)
           Bond          Angle    Proper Dih. Per. Imp. Dih.          LJ-14
    5.82950e+03    1.78916e+04    2.05540e+04    9.22991e+02    6.28599e+03
     Coulomb-14        LJ (SR)  Disper. corr.   Coulomb (SR)   Coul. recip.
    7.63125e+04    1.34610e+05   -1.04285e+04   -1.29550e+06    8.14064e+03
 Position Rest.      Potential    Kinetic En.   Total Energy  Conserved En.
    7.19248e+02   -1.03466e+06    2.07923e+05   -8.26738e+05   -7.85888e+05
    Temperature Pres. DC (bar) Pressure (bar)   Constr. rmsd
    3.09511e+02   -2.16308e+02   -8.74483e+01    3.76783e-06

           Step           Time
         950000     1900.00000

   Energies (kJ/mol)
           Bond          Angle    Proper Dih. Per. Imp. Dih.          LJ-14
    5.87888e+03    1.78529e+04    2.05269e+04    9.89150e+02    6.18888e+03
     Coulomb-14        LJ (SR)  Disper. corr.   Coulomb (SR)   Coul. recip.
    7.62409e+04    1.35344e+05   -1.04836e+04   -1.29827e+06    8.15194e+03
 Position Rest.      Potential    Kinetic En.   Total Energy  Conserved En.
    7.26740e+02   -1.03686e+06    2.08325e+05   -8.28530e+05   -7.85611e+05
    Temperature Pres. DC (bar) Pressure (bar)   Constr. rmsd
    3.10110e+02   -2.18598e+02   -8.85384e+01    3.76783e-06

           Step           Time
         955000     1910.00000

   Energies (kJ/mol)
           Bond          Angle    Proper Dih. Per. Imp. Dih.          LJ-14
    5.93413e+03    1.76899e+04    2.07406e+04    9.86490e+02    6.31575e+03
     Coulomb-14        LJ (SR)  Disper. corr.   Coulomb (SR)   Coul. recip.
    7.61114e+04    1.35975e+05   -1.05136e+04   -1.29798e+06    8.03039e+03
 Position Rest.      Potential    Kinetic En.   Total Energy  Conserved En.
    7.58231e+02   -1.03595e+06    2.09517e+05   -8.26433e+05   -7.85521e+05
    Temperature Pres. DC (bar) Pressure (bar)   Constr. rmsd
    3.11884e+02   -2.19850e+02    1.20167e+02    3.76783e-06

           Step           Time
         960000     1920.00000

   Energies (kJ/mol)
           Bond          Angle    Proper Dih. Per. Imp. Dih.          LJ-14
    5.83749e+03    1.75967e+04    2.06106e+04    9.84736e+02    6.24114e+03
     Coulomb-14        LJ (SR)  Disper. corr.   Coulomb (SR)   Coul. recip.
    7.60842e+04    1.35652e+05   -1.05312e+04   -1.29792e+06    8.19327e+03
 Position Rest.      Potential    Kinetic En.   Total Energy  Conserved En.
    7.65479e+02   -1.03648e+06    2.07183e+05   -8.29302e+05   -7.85448e+05
    Temperature Pres. DC (bar) Pressure (bar)   Constr. rmsd
    3.08409e+02   -2.20585e+02    3.00573e+01    3.76783e-06

           Step           Time
         965000     1930.00000

   Energies (kJ/mol)
           Bond          Angle    Proper Dih. Per. Imp. Dih.          LJ-14
    5.83834e+03    1.79520e+04    2.05178e+04    9.66955e+02    6.26933e+03
     Coulomb-14        LJ (SR)  Disper. corr.   Coulomb (SR)   Coul. recip.
    7.64073e+04    1.36459e+05   -1.05241e+04   -1.30001e+06    8.12669e+03
 Position Rest.      Potential    Kinetic En.   Total Energy  Conserved En.
    7.38571e+02   -1.03726e+06    2.08153e+05   -8.29108e+05   -7.85365e+05
    Temperature Pres. DC (bar) Pressure (bar)   Constr. rmsd
    3.09853e+02   -2.20289e+02    1.74638e+02    3.76783e-06

           Step           Time
         970000     1940.00000

   Energies (kJ/mol)
           Bond          Angle    Proper Dih. Per. Imp. Dih.          LJ-14
    5.85832e+03    1.75100e+04    2.06279e+04    9.53114e+02    6.38776e+03
     Coulomb-14        LJ (SR)  Disper. corr.   Coulomb (SR)   Coul. recip.
    7.64191e+04    1.37858e+05   -1.05287e+04   -1.30131e+06    8.21813e+03
 Position Rest.      Potential    Kinetic En.   Total Energy  Conserved En.
    7.12632e+02   -1.03729e+06    2.07930e+05   -8.29362e+05   -7.85108e+05
    Temperature Pres. DC (bar) Pressure (bar)   Constr. rmsd
    3.09521e+02   -2.20481e+02    2.40555e+02    3.76783e-06

           Step           Time
         975000     1950.00000

   Energies (kJ/mol)
           Bond          Angle    Proper Dih. Per. Imp. Dih.          LJ-14
    5.88534e+03    1.75481e+04    2.06215e+04    9.98524e+02    6.39004e+03
     Coulomb-14        LJ (SR)  Disper. corr.   Coulomb (SR)   Coul. recip.
    7.63692e+04    1.38296e+05   -1.05566e+04   -1.30443e+06    8.10931e+03
 Position Rest.      Potential    Kinetic En.   Total Energy  Conserved En.
    7.35594e+02   -1.04003e+06    2.09058e+05   -8.30975e+05   -7.85028e+05
    Temperature Pres. DC (bar) Pressure (bar)   Constr. rmsd
    3.11200e+02   -2.21652e+02    2.09186e+02    3.76783e-06

           Step           Time
         980000     1960.00000

   Energies (kJ/mol)
           Bond          Angle    Proper Dih. Per. Imp. Dih.          LJ-14
    6.11278e+03    1.75419e+04    2.05901e+04    1.01132e+03    6.43867e+03
     Coulomb-14        LJ (SR)  Disper. corr.   Coulomb (SR)   Coul. recip.
    7.65835e+04    1.37473e+05   -1.05123e+04   -1.29864e+06    8.02350e+03
 Position Rest.      Potential    Kinetic En.   Total Energy  Conserved En.
    7.43968e+02   -1.03463e+06    2.07409e+05   -8.27226e+05   -7.84661e+05
    Temperature Pres. DC (bar) Pressure (bar)   Constr. rmsd
    3.08745e+02   -2.19794e+02    1.52356e+02    3.76783e-06

           Step           Time
         985000     1970.00000

   Energies (kJ/mol)
           Bond          Angle    Proper Dih. Per. Imp. Dih.          LJ-14
    5.87717e+03    1.80222e+04    2.06202e+04    9.38083e+02    6.31255e+03
     Coulomb-14        LJ (SR)  Disper. corr.   Coulomb (SR)   Coul. recip.
    7.63922e+04    1.35119e+05   -1.04564e+04   -1.29607e+06    8.12038e+03
 Position Rest.      Potential    Kinetic En.   Total Energy  Conserved En.
    7.44050e+02   -1.03438e+06    2.09307e+05   -8.25071e+05   -7.84660e+05
    Temperature Pres. DC (bar) Pressure (bar)   Constr. rmsd
    3.11571e+02   -2.17466e+02    8.06762e+01    3.76783e-06

           Step           Time
         990000     1980.00000

   Energies (kJ/mol)
           Bond          Angle    Proper Dih. Per. Imp. Dih.          LJ-14
    5.81691e+03    1.76430e+04    2.05769e+04    9.54767e+02    6.27898e+03
     Coulomb-14        LJ (SR)  Disper. corr.   Coulomb (SR)   Coul. recip.
    7.65794e+04    1.37334e+05   -1.05406e+04   -1.30034e+06    8.11366e+03
 Position Rest.      Potential    Kinetic En.   Total Energy  Conserved En.
    7.49191e+02   -1.03683e+06    2.08507e+05   -8.28327e+05   -7.84407e+05
    Temperature Pres. DC (bar) Pressure (bar)   Constr. rmsd
    3.10381e+02   -2.20979e+02    2.92576e+02    3.76783e-06

           Step           Time
         995000     1990.00000

   Energies (kJ/mol)
           Bond          Angle    Proper Dih. Per. Imp. Dih.          LJ-14
    6.08045e+03    1.75764e+04    2.06708e+04    9.18853e+02    6.29603e+03
     Coulomb-14        LJ (SR)  Disper. corr.   Coulomb (SR)   Coul. recip.
    7.63568e+04    1.34584e+05   -1.04211e+04   -1.29559e+06    8.14758e+03
 Position Rest.      Potential    Kinetic En.   Total Energy  Conserved En.
    7.43857e+02   -1.03464e+06    2.08138e+05   -8.26500e+05   -7.84303e+05
    Temperature Pres. DC (bar) Pressure (bar)   Constr. rmsd
    3.09831e+02   -2.16001e+02   -1.69554e+02    3.76783e-06

           Step           Time
        1000000     2000.00000

   Energies (kJ/mol)
           Bond          Angle    Proper Dih. Per. Imp. Dih.          LJ-14
    5.92724e+03    1.75276e+04    2.06547e+04    9.30882e+02    6.22285e+03
     Coulomb-14        LJ (SR)  Disper. corr.   Coulomb (SR)   Coul. recip.
    7.63611e+04    1.36130e+05   -1.04915e+04   -1.29986e+06    7.98330e+03
 Position Rest.      Potential    Kinetic En.   Total Energy  Conserved En.
    7.21557e+02   -1.03789e+06    2.08869e+05   -8.29022e+05   -7.83805e+05
    Temperature Pres. DC (bar) Pressure (bar)   Constr. rmsd
    3.10918e+02   -2.18926e+02   -3.41184e+01    3.76783e-06

           Step           Time
        1005000     2010.00000

   Energies (kJ/mol)
           Bond          Angle    Proper Dih. Per. Imp. Dih.          LJ-14
    5.96429e+03    1.78378e+04    2.06789e+04    9.07080e+02    6.27570e+03
     Coulomb-14        LJ (SR)  Disper. corr.   Coulomb (SR)   Coul. recip.
    7.66039e+04    1.35806e+05   -1.05010e+04   -1.29948e+06    8.10245e+03
 Position Rest.      Potential    Kinetic En.   Total Energy  Conserved En.
    7.01508e+02   -1.03710e+06    2.09291e+05   -8.27811e+05   -7.83739e+05
    Temperature Pres. DC (bar) Pressure (bar)   Constr. rmsd
    3.11548e+02   -2.19324e+02   -5.34388e+01    3.76783e-06

           Step           Time
        1010000     2020.00000

   Energies (kJ/mol)
           Bond          Angle    Proper Dih. Per. Imp. Dih.          LJ-14
    5.80260e+03    1.79265e+04    2.05457e+04    9.89890e+02    6.23878e+03
     Coulomb-14        LJ (SR)  Disper. corr.   Coulomb (SR)   Coul. recip.
    7.59948e+04    1.38113e+05   -1.04964e+04   -1.30086e+06    8.20323e+03
 Position Rest.      Potential    Kinetic En.   Total Energy  Conserved En.
    7.38268e+02   -1.03680e+06    2.08567e+05   -8.28234e+05   -7.83694e+05
    Temperature Pres. DC (bar) Pressure (bar)   Constr. rmsd
    3.10469e+02   -2.19132e+02    1.30409e+02    3.76783e-06

           Step           Time
        1015000     2030.00000

   Energies (kJ/mol)
           Bond          Angle    Proper Dih. Per. Imp. Dih.          LJ-14
    5.93118e+03    1.78286e+04    2.05197e+04    9.31611e+02    6.29948e+03
     Coulomb-14        LJ (SR)  Disper. corr.   Coulomb (SR)   Coul. recip.
    7.67250e+04    1.35991e+05   -1.05654e+04   -1.30012e+06    7.98328e+03
 Position Rest.      Potential    Kinetic En.   Total Energy  Conserved En.
    7.36951e+02   -1.03774e+06    2.07636e+05   -8.30101e+05   -7.83457e+05
    Temperature Pres. DC (bar) Pressure (bar)   Constr. rmsd
    3.09084e+02   -2.22020e+02    3.23534e+01    3.76783e-06

           Step           Time
        1020000     2040.00000

   Energies (kJ/mol)
           Bond          Angle    Proper Dih. Per. Imp. Dih.          LJ-14
    6.14900e+03    1.75845e+04    2.06128e+04    9.94553e+02    6.20535e+03
     Coulomb-14        LJ (SR)  Disper. corr.   Coulomb (SR)   Coul. recip.
    7.60859e+04    1.35008e+05   -1.05858e+04   -1.29788e+06    8.10489e+03
 Position Rest.      Potential    Kinetic En.   Total Energy  Conserved En.
    7.56562e+02   -1.03696e+06    2.07857e+05   -8.29106e+05   -7.82738e+05
    Temperature Pres. DC (bar) Pressure (bar)   Constr. rmsd
    3.09413e+02   -2.22878e+02    2.57660e+01    3.76783e-06

           Step           Time
        1025000     2050.00000

   Energies (kJ/mol)
           Bond          Angle    Proper Dih. Per. Imp. Dih.          LJ-14
    5.83915e+03    1.75789e+04    2.05732e+04    9.56072e+02    6.33280e+03
     Coulomb-14        LJ (SR)  Disper. corr.   Coulomb (SR)   Coul. recip.
    7.67441e+04    1.36577e+05   -1.04906e+04   -1.30049e+06    8.14265e+03
 Position Rest.      Potential    Kinetic En.   Total Energy  Conserved En.
    7.60914e+02   -1.03748e+06    2.07759e+05   -8.29720e+05   -7.82363e+05
    Temperature Pres. DC (bar) Pressure (bar)   Constr. rmsd
    3.09266e+02   -2.18891e+02    6.67829e+01    3.76783e-06

           Step           Time
        1030000     2060.00000

   Energies (kJ/mol)
           Bond          Angle    Proper Dih. Per. Imp. Dih.          LJ-14
    5.78481e+03    1.76774e+04    2.04969e+04    8.80141e+02    6.27544e+03
     Coulomb-14        LJ (SR)  Disper. corr.   Coulomb (SR)   Coul. recip.
    7.62257e+04    1.36556e+05   -1.04799e+04   -1.29779e+06    7.96606e+03
 Position Rest.      Potential    Kinetic En.   Total Energy  Conserved En.
    7.34317e+02   -1.03567e+06    2.07818e+05   -8.27853e+05   -7.82301e+05
    Temperature Pres. DC (bar) Pressure (bar)   Constr. rmsd
    3.09355e+02   -2.18446e+02    7.56396e+01    3.76783e-06

           Step           Time
        1035000     2070.00000

   Energies (kJ/mol)
           Bond          Angle    Proper Dih. Per. Imp. Dih.          LJ-14
    5.89553e+03    1.78822e+04    2.06605e+04    9.35675e+02    6.23614e+03
     Coulomb-14        LJ (SR)  Disper. corr.   Coulomb (SR)   Coul. recip.
    7.60264e+04    1.33821e+05   -1.04134e+04   -1.29388e+06    8.21651e+03
 Position Rest.      Potential    Kinetic En.   Total Energy  Conserved En.
    7.89067e+02   -1.03383e+06    2.08784e+05   -8.25050e+05   -7.82272e+05
    Temperature Pres. DC (bar) Pressure (bar)   Constr. rmsd
    3.10792e+02   -2.15683e+02   -2.38511e+02    3.76783e-06

           Step           Time
        1040000     2080.00000

   Energies (kJ/mol)
           Bond          Angle    Proper Dih. Per. Imp. Dih.          LJ-14
    5.84582e+03    1.74016e+04    2.04845e+04    1.03506e+03    6.18512e+03
     Coulomb-14        LJ (SR)  Disper. corr.   Coulomb (SR)   Coul. recip.
    7.62326e+04    1.36489e+05   -1.05241e+04   -1.29946e+06    8.12883e+03
 Position Rest.      Potential    Kinetic En.   Total Energy  Conserved En.
    7.34213e+02   -1.03744e+06    2.07079e+05   -8.30364e+05   -7.81900e+05
    Temperature Pres. DC (bar) Pressure (bar)   Constr. rmsd
    3.08255e+02   -2.20287e+02    3.37947e+00    3.76783e-06

           Step           Time
        1045000     2090.00000

   Energies (kJ/mol)
           Bond          Angle    Proper Dih. Per. Imp. Dih.          LJ-14
    5.97516e+03    1.77641e+04    2.04504e+04    9.27109e+02    6.28310e+03
     Coulomb-14        LJ (SR)  Disper. corr.   Coulomb (SR)   Coul. recip.
    7.61580e+04    1.39055e+05   -1.05762e+04   -1.30316e+06    8.06027e+03
 Position Rest.      Potential    Kinetic En.   Total Energy  Conserved En.
    7.51440e+02   -1.03831e+06    2.07305e+05   -8.31010e+05   -7.81398e+05
    Temperature Pres. DC (bar) Pressure (bar)   Constr. rmsd
    3.08591e+02   -2.22471e+02    3.31150e+02    3.76783e-06

           Step           Time
        1050000     2100.00000

   Energies (kJ/mol)
           Bond          Angle    Proper Dih. Per. Imp. Dih.          LJ-14
    5.79358e+03    1.76227e+04    2.05551e+04    9.04025e+02    6.27671e+03
     Coulomb-14        LJ (SR)  Disper. corr.   Coulomb (SR)   Coul. recip.
    7.62910e+04    1.36862e+05   -1.04874e+04   -1.29967e+06    8.00896e+03
 Position Rest.      Potential    Kinetic En.   Total Energy  Conserved En.
    7.67316e+02   -1.03707e+06    2.08941e+05   -8.28133e+05   -7.81032e+05
    Temperature Pres. DC (bar) Pressure (bar)   Constr. rmsd
    3.11026e+02   -2.18759e+02    1.33409e+02    3.76783e-06

           Step           Time
        1055000     2110.00000

   Energies (kJ/mol)
           Bond          Angle    Proper Dih. Per. Imp. Dih.          LJ-14
    6.06079e+03    1.78007e+04    2.07609e+04    1.05500e+03    6.20458e+03
     Coulomb-14        LJ (SR)  Disper. corr.   Coulomb (SR)   Coul. recip.
    7.61655e+04    1.36167e+05   -1.04103e+04   -1.29633e+06    8.09887e+03
 Position Rest.      Potential    Kinetic En.   Total Energy  Conserved En.
    7.18054e+02   -1.03371e+06    2.09576e+05   -8.24136e+05   -7.80388e+05
    Temperature Pres. DC (bar) Pressure (bar)   Constr. rmsd
    3.11971e+02   -2.15556e+02   -1.15400e+02    3.76783e-06

           Step           Time
        1060000     2120.00000

   Energies (kJ/mol)
           Bond          Angle    Proper Dih. Per. Imp. Dih.          LJ-14
    6.21110e+03    1.79085e+04    2.06604e+04    9.54261e+02    6.19836e+03
     Coulomb-14        LJ (SR)  Disper. corr.   Coulomb (SR)   Coul. recip.
    7.62564e+04    1.36559e+05   -1.05178e+04   -1.29936e+06    8.22281e+03
 Position Rest.      Potential    Kinetic En.   Total Energy  Conserved En.
    7.69850e+02   -1.03614e+06    2.08846e+05   -8.27291e+05   -7.80123e+05
    Temperature Pres. DC (bar) Pressure (bar)   Constr. rmsd
    3.10885e+02   -2.20025e+02    1.40761e+02    3.76783e-06

           Step           Time
        1065000     2130.00000

   Energies (kJ/mol)
           Bond          Angle    Proper Dih. Per. Imp. Dih.          LJ-14
    5.96710e+03    1.80187e+04    2.03975e+04    9.87861e+02    6.20095e+03
     Coulomb-14        LJ (SR)  Disper. corr.   Coulomb (SR)   Coul. recip.
    7.66356e+04    1.36596e+05   -1.05224e+04   -1.29919e+06    8.10860e+03
 Position Rest.      Potential    Kinetic En.   Total Energy  Conserved En.
    7.29357e+02   -1.03607e+06    2.07491e+05   -8.28579e+05   -7.79818e+05
    Temperature Pres. DC (bar) Pressure (bar)   Constr. rmsd
    3.08868e+02   -2.20216e+02    1.04065e+02    3.76783e-06

           Step           Time
        1070000     2140.00000

   Energies (kJ/mol)
           Bond          Angle    Proper Dih. Per. Imp. Dih.          LJ-14
    6.05813e+03    1.77217e+04    2.06123e+04    9.62742e+02    6.12183e+03
     Coulomb-14        LJ (SR)  Disper. corr.   Coulomb (SR)   Coul. recip.
    7.62885e+04    1.35971e+05   -1.04902e+04   -1.29840e+06    8.17115e+03
 Position Rest.      Potential    Kinetic En.   Total Energy  Conserved En.
    7.56953e+02   -1.03623e+06    2.07015e+05   -8.29211e+05   -7.79789e+05
    Temperature Pres. DC (bar) Pressure (bar)   Constr. rmsd
    3.08159e+02   -2.18873e+02   -1.63370e+02    3.76783e-06

           Step           Time
        1075000     2150.00000

   Energies (kJ/mol)
           Bond          Angle    Proper Dih. Per. Imp. Dih.          LJ-14
    5.60775e+03    1.75066e+04    2.06217e+04    8.87448e+02    6.30294e+03
     Coulomb-14        LJ (SR)  Disper. corr.   Coulomb (SR)   Coul. recip.
    7.61898e+04    1.35383e+05   -1.04340e+04   -1.29770e+06    8.17480e+03
 Position Rest.      Potential    Kinetic En.   Total Energy  Conserved En.
    7.23605e+02   -1.03674e+06    2.06417e+05   -8.30319e+05   -7.79558e+05
    Temperature Pres. DC (bar) Pressure (bar)   Constr. rmsd
    3.07268e+02   -2.16536e+02   -7.81094e+01    3.76783e-06

           Step           Time
        1080000     2160.00000

   Energies (kJ/mol)
           Bond          Angle    Proper Dih. Per. Imp. Dih.          LJ-14
    5.91652e+03    1.73346e+04    2.05668e+04    9.68435e+02    6.23392e+03
     Coulomb-14        LJ (SR)  Disper. corr.   Coulomb (SR)   Coul. recip.
    7.63171e+04    1.34210e+05   -1.03938e+04   -1.29559e+06    8.11914e+03
 Position Rest.      Potential    Kinetic En.   Total Energy  Conserved En.
    7.60956e+02   -1.03556e+06    2.07084e+05   -8.28473e+05   -7.79214e+05
    Temperature Pres. DC (bar) Pressure (bar)   Constr. rmsd
    3.08261e+02   -2.14875e+02   -2.61589e+02    3.76783e-06

           Step           Time
        1085000     2170.00000

   Energies (kJ/mol)
           Bond          Angle    Proper Dih. Per. Imp. Dih.          LJ-14
    5.84042e+03    1.77169e+04    2.05341e+04    9.90165e+02    6.26771e+03
     Coulomb-14        LJ (SR)  Disper. corr.   Coulomb (SR)   Coul. recip.
    7.64798e+04    1.36524e+05   -1.05242e+04   -1.29925e+06    8.04639e+03
 Position Rest.      Potential    Kinetic En.   Total Energy  Conserved En.
    7.08098e+02   -1.03667e+06    2.07503e+05   -8.29164e+05   -7.79073e+05
    Temperature Pres. DC (bar) Pressure (bar)   Constr. rmsd
    3.08886e+02   -2.20294e+02    1.08110e+02    3.76783e-06

           Step           Time
        1090000     2180.00000

   Energies (kJ/mol)
           Bond          Angle    Proper Dih. Per. Imp. Dih.          LJ-14
    5.90289e+03    1.77065e+04    2.05884e+04    9.49804e+02    6.31379e+03
     Coulomb-14        LJ (SR)  Disper. corr.   Coulomb (SR)   Coul. recip.
    7.64707e+04    1.35456e+05   -1.04988e+04   -1.29627e+06    8.11530e+03
 Position Rest.      Potential    Kinetic En.   Total Energy  Conserved En.
    7.33395e+02   -1.03453e+06    2.09231e+05   -8.25301e+05   -7.79049e+05
    Temperature Pres. DC (bar) Pressure (bar)   Constr. rmsd
    3.11458e+02   -2.19230e+02    8.12859e+01    3.76783e-06

           Step           Time
        1095000     2190.00000

   Energies (kJ/mol)
           Bond          Angle    Proper Dih. Per. Imp. Dih.          LJ-14
    5.92036e+03    1.74070e+04    2.07044e+04    9.50142e+02    6.25650e+03
     Coulomb-14        LJ (SR)  Disper. corr.   Coulomb (SR)   Coul. recip.
    7.63312e+04    1.33254e+05   -1.04629e+04   -1.29467e+06    8.13110e+03
 Position Rest.      Potential    Kinetic En.   Total Energy  Conserved En.
    7.63970e+02   -1.03541e+06    2.08886e+05   -8.26524e+05   -7.78774e+05
    Temperature Pres. DC (bar) Pressure (bar)   Constr. rmsd
    3.10945e+02   -2.17737e+02   -7.01240e+01    3.76783e-06

           Step           Time
        1100000     2200.00000

   Energies (kJ/mol)
           Bond          Angle    Proper Dih. Per. Imp. Dih.          LJ-14
    6.08720e+03    1.80242e+04    2.07875e+04    9.35731e+02    6.20986e+03
     Coulomb-14        LJ (SR)  Disper. corr.   Coulomb (SR)   Coul. recip.
    7.60537e+04    1.35161e+05   -1.04851e+04   -1.29639e+06    8.03064e+03
 Position Rest.      Potential    Kinetic En.   Total Energy  Conserved En.
    7.60501e+02   -1.03482e+06    2.08616e+05   -8.26204e+05   -7.78317e+05
    Temperature Pres. DC (bar) Pressure (bar)   Constr. rmsd
    3.10543e+02   -2.18661e+02   -5.57575e+00    3.76783e-06

           Step           Time
        1105000     2210.00000

   Energies (kJ/mol)
           Bond          Angle    Proper Dih. Per. Imp. Dih.          LJ-14
    6.18903e+03    1.78150e+04    2.06856e+04    8.70405e+02    6.24868e+03
     Coulomb-14        LJ (SR)  Disper. corr.   Coulomb (SR)   Coul. recip.
    7.64944e+04    1.36363e+05   -1.04175e+04   -1.29742e+06    8.19488e+03
 Position Rest.      Potential    Kinetic En.   Total Energy  Conserved En.
    7.69192e+02   -1.03420e+06    2.08412e+05   -8.25791e+05   -7.78033e+05
    Temperature Pres. DC (bar) Pressure (bar)   Constr. rmsd
    3.10239e+02   -2.15855e+02   -7.01191e+00    3.76783e-06

           Step           Time
        1110000     2220.00000

   Energies (kJ/mol)
           Bond          Angle    Proper Dih. Per. Imp. Dih.          LJ-14
    5.88374e+03    1.77112e+04    2.06474e+04    9.59306e+02    6.17268e+03
     Coulomb-14        LJ (SR)  Disper. corr.   Coulomb (SR)   Coul. recip.
    7.65804e+04    1.34015e+05   -1.04019e+04   -1.29589e+06    8.14389e+03
 Position Rest.      Potential    Kinetic En.   Total Energy  Conserved En.
    7.86979e+02   -1.03539e+06    2.08628e+05   -8.26762e+05   -7.77726e+05
    Temperature Pres. DC (bar) Pressure (bar)   Constr. rmsd
    3.10560e+02   -2.15210e+02   -2.44398e+02    3.76783e-06

           Step           Time
        1115000     2230.00000

   Energies (kJ/mol)
           Bond          Angle    Proper Dih. Per. Imp. Dih.          LJ-14
    5.94137e+03    1.79285e+04    2.06867e+04    9.68740e+02    6.25633e+03
     Coulomb-14        LJ (SR)  Disper. corr.   Coulomb (SR)   Coul. recip.
    7.64110e+04    1.35184e+05   -1.04389e+04   -1.29530e+06    8.13864e+03
 Position Rest.      Potential    Kinetic En.   Total Energy  Conserved En.
    7.73981e+02   -1.03345e+06    2.09430e+05   -8.24019e+05   -7.77399e+05
    Temperature Pres. DC (bar) Pressure (bar)   Constr. rmsd
    3.11754e+02   -2.16739e+02   -1.14647e+02    3.76783e-06

           Step           Time
        1120000     2240.00000

   Energies (kJ/mol)
           Bond          Angle    Proper Dih. Per. Imp. Dih.          LJ-14
    6.05100e+03    1.76141e+04    2.06889e+04    9.22405e+02    6.27391e+03
     Coulomb-14        LJ (SR)  Disper. corr.   Coulomb (SR)   Coul. recip.
    7.60824e+04    1.37157e+05   -1.05982e+04   -1.30138e+06    8.09204e+03
 Position Rest.      Potential    Kinetic En.   Total Energy  Conserved En.
    7.67302e+02   -1.03833e+06    2.08893e+05   -8.29439e+05   -7.77146e+05
    Temperature Pres. DC (bar) Pressure (bar)   Constr. rmsd
    3.10954e+02   -2.23398e+02    2.67874e+02    3.76783e-06

           Step           Time
        1125000     2250.00000

   Energies (kJ/mol)
           Bond          Angle    Proper Dih. Per. Imp. Dih.          LJ-14
    5.98080e+03    1.81106e+04    2.05857e+04    9.68170e+02    6.36971e+03
     Coulomb-14        LJ (SR)  Disper. corr.   Coulomb (SR)   Coul. recip.
    7.63387e+04    1.37290e+05   -1.05099e+04   -1.29930e+06    8.02966e+03
 Position Rest.      Potential    Kinetic En.   Total Energy  Conserved En.
    7.37146e+02   -1.03540e+06    2.08824e+05   -8.26573e+05   -7.76646e+05
    Temperature Pres. DC (bar) Pressure (bar)   Constr. rmsd
    3.10852e+02   -2.19697e+02    1.33238e+02    3.76783e-06

           Step           Time
        1130000     2260.00000

   Energies (kJ/mol)
           Bond          Angle    Proper Dih. Per. Imp. Dih.          LJ-14
    5.90948e+03    1.81431e+04    2.06105e+04    9.26588e+02    6.23474e+03
     Coulomb-14        LJ (SR)  Disper. corr.   Coulomb (SR)   Coul. recip.
    7.60774e+04    1.37177e+05   -1.05533e+04   -1.30011e+06    8.09370e+03
 Position Rest.      Potential    Kinetic En.   Total Energy  Conserved En.
    7.70087e+02   -1.03672e+06    2.08748e+05   -8.27970e+05   -7.76347e+05
    Temperature Pres. DC (bar) Pressure (bar)   Constr. rmsd
    3.10739e+02   -2.21512e+02    1.74675e+02    3.76783e-06

           Step           Time
        1135000     2270.00000

   Energies (kJ/mol)
           Bond          Angle    Proper Dih. Per. Imp. Dih.          LJ-14
    5.61831e+03    1.77570e+04    2.05933e+04    9.32859e+02    6.24083e+03
     Coulomb-14        LJ (SR)  Disper. corr.   Coulomb (SR)   Coul. recip.
    7.64751e+04    1.37230e+05   -1.05443e+04   -1.30166e+06    8.03667e+03
 Position Rest.      Potential    Kinetic En.   Total Energy  Conserved En.
    8.18928e+02   -1.03850e+06    2.08305e+05   -8.30199e+05   -7.76331e+05
    Temperature Pres. DC (bar) Pressure (bar)   Constr. rmsd
    3.10080e+02   -2.21135e+02    8.44643e+01    3.76783e-06

           Step           Time
        1140000     2280.00000

   Energies (kJ/mol)
           Bond          Angle    Proper Dih. Per. Imp. Dih.          LJ-14
    5.82844e+03    1.74123e+04    2.05624e+04    9.56199e+02    6.39796e+03
     Coulomb-14        LJ (SR)  Disper. corr.   Coulomb (SR)   Coul. recip.
    7.63543e+04    1.35533e+05   -1.04626e+04   -1.29665e+06    8.19418e+03
 Position Rest.      Potential    Kinetic En.   Total Energy  Conserved En.
    7.87573e+02   -1.03508e+06    2.07711e+05   -8.27371e+05   -7.76283e+05
    Temperature Pres. DC (bar) Pressure (bar)   Constr. rmsd
    3.09196e+02   -2.17726e+02   -1.38276e+01    3.76783e-06

           Step           Time
        1145000     2290.00000

   Energies (kJ/mol)
           Bond          Angle    Proper Dih. Per. Imp. Dih.          LJ-14
    5.68363e+03    1.76698e+04    2.04599e+04    9.40970e+02    6.31187e+03
     Coulomb-14        LJ (SR)  Disper. corr.   Coulomb (SR)   Coul. recip.
    7.60992e+04    1.34027e+05   -1.04553e+04   -1.29562e+06    8.17012e+03
 Position Rest.      Potential    Kinetic En.   Total Energy  Conserved En.
    7.89662e+02   -1.03593e+06    2.07157e+05   -8.28770e+05   -7.75927e+05
    Temperature Pres. DC (bar) Pressure (bar)   Constr. rmsd
    3.08371e+02   -2.17420e+02   -3.96794e+01    3.76783e-06

           Step           Time
        1150000     2300.00000

   Energies (kJ/mol)
           Bond          Angle    Proper Dih. Per. Imp. Dih.          LJ-14
    5.80541e+03    1.75866e+04    2.05790e+04    9.31327e+02    6.32365e+03
     Coulomb-14        LJ (SR)  Disper. corr.   Coulomb (SR)   Coul. recip.
    7.64268e+04    1.36750e+05   -1.05081e+04   -1.29849e+06    8.13954e+03
 Position Rest.      Potential    Kinetic En.   Total Energy  Conserved En.
    7.62481e+02   -1.03570e+06    2.08234e+05   -8.27464e+05   -7.75912e+05
    Temperature Pres. DC (bar) Pressure (bar)   Constr. rmsd
    3.09974e+02   -2.19619e+02    1.47150e+02    3.76783e-06

           Step           Time
        1155000     2310.00000

   Energies (kJ/mol)
           Bond          Angle    Proper Dih. Per. Imp. Dih.          LJ-14
    5.99539e+03    1.76715e+04    2.06943e+04    9.23066e+02    6.22117e+03
     Coulomb-14        LJ (SR)  Disper. corr.   Coulomb (SR)   Coul. recip.
    7.63903e+04    1.35222e+05   -1.04887e+04   -1.29734e+06    8.02210e+03
 Position Rest.      Potential    Kinetic En.   Total Energy  Conserved En.
    7.52780e+02   -1.03594e+06    2.09070e+05   -8.26866e+05   -7.75736e+05
    Temperature Pres. DC (bar) Pressure (bar)   Constr. rmsd
    3.11218e+02   -2.18811e+02   -6.50017e+01    3.76783e-06

           Step           Time
        1160000     2320.00000

   Energies (kJ/mol)
           Bond          Angle    Proper Dih. Per. Imp. Dih.          LJ-14
    6.06371e+03    1.78904e+04    2.04518e+04    9.04148e+02    6.25915e+03
     Coulomb-14        LJ (SR)  Disper. corr.   Coulomb (SR)   Coul. recip.
    7.62833e+04    1.34344e+05   -1.04727e+04   -1.29735e+06    8.06507e+03
 Position Rest.      Potential    Kinetic En.   Total Energy  Conserved En.
    7.54927e+02   -1.03681e+06    2.09529e+05   -8.27278e+05   -7.75603e+05
    Temperature Pres. DC (bar) Pressure (bar)   Constr. rmsd
    3.11901e+02   -2.18143e+02   -1.55811e+02    3.76783e-06

           Step           Time
        1165000     2330.00000

   Energies (kJ/mol)
           Bond          Angle    Proper Dih. Per. Imp. Dih.          LJ-14
    5.97780e+03    1.76297e+04    2.06709e+04    9.22040e+02    6.34654e+03
     Coulomb-14        LJ (SR)  Disper. corr.   Coulomb (SR)   Coul. recip.
    7.62998e+04    1.34363e+05   -1.05231e+04   -1.29743e+06    8.12601e+03
 Position Rest.      Potential    Kinetic En.   Total Energy  Conserved En.
    7.78476e+02   -1.03684e+06    2.07189e+05   -8.29653e+05   -7.75434e+05
    Temperature Pres. DC (bar) Pressure (bar)   Constr. rmsd
    3.08418e+02   -2.20248e+02    4.12590e+01    3.76783e-06

           Step           Time
        1170000     2340.00000

   Energies (kJ/mol)
           Bond          Angle    Proper Dih. Per. Imp. Dih.          LJ-14
    5.86439e+03    1.80867e+04    2.03373e+04    8.94781e+02    6.21903e+03
     Coulomb-14        LJ (SR)  Disper. corr.   Coulomb (SR)   Coul. recip.
    7.62164e+04    1.35856e+05   -1.05419e+04   -1.29847e+06    8.12052e+03
 Position Rest.      Potential    Kinetic En.   Total Energy  Conserved En.
    7.25502e+02   -1.03669e+06    2.08956e+05   -8.27736e+05   -7.75130e+05
    Temperature Pres. DC (bar) Pressure (bar)   Constr. rmsd
    3.11048e+02   -2.21035e+02    1.32335e+02    3.76783e-06

           Step           Time
        1175000     2350.00000

   Energies (kJ/mol)
           Bond          Angle    Proper Dih. Per. Imp. Dih.          LJ-14
    5.85353e+03    1.74892e+04    2.07790e+04    9.23783e+02    6.29193e+03
     Coulomb-14        LJ (SR)  Disper. corr.   Coulomb (SR)   Coul. recip.
    7.62212e+04    1.36198e+05   -1.05149e+04   -1.29928e+06    8.03717e+03
 Position Rest.      Potential    Kinetic En.   Total Energy  Conserved En.
    7.30643e+02   -1.03727e+06    2.08136e+05   -8.29132e+05   -7.74940e+05
    Temperature Pres. DC (bar) Pressure (bar)   Constr. rmsd
    3.09827e+02   -2.19905e+02    4.21012e+00    3.76783e-06

           Step           Time
        1180000     2360.00000

   Energies (kJ/mol)
           Bond          Angle    Proper Dih. Per. Imp. Dih.          LJ-14
    5.82136e+03    1.80282e+04    2.06004e+04    9.45476e+02    6.41868e+03
     Coulomb-14        LJ (SR)  Disper. corr.   Coulomb (SR)   Coul. recip.
    7.62051e+04    1.34552e+05   -1.04760e+04   -1.29656e+06    8.01594e+03
 Position Rest.      Potential    Kinetic En.   Total Energy  Conserved En.
    7.38540e+02   -1.03571e+06    2.09044e+05   -8.26669e+05   -7.74849e+05
    Temperature Pres. DC (bar) Pressure (bar)   Constr. rmsd
    3.11179e+02   -2.18280e+02    4.17795e+00    3.76783e-06

           Step           Time
        1185000     2370.00000

   Energies (kJ/mol)
           Bond          Angle    Proper Dih. Per. Imp. Dih.          LJ-14
    5.84983e+03    1.73194e+04    2.05475e+04    9.56416e+02    6.31519e+03
     Coulomb-14        LJ (SR)  Disper. corr.   Coulomb (SR)   Coul. recip.
    7.66584e+04    1.35308e+05   -1.04480e+04   -1.29723e+06    8.10034e+03
 Position Rest.      Potential    Kinetic En.   Total Energy  Conserved En.
    8.15876e+02   -1.03581e+06    2.08302e+05   -8.27506e+05   -7.74742e+05
    Temperature Pres. DC (bar) Pressure (bar)   Constr. rmsd
    3.10074e+02   -2.17116e+02   -1.25297e+02    3.76783e-06

           Step           Time
        1190000     2380.00000

   Energies (kJ/mol)
           Bond          Angle    Proper Dih. Per. Imp. Dih.          LJ-14
    6.20871e+03    1.75780e+04    2.04792e+04    9.24699e+02    6.26731e+03
     Coulomb-14        LJ (SR)  Disper. corr.   Coulomb (SR)   Coul. recip.
    7.63884e+04    1.35352e+05   -1.05225e+04   -1.29663e+06    8.26164e+03
 Position Rest.      Potential    Kinetic En.   Total Energy  Conserved En.
    7.22310e+02   -1.03497e+06    2.08939e+05   -8.26036e+05   -7.74671e+05
    Temperature Pres. DC (bar) Pressure (bar)   Constr. rmsd
    3.11023e+02   -2.20222e+02    7.83353e+01    3.76783e-06

           Step           Time
        1195000     2390.00000

   Energies (kJ/mol)
           Bond          Angle    Proper Dih. Per. Imp. Dih.          LJ-14
    5.88898e+03    1.74099e+04    2.05499e+04    8.60545e+02    6.21173e+03
     Coulomb-14        LJ (SR)  Disper. corr.   Coulomb (SR)   Coul. recip.
    7.62502e+04    1.34105e+05   -1.04694e+04   -1.29651e+06    8.08257e+03
 Position Rest.      Potential    Kinetic En.   Total Energy  Conserved En.
    7.87006e+02   -1.03683e+06    2.06520e+05   -8.30314e+05   -7.74623e+05
    Temperature Pres. DC (bar) Pressure (bar)   Constr. rmsd
    3.07423e+02   -2.18009e+02   -1.83473e+02    3.76783e-06

           Step           Time
        1200000     2400.00000

   Energies (kJ/mol)
           Bond          Angle    Proper Dih. Per. Imp. Dih.          LJ-14
    5.77456e+03    1.78069e+04    2.05437e+04    9.34134e+02    6.34236e+03
     Coulomb-14        LJ (SR)  Disper. corr.   Coulomb (SR)   Coul. recip.
    7.64020e+04    1.36448e+05   -1.04252e+04   -1.29718e+06    8.04054e+03
 Position Rest.      Potential    Kinetic En.   Total Energy  Conserved En.
    7.17451e+02   -1.03460e+06    2.08620e+05   -8.25978e+05   -7.74400e+05
    Temperature Pres. DC (bar) Pressure (bar)   Constr. rmsd
    3.10548e+02   -2.16172e+02    3.07730e+01    3.76783e-06

           Step           Time
        1205000     2410.00000

   Energies (kJ/mol)
           Bond          Angle    Proper Dih. Per. Imp. Dih.          LJ-14
    5.75442e+03    1.77695e+04    2.05710e+04    1.00899e+03    6.35742e+03
     Coulomb-14        LJ (SR)  Disper. corr.   Coulomb (SR)   Coul. recip.
    7.64657e+04    1.36291e+05   -1.05354e+04   -1.30086e+06    8.07156e+03
 Position Rest.      Potential    Kinetic En.   Total Energy  Conserved En.
    7.45775e+02   -1.03836e+06    2.07394e+05   -8.30962e+05   -7.74103e+05
    Temperature Pres. DC (bar) Pressure (bar)   Constr. rmsd
    3.08724e+02   -2.20761e+02    1.27242e+02    3.76783e-06

           Step           Time
        1210000     2420.00000

   Energies (kJ/mol)
           Bond          Angle    Proper Dih. Per. Imp. Dih.          LJ-14
    5.91259e+03    1.77053e+04    2.04358e+04    9.62791e+02    6.17176e+03
     Coulomb-14        LJ (SR)  Disper. corr.   Coulomb (SR)   Coul. recip.
    7.62104e+04    1.36222e+05   -1.05199e+04   -1.29937e+06    8.29194e+03
 Position Rest.      Potential    Kinetic En.   Total Energy  Conserved En.
    7.68433e+02   -1.03721e+06    2.06429e+05   -8.30780e+05   -7.73899e+05
    Temperature Pres. DC (bar) Pressure (bar)   Constr. rmsd
    3.07287e+02   -2.20112e+02   -1.26821e+01    3.76783e-06

           Step           Time
        1215000     2430.00000

   Energies (kJ/mol)
           Bond          Angle    Proper Dih. Per. Imp. Dih.          LJ-14
    6.01391e+03    1.76305e+04    2.06230e+04    9.82026e+02    6.21089e+03
     Coulomb-14        LJ (SR)  Disper. corr.   Coulomb (SR)   Coul. recip.
    7.64435e+04    1.35536e+05   -1.04921e+04   -1.29786e+06    8.02358e+03
 Position Rest.      Potential    Kinetic En.   Total Energy  Conserved En.
    7.67044e+02   -1.03612e+06    2.07001e+05   -8.29119e+05   -7.73793e+05
    Temperature Pres. DC (bar) Pressure (bar)   Constr. rmsd
    3.08138e+02   -2.18954e+02   -5.18858e+01    3.76783e-06

           Step           Time
        1220000     2440.00000

   Energies (kJ/mol)
           Bond          Angle    Proper Dih. Per. Imp. Dih.          LJ-14
    5.85175e+03    1.74068e+04    2.04008e+04    9.84413e+02    6.25634e+03
     Coulomb-14        LJ (SR)  Disper. corr.   Coulomb (SR)   Coul. recip.
    7.65775e+04    1.35691e+05   -1.05681e+04   -1.29999e+06    8.00762e+03
 Position Rest.      Potential    Kinetic En.   Total Energy  Conserved En.
    7.37105e+02   -1.03865e+06    2.08548e+05   -8.30101e+05   -7.73713e+05
    Temperature Pres. DC (bar) Pressure (bar)   Constr. rmsd
    3.10442e+02   -2.22134e+02    6.46166e+01    3.76783e-06

           Step           Time
        1225000     2450.00000

   Energies (kJ/mol)
           Bond          Angle    Proper Dih. Per. Imp. Dih.          LJ-14
    5.82216e+03    1.75995e+04    2.04571e+04    9.62187e+02    6.25005e+03
     Coulomb-14        LJ (SR)  Disper. corr.   Coulomb (SR)   Coul. recip.
    7.66807e+04    1.34834e+05   -1.05230e+04   -1.29949e+06    8.06855e+03
 Position Rest.      Potential    Kinetic En.   Total Energy  Conserved En.
    7.31953e+02   -1.03860e+06    2.05351e+05   -8.33252e+05   -7.73449e+05
    Temperature Pres. DC (bar) Pressure (bar)   Constr. rmsd
    3.05681e+02   -2.20241e+02   -1.18620e+02    3.76783e-06

           Step           Time
        1230000     2460.00000

   Energies (kJ/mol)
           Bond          Angle    Proper Dih. Per. Imp. Dih.          LJ-14
    6.18672e+03    1.76492e+04    2.06707e+04    1.03985e+03    6.34266e+03
     Coulomb-14        LJ (SR)  Disper. corr.   Coulomb (SR)   Coul. recip.
    7.63294e+04    1.35785e+05   -1.04533e+04   -1.29746e+06    8.13519e+03
 Position Rest.      Potential    Kinetic En.   Total Energy  Conserved En.
    7.53591e+02   -1.03502e+06    2.09193e+05   -8.25823e+05   -7.72918e+05
    Temperature Pres. DC (bar) Pressure (bar)   Constr. rmsd
    3.11401e+02   -2.17339e+02   -9.06981e+01    3.76783e-06

           Step           Time
        1235000     2470.00000

   Energies (kJ/mol)
           Bond          Angle    Proper Dih. Per. Imp. Dih.          LJ-14
    5.84662e+03    1.77178e+04    2.05013e+04    9.33682e+02    6.34347e+03
     Coulomb-14        LJ (SR)  Disper. corr.   Coulomb (SR)   Coul. recip.
    7.65942e+04    1.37035e+05   -1.04754e+04   -1.29796e+06    8.24412e+03
 Position Rest.      Potential    Kinetic En.   Total Energy  Conserved En.
    7.55251e+02   -1.03447e+06    2.08434e+05   -8.26033e+05   -7.72692e+05
    Temperature Pres. DC (bar) Pressure (bar)   Constr. rmsd
    3.10272e+02   -2.18257e+02    1.46452e+02    3.76783e-06

           Step           Time
        1240000     2480.00000

   Energies (kJ/mol)
           Bond          Angle    Proper Dih. Per. Imp. Dih.          LJ-14
    6.02936e+03    1.74221e+04    2.03585e+04    9.62639e+02    6.43068e+03
     Coulomb-14        LJ (SR)  Disper. corr.   Coulomb (SR)   Coul. recip.
    7.69304e+04    1.34077e+05   -1.04689e+04   -1.29741e+06    8.19698e+03
 Position Rest.      Potential    Kinetic En.   Total Energy  Conserved En.
    7.77391e+02   -1.03669e+06    2.08099e+05   -8.28595e+05   -7.72547e+05
    Temperature Pres. DC (bar) Pressure (bar)   Constr. rmsd
    3.09772e+02   -2.17988e+02   -1.42913e+02    3.76783e-06

           Step           Time
        1245000     2490.00000

   Energies (kJ/mol)
           Bond          Angle    Proper Dih. Per. Imp. Dih.          LJ-14
    5.74250e+03    1.75718e+04    2.04641e+04    9.10389e+02    6.28800e+03
     Coulomb-14        LJ (SR)  Disper. corr.   Coulomb (SR)   Coul. recip.
    7.69417e+04    1.36438e+05   -1.04232e+04   -1.29905e+06    8.09683e+03
 Position Rest.      Potential    Kinetic En.   Total Energy  Conserved En.
    7.20417e+02   -1.03630e+06    2.07223e+05   -8.29081e+05   -7.72431e+05
    Temperature Pres. DC (bar) Pressure (bar)   Constr. rmsd
    3.08469e+02   -2.16092e+02    7.59640e+00    3.76783e-06

           Step           Time
        1250000     2500.00000

   Energies (kJ/mol)
           Bond          Angle    Proper Dih. Per. Imp. Dih.          LJ-14
    5.75207e+03    1.75407e+04    2.04670e+04    9.86533e+02    6.38581e+03
     Coulomb-14        LJ (SR)  Disper. corr.   Coulomb (SR)   Coul. recip.
    7.65977e+04    1.33556e+05   -1.04014e+04   -1.29515e+06    8.06489e+03
 Position Rest.      Potential    Kinetic En.   Total Energy  Conserved En.
    7.42566e+02   -1.03546e+06    2.08534e+05   -8.26926e+05   -7.72094e+05
    Temperature Pres. DC (bar) Pressure (bar)   Constr. rmsd
    3.10420e+02   -2.15188e+02   -1.06309e+02    3.76783e-06

           Step           Time
        1255000     2510.00000

   Energies (kJ/mol)
           Bond          Angle    Proper Dih. Per. Imp. Dih.          LJ-14
    5.75554e+03    1.77889e+04    2.04253e+04    9.14713e+02    6.26084e+03
     Coulomb-14        LJ (SR)  Disper. corr.   Coulomb (SR)   Coul. recip.
    7.66621e+04    1.34718e+05   -1.04825e+04   -1.29819e+06    8.20638e+03
 Position Rest.      Potential    Kinetic En.   Total Energy  Conserved En.
    7.39330e+02   -1.03720e+06    2.07637e+05   -8.29563e+05   -7.71874e+05
    Temperature Pres. DC (bar) Pressure (bar)   Constr. rmsd
    3.09085e+02   -2.18554e+02   -7.29967e+01    3.76783e-06

           Step           Time
        1260000     2520.00000

   Energies (kJ/mol)
           Bond          Angle    Proper Dih. Per. Imp. Dih.          LJ-14
    5.90678e+03    1.74822e+04    2.05300e+04    9.91738e+02    6.23630e+03
     Coulomb-14        LJ (SR)  Disper. corr.   Coulomb (SR)   Coul. recip.
    7.66599e+04    1.35411e+05   -1.04989e+04   -1.29874e+06    8.15451e+03
 Position Rest.      Potential    Kinetic En.   Total Energy  Conserved En.
    7.78532e+02   -1.03709e+06    2.08235e+05   -8.28857e+05   -7.71874e+05
    Temperature Pres. DC (bar) Pressure (bar)   Constr. rmsd
    3.09976e+02   -2.19236e+02   -4.71210e+01    3.76783e-06

           Step           Time
        1265000     2530.00000

   Energies (kJ/mol)
           Bond          Angle    Proper Dih. Per. Imp. Dih.          LJ-14
    5.94139e+03    1.75690e+04    2.07011e+04    1.01191e+03    6.35245e+03
     Coulomb-14        LJ (SR)  Disper. corr.   Coulomb (SR)   Coul. recip.
    7.67688e+04    1.34304e+05   -1.04648e+04   -1.29812e+06    8.11376e+03
 Position Rest.      Potential    Kinetic En.   Total Energy  Conserved En.
    7.52829e+02   -1.03707e+06    2.08057e+05   -8.29015e+05   -7.71794e+05
    Temperature Pres. DC (bar) Pressure (bar)   Constr. rmsd
    3.09711e+02   -2.17816e+02   -1.39370e+02    3.76783e-06

           Step           Time
        1270000     2540.00000

   Energies (kJ/mol)
           Bond          Angle    Proper Dih. Per. Imp. Dih.          LJ-14
    5.89461e+03    1.76105e+04    2.04224e+04    9.76742e+02    6.24641e+03
     Coulomb-14        LJ (SR)  Disper. corr.   Coulomb (SR)   Coul. recip.
    7.68956e+04    1.38359e+05   -1.05748e+04   -1.30390e+06    8.06572e+03
 Position Rest.      Potential    Kinetic En.   Total Energy  Conserved En.
    7.63152e+02   -1.03924e+06    2.09446e+05   -8.29796e+05   -7.71674e+05
    Temperature Pres. DC (bar) Pressure (bar)   Constr. rmsd
    3.11778e+02   -2.22414e+02    2.68271e+02    3.76783e-06

           Step           Time
        1275000     2550.00000

   Energies (kJ/mol)
           Bond          Angle    Proper Dih. Per. Imp. Dih.          LJ-14
    6.06990e+03    1.76574e+04    2.04617e+04    9.17163e+02    6.33862e+03
     Coulomb-14        LJ (SR)  Disper. corr.   Coulomb (SR)   Coul. recip.
    7.68852e+04    1.38152e+05   -1.05452e+04   -1.30119e+06    8.03041e+03
 Position Rest.      Potential    Kinetic En.   Total Energy  Conserved En.
    7.17199e+02   -1.03651e+06    2.08481e+05   -8.28026e+05   -7.71252e+05
    Temperature Pres. DC (bar) Pressure (bar)   Constr. rmsd
    3.10341e+02   -2.21172e+02    2.76245e+02    3.76783e-06

           Step           Time
        1280000     2560.00000

   Energies (kJ/mol)
           Bond          Angle    Proper Dih. Per. Imp. Dih.          LJ-14
    5.90012e+03    1.79786e+04    2.05781e+04    8.96583e+02    6.24950e+03
     Coulomb-14        LJ (SR)  Disper. corr.   Coulomb (SR)   Coul. recip.
    7.61557e+04    1.35069e+05   -1.04219e+04   -1.29694e+06    7.98613e+03
 Position Rest.      Potential    Kinetic En.   Total Energy  Conserved En.
    7.26669e+02   -1.03582e+06    2.08561e+05   -8.27259e+05   -7.71121e+05
    Temperature Pres. DC (bar) Pressure (bar)   Constr. rmsd
    3.10461e+02   -2.16038e+02   -1.30592e+02    3.76783e-06

           Step           Time
        1285000     2570.00000

   Energies (kJ/mol)
           Bond          Angle    Proper Dih. Per. Imp. Dih.          LJ-14
    5.97715e+03    1.80122e+04    2.05441e+04    9.38323e+02    6.25172e+03
     Coulomb-14        LJ (SR)  Disper. corr.   Coulomb (SR)   Coul. recip.
    7.65764e+04    1.34588e+05   -1.04221e+04   -1.29570e+06    8.26456e+03
 Position Rest.      Potential    Kinetic En.   Total Energy  Conserved En.
    7.88456e+02   -1.03418e+06    2.07208e+05   -8.26971e+05   -7.70779e+05
    Temperature Pres. DC (bar) Pressure (bar)   Constr. rmsd
    3.08447e+02   -2.16045e+02   -1.13383e+02    3.76783e-06

           Step           Time
        1290000     2580.00000

   Energies (kJ/mol)
           Bond          Angle    Proper Dih. Per. Imp. Dih.          LJ-14
    5.77775e+03    1.76724e+04    2.07142e+04    9.37392e+02    6.20756e+03
     Coulomb-14        LJ (SR)  Disper. corr.   Coulomb (SR)   Coul. recip.
    7.65087e+04    1.35108e+05   -1.05036e+04   -1.29761e+06    8.13851e+03
 Position Rest.      Potential    Kinetic En.   Total Energy  Conserved En.
    7.85014e+02   -1.03627e+06    2.06689e+05   -8.29578e+05   -7.70421e+05
    Temperature Pres. DC (bar) Pressure (bar)   Constr. rmsd
    3.07674e+02   -2.19432e+02   -5.53930e-01    3.76783e-06

           Step           Time
        1295000     2590.00000

   Energies (kJ/mol)
           Bond          Angle    Proper Dih. Per. Imp. Dih.          LJ-14
    5.53642e+03    1.75571e+04    2.04325e+04    9.67382e+02    6.28941e+03
     Coulomb-14        LJ (SR)  Disper. corr.   Coulomb (SR)   Coul. recip.
    7.67101e+04    1.36399e+05   -1.04917e+04   -1.29936e+06    8.07820e+03
 Position Rest.      Potential    Kinetic En.   Total Energy  Conserved En.
    7.37533e+02   -1.03714e+06    2.07936e+05   -8.29209e+05   -7.70380e+05
    Temperature Pres. DC (bar) Pressure (bar)   Constr. rmsd
    3.09530e+02   -2.18937e+02    6.86922e+01    3.76783e-06

           Step           Time
        1300000     2600.00000

   Energies (kJ/mol)
           Bond          Angle    Proper Dih. Per. Imp. Dih.          LJ-14
    5.85203e+03    1.76955e+04    2.06708e+04    9.12696e+02    6.31662e+03
     Coulomb-14        LJ (SR)  Disper. corr.   Coulomb (SR)   Coul. recip.
    7.65326e+04    1.34745e+05   -1.04392e+04   -1.29570e+06    8.11874e+03
 Position Rest.      Potential    Kinetic En.   Total Energy  Conserved En.
    7.32897e+02   -1.03456e+06    2.08024e+05   -8.26537e+05   -7.70288e+05
    Temperature Pres. DC (bar) Pressure (bar)   Constr. rmsd
    3.09661e+02   -2.16754e+02   -9.18912e+01    3.76783e-06

           Step           Time
        1305000     2610.00000

   Energies (kJ/mol)
           Bond          Angle    Proper Dih. Per. Imp. Dih.          LJ-14
    6.00778e+03    1.76308e+04    2.05530e+04    1.01370e+03    6.33008e+03
     Coulomb-14        LJ (SR)  Disper. corr.   Coulomb (SR)   Coul. recip.
    7.62400e+04    1.35702e+05   -1.04118e+04   -1.29792e+06    8.12745e+03
 Position Rest.      Potential    Kinetic En.   Total Energy  Conserved En.
    7.72241e+02   -1.03596e+06    2.09112e+05   -8.26846e+05   -7.70057e+05
    Temperature Pres. DC (bar) Pressure (bar)   Constr. rmsd
    3.11281e+02   -2.15619e+02   -1.02894e+02    3.76783e-06

           Step           Time
        1310000     2620.00000

   Energies (kJ/mol)
           Bond          Angle    Proper Dih. Per. Imp. Dih.          LJ-14
    5.86015e+03    1.75104e+04    2.05761e+04    9.26085e+02    6.33404e+03
     Coulomb-14        LJ (SR)  Disper. corr.   Coulomb (SR)   Coul. recip.
    7.66771e+04    1.37454e+05   -1.04538e+04   -1.29916e+06    8.10806e+03
 Position Rest.      Potential    Kinetic En.   Total Energy  Conserved En.
    7.55621e+02   -1.03541e+06    2.08433e+05   -8.26978e+05   -7.69824e+05
    Temperature Pres. DC (bar) Pressure (bar)   Constr. rmsd
    3.10271e+02   -2.17358e+02    6.03880e+01    3.76783e-06

           Step           Time
        1315000     2630.00000

   Energies (kJ/mol)
           Bond          Angle    Proper Dih. Per. Imp. Dih.          LJ-14
    6.13961e+03    1.79058e+04    2.03496e+04    9.99677e+02    6.13287e+03
     Coulomb-14        LJ (SR)  Disper. corr.   Coulomb (SR)   Coul. recip.
    7.63598e+04    1.37766e+05   -1.05188e+04   -1.30123e+06    8.12840e+03
 Position Rest.      Potential    Kinetic En.   Total Energy  Conserved En.
    7.14659e+02   -1.03725e+06    2.08668e+05   -8.28582e+05   -7.69581e+05
    Temperature Pres. DC (bar) Pressure (bar)   Constr. rmsd
    3.10620e+02   -2.20069e+02    6.13243e+01    3.76783e-06

Writing checkpoint, step 1319900 at Wed Apr 29 12:41:53 2026


           Step           Time
        1320000     2640.00000

   Energies (kJ/mol)
           Bond          Angle    Proper Dih. Per. Imp. Dih.          LJ-14
    5.78957e+03    1.78265e+04    2.06214e+04    8.99188e+02    6.38851e+03
     Coulomb-14        LJ (SR)  Disper. corr.   Coulomb (SR)   Coul. recip.
    7.64327e+04    1.34361e+05   -1.05218e+04   -1.29875e+06    8.03076e+03
 Position Rest.      Potential    Kinetic En.   Total Energy  Conserved En.
    7.66613e+02   -1.03815e+06    2.08431e+05   -8.29720e+05   -7.69442e+05
    Temperature Pres. DC (bar) Pressure (bar)   Constr. rmsd
    3.10266e+02   -2.20191e+02    8.04562e+01    3.76783e-06

           Step           Time
        1325000     2650.00000

   Energies (kJ/mol)
           Bond          Angle    Proper Dih. Per. Imp. Dih.          LJ-14
    5.93688e+03    1.80079e+04    2.05092e+04    9.34995e+02    6.29186e+03
     Coulomb-14        LJ (SR)  Disper. corr.   Coulomb (SR)   Coul. recip.
    7.61856e+04    1.35409e+05   -1.04922e+04   -1.29714e+06    8.01198e+03
 Position Rest.      Potential    Kinetic En.   Total Energy  Conserved En.
    7.52416e+02   -1.03559e+06    2.08550e+05   -8.27042e+05   -7.69365e+05
    Temperature Pres. DC (bar) Pressure (bar)   Constr. rmsd
    3.10445e+02   -2.18957e+02    3.16922e+01    3.76783e-06

           Step           Time
        1330000     2660.00000

   Energies (kJ/mol)
           Bond          Angle    Proper Dih. Per. Imp. Dih.          LJ-14
    6.04493e+03    1.80430e+04    2.04921e+04    9.21761e+02    6.27031e+03
     Coulomb-14        LJ (SR)  Disper. corr.   Coulomb (SR)   Coul. recip.
    7.60129e+04    1.35028e+05   -1.04651e+04   -1.29638e+06    8.24664e+03
 Position Rest.      Potential    Kinetic En.   Total Energy  Conserved En.
    7.71232e+02   -1.03501e+06    2.09505e+05   -8.25504e+05   -7.69333e+05
    Temperature Pres. DC (bar) Pressure (bar)   Constr. rmsd
    3.11866e+02   -2.17829e+02   -4.54957e+01    3.76783e-06

           Step           Time
        1335000     2670.00000

   Energies (kJ/mol)
           Bond          Angle    Proper Dih. Per. Imp. Dih.          LJ-14
    5.94829e+03    1.76806e+04    2.05335e+04    9.83866e+02    6.38374e+03
     Coulomb-14        LJ (SR)  Disper. corr.   Coulomb (SR)   Coul. recip.
    7.65061e+04    1.35657e+05   -1.05021e+04   -1.29820e+06    8.04695e+03
 Position Rest.      Potential    Kinetic En.   Total Energy  Conserved En.
    7.54576e+02   -1.03621e+06    2.08592e+05   -8.27620e+05   -7.69248e+05
    Temperature Pres. DC (bar) Pressure (bar)   Constr. rmsd
    3.10506e+02   -2.19371e+02    6.88628e+01    3.76783e-06

           Step           Time
        1340000     2680.00000

   Energies (kJ/mol)
           Bond          Angle    Proper Dih. Per. Imp. Dih.          LJ-14
    6.02619e+03    1.75636e+04    2.05639e+04    9.17865e+02    6.11027e+03
     Coulomb-14        LJ (SR)  Disper. corr.   Coulomb (SR)   Coul. recip.
    7.66394e+04    1.35335e+05   -1.04712e+04   -1.29770e+06    8.13770e+03
 Position Rest.      Potential    Kinetic En.   Total Energy  Conserved En.
    7.40017e+02   -1.03614e+06    2.08089e+05   -8.28050e+05   -7.69202e+05
    Temperature Pres. DC (bar) Pressure (bar)   Constr. rmsd
    3.09758e+02   -2.18084e+02   -1.61476e+02    3.76783e-06

           Step           Time
        1345000     2690.00000

   Energies (kJ/mol)
           Bond          Angle    Proper Dih. Per. Imp. Dih.          LJ-14
    5.77997e+03    1.72612e+04    2.07164e+04    9.19716e+02    6.33491e+03
     Coulomb-14        LJ (SR)  Disper. corr.   Coulomb (SR)   Coul. recip.
    7.66747e+04    1.37977e+05   -1.05578e+04   -1.30286e+06    8.03718e+03
 Position Rest.      Potential    Kinetic En.   Total Energy  Conserved En.
    7.99678e+02   -1.03892e+06    2.07784e+05   -8.31137e+05   -7.69040e+05
    Temperature Pres. DC (bar) Pressure (bar)   Constr. rmsd
    3.09304e+02   -2.21699e+02    2.01559e+02    3.76783e-06

           Step           Time
        1350000     2700.00000

   Energies (kJ/mol)
           Bond          Angle    Proper Dih. Per. Imp. Dih.          LJ-14
    5.93233e+03    1.74549e+04    2.04988e+04    9.36535e+02    6.24251e+03
     Coulomb-14        LJ (SR)  Disper. corr.   Coulomb (SR)   Coul. recip.
    7.63475e+04    1.33142e+05   -1.04088e+04   -1.29605e+06    8.14883e+03
 Position Rest.      Potential    Kinetic En.   Total Energy  Conserved En.
    7.46393e+02   -1.03701e+06    2.08032e+05   -8.28978e+05   -7.68742e+05
    Temperature Pres. DC (bar) Pressure (bar)   Constr. rmsd
    3.09673e+02   -2.15495e+02   -3.48573e+02    3.76783e-06

           Step           Time
        1355000     2710.00000

   Energies (kJ/mol)
           Bond          Angle    Proper Dih. Per. Imp. Dih.          LJ-14
    6.01517e+03    1.78291e+04    2.03130e+04    9.74082e+02    6.12317e+03
     Coulomb-14        LJ (SR)  Disper. corr.   Coulomb (SR)   Coul. recip.
    7.61769e+04    1.32727e+05   -1.03547e+04   -1.29144e+06    8.22992e+03
 Position Rest.      Potential    Kinetic En.   Total Energy  Conserved En.
    8.18457e+02   -1.03258e+06    2.08771e+05   -8.23813e+05   -7.68104e+05
    Temperature Pres. DC (bar) Pressure (bar)   Constr. rmsd
    3.10773e+02   -2.13261e+02   -4.06545e+02    3.76783e-06

           Step           Time
        1360000     2720.00000

   Energies (kJ/mol)
           Bond          Angle    Proper Dih. Per. Imp. Dih.          LJ-14
    5.72821e+03    1.75988e+04    2.03778e+04    9.21746e+02    6.22085e+03
     Coulomb-14        LJ (SR)  Disper. corr.   Coulomb (SR)   Coul. recip.
    7.63966e+04    1.36724e+05   -1.04535e+04   -1.29884e+06    8.16048e+03
 Position Rest.      Potential    Kinetic En.   Total Energy  Conserved En.
    7.34107e+02   -1.03643e+06    2.07681e+05   -8.28746e+05   -7.67813e+05
    Temperature Pres. DC (bar) Pressure (bar)   Constr. rmsd
    3.09150e+02   -2.17346e+02   -2.60044e+01    3.76783e-06

           Step           Time
        1365000     2730.00000

   Energies (kJ/mol)
           Bond          Angle    Proper Dih. Per. Imp. Dih.          LJ-14
    5.92443e+03    1.75029e+04    2.05345e+04    9.15360e+02    6.30121e+03
     Coulomb-14        LJ (SR)  Disper. corr.   Coulomb (SR)   Coul. recip.
    7.63196e+04    1.35536e+05   -1.04923e+04   -1.29975e+06    8.08227e+03
 Position Rest.      Potential    Kinetic En.   Total Energy  Conserved En.
    8.06120e+02   -1.03832e+06    2.07878e+05   -8.30446e+05   -7.67612e+05
    Temperature Pres. DC (bar) Pressure (bar)   Constr. rmsd
    3.09443e+02   -2.18962e+02   -1.31910e+02    3.76783e-06

           Step           Time
        1370000     2740.00000

   Energies (kJ/mol)
           Bond          Angle    Proper Dih. Per. Imp. Dih.          LJ-14
    6.14572e+03    1.74764e+04    2.05447e+04    9.00218e+02    6.34907e+03
     Coulomb-14        LJ (SR)  Disper. corr.   Coulomb (SR)   Coul. recip.
    7.66032e+04    1.35364e+05   -1.05534e+04   -1.29843e+06    8.00693e+03
 Position Rest.      Potential    Kinetic En.   Total Energy  Conserved En.
    7.90141e+02   -1.03680e+06    2.08370e+05   -8.28429e+05   -7.67449e+05
    Temperature Pres. DC (bar) Pressure (bar)   Constr. rmsd
    3.10177e+02   -2.21516e+02   -1.06440e+01    3.76783e-06

           Step           Time
        1375000     2750.00000

   Energies (kJ/mol)
           Bond          Angle    Proper Dih. Per. Imp. Dih.          LJ-14
    5.83647e+03    1.72657e+04    2.03848e+04    9.46663e+02    6.33957e+03
     Coulomb-14        LJ (SR)  Disper. corr.   Coulomb (SR)   Coul. recip.
    7.62708e+04    1.36031e+05   -1.05080e+04   -1.30073e+06    8.05086e+03
 Position Rest.      Potential    Kinetic En.   Total Energy  Conserved En.
    7.84598e+02   -1.03932e+06    2.08764e+05   -8.30560e+05   -7.67102e+05
    Temperature Pres. DC (bar) Pressure (bar)   Constr. rmsd
    3.10763e+02   -2.19614e+02    8.55982e+01    3.76783e-06

           Step           Time
        1380000     2760.00000

   Energies (kJ/mol)
           Bond          Angle    Proper Dih. Per. Imp. Dih.          LJ-14
    5.72186e+03    1.79442e+04    2.05386e+04    8.69780e+02    6.27357e+03
     Coulomb-14        LJ (SR)  Disper. corr.   Coulomb (SR)   Coul. recip.
    7.66102e+04    1.37021e+05   -1.04139e+04   -1.29943e+06    8.30294e+03
 Position Rest.      Potential    Kinetic En.   Total Energy  Conserved En.
    7.82041e+02   -1.03578e+06    2.08435e+05   -8.27345e+05   -7.66704e+05
    Temperature Pres. DC (bar) Pressure (bar)   Constr. rmsd
    3.10272e+02   -2.15705e+02   -3.37657e+00    3.76783e-06

           Step           Time
        1385000     2770.00000

   Energies (kJ/mol)
           Bond          Angle    Proper Dih. Per. Imp. Dih.          LJ-14
    6.00963e+03    1.73855e+04    2.04321e+04    9.70333e+02    6.36470e+03
     Coulomb-14        LJ (SR)  Disper. corr.   Coulomb (SR)   Coul. recip.
    7.64764e+04    1.36070e+05   -1.04835e+04   -1.29725e+06    8.04885e+03
 Position Rest.      Potential    Kinetic En.   Total Energy  Conserved En.
    7.92271e+02   -1.03519e+06    2.08234e+05   -8.26952e+05   -7.66485e+05
    Temperature Pres. DC (bar) Pressure (bar)   Constr. rmsd
    3.09974e+02   -2.18593e+02    1.72608e+01    3.76783e-06

           Step           Time
        1390000     2780.00000

   Energies (kJ/mol)
           Bond          Angle    Proper Dih. Per. Imp. Dih.          LJ-14
    6.05069e+03    1.76917e+04    2.04587e+04    9.46178e+02    6.27289e+03
     Coulomb-14        LJ (SR)  Disper. corr.   Coulomb (SR)   Coul. recip.
    7.62074e+04    1.36102e+05   -1.05552e+04   -1.29872e+06    8.08917e+03
 Position Rest.      Potential    Kinetic En.   Total Energy  Conserved En.
    7.95762e+02   -1.03666e+06    2.08713e+05   -8.27951e+05   -7.66314e+05
    Temperature Pres. DC (bar) Pressure (bar)   Constr. rmsd
    3.10686e+02   -2.21591e+02    1.15084e+02    3.76783e-06

           Step           Time
        1395000     2790.00000

   Energies (kJ/mol)
           Bond          Angle    Proper Dih. Per. Imp. Dih.          LJ-14
    6.05789e+03    1.77260e+04    2.04764e+04    9.19466e+02    6.36217e+03
     Coulomb-14        LJ (SR)  Disper. corr.   Coulomb (SR)   Coul. recip.
    7.69942e+04    1.35769e+05   -1.04609e+04   -1.29666e+06    8.12433e+03
 Position Rest.      Potential    Kinetic En.   Total Energy  Conserved En.
    7.78136e+02   -1.03392e+06    2.09721e+05   -8.24197e+05   -7.66160e+05
    Temperature Pres. DC (bar) Pressure (bar)   Constr. rmsd
    3.12188e+02   -2.17656e+02    3.22840e+01    3.76783e-06

           Step           Time
        1400000     2800.00000

   Energies (kJ/mol)
           Bond          Angle    Proper Dih. Per. Imp. Dih.          LJ-14
    5.91741e+03    1.75510e+04    2.05338e+04    9.50228e+02    6.24873e+03
     Coulomb-14        LJ (SR)  Disper. corr.   Coulomb (SR)   Coul. recip.
    7.66418e+04    1.34685e+05   -1.05170e+04   -1.29788e+06    8.20889e+03
 Position Rest.      Potential    Kinetic En.   Total Energy  Conserved En.
    7.86952e+02   -1.03687e+06    2.08466e+05   -8.28405e+05   -7.66097e+05
    Temperature Pres. DC (bar) Pressure (bar)   Constr. rmsd
    3.10319e+02   -2.19994e+02   -3.38394e+01    3.76783e-06

           Step           Time
        1405000     2810.00000

   Energies (kJ/mol)
           Bond          Angle    Proper Dih. Per. Imp. Dih.          LJ-14
    5.85423e+03    1.73227e+04    2.05736e+04    8.93837e+02    6.28327e+03
     Coulomb-14        LJ (SR)  Disper. corr.   Coulomb (SR)   Coul. recip.
    7.64811e+04    1.37256e+05   -1.05081e+04   -1.30103e+06    8.00467e+03
 Position Rest.      Potential    Kinetic En.   Total Energy  Conserved En.
    7.66872e+02   -1.03810e+06    2.08380e+05   -8.29717e+05   -7.66024e+05
    Temperature Pres. DC (bar) Pressure (bar)   Constr. rmsd
    3.10191e+02   -2.19620e+02    5.99682e+01    3.76783e-06

           Step           Time
        1410000     2820.00000

   Energies (kJ/mol)
           Bond          Angle    Proper Dih. Per. Imp. Dih.          LJ-14
    5.87815e+03    1.74092e+04    2.04323e+04    1.02012e+03    6.31992e+03
     Coulomb-14        LJ (SR)  Disper. corr.   Coulomb (SR)   Coul. recip.
    7.63401e+04    1.36172e+05   -1.04587e+04   -1.29974e+06    8.17757e+03
 Position Rest.      Potential    Kinetic En.   Total Energy  Conserved En.
    7.55050e+02   -1.03769e+06    2.06863e+05   -8.30832e+05   -7.65953e+05
    Temperature Pres. DC (bar) Pressure (bar)   Constr. rmsd
    3.07932e+02   -2.17561e+02   -1.29628e+01    3.76783e-06

           Step           Time
        1415000     2830.00000

   Energies (kJ/mol)
           Bond          Angle    Proper Dih. Per. Imp. Dih.          LJ-14
    5.96451e+03    1.76194e+04    2.05814e+04    9.34632e+02    6.35534e+03
     Coulomb-14        LJ (SR)  Disper. corr.   Coulomb (SR)   Coul. recip.
    7.67986e+04    1.36253e+05   -1.04873e+04   -1.29805e+06    8.07902e+03
 Position Rest.      Potential    Kinetic En.   Total Energy  Conserved En.
    7.47172e+02   -1.03520e+06    2.08778e+05   -8.26424e+05   -7.65871e+05
    Temperature Pres. DC (bar) Pressure (bar)   Constr. rmsd
    3.10783e+02   -2.18753e+02   -1.48250e+01    3.76783e-06

           Step           Time
        1420000     2840.00000

   Energies (kJ/mol)
           Bond          Angle    Proper Dih. Per. Imp. Dih.          LJ-14
    5.73254e+03    1.75517e+04    2.07528e+04    9.45771e+02    6.50615e+03
     Coulomb-14        LJ (SR)  Disper. corr.   Coulomb (SR)   Coul. recip.
    7.67861e+04    1.36159e+05   -1.04316e+04   -1.29809e+06    8.13587e+03
 Position Rest.      Potential    Kinetic En.   Total Energy  Conserved En.
    7.42546e+02   -1.03521e+06    2.08485e+05   -8.26724e+05   -7.65721e+05
    Temperature Pres. DC (bar) Pressure (bar)   Constr. rmsd
    3.10348e+02   -2.16439e+02    1.52996e+02    3.76783e-06

           Step           Time
        1425000     2850.00000

   Energies (kJ/mol)
           Bond          Angle    Proper Dih. Per. Imp. Dih.          LJ-14
    5.88653e+03    1.75263e+04    2.04764e+04    8.88074e+02    6.29828e+03
     Coulomb-14        LJ (SR)  Disper. corr.   Coulomb (SR)   Coul. recip.
    7.66428e+04    1.35031e+05   -1.05270e+04   -1.29931e+06    7.98128e+03
 Position Rest.      Potential    Kinetic En.   Total Energy  Conserved En.
    7.37433e+02   -1.03837e+06    2.07812e+05   -8.30556e+05   -7.65562e+05
    Temperature Pres. DC (bar) Pressure (bar)   Constr. rmsd
    3.09345e+02   -2.20409e+02   -6.42797e+01    3.76783e-06

           Step           Time
        1430000     2860.00000

   Energies (kJ/mol)
           Bond          Angle    Proper Dih. Per. Imp. Dih.          LJ-14
    5.99228e+03    1.77525e+04    2.05622e+04    9.81936e+02    6.39957e+03
     Coulomb-14        LJ (SR)  Disper. corr.   Coulomb (SR)   Coul. recip.
    7.69510e+04    1.35530e+05   -1.04784e+04   -1.29753e+06    8.03208e+03
 Position Rest.      Potential    Kinetic En.   Total Energy  Conserved En.
    7.19199e+02   -1.03509e+06    2.07779e+05   -8.27309e+05   -7.65550e+05
    Temperature Pres. DC (bar) Pressure (bar)   Constr. rmsd
    3.09297e+02   -2.18382e+02    4.27647e+01    3.76783e-06

           Step           Time
        1435000     2870.00000

   Energies (kJ/mol)
           Bond          Angle    Proper Dih. Per. Imp. Dih.          LJ-14
    6.07485e+03    1.71456e+04    2.07243e+04    9.76301e+02    6.41000e+03
     Coulomb-14        LJ (SR)  Disper. corr.   Coulomb (SR)   Coul. recip.
    7.67677e+04    1.36374e+05   -1.05473e+04   -1.29938e+06    8.12161e+03
 Position Rest.      Potential    Kinetic En.   Total Energy  Conserved En.
    7.37931e+02   -1.03659e+06    2.07743e+05   -8.28851e+05   -7.65431e+05
    Temperature Pres. DC (bar) Pressure (bar)   Constr. rmsd
    3.09243e+02   -2.21260e+02    1.40833e+02    3.76783e-06

           Step           Time
        1440000     2880.00000

   Energies (kJ/mol)
           Bond          Angle    Proper Dih. Per. Imp. Dih.          LJ-14
    5.88808e+03    1.79359e+04    2.06063e+04    1.00745e+03    6.31814e+03
     Coulomb-14        LJ (SR)  Disper. corr.   Coulomb (SR)   Coul. recip.
    7.62388e+04    1.36662e+05   -1.05524e+04   -1.30051e+06    8.01238e+03
 Position Rest.      Potential    Kinetic En.   Total Energy  Conserved En.
    7.48348e+02   -1.03765e+06    2.08540e+05   -8.29108e+05   -7.64621e+05
    Temperature Pres. DC (bar) Pressure (bar)   Constr. rmsd
    3.10430e+02   -2.21474e+02    1.47676e+02    3.76783e-06

           Step           Time
        1445000     2890.00000

   Energies (kJ/mol)
           Bond          Angle    Proper Dih. Per. Imp. Dih.          LJ-14
    5.86215e+03    1.80182e+04    2.06123e+04    9.59446e+02    6.22749e+03
     Coulomb-14        LJ (SR)  Disper. corr.   Coulomb (SR)   Coul. recip.
    7.70601e+04    1.35141e+05   -1.03994e+04   -1.29572e+06    8.27915e+03
 Position Rest.      Potential    Kinetic En.   Total Energy  Conserved En.
    7.55465e+02   -1.03320e+06    2.07981e+05   -8.25222e+05   -7.64017e+05
    Temperature Pres. DC (bar) Pressure (bar)   Constr. rmsd
    3.09597e+02   -2.15105e+02   -1.04573e+02    3.76783e-06

           Step           Time
        1450000     2900.00000

   Energies (kJ/mol)
           Bond          Angle    Proper Dih. Per. Imp. Dih.          LJ-14
    5.92440e+03    1.75083e+04    2.04215e+04    9.27404e+02    6.24362e+03
     Coulomb-14        LJ (SR)  Disper. corr.   Coulomb (SR)   Coul. recip.
    7.68572e+04    1.36514e+05   -1.04531e+04   -1.30029e+06    8.21753e+03
 Position Rest.      Potential    Kinetic En.   Total Energy  Conserved En.
    7.60619e+02   -1.03737e+06    2.08361e+05   -8.29009e+05   -7.63761e+05
    Temperature Pres. DC (bar) Pressure (bar)   Constr. rmsd
    3.10163e+02   -2.17328e+02    1.31160e+01    3.76783e-06

           Step           Time
        1455000     2910.00000

   Energies (kJ/mol)
           Bond          Angle    Proper Dih. Per. Imp. Dih.          LJ-14
    5.80744e+03    1.81028e+04    2.02801e+04    9.58677e+02    6.31729e+03
     Coulomb-14        LJ (SR)  Disper. corr.   Coulomb (SR)   Coul. recip.
    7.65860e+04    1.37471e+05   -1.05836e+04   -1.30294e+06    7.99749e+03
 Position Rest.      Potential    Kinetic En.   Total Energy  Conserved En.
    7.67473e+02   -1.03924e+06    2.06058e+05   -8.33181e+05   -7.63283e+05
    Temperature Pres. DC (bar) Pressure (bar)   Constr. rmsd
    3.06735e+02   -2.22785e+02    2.86921e+02    3.76783e-06

           Step           Time
        1460000     2920.00000

   Energies (kJ/mol)
           Bond          Angle    Proper Dih. Per. Imp. Dih.          LJ-14
    5.80556e+03    1.75141e+04    2.04355e+04    1.01496e+03    6.16558e+03
     Coulomb-14        LJ (SR)  Disper. corr.   Coulomb (SR)   Coul. recip.
    7.66620e+04    1.34975e+05   -1.04892e+04   -1.29812e+06    8.13424e+03
 Position Rest.      Potential    Kinetic En.   Total Energy  Conserved En.
    7.68522e+02   -1.03713e+06    2.08009e+05   -8.29121e+05   -7.63196e+05
    Temperature Pres. DC (bar) Pressure (bar)   Constr. rmsd
    3.09639e+02   -2.18831e+02   -1.20911e+02    3.76783e-06

           Step           Time
        1465000     2930.00000

   Energies (kJ/mol)
           Bond          Angle    Proper Dih. Per. Imp. Dih.          LJ-14
    6.07938e+03    1.79610e+04    2.04661e+04    9.77488e+02    6.30393e+03
     Coulomb-14        LJ (SR)  Disper. corr.   Coulomb (SR)   Coul. recip.
    7.64478e+04    1.35660e+05   -1.04315e+04   -1.29747e+06    8.09096e+03
 Position Rest.      Potential    Kinetic En.   Total Energy  Conserved En.
    7.76918e+02   -1.03514e+06    2.08738e+05   -8.26398e+05   -7.62946e+05
    Temperature Pres. DC (bar) Pressure (bar)   Constr. rmsd
    3.10723e+02   -2.16432e+02   -8.19840e+01    3.76783e-06

           Step           Time
        1470000     2940.00000

   Energies (kJ/mol)
           Bond          Angle    Proper Dih. Per. Imp. Dih.          LJ-14
    5.95193e+03    1.71894e+04    2.04133e+04    9.40290e+02    6.27329e+03
     Coulomb-14        LJ (SR)  Disper. corr.   Coulomb (SR)   Coul. recip.
    7.68199e+04    1.35650e+05   -1.04795e+04   -1.29902e+06    7.99194e+03
 Position Rest.      Potential    Kinetic En.   Total Energy  Conserved En.
    7.66279e+02   -1.03750e+06    2.07990e+05   -8.29511e+05   -7.62771e+05
    Temperature Pres. DC (bar) Pressure (bar)   Constr. rmsd
    3.09610e+02   -2.18428e+02    3.18801e+01    3.76783e-06

           Step           Time
        1475000     2950.00000

   Energies (kJ/mol)
           Bond          Angle    Proper Dih. Per. Imp. Dih.          LJ-14
    5.83400e+03    1.76740e+04    2.05594e+04    9.33478e+02    6.22677e+03
     Coulomb-14        LJ (SR)  Disper. corr.   Coulomb (SR)   Coul. recip.
    7.71489e+04    1.37229e+05   -1.05809e+04   -1.30309e+06    8.14862e+03
 Position Rest.      Potential    Kinetic En.   Total Energy  Conserved En.
    7.30104e+02   -1.03919e+06    2.07700e+05   -8.31487e+05   -7.62405e+05
    Temperature Pres. DC (bar) Pressure (bar)   Constr. rmsd
    3.09179e+02   -2.22672e+02    8.84022e+01    3.76783e-06

           Step           Time
        1480000     2960.00000

   Energies (kJ/mol)
           Bond          Angle    Proper Dih. Per. Imp. Dih.          LJ-14
    5.90969e+03    1.75487e+04    2.06549e+04    9.63641e+02    6.35162e+03
     Coulomb-14        LJ (SR)  Disper. corr.   Coulomb (SR)   Coul. recip.
    7.71791e+04    1.36104e+05   -1.04711e+04   -1.29888e+06    8.03282e+03
 Position Rest.      Potential    Kinetic En.   Total Energy  Conserved En.
    7.66576e+02   -1.03584e+06    2.08708e+05   -8.27132e+05   -7.62308e+05
    Temperature Pres. DC (bar) Pressure (bar)   Constr. rmsd
    3.10680e+02   -2.18077e+02   -3.31342e+01    3.76783e-06

           Step           Time
        1485000     2970.00000

   Energies (kJ/mol)
           Bond          Angle    Proper Dih. Per. Imp. Dih.          LJ-14
    5.76281e+03    1.80484e+04    2.05849e+04    9.36747e+02    6.32478e+03
     Coulomb-14        LJ (SR)  Disper. corr.   Coulomb (SR)   Coul. recip.
    7.67879e+04    1.35096e+05   -1.04172e+04   -1.29679e+06    8.20255e+03
 Position Rest.      Potential    Kinetic En.   Total Energy  Conserved En.
    7.56934e+02   -1.03471e+06    2.08337e+05   -8.26372e+05   -7.61972e+05
    Temperature Pres. DC (bar) Pressure (bar)   Constr. rmsd
    3.10127e+02   -2.15840e+02   -9.83819e+01    3.76783e-06

           Step           Time
        1490000     2980.00000

   Energies (kJ/mol)
           Bond          Angle    Proper Dih. Per. Imp. Dih.          LJ-14
    5.95870e+03    1.73798e+04    2.03712e+04    9.05775e+02    6.26322e+03
     Coulomb-14        LJ (SR)  Disper. corr.   Coulomb (SR)   Coul. recip.
    7.64597e+04    1.35860e+05   -1.05487e+04   -1.30002e+06    8.06188e+03
 Position Rest.      Potential    Kinetic En.   Total Energy  Conserved En.
    7.61695e+02   -1.03854e+06    2.07892e+05   -8.30652e+05   -7.61840e+05
    Temperature Pres. DC (bar) Pressure (bar)   Constr. rmsd
    3.09465e+02   -2.21319e+02    1.60081e+02    3.76783e-06

           Step           Time
        1495000     2990.00000

   Energies (kJ/mol)
           Bond          Angle    Proper Dih. Per. Imp. Dih.          LJ-14
    5.94865e+03    1.78977e+04    2.06486e+04    9.75902e+02    6.28860e+03
     Coulomb-14        LJ (SR)  Disper. corr.   Coulomb (SR)   Coul. recip.
    7.67992e+04    1.35049e+05   -1.05129e+04   -1.29883e+06    8.22985e+03
 Position Rest.      Potential    Kinetic En.   Total Energy  Conserved En.
    7.95237e+02   -1.03671e+06    2.08047e+05   -8.28659e+05   -7.61639e+05
    Temperature Pres. DC (bar) Pressure (bar)   Constr. rmsd
    3.09695e+02   -2.19822e+02   -5.99535e+01    3.76783e-06

           Step           Time
        1500000     3000.00000

   Energies (kJ/mol)
           Bond          Angle    Proper Dih. Per. Imp. Dih.          LJ-14
    5.81181e+03    1.80104e+04    2.06841e+04    9.82129e+02    6.36577e+03
     Coulomb-14        LJ (SR)  Disper. corr.   Coulomb (SR)   Coul. recip.
    7.66972e+04    1.36974e+05   -1.04764e+04   -1.29893e+06    8.06648e+03
 Position Rest.      Potential    Kinetic En.   Total Energy  Conserved En.
    7.73780e+02   -1.03504e+06    2.07381e+05   -8.27659e+05   -7.61559e+05
    Temperature Pres. DC (bar) Pressure (bar)   Constr. rmsd
    3.08705e+02   -2.18299e+02    4.06655e+01    3.76783e-06

           Step           Time
        1505000     3010.00000

   Energies (kJ/mol)
           Bond          Angle    Proper Dih. Per. Imp. Dih.          LJ-14
    5.82655e+03    1.77761e+04    2.07065e+04    1.02335e+03    6.26711e+03
     Coulomb-14        LJ (SR)  Disper. corr.   Coulomb (SR)   Coul. recip.
    7.65358e+04    1.35697e+05   -1.05414e+04   -1.29918e+06    8.12617e+03
 Position Rest.      Potential    Kinetic En.   Total Energy  Conserved En.
    7.49918e+02   -1.03702e+06    2.09582e+05   -8.27433e+05   -7.61515e+05
    Temperature Pres. DC (bar) Pressure (bar)   Constr. rmsd
    3.11981e+02   -2.21012e+02    1.73646e+02    3.76783e-06

           Step           Time
        1510000     3020.00000

   Energies (kJ/mol)
           Bond          Angle    Proper Dih. Per. Imp. Dih.          LJ-14
    5.97048e+03    1.77476e+04    2.04940e+04    9.15915e+02    6.22228e+03
     Coulomb-14        LJ (SR)  Disper. corr.   Coulomb (SR)   Coul. recip.
    7.66869e+04    1.35904e+05   -1.05307e+04   -1.30044e+06    8.20538e+03
 Position Rest.      Potential    Kinetic En.   Total Energy  Conserved En.
    7.56223e+02   -1.03806e+06    2.08960e+05   -8.29105e+05   -7.61327e+05
    Temperature Pres. DC (bar) Pressure (bar)   Constr. rmsd
    3.11055e+02   -2.20566e+02   -8.40068e+01    3.76783e-06

           Step           Time
        1515000     3030.00000

   Energies (kJ/mol)
           Bond          Angle    Proper Dih. Per. Imp. Dih.          LJ-14
    5.82779e+03    1.75928e+04    2.06314e+04    9.05825e+02    6.33895e+03
     Coulomb-14        LJ (SR)  Disper. corr.   Coulomb (SR)   Coul. recip.
    7.69653e+04    1.34540e+05   -1.04647e+04   -1.29730e+06    8.26864e+03
 Position Rest.      Potential    Kinetic En.   Total Energy  Conserved En.
    7.72922e+02   -1.03592e+06    2.08987e+05   -8.26933e+05   -7.61294e+05
    Temperature Pres. DC (bar) Pressure (bar)   Constr. rmsd
    3.11095e+02   -2.17813e+02   -1.11257e+02    3.76783e-06

           Step           Time
        1520000     3040.00000

   Energies (kJ/mol)
           Bond          Angle    Proper Dih. Per. Imp. Dih.          LJ-14
    5.96892e+03    1.75309e+04    2.05938e+04    9.30485e+02    6.27848e+03
     Coulomb-14        LJ (SR)  Disper. corr.   Coulomb (SR)   Coul. recip.
    7.64313e+04    1.36620e+05   -1.04800e+04   -1.29999e+06    8.09276e+03
 Position Rest.      Potential    Kinetic En.   Total Energy  Conserved En.
    7.59210e+02   -1.03726e+06    2.08389e+05   -8.28873e+05   -7.61269e+05
    Temperature Pres. DC (bar) Pressure (bar)   Constr. rmsd
    3.10204e+02   -2.18449e+02   -4.22298e+01    3.76783e-06

           Step           Time
        1525000     3050.00000

   Energies (kJ/mol)
           Bond          Angle    Proper Dih. Per. Imp. Dih.          LJ-14
    5.90510e+03    1.78081e+04    2.06138e+04    9.83251e+02    6.25847e+03
     Coulomb-14        LJ (SR)  Disper. corr.   Coulomb (SR)   Coul. recip.
    7.65438e+04    1.33779e+05   -1.04728e+04   -1.29663e+06    8.25953e+03
 Position Rest.      Potential    Kinetic En.   Total Energy  Conserved En.
    7.76487e+02   -1.03618e+06    2.08285e+05   -8.27891e+05   -7.61198e+05
    Temperature Pres. DC (bar) Pressure (bar)   Constr. rmsd
    3.10050e+02   -2.18148e+02   -2.11629e+02    3.76783e-06

           Step           Time
        1530000     3060.00000

   Energies (kJ/mol)
           Bond          Angle    Proper Dih. Per. Imp. Dih.          LJ-14
    5.89154e+03    1.76241e+04    2.03769e+04    9.27162e+02    6.20564e+03
     Coulomb-14        LJ (SR)  Disper. corr.   Coulomb (SR)   Coul. recip.
    7.65943e+04    1.37337e+05   -1.05607e+04   -1.30218e+06    7.96826e+03
 Position Rest.      Potential    Kinetic En.   Total Energy  Conserved En.
    7.55699e+02   -1.03906e+06    2.08116e+05   -8.30946e+05   -7.61130e+05
    Temperature Pres. DC (bar) Pressure (bar)   Constr. rmsd
    3.09798e+02   -2.21822e+02    1.11142e+02    3.76783e-06

           Step           Time
        1535000     3070.00000

   Energies (kJ/mol)
           Bond          Angle    Proper Dih. Per. Imp. Dih.          LJ-14
    5.91989e+03    1.78166e+04    2.02980e+04    9.62818e+02    6.26167e+03
     Coulomb-14        LJ (SR)  Disper. corr.   Coulomb (SR)   Coul. recip.
    7.72041e+04    1.35835e+05   -1.04806e+04   -1.29809e+06    8.23987e+03
 Position Rest.      Potential    Kinetic En.   Total Energy  Conserved En.
    7.39748e+02   -1.03530e+06    2.08350e+05   -8.26946e+05   -7.60832e+05
    Temperature Pres. DC (bar) Pressure (bar)   Constr. rmsd
    3.10146e+02   -2.18472e+02    2.78665e+01    3.76783e-06

           Step           Time
        1540000     3080.00000

   Energies (kJ/mol)
           Bond          Angle    Proper Dih. Per. Imp. Dih.          LJ-14
    6.20859e+03    1.77071e+04    2.05372e+04    9.33516e+02    6.35444e+03
     Coulomb-14        LJ (SR)  Disper. corr.   Coulomb (SR)   Coul. recip.
    7.65497e+04    1.35612e+05   -1.04565e+04   -1.29750e+06    8.15656e+03
 Position Rest.      Potential    Kinetic En.   Total Energy  Conserved En.
    7.52672e+02   -1.03515e+06    2.07757e+05   -8.27390e+05   -7.60720e+05
    Temperature Pres. DC (bar) Pressure (bar)   Constr. rmsd
    3.09263e+02   -2.17470e+02   -1.55054e+01    3.76783e-06

           Step           Time
        1545000     3090.00000

   Energies (kJ/mol)
           Bond          Angle    Proper Dih. Per. Imp. Dih.          LJ-14
    5.69394e+03    1.75631e+04    2.04525e+04    9.40413e+02    6.10846e+03
     Coulomb-14        LJ (SR)  Disper. corr.   Coulomb (SR)   Coul. recip.
    7.67318e+04    1.37426e+05   -1.05843e+04   -1.30366e+06    8.09391e+03
 Position Rest.      Potential    Kinetic En.   Total Energy  Conserved En.
    7.72287e+02   -1.04046e+06    2.07694e+05   -8.32770e+05   -7.60482e+05
    Temperature Pres. DC (bar) Pressure (bar)   Constr. rmsd
    3.09170e+02   -2.22813e+02    1.57814e+02    3.76783e-06

           Step           Time
        1550000     3100.00000

   Energies (kJ/mol)
           Bond          Angle    Proper Dih. Per. Imp. Dih.          LJ-14
    6.10351e+03    1.77853e+04    2.05346e+04    9.18718e+02    6.28700e+03
     Coulomb-14        LJ (SR)  Disper. corr.   Coulomb (SR)   Coul. recip.
    7.66538e+04    1.34926e+05   -1.04485e+04   -1.29662e+06    8.00486e+03
 Position Rest.      Potential    Kinetic En.   Total Energy  Conserved En.
    7.35394e+02   -1.03512e+06    2.07860e+05   -8.27257e+05   -7.60314e+05
    Temperature Pres. DC (bar) Pressure (bar)   Constr. rmsd
    3.09417e+02   -2.17139e+02   -1.57464e+02    3.76783e-06

           Step           Time
        1555000     3110.00000

   Energies (kJ/mol)
           Bond          Angle    Proper Dih. Per. Imp. Dih.          LJ-14
    6.12971e+03    1.74671e+04    2.06645e+04    9.54236e+02    6.25888e+03
     Coulomb-14        LJ (SR)  Disper. corr.   Coulomb (SR)   Coul. recip.
    7.68285e+04    1.35866e+05   -1.05159e+04   -1.29979e+06    8.24129e+03
 Position Rest.      Potential    Kinetic En.   Total Energy  Conserved En.
    7.28644e+02   -1.03717e+06    2.07907e+05   -8.29262e+05   -7.59735e+05
    Temperature Pres. DC (bar) Pressure (bar)   Constr. rmsd
    3.09487e+02   -2.19946e+02   -6.56148e+01    3.76783e-06

           Step           Time
        1560000     3120.00000

   Energies (kJ/mol)
           Bond          Angle    Proper Dih. Per. Imp. Dih.          LJ-14
    6.04276e+03    1.72419e+04    2.03831e+04    1.01238e+03    6.33236e+03
     Coulomb-14        LJ (SR)  Disper. corr.   Coulomb (SR)   Coul. recip.
    7.72049e+04    1.36242e+05   -1.05099e+04   -1.30078e+06    8.12562e+03
 Position Rest.      Potential    Kinetic En.   Total Energy  Conserved En.
    7.27594e+02   -1.03798e+06    2.08428e+05   -8.29552e+05   -7.59486e+05
    Temperature Pres. DC (bar) Pressure (bar)   Constr. rmsd
    3.10263e+02   -2.19696e+02   -1.20563e+00    3.76783e-06

           Step           Time
        1565000     3130.00000

   Energies (kJ/mol)
           Bond          Angle    Proper Dih. Per. Imp. Dih.          LJ-14
    5.75399e+03    1.74108e+04    2.04764e+04    9.93564e+02    6.39308e+03
     Coulomb-14        LJ (SR)  Disper. corr.   Coulomb (SR)   Coul. recip.
    7.66084e+04    1.35164e+05   -1.04890e+04   -1.29766e+06    8.09728e+03
 Position Rest.      Potential    Kinetic En.   Total Energy  Conserved En.
    7.86297e+02   -1.03646e+06    2.07711e+05   -8.28752e+05   -7.59393e+05
    Temperature Pres. DC (bar) Pressure (bar)   Constr. rmsd
    3.09195e+02   -2.18825e+02   -3.64365e+01    3.76783e-06

           Step           Time
        1570000     3140.00000

   Energies (kJ/mol)
           Bond          Angle    Proper Dih. Per. Imp. Dih.          LJ-14
    6.02245e+03    1.74840e+04    2.05845e+04    8.73983e+02    6.24166e+03
     Coulomb-14        LJ (SR)  Disper. corr.   Coulomb (SR)   Coul. recip.
    7.68429e+04    1.34104e+05   -1.03852e+04   -1.29689e+06    8.03574e+03
 Position Rest.      Potential    Kinetic En.   Total Energy  Conserved En.
    7.50025e+02   -1.03633e+06    2.07064e+05   -8.29268e+05   -7.58987e+05
    Temperature Pres. DC (bar) Pressure (bar)   Constr. rmsd
    3.08232e+02   -2.14517e+02   -3.19115e+02    3.76783e-06

           Step           Time
        1575000     3150.00000

   Energies (kJ/mol)
           Bond          Angle    Proper Dih. Per. Imp. Dih.          LJ-14
    5.76289e+03    1.75672e+04    2.04581e+04    8.93310e+02    6.32835e+03
     Coulomb-14        LJ (SR)  Disper. corr.   Coulomb (SR)   Coul. recip.
    7.71932e+04    1.36749e+05   -1.05678e+04   -1.30195e+06    8.06552e+03
 Position Rest.      Potential    Kinetic En.   Total Energy  Conserved En.
    7.99520e+02   -1.03870e+06    2.08497e+05   -8.30207e+05   -7.58378e+05
    Temperature Pres. DC (bar) Pressure (bar)   Constr. rmsd
    3.10365e+02   -2.22119e+02    1.35245e+02    3.76783e-06

           Step           Time
        1580000     3160.00000

   Energies (kJ/mol)
           Bond          Angle    Proper Dih. Per. Imp. Dih.          LJ-14
    5.97542e+03    1.78867e+04    2.04247e+04    9.59884e+02    6.27671e+03
     Coulomb-14        LJ (SR)  Disper. corr.   Coulomb (SR)   Coul. recip.
    7.69227e+04    1.38207e+05   -1.06014e+04   -1.30545e+06    8.05441e+03
 Position Rest.      Potential    Kinetic En.   Total Energy  Conserved En.
    7.73000e+02   -1.04057e+06    2.07881e+05   -8.32692e+05   -7.57879e+05
    Temperature Pres. DC (bar) Pressure (bar)   Constr. rmsd
    3.09448e+02   -2.23532e+02    1.74713e+02    3.76783e-06

           Step           Time
        1585000     3170.00000

   Energies (kJ/mol)
           Bond          Angle    Proper Dih. Per. Imp. Dih.          LJ-14
    5.94212e+03    1.75092e+04    2.03376e+04    8.64276e+02    6.22084e+03
     Coulomb-14        LJ (SR)  Disper. corr.   Coulomb (SR)   Coul. recip.
    7.66981e+04    1.36260e+05   -1.04619e+04   -1.29938e+06    8.25839e+03
 Position Rest.      Potential    Kinetic En.   Total Energy  Conserved En.
    7.76692e+02   -1.03698e+06    2.07801e+05   -8.29174e+05   -7.57570e+05
    Temperature Pres. DC (bar) Pressure (bar)   Constr. rmsd
    3.09330e+02   -2.17697e+02   -4.40749e+01    3.76783e-06

           Step           Time
        1590000     3180.00000

   Energies (kJ/mol)
           Bond          Angle    Proper Dih. Per. Imp. Dih.          LJ-14
    5.91935e+03    1.79189e+04    2.02355e+04    8.70763e+02    6.28985e+03
     Coulomb-14        LJ (SR)  Disper. corr.   Coulomb (SR)   Coul. recip.
    7.68650e+04    1.34510e+05   -1.04549e+04   -1.29772e+06    8.01576e+03
 Position Rest.      Potential    Kinetic En.   Total Energy  Conserved En.
    7.45771e+02   -1.03681e+06    2.10417e+05   -8.26392e+05   -7.57451e+05
    Temperature Pres. DC (bar) Pressure (bar)   Constr. rmsd
    3.13224e+02   -2.17406e+02   -1.83376e+02    3.76783e-06

           Step           Time
        1595000     3190.00000

   Energies (kJ/mol)
           Bond          Angle    Proper Dih. Per. Imp. Dih.          LJ-14
    6.10146e+03    1.80115e+04    2.04374e+04    9.75026e+02    6.26224e+03
     Coulomb-14        LJ (SR)  Disper. corr.   Coulomb (SR)   Coul. recip.
    7.67395e+04    1.35587e+05   -1.04734e+04   -1.29914e+06    8.12206e+03
 Position Rest.      Potential    Kinetic En.   Total Energy  Conserved En.
    7.61332e+02   -1.03662e+06    2.09538e+05   -8.27082e+05   -7.57370e+05
    Temperature Pres. DC (bar) Pressure (bar)   Constr. rmsd
    3.11915e+02   -2.18173e+02   -1.43555e+02    3.76783e-06

           Step           Time
        1600000     3200.00000

   Energies (kJ/mol)
           Bond          Angle    Proper Dih. Per. Imp. Dih.          LJ-14
    5.93444e+03    1.75421e+04    2.04046e+04    9.48784e+02    6.37930e+03
     Coulomb-14        LJ (SR)  Disper. corr.   Coulomb (SR)   Coul. recip.
    7.64577e+04    1.35862e+05   -1.05071e+04   -1.29914e+06    8.26359e+03
 Position Rest.      Potential    Kinetic En.   Total Energy  Conserved En.
    7.28901e+02   -1.03713e+06    2.09015e+05   -8.28111e+05   -7.57257e+05
    Temperature Pres. DC (bar) Pressure (bar)   Constr. rmsd
    3.11136e+02   -2.19578e+02    7.87601e+01    3.76783e-06

           Step           Time
        1605000     3210.00000

   Energies (kJ/mol)
           Bond          Angle    Proper Dih. Per. Imp. Dih.          LJ-14
    6.21799e+03    1.78882e+04    2.04464e+04    9.92944e+02    6.29588e+03
     Coulomb-14        LJ (SR)  Disper. corr.   Coulomb (SR)   Coul. recip.
    7.64738e+04    1.37174e+05   -1.05165e+04   -1.29902e+06    8.18332e+03
 Position Rest.      Potential    Kinetic En.   Total Energy  Conserved En.
    7.28029e+02   -1.03514e+06    2.10479e+05   -8.24660e+05   -7.57068e+05
    Temperature Pres. DC (bar) Pressure (bar)   Constr. rmsd
    3.13316e+02   -2.19972e+02    1.46373e+02    3.76783e-06

           Step           Time
        1610000     3220.00000

   Energies (kJ/mol)
           Bond          Angle    Proper Dih. Per. Imp. Dih.          LJ-14
    5.88533e+03    1.72768e+04    2.05312e+04    9.43958e+02    6.26082e+03
     Coulomb-14        LJ (SR)  Disper. corr.   Coulomb (SR)   Coul. recip.
    7.63022e+04    1.33919e+05   -1.04713e+04   -1.29749e+06    8.05796e+03
 Position Rest.      Potential    Kinetic En.   Total Energy  Conserved En.
    7.26520e+02   -1.03805e+06    2.08334e+05   -8.29718e+05   -7.56965e+05
    Temperature Pres. DC (bar) Pressure (bar)   Constr. rmsd
    3.10123e+02   -2.18085e+02   -1.85646e+02    3.76783e-06

           Step           Time
        1615000     3230.00000

   Energies (kJ/mol)
           Bond          Angle    Proper Dih. Per. Imp. Dih.          LJ-14
    5.97684e+03    1.78060e+04    2.04966e+04    9.11071e+02    6.27486e+03
     Coulomb-14        LJ (SR)  Disper. corr.   Coulomb (SR)   Coul. recip.
    7.65411e+04    1.35492e+05   -1.04422e+04   -1.29734e+06    8.22244e+03
 Position Rest.      Potential    Kinetic En.   Total Energy  Conserved En.
    7.35554e+02   -1.03533e+06    2.08645e+05   -8.26680e+05   -7.56824e+05
    Temperature Pres. DC (bar) Pressure (bar)   Constr. rmsd
    3.10586e+02   -2.16877e+02   -6.73461e+00    3.76783e-06

           Step           Time
        1620000     3240.00000

   Energies (kJ/mol)
           Bond          Angle    Proper Dih. Per. Imp. Dih.          LJ-14
    6.05238e+03    1.76122e+04    2.05047e+04    9.10876e+02    6.29737e+03
     Coulomb-14        LJ (SR)  Disper. corr.   Coulomb (SR)   Coul. recip.
    7.66134e+04    1.37398e+05   -1.04911e+04   -1.30168e+06    7.99805e+03
 Position Rest.      Potential    Kinetic En.   Total Energy  Conserved En.
    7.45213e+02   -1.03804e+06    2.07717e+05   -8.30318e+05   -7.56652e+05
    Temperature Pres. DC (bar) Pressure (bar)   Constr. rmsd
    3.09204e+02   -2.18912e+02    5.88574e+01    3.76783e-06

           Step           Time
        1625000     3250.00000

   Energies (kJ/mol)
           Bond          Angle    Proper Dih. Per. Imp. Dih.          LJ-14
    5.90800e+03    1.74272e+04    2.05054e+04    9.70334e+02    6.29937e+03
     Coulomb-14        LJ (SR)  Disper. corr.   Coulomb (SR)   Coul. recip.
    7.64430e+04    1.35326e+05   -1.04356e+04   -1.29809e+06    8.25582e+03
 Position Rest.      Potential    Kinetic En.   Total Energy  Conserved En.
    7.72978e+02   -1.03662e+06    2.09016e+05   -8.27603e+05   -7.56458e+05
    Temperature Pres. DC (bar) Pressure (bar)   Constr. rmsd
    3.11137e+02   -2.16605e+02   -6.74351e+01    3.76783e-06

           Step           Time
        1630000     3260.00000

   Energies (kJ/mol)
           Bond          Angle    Proper Dih. Per. Imp. Dih.          LJ-14
    6.05405e+03    1.77715e+04    2.04209e+04    9.64400e+02    6.26058e+03
     Coulomb-14        LJ (SR)  Disper. corr.   Coulomb (SR)   Coul. recip.
    7.66336e+04    1.34537e+05   -1.05163e+04   -1.29805e+06    8.19866e+03
 Position Rest.      Potential    Kinetic En.   Total Energy  Conserved En.
    7.12839e+02   -1.03701e+06    2.08282e+05   -8.28730e+05   -7.56314e+05
    Temperature Pres. DC (bar) Pressure (bar)   Constr. rmsd
    3.10045e+02   -2.19964e+02   -5.53596e+01    3.76783e-06

           Step           Time
        1635000     3270.00000

   Energies (kJ/mol)
           Bond          Angle    Proper Dih. Per. Imp. Dih.          LJ-14
    5.87063e+03    1.78982e+04    2.05755e+04    9.42384e+02    6.16496e+03
     Coulomb-14        LJ (SR)  Disper. corr.   Coulomb (SR)   Coul. recip.
    7.65420e+04    1.35526e+05   -1.05094e+04   -1.30001e+06    8.21842e+03
 Position Rest.      Potential    Kinetic En.   Total Energy  Conserved En.
    7.18722e+02   -1.03806e+06    2.08997e+05   -8.29062e+05   -7.56273e+05
    Temperature Pres. DC (bar) Pressure (bar)   Constr. rmsd
    3.11110e+02   -2.19676e+02   -9.42936e+01    3.76783e-06

           Step           Time
        1640000     3280.00000

   Energies (kJ/mol)
           Bond          Angle    Proper Dih. Per. Imp. Dih.          LJ-14
    5.82567e+03    1.79552e+04    2.03760e+04    9.60758e+02    6.37953e+03
     Coulomb-14        LJ (SR)  Disper. corr.   Coulomb (SR)   Coul. recip.
    7.67778e+04    1.35768e+05   -1.04361e+04   -1.29885e+06    8.16087e+03
 Position Rest.      Potential    Kinetic En.   Total Energy  Conserved En.
    7.11990e+02   -1.03637e+06    2.08796e+05   -8.27578e+05   -7.56138e+05
    Temperature Pres. DC (bar) Pressure (bar)   Constr. rmsd
    3.10810e+02   -2.16625e+02   -2.86990e+01    3.76783e-06

           Step           Time
        1645000     3290.00000

   Energies (kJ/mol)
           Bond          Angle    Proper Dih. Per. Imp. Dih.          LJ-14
    5.85018e+03    1.77000e+04    2.05608e+04    9.92560e+02    6.30707e+03
     Coulomb-14        LJ (SR)  Disper. corr.   Coulomb (SR)   Coul. recip.
    7.64581e+04    1.37548e+05   -1.05477e+04   -1.30094e+06    8.14131e+03
 Position Rest.      Potential    Kinetic En.   Total Energy  Conserved En.
    7.12132e+02   -1.03722e+06    2.09324e+05   -8.27893e+05   -7.55986e+05
    Temperature Pres. DC (bar) Pressure (bar)   Constr. rmsd
    3.11596e+02   -2.21276e+02    2.41234e+02    3.76783e-06

           Step           Time
        1650000     3300.00000

   Energies (kJ/mol)
           Bond          Angle    Proper Dih. Per. Imp. Dih.          LJ-14
    5.77414e+03    1.75160e+04    2.03902e+04    9.66896e+02    6.34889e+03
     Coulomb-14        LJ (SR)  Disper. corr.   Coulomb (SR)   Coul. recip.
    7.68741e+04    1.37139e+05   -1.05559e+04   -1.30353e+06    8.03616e+03
 Position Rest.      Potential    Kinetic En.   Total Energy  Conserved En.
    7.41657e+02   -1.04030e+06    2.07846e+05   -8.32453e+05   -7.55554e+05
    Temperature Pres. DC (bar) Pressure (bar)   Constr. rmsd
    3.09396e+02   -2.21622e+02    2.73935e+02    3.76783e-06

           Step           Time
        1655000     3310.00000

   Energies (kJ/mol)
           Bond          Angle    Proper Dih. Per. Imp. Dih.          LJ-14
    6.02588e+03    1.75589e+04    2.04944e+04    9.61175e+02    6.18450e+03
     Coulomb-14        LJ (SR)  Disper. corr.   Coulomb (SR)   Coul. recip.
    7.66566e+04    1.34431e+05   -1.04832e+04   -1.29789e+06    8.23161e+03
 Position Rest.      Potential    Kinetic En.   Total Energy  Conserved En.
    7.62854e+02   -1.03707e+06    2.08309e+05   -8.28759e+05   -7.55317e+05
    Temperature Pres. DC (bar) Pressure (bar)   Constr. rmsd
    3.10086e+02   -2.18582e+02   -1.63501e+02    3.76783e-06

           Step           Time
        1660000     3320.00000

   Energies (kJ/mol)
           Bond          Angle    Proper Dih. Per. Imp. Dih.          LJ-14
    6.01058e+03    1.77169e+04    2.05320e+04    9.51100e+02    6.27493e+03
     Coulomb-14        LJ (SR)  Disper. corr.   Coulomb (SR)   Coul. recip.
    7.65484e+04    1.36222e+05   -1.04389e+04   -1.29754e+06    8.09193e+03
 Position Rest.      Potential    Kinetic En.   Total Energy  Conserved En.
    7.72793e+02   -1.03486e+06    2.08495e+05   -8.26368e+05   -7.55052e+05
    Temperature Pres. DC (bar) Pressure (bar)   Constr. rmsd
    3.10362e+02   -2.16740e+02    4.76052e+01    3.76783e-06

           Step           Time
        1665000     3330.00000

   Energies (kJ/mol)
           Bond          Angle    Proper Dih. Per. Imp. Dih.          LJ-14
    5.81824e+03    1.81268e+04    2.04794e+04    8.90882e+02    6.32718e+03
     Coulomb-14        LJ (SR)  Disper. corr.   Coulomb (SR)   Coul. recip.
    7.67165e+04    1.34186e+05   -1.04091e+04   -1.29458e+06    8.20503e+03
 Position Rest.      Potential    Kinetic En.   Total Energy  Conserved En.
    7.36154e+02   -1.03350e+06    2.08814e+05   -8.24691e+05   -7.54727e+05
    Temperature Pres. DC (bar) Pressure (bar)   Constr. rmsd
    3.10837e+02   -2.15505e+02   -1.75464e+02    3.76783e-06

           Step           Time
        1670000     3340.00000

   Energies (kJ/mol)
           Bond          Angle    Proper Dih. Per. Imp. Dih.          LJ-14
    5.64987e+03    1.77432e+04    2.04355e+04    9.65033e+02    6.27841e+03
     Coulomb-14        LJ (SR)  Disper. corr.   Coulomb (SR)   Coul. recip.
    7.65726e+04    1.36772e+05   -1.04747e+04   -1.29946e+06    8.21879e+03
 Position Rest.      Potential    Kinetic En.   Total Energy  Conserved En.
    7.11970e+02   -1.03659e+06    2.08208e+05   -8.28382e+05   -7.54173e+05
    Temperature Pres. DC (bar) Pressure (bar)   Constr. rmsd
    3.09936e+02   -2.18227e+02    7.49004e+01    3.76783e-06

           Step           Time
        1675000     3350.00000

   Energies (kJ/mol)
           Bond          Angle    Proper Dih. Per. Imp. Dih.          LJ-14
    5.90953e+03    1.73350e+04    2.04986e+04    9.63265e+02    6.30597e+03
     Coulomb-14        LJ (SR)  Disper. corr.   Coulomb (SR)   Coul. recip.
    7.68428e+04    1.38834e+05   -1.06822e+04   -1.30532e+06    7.86892e+03
 Position Rest.      Potential    Kinetic En.   Total Energy  Conserved En.
    7.38897e+02   -1.04071e+06    2.07532e+05   -8.33178e+05   -7.53312e+05
    Temperature Pres. DC (bar) Pressure (bar)   Constr. rmsd
    3.08929e+02   -2.26949e+02    3.69805e+02    3.76783e-06

           Step           Time
        1680000     3360.00000

   Energies (kJ/mol)
           Bond          Angle    Proper Dih. Per. Imp. Dih.          LJ-14
    5.87517e+03    1.78431e+04    2.06614e+04    9.41743e+02    6.39774e+03
     Coulomb-14        LJ (SR)  Disper. corr.   Coulomb (SR)   Coul. recip.
    7.64911e+04    1.33534e+05   -1.04459e+04   -1.29522e+06    8.19004e+03
 Position Rest.      Potential    Kinetic En.   Total Energy  Conserved En.
    7.24851e+02   -1.03501e+06    2.09494e+05   -8.25515e+05   -7.52483e+05
    Temperature Pres. DC (bar) Pressure (bar)   Constr. rmsd
    3.11849e+02   -2.17029e+02   -8.30321e+01    3.76783e-06

           Step           Time
        1685000     3370.00000

   Energies (kJ/mol)
           Bond          Angle    Proper Dih. Per. Imp. Dih.          LJ-14
    5.88169e+03    1.74724e+04    2.04132e+04    9.55950e+02    6.32707e+03
     Coulomb-14        LJ (SR)  Disper. corr.   Coulomb (SR)   Coul. recip.
    7.66533e+04    1.35647e+05   -1.04677e+04   -1.29775e+06    8.03810e+03
 Position Rest.      Potential    Kinetic En.   Total Energy  Conserved En.
    7.62762e+02   -1.03607e+06    2.08519e+05   -8.27552e+05   -7.52138e+05
    Temperature Pres. DC (bar) Pressure (bar)   Constr. rmsd
    3.10399e+02   -2.17935e+02    5.10061e+01    3.76783e-06

           Step           Time
        1690000     3380.00000

   Energies (kJ/mol)
           Bond          Angle    Proper Dih. Per. Imp. Dih.          LJ-14
    5.86854e+03    1.76035e+04    2.05237e+04    9.66177e+02    6.28969e+03
     Coulomb-14        LJ (SR)  Disper. corr.   Coulomb (SR)   Coul. recip.
    7.70249e+04    1.34876e+05   -1.04911e+04   -1.29809e+06    8.09151e+03
 Position Rest.      Potential    Kinetic En.   Total Energy  Conserved En.
    7.23836e+02   -1.03662e+06    2.08958e+05   -8.27658e+05   -7.52037e+05
    Temperature Pres. DC (bar) Pressure (bar)   Constr. rmsd
    3.11051e+02   -2.18912e+02   -1.40929e+02    3.76783e-06

           Step           Time
        1695000     3390.00000

   Energies (kJ/mol)
           Bond          Angle    Proper Dih. Per. Imp. Dih.          LJ-14
    5.97183e+03    1.77800e+04    2.05326e+04    1.00823e+03    6.20815e+03
     Coulomb-14        LJ (SR)  Disper. corr.   Coulomb (SR)   Coul. recip.
    7.66453e+04    1.36489e+05   -1.04688e+04   -1.29897e+06    8.22503e+03
 Position Rest.      Potential    Kinetic En.   Total Energy  Conserved En.
    7.35055e+02   -1.03585e+06    2.08459e+05   -8.27389e+05   -7.51789e+05
    Temperature Pres. DC (bar) Pressure (bar)   Constr. rmsd
    3.10309e+02   -2.17981e+02    8.32266e+00    3.76783e-06

           Step           Time
        1700000     3400.00000

   Energies (kJ/mol)
           Bond          Angle    Proper Dih. Per. Imp. Dih.          LJ-14
    6.00312e+03    1.76896e+04    2.05783e+04    9.69004e+02    6.40168e+03
     Coulomb-14        LJ (SR)  Disper. corr.   Coulomb (SR)   Coul. recip.
    7.64986e+04    1.33160e+05   -1.05239e+04   -1.29627e+06    7.96162e+03
 Position Rest.      Potential    Kinetic En.   Total Energy  Conserved En.
    7.29758e+02   -1.03680e+06    2.08377e+05   -8.28424e+05   -7.51508e+05
    Temperature Pres. DC (bar) Pressure (bar)   Constr. rmsd
    3.10186e+02   -2.20278e+02   -4.65408e+01    3.76783e-06

           Step           Time
        1705000     3410.00000

   Energies (kJ/mol)
           Bond          Angle    Proper Dih. Per. Imp. Dih.          LJ-14
    6.03997e+03    1.75932e+04    2.04662e+04    9.49598e+02    6.21773e+03
     Coulomb-14        LJ (SR)  Disper. corr.   Coulomb (SR)   Coul. recip.
    7.64379e+04    1.35282e+05   -1.05292e+04   -1.29887e+06    8.05388e+03
 Position Rest.      Potential    Kinetic En.   Total Energy  Conserved En.
    7.29220e+02   -1.03763e+06    2.07896e+05   -8.29737e+05   -7.51397e+05
    Temperature Pres. DC (bar) Pressure (bar)   Constr. rmsd
    3.09471e+02   -2.20503e+02   -3.25196e+01    3.76783e-06

           Step           Time
        1710000     3420.00000

   Energies (kJ/mol)
           Bond          Angle    Proper Dih. Per. Imp. Dih.          LJ-14
    5.75012e+03    1.78448e+04    2.04277e+04    9.59576e+02    6.20298e+03
     Coulomb-14        LJ (SR)  Disper. corr.   Coulomb (SR)   Coul. recip.
    7.65228e+04    1.34410e+05   -1.04537e+04   -1.29714e+06    8.19217e+03
 Position Rest.      Potential    Kinetic En.   Total Energy  Conserved En.
    7.35348e+02   -1.03655e+06    2.07221e+05   -8.29326e+05   -7.51286e+05
    Temperature Pres. DC (bar) Pressure (bar)   Constr. rmsd
    3.08466e+02   -2.17355e+02   -1.55874e+02    3.76783e-06

           Step           Time
        1715000     3430.00000

   Energies (kJ/mol)
           Bond          Angle    Proper Dih. Per. Imp. Dih.          LJ-14
    5.83782e+03    1.75015e+04    2.05012e+04    9.31348e+02    6.39310e+03
     Coulomb-14        LJ (SR)  Disper. corr.   Coulomb (SR)   Coul. recip.
    7.63147e+04    1.33512e+05   -1.05127e+04   -1.29570e+06    8.22460e+03
 Position Rest.      Potential    Kinetic En.   Total Energy  Conserved En.
    7.36539e+02   -1.03626e+06    2.06986e+05   -8.29273e+05   -7.51196e+05
    Temperature Pres. DC (bar) Pressure (bar)   Constr. rmsd
    3.08116e+02   -2.19813e+02   -1.97661e+01    3.76783e-06

           Step           Time
        1720000     3440.00000

   Energies (kJ/mol)
           Bond          Angle    Proper Dih. Per. Imp. Dih.          LJ-14
    6.22844e+03    1.80856e+04    2.05718e+04    9.51271e+02    6.18362e+03
     Coulomb-14        LJ (SR)  Disper. corr.   Coulomb (SR)   Coul. recip.
    7.59971e+04    1.34493e+05   -1.05042e+04   -1.29524e+06    8.07599e+03
 Position Rest.      Potential    Kinetic En.   Total Energy  Conserved En.
    7.42926e+02   -1.03442e+06    2.08828e+05   -8.25590e+05   -7.51081e+05
    Temperature Pres. DC (bar) Pressure (bar)   Constr. rmsd
    3.10858e+02   -2.19459e+02   -1.28360e+02    3.76783e-06

           Step           Time
        1725000     3450.00000

   Energies (kJ/mol)
           Bond          Angle    Proper Dih. Per. Imp. Dih.          LJ-14
    5.88778e+03    1.76248e+04    2.04511e+04    9.29650e+02    6.08359e+03
     Coulomb-14        LJ (SR)  Disper. corr.   Coulomb (SR)   Coul. recip.
    7.62925e+04    1.34974e+05   -1.04453e+04   -1.29680e+06    8.24146e+03
 Position Rest.      Potential    Kinetic En.   Total Energy  Conserved En.
    7.07695e+02   -1.03605e+06    2.07367e+05   -8.28682e+05   -7.50961e+05
    Temperature Pres. DC (bar) Pressure (bar)   Constr. rmsd
    3.08683e+02   -2.17007e+02   -1.64640e+02    3.76783e-06

           Step           Time
        1730000     3460.00000

   Energies (kJ/mol)
           Bond          Angle    Proper Dih. Per. Imp. Dih.          LJ-14
    6.11396e+03    1.77114e+04    2.04352e+04    9.73633e+02    6.30508e+03
     Coulomb-14        LJ (SR)  Disper. corr.   Coulomb (SR)   Coul. recip.
    7.65191e+04    1.36143e+05   -1.04906e+04   -1.29793e+06    8.21038e+03
 Position Rest.      Potential    Kinetic En.   Total Energy  Conserved En.
    7.19328e+02   -1.03529e+06    2.08203e+05   -8.27085e+05   -7.50917e+05
    Temperature Pres. DC (bar) Pressure (bar)   Constr. rmsd
    3.09928e+02   -2.18890e+02   -2.28779e+01    3.76783e-06

           Step           Time
        1735000     3470.00000

   Energies (kJ/mol)
           Bond          Angle    Proper Dih. Per. Imp. Dih.          LJ-14
    6.01866e+03    1.80348e+04    2.03506e+04    9.17745e+02    6.30619e+03
     Coulomb-14        LJ (SR)  Disper. corr.   Coulomb (SR)   Coul. recip.
    7.62211e+04    1.35295e+05   -1.05727e+04   -1.29865e+06    8.16873e+03
 Position Rest.      Potential    Kinetic En.   Total Energy  Conserved En.
    7.38585e+02   -1.03717e+06    2.08869e+05   -8.28301e+05   -7.50850e+05
    Temperature Pres. DC (bar) Pressure (bar)   Constr. rmsd
    3.10918e+02   -2.22324e+02    1.57471e+02    3.76783e-06

           Step           Time
        1740000     3480.00000

   Energies (kJ/mol)
           Bond          Angle    Proper Dih. Per. Imp. Dih.          LJ-14
    5.85282e+03    1.73827e+04    2.04620e+04    9.47426e+02    6.31215e+03
     Coulomb-14        LJ (SR)  Disper. corr.   Coulomb (SR)   Coul. recip.
    7.62952e+04    1.36330e+05   -1.05160e+04   -1.30134e+06    8.09037e+03
 Position Rest.      Potential    Kinetic En.   Total Energy  Conserved En.
    7.51303e+02   -1.03943e+06    2.07371e+05   -8.32056e+05   -7.50570e+05
    Temperature Pres. DC (bar) Pressure (bar)   Constr. rmsd
    3.08689e+02   -2.19949e+02    3.34874e+01    3.76783e-06

           Step           Time
        1745000     3490.00000

   Energies (kJ/mol)
           Bond          Angle    Proper Dih. Per. Imp. Dih.          LJ-14
    6.02611e+03    1.79481e+04    2.03621e+04    9.14048e+02    6.17955e+03
     Coulomb-14        LJ (SR)  Disper. corr.   Coulomb (SR)   Coul. recip.
    7.63534e+04    1.35843e+05   -1.04488e+04   -1.29607e+06    7.98691e+03
 Position Rest.      Potential    Kinetic En.   Total Energy  Conserved En.
    7.40794e+02   -1.03417e+06    2.07742e+05   -8.26424e+05   -7.50355e+05
    Temperature Pres. DC (bar) Pressure (bar)   Constr. rmsd
    3.09242e+02   -2.17150e+02   -7.48288e+01    3.76783e-06

           Step           Time
        1750000     3500.00000

   Energies (kJ/mol)
           Bond          Angle    Proper Dih. Per. Imp. Dih.          LJ-14
    5.96136e+03    1.76188e+04    2.04298e+04    9.68697e+02    6.24039e+03
     Coulomb-14        LJ (SR)  Disper. corr.   Coulomb (SR)   Coul. recip.
    7.61871e+04    1.36306e+05   -1.05297e+04   -1.29948e+06    8.04358e+03
 Position Rest.      Potential    Kinetic En.   Total Energy  Conserved En.
    7.80790e+02   -1.03747e+06    2.07987e+05   -8.29482e+05   -7.50301e+05
    Temperature Pres. DC (bar) Pressure (bar)   Constr. rmsd
    3.09606e+02   -2.20523e+02    5.24044e+01    3.76783e-06

           Step           Time
        1755000     3510.00000

   Energies (kJ/mol)
           Bond          Angle    Proper Dih. Per. Imp. Dih.          LJ-14
    5.97262e+03    1.77902e+04    2.06247e+04    9.28673e+02    6.35158e+03
     Coulomb-14        LJ (SR)  Disper. corr.   Coulomb (SR)   Coul. recip.
    7.65153e+04    1.37358e+05   -1.05241e+04   -1.30184e+06    8.23885e+03
 Position Rest.      Potential    Kinetic En.   Total Energy  Conserved En.
    7.44528e+02   -1.03784e+06    2.06952e+05   -8.30890e+05   -7.50009e+05
    Temperature Pres. DC (bar) Pressure (bar)   Constr. rmsd
    3.08065e+02   -2.20288e+02    2.14585e+02    3.76783e-06

           Step           Time
        1760000     3520.00000

   Energies (kJ/mol)
           Bond          Angle    Proper Dih. Per. Imp. Dih.          LJ-14
    5.77893e+03    1.76942e+04    2.04070e+04    9.17487e+02    6.21357e+03
     Coulomb-14        LJ (SR)  Disper. corr.   Coulomb (SR)   Coul. recip.
    7.63490e+04    1.33440e+05   -1.04983e+04   -1.29717e+06    8.06743e+03
 Position Rest.      Potential    Kinetic En.   Total Energy  Conserved En.
    7.24650e+02   -1.03808e+06    2.08358e+05   -8.29722e+05   -7.50013e+05
    Temperature Pres. DC (bar) Pressure (bar)   Constr. rmsd
    3.10158e+02   -2.19211e+02   -9.97425e+01    3.76783e-06

           Step           Time
        1765000     3530.00000

   Energies (kJ/mol)
           Bond          Angle    Proper Dih. Per. Imp. Dih.          LJ-14
    5.86030e+03    1.76210e+04    2.05277e+04    9.25619e+02    6.27470e+03
     Coulomb-14        LJ (SR)  Disper. corr.   Coulomb (SR)   Coul. recip.
    7.65933e+04    1.35409e+05   -1.04831e+04   -1.29732e+06    7.99622e+03
 Position Rest.      Potential    Kinetic En.   Total Energy  Conserved En.
    7.58566e+02   -1.03583e+06    2.07042e+05   -8.28790e+05   -7.49938e+05
    Temperature Pres. DC (bar) Pressure (bar)   Constr. rmsd
    3.08200e+02   -2.18577e+02    2.49738e+01    3.76783e-06

           Step           Time
        1770000     3540.00000

   Energies (kJ/mol)
           Bond          Angle    Proper Dih. Per. Imp. Dih.          LJ-14
    6.04561e+03    1.74264e+04    2.06198e+04    1.01299e+03    6.16688e+03
     Coulomb-14        LJ (SR)  Disper. corr.   Coulomb (SR)   Coul. recip.
    7.65482e+04    1.36154e+05   -1.05340e+04   -1.29994e+06    7.94318e+03
 Position Rest.      Potential    Kinetic En.   Total Energy  Conserved En.
    7.25616e+02   -1.03783e+06    2.08848e+05   -8.28980e+05   -7.49926e+05
    Temperature Pres. DC (bar) Pressure (bar)   Constr. rmsd
    3.10888e+02   -2.20704e+02    4.12888e+01    3.76783e-06

           Step           Time
        1775000     3550.00000

   Energies (kJ/mol)
           Bond          Angle    Proper Dih. Per. Imp. Dih.          LJ-14
    5.98562e+03    1.75912e+04    2.06494e+04    9.68335e+02    6.33802e+03
     Coulomb-14        LJ (SR)  Disper. corr.   Coulomb (SR)   Coul. recip.
    7.65823e+04    1.33738e+05   -1.04272e+04   -1.29664e+06    8.14443e+03
 Position Rest.      Potential    Kinetic En.   Total Energy  Conserved En.
    7.35967e+02   -1.03634e+06    2.09475e+05   -8.26861e+05   -7.49854e+05
    Temperature Pres. DC (bar) Pressure (bar)   Constr. rmsd
    3.11821e+02   -2.16255e+02   -2.25147e+02    3.76783e-06

           Step           Time
        1780000     3560.00000

   Energies (kJ/mol)
           Bond          Angle    Proper Dih. Per. Imp. Dih.          LJ-14
    5.90165e+03    1.77435e+04    2.03475e+04    9.15454e+02    6.27417e+03
     Coulomb-14        LJ (SR)  Disper. corr.   Coulomb (SR)   Coul. recip.
    7.66960e+04    1.37127e+05   -1.05018e+04   -1.29998e+06    8.04652e+03
 Position Rest.      Potential    Kinetic En.   Total Energy  Conserved En.
    7.33519e+02   -1.03669e+06    2.07633e+05   -8.29060e+05   -7.49681e+05
    Temperature Pres. DC (bar) Pressure (bar)   Constr. rmsd
    3.09079e+02   -2.19358e+02    1.95036e+02    3.76783e-06

           Step           Time
        1785000     3570.00000

   Energies (kJ/mol)
           Bond          Angle    Proper Dih. Per. Imp. Dih.          LJ-14
    5.85905e+03    1.76081e+04    2.05429e+04    9.34989e+02    6.22107e+03
     Coulomb-14        LJ (SR)  Disper. corr.   Coulomb (SR)   Coul. recip.
    7.64302e+04    1.37688e+05   -1.04700e+04   -1.30004e+06    8.14154e+03
 Position Rest.      Potential    Kinetic En.   Total Energy  Conserved En.
    7.64995e+02   -1.03632e+06    2.07458e+05   -8.28864e+05   -7.49686e+05
    Temperature Pres. DC (bar) Pressure (bar)   Constr. rmsd
    3.08819e+02   -2.18033e+02    6.43880e+01    3.76783e-06

           Step           Time
        1790000     3580.00000

   Energies (kJ/mol)
           Bond          Angle    Proper Dih. Per. Imp. Dih.          LJ-14
    5.91884e+03    1.75983e+04    2.04735e+04    9.05240e+02    6.29033e+03
     Coulomb-14        LJ (SR)  Disper. corr.   Coulomb (SR)   Coul. recip.
    7.66631e+04    1.34944e+05   -1.05099e+04   -1.29839e+06    8.01723e+03
 Position Rest.      Potential    Kinetic En.   Total Energy  Conserved En.
    7.18876e+02   -1.03737e+06    2.08765e+05   -8.28610e+05   -7.49584e+05
    Temperature Pres. DC (bar) Pressure (bar)   Constr. rmsd
    3.10764e+02   -2.19696e+02   -6.20602e+01    3.76783e-06

           Step           Time
        1795000     3590.00000

   Energies (kJ/mol)
           Bond          Angle    Proper Dih. Per. Imp. Dih.          LJ-14
    6.00382e+03    1.78030e+04    2.05302e+04    9.95939e+02    6.22540e+03
     Coulomb-14        LJ (SR)  Disper. corr.   Coulomb (SR)   Coul. recip.
    7.61438e+04    1.36523e+05   -1.04578e+04   -1.29914e+06    8.26911e+03
 Position Rest.      Potential    Kinetic En.   Total Energy  Conserved En.
    7.23515e+02   -1.03638e+06    2.08268e+05   -8.28108e+05   -7.49570e+05
    Temperature Pres. DC (bar) Pressure (bar)   Constr. rmsd
    3.10024e+02   -2.17525e+02   -3.85043e+01    3.76783e-06

           Step           Time
        1800000     3600.00000

   Energies (kJ/mol)
           Bond          Angle    Proper Dih. Per. Imp. Dih.          LJ-14
    5.93556e+03    1.76162e+04    2.03026e+04    9.49969e+02    6.22154e+03
     Coulomb-14        LJ (SR)  Disper. corr.   Coulomb (SR)   Coul. recip.
    7.65916e+04    1.36336e+05   -1.04817e+04   -1.29871e+06    8.13526e+03
 Position Rest.      Potential    Kinetic En.   Total Energy  Conserved En.
    7.99023e+02   -1.03630e+06    2.08237e+05   -8.28067e+05   -7.49455e+05
    Temperature Pres. DC (bar) Pressure (bar)   Constr. rmsd
    3.09978e+02   -2.18520e+02   -2.56696e+01    3.76783e-06

           Step           Time
        1805000     3610.00000

   Energies (kJ/mol)
           Bond          Angle    Proper Dih. Per. Imp. Dih.          LJ-14
    6.06397e+03    1.74784e+04    2.02713e+04    9.84379e+02    6.12097e+03
     Coulomb-14        LJ (SR)  Disper. corr.   Coulomb (SR)   Coul. recip.
    7.62398e+04    1.37001e+05   -1.04849e+04   -1.30000e+06    8.28464e+03
 Position Rest.      Potential    Kinetic En.   Total Energy  Conserved En.
    7.56495e+02   -1.03729e+06    2.08432e+05   -8.28854e+05   -7.49480e+05
    Temperature Pres. DC (bar) Pressure (bar)   Constr. rmsd
    3.10269e+02   -2.18651e+02   -3.35559e+01    3.76783e-06

           Step           Time
        1810000     3620.00000

   Energies (kJ/mol)
           Bond          Angle    Proper Dih. Per. Imp. Dih.          LJ-14
    5.90213e+03    1.76365e+04    2.05398e+04    9.93765e+02    6.21215e+03
     Coulomb-14        LJ (SR)  Disper. corr.   Coulomb (SR)   Coul. recip.
    7.65696e+04    1.34392e+05   -1.03859e+04   -1.29464e+06    8.34003e+03
 Position Rest.      Potential    Kinetic En.   Total Energy  Conserved En.
    7.52864e+02   -1.03369e+06    2.06977e+05   -8.26711e+05   -7.48799e+05
    Temperature Pres. DC (bar) Pressure (bar)   Constr. rmsd
    3.08103e+02   -2.14547e+02   -1.84054e+02    3.76783e-06

           Step           Time
        1815000     3630.00000

   Energies (kJ/mol)
           Bond          Angle    Proper Dih. Per. Imp. Dih.          LJ-14
    5.84007e+03    1.78290e+04    2.06459e+04    9.64931e+02    6.33507e+03
     Coulomb-14        LJ (SR)  Disper. corr.   Coulomb (SR)   Coul. recip.
    7.63928e+04    1.33697e+05   -1.04720e+04   -1.29465e+06    8.19454e+03
 Position Rest.      Potential    Kinetic En.   Total Energy  Conserved En.
    7.45674e+02   -1.03448e+06    2.08594e+05   -8.25883e+05   -7.48548e+05
    Temperature Pres. DC (bar) Pressure (bar)   Constr. rmsd
    3.10510e+02   -2.18118e+02   -1.23815e+02    3.76783e-06

           Step           Time
        1820000     3640.00000

   Energies (kJ/mol)
           Bond          Angle    Proper Dih. Per. Imp. Dih.          LJ-14
    5.98315e+03    1.77096e+04    2.04994e+04    9.26840e+02    6.33334e+03
     Coulomb-14        LJ (SR)  Disper. corr.   Coulomb (SR)   Coul. recip.
    7.64705e+04    1.36836e+05   -1.05644e+04   -1.30166e+06    8.07061e+03
 Position Rest.      Potential    Kinetic En.   Total Energy  Conserved En.
    7.49074e+02   -1.03864e+06    2.08552e+05   -8.30090e+05   -7.48265e+05
    Temperature Pres. DC (bar) Pressure (bar)   Constr. rmsd
    3.10447e+02   -2.21978e+02    1.44414e+02    3.76783e-06

           Step           Time
        1825000     3650.00000

   Energies (kJ/mol)
           Bond          Angle    Proper Dih. Per. Imp. Dih.          LJ-14
    5.97674e+03    1.76921e+04    2.04351e+04    9.00934e+02    6.34452e+03
     Coulomb-14        LJ (SR)  Disper. corr.   Coulomb (SR)   Coul. recip.
    7.63163e+04    1.34998e+05   -1.04068e+04   -1.29384e+06    8.12718e+03
 Position Rest.      Potential    Kinetic En.   Total Energy  Conserved En.
    7.14674e+02   -1.03274e+06    2.09090e+05   -8.23650e+05   -7.48084e+05
    Temperature Pres. DC (bar) Pressure (bar)   Constr. rmsd
    3.11248e+02   -2.15409e+02   -9.97588e+00    3.76783e-06

           Step           Time
        1830000     3660.00000

   Energies (kJ/mol)
           Bond          Angle    Proper Dih. Per. Imp. Dih.          LJ-14
    5.74675e+03    1.81191e+04    2.05254e+04    1.00345e+03    6.25434e+03
     Coulomb-14        LJ (SR)  Disper. corr.   Coulomb (SR)   Coul. recip.
    7.65623e+04    1.34871e+05   -1.04439e+04   -1.29806e+06    8.02424e+03
 Position Rest.      Potential    Kinetic En.   Total Energy  Conserved En.
    7.49888e+02   -1.03665e+06    2.08023e+05   -8.28627e+05   -7.47702e+05
    Temperature Pres. DC (bar) Pressure (bar)   Constr. rmsd
    3.09660e+02   -2.16946e+02   -3.44838e+01    3.76783e-06

           Step           Time
        1835000     3670.00000

   Energies (kJ/mol)
           Bond          Angle    Proper Dih. Per. Imp. Dih.          LJ-14
    6.06090e+03    1.80250e+04    2.05008e+04    9.55701e+02    6.26187e+03
     Coulomb-14        LJ (SR)  Disper. corr.   Coulomb (SR)   Coul. recip.
    7.65599e+04    1.37375e+05   -1.05288e+04   -1.29957e+06    8.21106e+03
 Position Rest.      Potential    Kinetic En.   Total Energy  Conserved En.
    7.48232e+02   -1.03540e+06    2.08279e+05   -8.27118e+05   -7.47149e+05
    Temperature Pres. DC (bar) Pressure (bar)   Constr. rmsd
    3.10041e+02   -2.20486e+02    1.44966e+02    3.76783e-06

           Step           Time
        1840000     3680.00000

   Energies (kJ/mol)
           Bond          Angle    Proper Dih. Per. Imp. Dih.          LJ-14
    5.90928e+03    1.79401e+04    2.03597e+04    9.56633e+02    6.14589e+03
     Coulomb-14        LJ (SR)  Disper. corr.   Coulomb (SR)   Coul. recip.
    7.61569e+04    1.36012e+05   -1.04891e+04   -1.29820e+06    8.02006e+03
 Position Rest.      Potential    Kinetic En.   Total Energy  Conserved En.
    7.40815e+02   -1.03645e+06    2.08706e+05   -8.27745e+05   -7.46804e+05
    Temperature Pres. DC (bar) Pressure (bar)   Constr. rmsd
    3.10676e+02   -2.18829e+02    2.17025e+01    3.76783e-06

           Step           Time
        1845000     3690.00000

   Energies (kJ/mol)
           Bond          Angle    Proper Dih. Per. Imp. Dih.          LJ-14
    5.75710e+03    1.76536e+04    2.03486e+04    9.82312e+02    6.27740e+03
     Coulomb-14        LJ (SR)  Disper. corr.   Coulomb (SR)   Coul. recip.
    7.66290e+04    1.36314e+05   -1.04808e+04   -1.29841e+06    8.04105e+03
 Position Rest.      Potential    Kinetic En.   Total Energy  Conserved En.
    7.37035e+02   -1.03615e+06    2.07975e+05   -8.28176e+05   -7.46622e+05
    Temperature Pres. DC (bar) Pressure (bar)   Constr. rmsd
    3.09588e+02   -2.18482e+02    6.44478e+01    3.76783e-06

           Step           Time
        1850000     3700.00000

   Energies (kJ/mol)
           Bond          Angle    Proper Dih. Per. Imp. Dih.          LJ-14
    6.04703e+03    1.73002e+04    2.05293e+04    9.51132e+02    6.24622e+03
     Coulomb-14        LJ (SR)  Disper. corr.   Coulomb (SR)   Coul. recip.
    7.65968e+04    1.37615e+05   -1.05184e+04   -1.30287e+06    8.02580e+03
 Position Rest.      Potential    Kinetic En.   Total Energy  Conserved En.
    7.39926e+02   -1.03934e+06    2.07657e+05   -8.31681e+05   -7.46525e+05
    Temperature Pres. DC (bar) Pressure (bar)   Constr. rmsd
    3.09115e+02   -2.20049e+02    1.54205e+02    3.76783e-06

           Step           Time
        1855000     3710.00000

   Energies (kJ/mol)
           Bond          Angle    Proper Dih. Per. Imp. Dih.          LJ-14
    6.14277e+03    1.74125e+04    2.05656e+04    9.90630e+02    6.21390e+03
     Coulomb-14        LJ (SR)  Disper. corr.   Coulomb (SR)   Coul. recip.
    7.60589e+04    1.36889e+05   -1.05060e+04   -1.29970e+06    8.06412e+03
 Position Rest.      Potential    Kinetic En.   Total Energy  Conserved En.
    7.51676e+02   -1.03711e+06    2.08592e+05   -8.28522e+05   -7.46394e+05
    Temperature Pres. DC (bar) Pressure (bar)   Constr. rmsd
    3.10506e+02   -2.19532e+02    6.06861e+00    3.76783e-06

           Step           Time
        1860000     3720.00000

   Energies (kJ/mol)
           Bond          Angle    Proper Dih. Per. Imp. Dih.          LJ-14
    6.15597e+03    1.77321e+04    2.05498e+04    9.85962e+02    6.44389e+03
     Coulomb-14        LJ (SR)  Disper. corr.   Coulomb (SR)   Coul. recip.
    7.63729e+04    1.36428e+05   -1.04769e+04   -1.29925e+06    8.08203e+03
 Position Rest.      Potential    Kinetic En.   Total Energy  Conserved En.
    7.46141e+02   -1.03623e+06    2.08906e+05   -8.27328e+05   -7.46320e+05
    Temperature Pres. DC (bar) Pressure (bar)   Constr. rmsd
    3.10974e+02   -2.18320e+02    1.21285e+02    3.76783e-06

           Step           Time
        1865000     3730.00000

   Energies (kJ/mol)
           Bond          Angle    Proper Dih. Per. Imp. Dih.          LJ-14
    5.94269e+03    1.77265e+04    2.05179e+04    9.48488e+02    6.25740e+03
     Coulomb-14        LJ (SR)  Disper. corr.   Coulomb (SR)   Coul. recip.
    7.62942e+04    1.33917e+05   -1.04269e+04   -1.29555e+06    8.15776e+03
 Position Rest.      Potential    Kinetic En.   Total Energy  Conserved En.
    8.02712e+02   -1.03542e+06    2.07726e+05   -8.27691e+05   -7.46304e+05
    Temperature Pres. DC (bar) Pressure (bar)   Constr. rmsd
    3.09217e+02   -2.16243e+02   -2.14096e+02    3.76783e-06

           Step           Time
        1870000     3740.00000

   Energies (kJ/mol)
           Bond          Angle    Proper Dih. Per. Imp. Dih.          LJ-14
    5.94302e+03    1.77491e+04    2.04966e+04    9.51874e+02    6.43290e+03
     Coulomb-14        LJ (SR)  Disper. corr.   Coulomb (SR)   Coul. recip.
    7.62575e+04    1.34375e+05   -1.04338e+04   -1.29615e+06    8.26412e+03
 Position Rest.      Potential    Kinetic En.   Total Energy  Conserved En.
    7.76902e+02   -1.03534e+06    2.09383e+05   -8.25953e+05   -7.45774e+05
    Temperature Pres. DC (bar) Pressure (bar)   Constr. rmsd
    3.11684e+02   -2.16531e+02   -7.30011e+00    3.76783e-06

           Step           Time
        1875000     3750.00000

   Energies (kJ/mol)
           Bond          Angle    Proper Dih. Per. Imp. Dih.          LJ-14
    5.66527e+03    1.77342e+04    2.05234e+04    1.00923e+03    6.26683e+03
     Coulomb-14        LJ (SR)  Disper. corr.   Coulomb (SR)   Coul. recip.
    7.64750e+04    1.36419e+05   -1.05336e+04   -1.30232e+06    7.91158e+03
 Position Rest.      Potential    Kinetic En.   Total Energy  Conserved En.
    7.55674e+02   -1.04009e+06    2.07050e+05   -8.33038e+05   -7.45482e+05
    Temperature Pres. DC (bar) Pressure (bar)   Constr. rmsd
    3.08212e+02   -2.20688e+02   -2.68156e+01    3.76783e-06

           Step           Time
        1880000     3760.00000

   Energies (kJ/mol)
           Bond          Angle    Proper Dih. Per. Imp. Dih.          LJ-14
    6.08749e+03    1.75156e+04    2.04216e+04    9.34019e+02    6.35646e+03
     Coulomb-14        LJ (SR)  Disper. corr.   Coulomb (SR)   Coul. recip.
    7.64845e+04    1.34274e+05   -1.05270e+04   -1.29885e+06    7.99222e+03
 Position Rest.      Potential    Kinetic En.   Total Energy  Conserved En.
    7.83237e+02   -1.03853e+06    2.07448e+05   -8.31083e+05   -7.45351e+05
    Temperature Pres. DC (bar) Pressure (bar)   Constr. rmsd
    3.08804e+02   -2.20411e+02   -9.21119e+01    3.76783e-06

           Step           Time
        1885000     3770.00000

   Energies (kJ/mol)
           Bond          Angle    Proper Dih. Per. Imp. Dih.          LJ-14
    6.02540e+03    1.77998e+04    2.05759e+04    9.27697e+02    6.17158e+03
     Coulomb-14        LJ (SR)  Disper. corr.   Coulomb (SR)   Coul. recip.
    7.63668e+04    1.36191e+05   -1.05255e+04   -1.30000e+06    8.19398e+03
 Position Rest.      Potential    Kinetic En.   Total Energy  Conserved En.
    7.56458e+02   -1.03751e+06    2.08384e+05   -8.29129e+05   -7.45090e+05
    Temperature Pres. DC (bar) Pressure (bar)   Constr. rmsd
    3.10197e+02   -2.20347e+02   -6.90894e+01    3.76783e-06

           Step           Time
        1890000     3780.00000

   Energies (kJ/mol)
           Bond          Angle    Proper Dih. Per. Imp. Dih.          LJ-14
    5.95793e+03    1.74306e+04    2.03696e+04    9.78068e+02    6.40281e+03
     Coulomb-14        LJ (SR)  Disper. corr.   Coulomb (SR)   Coul. recip.
    7.67288e+04    1.36067e+05   -1.05099e+04   -1.29998e+06    8.03079e+03
 Position Rest.      Potential    Kinetic En.   Total Energy  Conserved En.
    7.55070e+02   -1.03776e+06    2.07903e+05   -8.29862e+05   -7.45064e+05
    Temperature Pres. DC (bar) Pressure (bar)   Constr. rmsd
    3.09481e+02   -2.19693e+02    7.49868e+01    3.76783e-06

           Step           Time
        1895000     3790.00000

   Energies (kJ/mol)
           Bond          Angle    Proper Dih. Per. Imp. Dih.          LJ-14
    6.16726e+03    1.74304e+04    2.04088e+04    9.89408e+02    6.28273e+03
     Coulomb-14        LJ (SR)  Disper. corr.   Coulomb (SR)   Coul. recip.
    7.66175e+04    1.36140e+05   -1.04523e+04   -1.29965e+06    8.04354e+03
 Position Rest.      Potential    Kinetic En.   Total Energy  Conserved En.
    7.50522e+02   -1.03727e+06    2.09012e+05   -8.28261e+05   -7.45035e+05
    Temperature Pres. DC (bar) Pressure (bar)   Constr. rmsd
    3.11132e+02   -2.17296e+02   -1.32298e+02    3.76783e-06

           Step           Time
        1900000     3800.00000

   Energies (kJ/mol)
           Bond          Angle    Proper Dih. Per. Imp. Dih.          LJ-14
    5.88226e+03    1.81002e+04    2.05244e+04    8.97469e+02    6.26093e+03
     Coulomb-14        LJ (SR)  Disper. corr.   Coulomb (SR)   Coul. recip.
    7.63193e+04    1.34919e+05   -1.04715e+04   -1.29840e+06    8.15809e+03
 Position Rest.      Potential    Kinetic En.   Total Energy  Conserved En.
    7.58498e+02   -1.03705e+06    2.08232e+05   -8.28823e+05   -7.44959e+05
    Temperature Pres. DC (bar) Pressure (bar)   Constr. rmsd
    3.09971e+02   -2.18096e+02   -4.77397e+01    3.76783e-06

           Step           Time
        1905000     3810.00000

   Energies (kJ/mol)
           Bond          Angle    Proper Dih. Per. Imp. Dih.          LJ-14
    6.06410e+03    1.77466e+04    2.05037e+04    9.50737e+02    6.34751e+03
     Coulomb-14        LJ (SR)  Disper. corr.   Coulomb (SR)   Coul. recip.
    7.63901e+04    1.34984e+05   -1.05180e+04   -1.29800e+06    8.10346e+03
 Position Rest.      Potential    Kinetic En.   Total Energy  Conserved En.
    7.81582e+02   -1.03664e+06    2.08622e+05   -8.28023e+05   -7.44913e+05
    Temperature Pres. DC (bar) Pressure (bar)   Constr. rmsd
    3.10551e+02   -2.20031e+02    1.24193e+01    3.76783e-06

           Step           Time
        1910000     3820.00000

   Energies (kJ/mol)
           Bond          Angle    Proper Dih. Per. Imp. Dih.          LJ-14
    5.83193e+03    1.74613e+04    2.04656e+04    1.00247e+03    6.41410e+03
     Coulomb-14        LJ (SR)  Disper. corr.   Coulomb (SR)   Coul. recip.
    7.65330e+04    1.36427e+05   -1.05468e+04   -1.30048e+06    8.13599e+03
 Position Rest.      Potential    Kinetic En.   Total Energy  Conserved En.
    7.54167e+02   -1.03800e+06    2.08530e+05   -8.29469e+05   -7.44784e+05
    Temperature Pres. DC (bar) Pressure (bar)   Constr. rmsd
    3.10414e+02   -2.21237e+02    1.87759e+02    3.76783e-06

           Step           Time
        1915000     3830.00000

   Energies (kJ/mol)
           Bond          Angle    Proper Dih. Per. Imp. Dih.          LJ-14
    5.83914e+03    1.76796e+04    2.05549e+04    9.82743e+02    6.28846e+03
     Coulomb-14        LJ (SR)  Disper. corr.   Coulomb (SR)   Coul. recip.
    7.68525e+04    1.38032e+05   -1.05576e+04   -1.30227e+06    7.98430e+03
 Position Rest.      Potential    Kinetic En.   Total Energy  Conserved En.
    7.55619e+02   -1.03786e+06    2.08220e+05   -8.29636e+05   -7.44192e+05
    Temperature Pres. DC (bar) Pressure (bar)   Constr. rmsd
    3.09952e+02   -2.21692e+02    2.15734e+02    3.76783e-06

           Step           Time
        1920000     3840.00000

   Energies (kJ/mol)
           Bond          Angle    Proper Dih. Per. Imp. Dih.          LJ-14
    5.99816e+03    1.74701e+04    2.05293e+04    9.75314e+02    6.25004e+03
     Coulomb-14        LJ (SR)  Disper. corr.   Coulomb (SR)   Coul. recip.
    7.66411e+04    1.35003e+05   -1.04933e+04   -1.29847e+06    7.99378e+03
 Position Rest.      Potential    Kinetic En.   Total Energy  Conserved En.
    7.57243e+02   -1.03734e+06    2.07858e+05   -8.29485e+05   -7.44106e+05
    Temperature Pres. DC (bar) Pressure (bar)   Constr. rmsd
    3.09415e+02   -2.19002e+02   -6.78419e+01    3.76783e-06

           Step           Time
        1925000     3850.00000

   Energies (kJ/mol)
           Bond          Angle    Proper Dih. Per. Imp. Dih.          LJ-14
    5.85154e+03    1.75946e+04    2.02864e+04    9.89314e+02    6.36558e+03
     Coulomb-14        LJ (SR)  Disper. corr.   Coulomb (SR)   Coul. recip.
    7.66840e+04    1.35874e+05   -1.05015e+04   -1.30018e+06    8.13128e+03
 Position Rest.      Potential    Kinetic En.   Total Energy  Conserved En.
    7.54060e+02   -1.03815e+06    2.07187e+05   -8.30966e+05   -7.44017e+05
    Temperature Pres. DC (bar) Pressure (bar)   Constr. rmsd
    3.08416e+02   -2.19345e+02    1.56730e+01    3.76783e-06

           Step           Time
        1930000     3860.00000

   Energies (kJ/mol)
           Bond          Angle    Proper Dih. Per. Imp. Dih.          LJ-14
    5.99885e+03    1.74968e+04    2.03172e+04    9.18307e+02    6.27366e+03
     Coulomb-14        LJ (SR)  Disper. corr.   Coulomb (SR)   Coul. recip.
    7.69913e+04    1.36436e+05   -1.05348e+04   -1.30026e+06    8.03599e+03
 Position Rest.      Potential    Kinetic En.   Total Energy  Conserved En.
    7.39276e+02   -1.03759e+06    2.07733e+05   -8.29857e+05   -7.43875e+05
    Temperature Pres. DC (bar) Pressure (bar)   Constr. rmsd
    3.09228e+02   -2.20735e+02   -2.32960e+01    3.76783e-06

           Step           Time
        1935000     3870.00000

   Energies (kJ/mol)
           Bond          Angle    Proper Dih. Per. Imp. Dih.          LJ-14
    5.76904e+03    1.75651e+04    2.04050e+04    1.01393e+03    6.41533e+03
     Coulomb-14        LJ (SR)  Disper. corr.   Coulomb (SR)   Coul. recip.
    7.66265e+04    1.34913e+05   -1.04907e+04   -1.29802e+06    8.15055e+03
 Position Rest.      Potential    Kinetic En.   Total Energy  Conserved En.
    7.69928e+02   -1.03688e+06    2.07380e+05   -8.29502e+05   -7.43514e+05
    Temperature Pres. DC (bar) Pressure (bar)   Constr. rmsd
    3.08702e+02   -2.18896e+02    3.50661e+01    3.76783e-06

           Step           Time
        1940000     3880.00000

   Energies (kJ/mol)
           Bond          Angle    Proper Dih. Per. Imp. Dih.          LJ-14
    5.86384e+03    1.76055e+04    2.04959e+04    9.97964e+02    6.37114e+03
     Coulomb-14        LJ (SR)  Disper. corr.   Coulomb (SR)   Coul. recip.
    7.68997e+04    1.33943e+05   -1.04971e+04   -1.29631e+06    8.23363e+03
 Position Rest.      Potential    Kinetic En.   Total Energy  Conserved En.
    7.67047e+02   -1.03563e+06    2.09141e+05   -8.26486e+05   -7.43243e+05
    Temperature Pres. DC (bar) Pressure (bar)   Constr. rmsd
    3.11324e+02   -2.19161e+02   -7.17947e+01    3.76783e-06

           Step           Time
        1945000     3890.00000

   Energies (kJ/mol)
           Bond          Angle    Proper Dih. Per. Imp. Dih.          LJ-14
    6.15045e+03    1.73187e+04    2.05063e+04    9.33994e+02    6.33415e+03
     Coulomb-14        LJ (SR)  Disper. corr.   Coulomb (SR)   Coul. recip.
    7.67379e+04    1.32956e+05   -1.04153e+04   -1.29441e+06    8.10256e+03
 Position Rest.      Potential    Kinetic En.   Total Energy  Conserved En.
    7.79861e+02   -1.03501e+06    2.08482e+05   -8.26525e+05   -7.43100e+05
    Temperature Pres. DC (bar) Pressure (bar)   Constr. rmsd
    3.10343e+02   -2.15762e+02   -2.58457e+02    3.76783e-06

           Step           Time
        1950000     3900.00000

   Energies (kJ/mol)
           Bond          Angle    Proper Dih. Per. Imp. Dih.          LJ-14
    6.21092e+03    1.75868e+04    2.04826e+04    9.21073e+02    6.38208e+03
     Coulomb-14        LJ (SR)  Disper. corr.   Coulomb (SR)   Coul. recip.
    7.64325e+04    1.36678e+05   -1.05086e+04   -1.30045e+06    8.16723e+03
 Position Rest.      Potential    Kinetic En.   Total Energy  Conserved En.
    7.55324e+02   -1.03735e+06    2.08134e+05   -8.29212e+05   -7.42843e+05
    Temperature Pres. DC (bar) Pressure (bar)   Constr. rmsd
    3.09825e+02   -2.19640e+02    2.44987e+01    3.76783e-06

           Step           Time
        1955000     3910.00000

   Energies (kJ/mol)
           Bond          Angle    Proper Dih. Per. Imp. Dih.          LJ-14
    5.77828e+03    1.75397e+04    2.04449e+04    9.25903e+02    6.45210e+03
     Coulomb-14        LJ (SR)  Disper. corr.   Coulomb (SR)   Coul. recip.
    7.68152e+04    1.35220e+05   -1.04219e+04   -1.29801e+06    8.27082e+03
 Position Rest.      Potential    Kinetic En.   Total Energy  Conserved En.
    7.69468e+02   -1.03622e+06    2.08487e+05   -8.27729e+05   -7.42599e+05
    Temperature Pres. DC (bar) Pressure (bar)   Constr. rmsd
    3.10351e+02   -2.16037e+02   -9.90928e+01    3.76783e-06

           Step           Time
        1960000     3920.00000

   Energies (kJ/mol)
           Bond          Angle    Proper Dih. Per. Imp. Dih.          LJ-14
    5.69980e+03    1.77374e+04    2.05616e+04    9.56295e+02    6.30557e+03
     Coulomb-14        LJ (SR)  Disper. corr.   Coulomb (SR)   Coul. recip.
    7.68681e+04    1.35478e+05   -1.04686e+04   -1.30025e+06    8.20849e+03
 Position Rest.      Potential    Kinetic En.   Total Energy  Conserved En.
    7.65396e+02   -1.03814e+06    2.07095e+05   -8.31045e+05   -7.42466e+05
    Temperature Pres. DC (bar) Pressure (bar)   Constr. rmsd
    3.08279e+02   -2.17973e+02   -3.85553e+01    3.76783e-06

           Step           Time
        1965000     3930.00000

   Energies (kJ/mol)
           Bond          Angle    Proper Dih. Per. Imp. Dih.          LJ-14
    5.88810e+03    1.77057e+04    2.06012e+04    9.66692e+02    6.33104e+03
     Coulomb-14        LJ (SR)  Disper. corr.   Coulomb (SR)   Coul. recip.
    7.66012e+04    1.36282e+05   -1.04895e+04   -1.29992e+06    8.14489e+03
 Position Rest.      Potential    Kinetic En.   Total Energy  Conserved En.
    7.22923e+02   -1.03716e+06    2.08201e+05   -8.28962e+05   -7.42232e+05
    Temperature Pres. DC (bar) Pressure (bar)   Constr. rmsd
    3.09925e+02   -2.18845e+02    3.69429e+01    3.76783e-06

           Step           Time
        1970000     3940.00000

   Energies (kJ/mol)
           Bond          Angle    Proper Dih. Per. Imp. Dih.          LJ-14
    5.99197e+03    1.73930e+04    2.03546e+04    9.35728e+02    6.26903e+03
     Coulomb-14        LJ (SR)  Disper. corr.   Coulomb (SR)   Coul. recip.
    7.66800e+04    1.38259e+05   -1.05176e+04   -1.30106e+06    8.08564e+03
 Position Rest.      Potential    Kinetic En.   Total Energy  Conserved En.
    7.93000e+02   -1.03682e+06    2.07722e+05   -8.29098e+05   -7.42017e+05
    Temperature Pres. DC (bar) Pressure (bar)   Constr. rmsd
    3.09211e+02   -2.20015e+02    1.58225e+02    3.76783e-06

           Step           Time
        1975000     3950.00000

   Energies (kJ/mol)
           Bond          Angle    Proper Dih. Per. Imp. Dih.          LJ-14
    5.93836e+03    1.76623e+04    2.06287e+04    9.53461e+02    6.24439e+03
     Coulomb-14        LJ (SR)  Disper. corr.   Coulomb (SR)   Coul. recip.
    7.67811e+04    1.34207e+05   -1.04479e+04   -1.29637e+06    8.11252e+03
 Position Rest.      Potential    Kinetic En.   Total Energy  Conserved En.
    8.01723e+02   -1.03549e+06    2.08691e+05   -8.26802e+05   -7.41897e+05
    Temperature Pres. DC (bar) Pressure (bar)   Constr. rmsd
    3.10653e+02   -2.17116e+02   -2.31901e+02    3.76783e-06

           Step           Time
        1980000     3960.00000

   Energies (kJ/mol)
           Bond          Angle    Proper Dih. Per. Imp. Dih.          LJ-14
    6.03939e+03    1.75456e+04    2.05817e+04    9.62632e+02    6.32187e+03
     Coulomb-14        LJ (SR)  Disper. corr.   Coulomb (SR)   Coul. recip.
    7.64185e+04    1.37042e+05   -1.05270e+04   -1.30027e+06    8.11057e+03
 Position Rest.      Potential    Kinetic En.   Total Energy  Conserved En.
    8.18317e+02   -1.03696e+06    2.08187e+05   -8.28774e+05   -7.41743e+05
    Temperature Pres. DC (bar) Pressure (bar)   Constr. rmsd
    3.09904e+02   -2.20411e+02    1.03158e+02    3.76783e-06

           Step           Time
        1985000     3970.00000

   Energies (kJ/mol)
           Bond          Angle    Proper Dih. Per. Imp. Dih.          LJ-14
    5.80003e+03    1.76468e+04    2.04416e+04    9.51060e+02    6.22546e+03
     Coulomb-14        LJ (SR)  Disper. corr.   Coulomb (SR)   Coul. recip.
    7.68686e+04    1.34260e+05   -1.05104e+04   -1.29769e+06    8.14669e+03
 Position Rest.      Potential    Kinetic En.   Total Energy  Conserved En.
    7.89665e+02   -1.03707e+06    2.07453e+05   -8.29616e+05   -7.41543e+05
    Temperature Pres. DC (bar) Pressure (bar)   Constr. rmsd
    3.08811e+02   -2.19714e+02   -1.65713e+02    3.76783e-06

Writing checkpoint, step 1985800 at Wed Apr 29 12:56:53 2026


           Step           Time
        1990000     3980.00000

   Energies (kJ/mol)
           Bond          Angle    Proper Dih. Per. Imp. Dih.          LJ-14
    5.74707e+03    1.75742e+04    2.04359e+04    9.25707e+02    6.32797e+03
     Coulomb-14        LJ (SR)  Disper. corr.   Coulomb (SR)   Coul. recip.
    7.65466e+04    1.35148e+05   -1.04429e+04   -1.29819e+06    8.15267e+03
 Position Rest.      Potential    Kinetic En.   Total Energy  Conserved En.
    7.60562e+02   -1.03702e+06    2.07455e+05   -8.29563e+05   -7.41206e+05
    Temperature Pres. DC (bar) Pressure (bar)   Constr. rmsd
    3.08814e+02   -2.16906e+02   -1.08668e+02    3.76783e-06

           Step           Time
        1995000     3990.00000

   Energies (kJ/mol)
           Bond          Angle    Proper Dih. Per. Imp. Dih.          LJ-14
    6.00041e+03    1.74429e+04    2.04779e+04    9.14983e+02    6.31182e+03
     Coulomb-14        LJ (SR)  Disper. corr.   Coulomb (SR)   Coul. recip.
    7.66222e+04    1.35830e+05   -1.05165e+04   -1.29956e+06    8.10649e+03
 Position Rest.      Potential    Kinetic En.   Total Energy  Conserved En.
    8.13741e+02   -1.03756e+06    2.08688e+05   -8.28872e+05   -7.41172e+05
    Temperature Pres. DC (bar) Pressure (bar)   Constr. rmsd
    3.10649e+02   -2.19972e+02   -4.34861e+01    3.76783e-06

           Step           Time
        2000000     4000.00000

Writing checkpoint, step 2000000 at Wed Apr 29 12:57:14 2026


   Energies (kJ/mol)
           Bond          Angle    Proper Dih. Per. Imp. Dih.          LJ-14
    5.75069e+03    1.79704e+04    2.04313e+04    9.17235e+02    6.34279e+03
     Coulomb-14        LJ (SR)  Disper. corr.   Coulomb (SR)   Coul. recip.
    7.66242e+04    1.36740e+05   -1.05532e+04   -1.30228e+06    8.14057e+03
 Position Rest.      Potential    Kinetic En.   Total Energy  Conserved En.
    7.86500e+02   -1.03913e+06    2.07728e+05   -8.31399e+05   -7.40925e+05
    Temperature Pres. DC (bar) Pressure (bar)   Constr. rmsd
    3.09220e+02   -2.21506e+02    1.13974e+02    3.76783e-06


Energy conservation over simulation part #1 of length 4000 ps, time 0 to 4000 ps
  Conserved energy drift: 2.66e-04 kJ/mol/ps per atom


	<======  ###############  ==>
	<====  A V E R A G E S  ====>
	<==  ###############  ======>

	Statistics over 2000001 steps using 20001 frames

   Energies (kJ/mol)
           Bond          Angle    Proper Dih. Per. Imp. Dih.          LJ-14
    5.93248e+03    1.77261e+04    2.05987e+04    9.57211e+02    6.27690e+03
     Coulomb-14        LJ (SR)  Disper. corr.   Coulomb (SR)   Coul. recip.
    7.63749e+04    1.35820e+05   -1.04922e+04   -1.29845e+06    8.13193e+03
 Position Rest.      Potential    Kinetic En.   Total Energy  Conserved En.
    7.31749e+02   -1.03639e+06    2.08253e+05   -8.28135e+05   -7.82692e+05
    Temperature Pres. DC (bar) Pressure (bar)   Constr. rmsd
    3.10002e+02   -2.18962e+02    2.03514e+00    0.00000e+00

          Box-X          Box-Y          Box-Z
    1.04056e+01    1.04056e+01    7.35788e+00

   Total Virial (kJ/mol)
    6.93555e+04    6.39451e+01    3.96993e+01
    6.39462e+01    6.93520e+04   -9.50622e+01
    3.96952e+01   -9.50632e+01    6.94295e+04

   Pressure (bar)
    2.29538e+00   -2.95564e+00   -1.21738e+00
   -2.95569e+00    2.67409e+00    4.96984e+00
   -1.21721e+00    4.96988e+00    1.13595e+00

  T-Protein_PDLT-Water_and_ions
    3.10084e+02    3.09992e+02


	M E G A - F L O P S   A C C O U N T I N G

 NB=Group-cutoff nonbonded kernels    NxN=N-by-N cluster Verlet kernels
 RF=Reaction-Field  VdW=Van der Waals  QSTab=quadratic-spline table
 W3=SPC/TIP3p  W4=TIP4p (single or pairs)
 V&F=Potential and force  V=Potential only  F=Force only

 Computing:                               M-Number         M-Flops  % Flops
-----------------------------------------------------------------------------
 Pair Search distance check          148515.979840     1336643.819     0.0
 NxN Ewald Elec. + LJ [F]         154749482.192448 10213465824.702    98.2
 NxN Ewald Elec. + LJ [V&F]         1563204.564352   167262888.386     1.6
 1,4 nonbonded interactions           36510.018255     3285901.643     0.0
 Shift-X                               1579.138953        9474.834     0.0
 Bonds                                 7336.003668      432824.216     0.0
 Angles                               25396.012698     4266530.133     0.0
 Propers                              39174.019587     8970850.485     0.1
 Impropers                             2894.001447      601952.301     0.0
 Pos. Restr.                            930.000465       46500.023     0.0
 Virial                                1580.038998       28440.702     0.0
 Calc-Ekin                            31581.357906      852696.663     0.0
 Lincs                                    0.006790           0.407     0.0
 Lincs-Mat                                0.035256           0.141     0.0
 Constraint-V                             0.078661           0.708     0.0
 Settle                                   0.047914          17.728     0.0
-----------------------------------------------------------------------------
 Total                                             10400560546.892   100.0
-----------------------------------------------------------------------------


      R E A L   C Y C L E   A N D   T I M E   A C C O U N T I N G

On 1 MPI rank, each using 32 OpenMP threads

 Activity:              Num   Num      Call    Wall time         Giga-Cycles
                        Ranks Threads  Count      (s)         total sum    %
--------------------------------------------------------------------------------
 Neighbor search           1   32      20001     125.844       9642.775   4.6
 Launch PP GPU ops.        1   32    3980001     175.377      13438.300   6.4
 Force                     1   32    2000001     887.235      67984.391  32.6
 PME GPU mesh              1   32    2000001     124.347       9528.121   4.6
 Wait GPU NB local         1   32    2000001      22.610       1732.518   0.8
 Wait GPU state copy       1   32    2440001    1227.200      94034.253  45.1
 NB X/F buffer ops.        1   32      20001       7.786        596.599   0.3
 Write traj.               1   32        404       5.355        410.361   0.2
 Constraints               1   32          2       0.001          0.050   0.0
 Rest                                            145.515      11150.086   5.3
--------------------------------------------------------------------------------
 Total                                          2721.271     208517.455 100.0
--------------------------------------------------------------------------------
 Breakdown of PME mesh activities
--------------------------------------------------------------------------------
 Wait PME GPU gather       1   32    2000001       0.829         63.545   0.0
 Reduce GPU PME F          1   32    2000001       1.520        116.458   0.1
 Launch PME GPU ops.       1   32   18000009     117.340       8991.200   4.3
--------------------------------------------------------------------------------

               Core t (s)   Wall t (s)        (%)
       Time:    87080.280     2721.271     3200.0
                         45:21
                 (ns/day)    (hour/ns)
Performance:      127.000        0.189
Finished mdrun on rank 0 Wed Apr 29 12:57:14 2026

