cuedc2_rif,cuedc2_par,cuedc2_mid,cuedc2_dig,cuedc2_erg
43.61915932014853,43.70884139001983,43.677272646220985,43.53969252962615,43.71673264645781
44.19558644829902,43.63173665329618,42.75222151343729,43.40773570874477,43.82584116428056
44.62523836543616,43.32756760241865,42.764335644257095,43.46477753089517,43.81417547314069
44.89918800079146,43.5205664078715,43.06107865258612,43.15988889543707,43.67663975776592
44.89917000010286,42.92434610503557,42.50311694566654,42.60274171353514,43.62461711494875
44.855263941818,42.84380029450273,42.26298434467296,42.327985136170135,43.4096226231809
44.47008671275823,42.50573924772532,42.00350028569116,42.5279147594413,43.48596133949884
44.75185621087301,42.61559153227262,41.82920544422772,42.61695291502545,43.37072848943706
44.716075858693685,42.600280053162464,41.746383805529085,42.81305864548127,43.19551230553427
44.68994462225739,42.736778518248045,41.566815999526185,43.0179719386271,42.90957090528491
44.60461449450119,42.79335846886427,41.44118201769509,42.74035505031421,42.04107715428552
44.35267383489238,42.71795578525722,41.31980249431938,42.9727317661078,41.73686112779868
44.28325517957191,42.65729667640781,41.253941471235805,43.48970860070532,41.564799804551626
44.256018704732746,42.71856984684161,41.35455836020991,43.6806706269788,41.6868554075234
44.24448542400864,42.38073990106823,41.52996611726855,43.65496100155767,41.33701918188312
44.29626869491619,42.58499634227502,42.1786243139527,43.69961405653519,41.29719604328471
44.45957760413922,42.276187178409934,42.03943083799721,43.89095269329719,41.37346930813259
44.7252336533556,42.4309412777401,42.233878243021934,44.16955184182479,41.30315085646671
44.69665553099218,42.81873966473336,42.68941554627112,44.323442685128526,41.1063566088099
44.342514605117366,42.9698394025122,42.76163912119665,43.71463532236928,41.43795466471831
44.73795765842843,43.18648446055579,42.86491300763137,43.62789344544456,41.34067868498616
44.53507397600111,43.38989540184304,43.03848740291692,43.15666258565885,41.15101892468424
44.194509474804846,43.3055077563432,42.957811054392536,43.03526455117051,41.0273636712181
44.35954816430685,43.5118668560643,42.87758899904898,43.27533118039974,40.76095653004256
44.106250349137376,43.387886565406376,42.61878205487419,42.822083916043255,40.40132066635811
44.01906334521964,43.53699569451612,42.59979306473788,42.92650901143151,40.27735276841678
43.94452337272507,43.33545997916162,42.95065201067654,43.0431538352973,40.75233163885301
44.42767043872632,42.98024519672232,42.974510151449,42.84658924090571,41.06634557734416
44.15600054722309,43.21314363074407,43.01803721579661,42.78050342814592,40.71581127887824
43.83911977060566,43.33870476917735,42.64657675814672,42.81073131029538,40.794790241811526
43.67508418668348,43.50908338110386,42.89913156285858,42.752967258186615,41.07907242848223
43.87660788233567,42.9880297375776,42.89227775365708,42.71908483082541,41.01764377494773
43.97261783270437,43.19454186348546,43.39214197861395,42.98834197798639,40.77026383762368
44.11658989018795,43.55286791465367,43.472072644184,43.11526675974188,40.63932286078099
44.11273296855652,43.33015788100307,43.272384032709645,42.81219086810256,40.57910773690013
43.69772803705057,43.087838139029394,43.23395296480766,42.30223515226544,40.56916299455779
43.636890426546685,42.99866792836984,43.17183496735869,42.061220735274325,40.58306404661349
43.506305756386745,42.68147414214526,43.187049156963226,42.12704163905427,40.506617054908496
43.51081145696371,42.37813304430348,43.29905007313488,41.774856546458444,40.10839632756657
43.503126479605456,42.96847506496796,43.63968885494232,42.10557687633985,39.976836896847445
43.567590657216776,43.07065954339799,43.71090957424899,41.72187968168335,39.94693492276766
43.54023252811943,43.07413566701729,43.989717987215165,41.87078990150048,40.33779275873325
43.47305515976147,43.07694877936763,43.89533340563624,41.59774662747223,40.22918693242229
43.88020843186804,42.75056405829607,44.04405403883219,41.66903137801885,40.05904057533981
44.15062836876949,42.90749264050525,44.19179108302229,41.25300815043972,39.93475616040855
43.90289225492658,43.18686040688119,44.10296732513495,41.28446267464873,39.97687308142994
43.6959553420534,42.968387389793484,43.99914921135926,41.54431683639108,39.9500682030686
43.412964517255,43.14416668816797,44.08767678874202,41.9835481687436,39.9758926407951
43.29325420779361,42.72161957598871,43.822564234639145,41.948874144860845,40.191047769526605
43.37189286653616,42.36006091126805,44.08655614998619,42.199424205285226,40.12134466680694
43.461142647255286,42.38797975711522,44.37584138034561,41.88801258358168,40.13133190752031
43.84725064019679,42.1553999812119,44.63486949889998,41.85369100429579,40.308448715642754
44.05868667213163,42.113566469777005,44.559399697377344,41.823925601651375,39.95287887215384
44.33604647899926,42.32846895826124,44.83667362256333,41.52128834071219,39.994875672103305
44.29951116027378,42.29069095894724,44.995570878402354,41.09395686311693,40.1506091604678
44.51968449264315,42.39529169253626,44.83825807548079,40.90921503176425,40.13123366903103
44.46883490845039,42.37949326098003,44.48831320656783,40.57721790235415,40.11857042216387
44.40673951008056,42.33133422543267,44.498972125501446,40.449652240368096,39.94199453285884
44.55659325284992,42.655600362669006,44.45670190281697,40.4671931257081,40.47095193583322
44.58627610345349,43.0209174300307,44.58013644142242,40.59793800806761,40.26101235891388
44.62479854251268,42.8658904541898,44.75974333052554,40.57902626383378,39.93278139765428
44.37196186566273,42.44931529952714,45.04129030759492,40.74641552035376,39.85111514696492
44.1473891777633,42.55451516838636,45.17007598162396,40.34377598383332,39.74363495280346
43.76073048000222,42.93815508080512,45.002312082609166,40.14215846819174,40.088216298045424
43.89628212418046,43.034859445981816,45.16690704108515,40.54153413179078,40.13798513017013
43.66852166315603,43.5330349686588,45.09507594464183,40.98634485978747,40.303487284516734
43.90873702990036,43.49363568080403,45.63793914659277,41.05791555450974,39.98654566732884
44.348309952724506,43.216680346184994,45.72170567192999,41.09544020210293,39.755140264803565
44.62768756215498,42.867168402751616,45.73616752958655,41.04916325528844,39.43918376389422
44.51800794755506,42.69176795174837,45.50647729702066,40.6278899824604,39.409273161778
44.6312491061177,42.167281569797176,45.140209715690304,40.92535549871058,39.187117709920685
44.30850748691602,41.89467650795875,44.861289906813234,40.86993784486206,39.17130679652565
43.968228906300425,42.01739564821993,44.59376866744727,41.181598576330096,38.94385180566202
43.75420882668738,41.79323848754678,44.644502267424286,41.12768977629396,38.755859292705296
43.86550614885287,41.663106980408486,44.59525649638823,40.998221156916,38.79858570864271
44.10950013607185,41.62040651456301,44.65150768045087,40.65934724574897,38.97172092572925
44.296933654645294,41.47055677071416,44.735327611626005,40.472367565174864,39.17495411544706
44.20835007051176,41.17541946892033,44.85290824049576,40.19376806155053,39.06433831044783
43.92276301455085,41.07102177817418,44.37645658427532,39.89751772460328,39.30884592386844
43.61007210060286,40.73628278442583,44.03353975407306,39.68091036562348,39.28110485271926
43.72155113549179,40.37559357589451,43.87539750036569,39.62599999983989,39.164504858949485
43.80715912227034,39.89679345433093,43.517216870960674,39.62951118449221,39.48970879443589
43.9842911522042,39.65560310904824,43.3445352758729,39.814907720449824,39.5600213745405
44.12968015205114,39.85597192270602,43.54017251086994,39.85127752053331,39.5742977055702
44.39789488787848,39.60774895279007,43.48573729094433,39.787990462676895,39.741958254636046
44.597978761265786,39.775384562174665,43.777391721385584,39.59122956974527,39.407000156896544
44.27350931442548,39.85401906397257,44.19769998948792,39.02430287671688,39.292626010911896
44.54378546328776,39.93897061282564,44.549735198048566,39.10129131260618,39.509210834172094
44.70167183337695,40.00330375806767,44.45740070067325,39.01948427838166,39.29675641129399
44.31656533615889,39.86585325469241,44.67339608099723,39.20133073072405,38.95450089480352
44.24786966043043,39.73579776280148,45.30985906695695,39.1720639252881,38.76435705287823
44.74864078425039,39.567396195423576,45.189935909734615,39.06455148263421,39.26533848153117
44.456848193870094,39.60102460661695,45.36537774845079,38.94578649392575,39.47220704489544
44.44363288184807,39.65086709721309,45.39719758934567,39.21370316447566,39.45836828046308
44.33046813376868,39.80228239498292,45.17425703972167,39.2488501860433,39.51809530893337
44.07496323082222,39.77394495468364,45.06473625668829,38.99323730131503,39.63652063026001
43.52326557350413,39.65039638405985,45.01860952592181,39.031214984134,39.1964064807701
43.631983476063255,39.31469346957164,44.904193570141466,39.10967651366231,39.12344791785684
43.62458881185921,39.00202451493514,45.07391828733292,39.21057966289017,39.37069213234992
43.513357163225145,39.0110621363938,45.0062319806571,38.91822275003761,39.29683469807114
43.18691585972165,39.52200524789114,44.70726702135372,39.10845709959557,39.0618363004654
43.05490251432384,40.03026313330151,44.43103323192514,38.91226301793321,38.71337233623379
43.02324966183947,40.10805005621024,44.04096561342434,39.05046862213386,38.36451230452421
42.888931162924855,40.08581088399982,43.97844758027331,39.428683209343326,38.45219853093253
43.20616188477171,39.91283984378264,43.71302550428105,39.37063319830322,38.856705138434535
43.31560180881566,39.74145268477931,43.9505292643335,39.23333710909341,38.92536855967061
43.30472338663757,39.99396697972648,43.997634571133446,39.37989062274072,38.89545421174222
43.064263730847,39.91791844712439,43.94105933955509,39.80044464146072,38.91976640611367
43.218173112268346,39.51201268157572,43.58091001915231,39.88036183320597,38.9006868055771
43.104351894854105,38.94458232054511,43.94448502000778,39.5767523754295,38.8432285274369
43.29205769402071,39.02598911016783,43.42442565950056,39.86878604392696,38.81150959323516
43.03413730088828,38.75929054974786,43.18913050146183,39.72261835922069,39.00986680590309
42.3996283958204,38.76530378655065,43.2049415293698,39.50823505684641,39.15074463266379
42.55011120932718,38.58445379706855,43.173435780369246,39.2963497113689,39.09652743840467
42.58963782086179,38.6718522202107,43.10317143843821,38.8780744822094,39.35395394246609
41.95340839031815,38.8865291704241,43.24872966848461,38.9963164571258,39.64862569161796
41.97524860493554,39.11824199255168,43.040571649686406,39.00498058347444,39.599218399316
41.73422912964023,38.97429070504485,42.88925296993207,38.90807777552378,39.596022108344606
41.84880524745548,39.02934398394781,42.842235456820255,38.59701328475925,39.65658741688845
41.5912708989827,39.447236780926055,43.09704869632082,38.921533645575664,39.79492712403632
41.27382355962056,39.43351364126677,43.04858880636123,38.92905589798246,39.293617555530105
41.42011178568004,39.7096282098319,42.99459899150382,38.59310879687877,38.97950527075184
41.23535583132221,39.3785336800449,42.977597843739375,38.59097459506362,38.87513167217338
41.228492030607946,39.61634220955508,43.010705996754105,38.33267226673509,38.8445148956015
41.2644702938081,39.59404696291753,43.11014333972221,37.79692256841583,38.559395760040175
41.0127341231628,39.99627760395949,43.09022134908268,38.21070961203933,38.54811086919676
41.07220571781637,40.19785351708238,43.14962695593539,38.51467811322543,38.61778890294874
40.81648210679925,40.09685013344728,43.31316887570962,38.37457088990186,38.229183185832966
41.21423940466427,39.88660053760121,43.048366979339306,38.41594977283143,38.21392636737213
41.038725499771616,40.30788651135939,42.57001966780443,38.82678579065479,38.38319591695471
40.78215700834994,40.39636042898143,42.45249888743303,39.233316886987936,38.16139568327288
40.832151307868585,40.54469918531779,42.48044298346412,39.440808236743855,38.62026719813648
40.78574397094926,40.76664604564832,42.356496913468966,39.57200987720468,38.5626341934856
40.69531799386718,40.78774742245459,42.14072231414693,39.39032752140229,38.8361861933968
40.41866131580456,40.92282310945652,42.4252071800354,39.37098148733855,38.67508025063022
40.25299093516678,40.92092834117559,42.36482696370671,39.30200542593239,38.640992219059726
40.35418769414581,40.87282331033096,42.15078867435692,39.309275141229655,38.94415275305284
40.65011228289352,40.90599269394521,42.22919199437954,39.46236374248591,39.10989870304122
40.78041846367825,40.68541091755365,42.03412309093349,39.24846273520187,38.78605225674259
40.6383574312387,40.72020352234757,41.89720760720125,38.97191620003521,38.74649791157924
40.74917386233862,40.71005191616074,41.94821331474099,39.09980627020766,39.038470956463534
40.60633593706836,40.74136054652978,41.7449027855494,39.274409510854944,39.37875032967799
40.50784748285268,40.64924228253932,41.97434947845876,39.57820909141508,39.49113790753042
40.72214505707828,40.71233199268152,42.59368005985448,39.279201499572025,39.854860498136944
40.19136528688791,40.63996801826541,42.53336509745308,38.92063807779034,40.08860682099578
40.3294940298542,40.77958540877738,42.45821129039692,39.11200729129455,40.02017849990588
40.55695340935022,41.18617030271203,42.60693890530866,38.58155242808406,40.27030614415344
40.58212905096048,41.36821792750048,42.4580687514854,38.67937376953292,40.39700605012093
41.0227496540491,41.77600315526343,42.11934811197071,38.8679179316073,40.07718468573429
41.392539443482256,42.36825721244174,42.187637471802525,38.96728073557564,40.24762007524381
41.5934280165284,42.449228919034965,41.7847620780584,39.00157075752474,40.24415436084789
41.6389486505609,42.24759820929271,41.89688013258643,39.03761790260866,40.07857297654603
41.438145615761016,42.13766566819721,42.129066753487166,39.201906024252224,39.96472006717143
41.2225671528288,42.22174058705354,41.92035073808096,39.30642110564094,39.6428152838401
41.39939779109861,42.11883614711388,41.71411001839377,39.126416885237575,39.58756043787655
41.26120337460381,41.87609162378901,41.6440116207331,39.3755155872219,39.867682403425846
41.112160190884246,41.85289504612324,41.33298770466027,39.83208391377494,39.961701800529625
40.8332609545741,41.73713661938781,41.026742246701694,40.13244676868948,39.81598510318047
40.74159029594657,42.14646844572384,41.18479954302179,40.21003718372168,39.50402010669218
40.77380558185227,41.88957002339407,41.24140037946699,40.19925368510332,39.38226986685368
40.74297821383548,42.0613332010844,40.99598933985534,40.156720737303466,39.54921996450533
40.92163935496298,42.168620761860055,40.62576206846335,40.01997049124963,39.347366936910205
40.61653718820982,41.73393456153265,41.17689850514747,39.90057969082464,39.27465749906874
40.92634267230344,41.725005710691725,41.25699846476706,40.07300256771734,39.76251960660902
41.203035803434815,41.55782278145649,41.40178706089853,40.21820056908003,39.84813001714209
40.98220435710866,41.10744340497265,41.67780428756795,40.379720102685184,39.99536356537214
40.66014454053,41.11517482589073,41.93919694638324,40.40663534137311,39.543711625456254
40.28664832506132,41.299844121372594,42.08237886576057,40.19610020392664,39.75149667639129
40.16301296745031,41.101814268957895,42.276498115933165,40.08290203606467,39.95307507906009
39.965365041153305,41.09300001594551,42.151060073140485,40.01609262557472,40.09825467813077
39.76029483282319,41.09762395281604,42.15344743819184,39.82615853968783,40.271116186120224
39.75379186690105,40.64644858317846,42.15751601995576,39.75249876586161,39.914174205173694
39.89463294043782,40.75112132935004,41.69124025682103,39.78971986114926,40.24778310240647
40.2495683882651,40.41535617028337,41.51985690426688,39.797596436503554,40.29955689143704
39.7868072300446,40.3752810919036,41.38523343052401,39.54175794673443,40.6295529499936
39.56437995558912,40.49940185931332,41.65165797058422,39.59595830179166,40.93276953398223
39.55391938513517,41.09910114045561,41.65026603901118,39.721630223359575,40.74153833037222
39.33228127836658,40.94305020405204,41.96389295894518,39.71804479229268,40.649773369218366
39.40521566353932,41.29416076316102,42.05492828526373,39.618674167008464,40.71623606520002
39.280231144204016,41.14929421032047,42.58757344063774,39.86750730089789,40.77139272127364
39.53663070693482,41.18107313836929,42.83620466138978,39.60789270403572,40.66247189099013
39.5958074682758,40.89987848185183,43.19862839538803,39.18681598530627,40.69918953012103
39.77515993483219,40.78745292373882,43.280059576027824,39.00523864789764,40.87883920281675
39.99444027801591,40.8543222258575,43.37440944497643,39.10284581046967,40.62624433365468
39.79808793517748,40.67575410825508,43.15077111829108,38.7003109720099,40.42437425142693
39.63493156582204,40.71969932297331,43.27442259119965,38.1909971964232,40.118835562330695
39.38525052095508,40.89842798249949,43.36791838657459,37.87379194000744,40.34620443766906
39.38345120791229,40.6459311300447,43.57058203480417,37.82383780717102,40.28384227759786
39.24720001113596,40.64638215717326,43.48938585480416,37.67938215214757,40.62538603492364
39.04799304513287,41.01289345157287,43.52242269011199,37.55819399539123,40.82309699250856
39.00387484207751,40.837228233586,43.27998575809314,37.42195271319879,40.780125890622585
38.65608970919326,40.538709064113625,43.575989362574006,37.26643070562199,40.73582683011084
38.39038456565088,40.445431409278825,43.25428282657925,37.07764309657012,40.57504633594873
38.52164107676632,40.452521918192375,43.42732276128082,36.79301193381847,40.506984128834
38.79655232027036,40.24914157783456,42.9562976278722,37.0936771187301,40.73573498439465
38.645066568810094,40.22673332837878,43.42436277100362,37.37426013886749,40.49692781773506
39.02060076752136,39.89992960181254,43.60541464053466,37.981850926075175,40.81871947212122
38.80742515688395,39.79862674453233,43.61797512049201,37.75435647044234,41.52032592077574
38.7686612694904,39.98775246195385,44.14790618670284,37.40412135494067,41.49155789920231
38.80697570315562,39.756396818526746,44.182298518864044,37.08999899435431,41.7745712960057
38.84681530566063,39.75839416988123,44.27734092783327,37.24775127567766,41.54030094027839
39.22109817242792,39.5442539005753,43.71662473922261,37.25276628679208,41.22508965285179
38.72166404034694,39.61977009629255,43.6012829024639,37.602997121862,41.3712454060366
38.59267421610032,39.60698556795705,43.77673309044636,37.70730170770803,41.69839868078692
38.32417078251496,39.40393241295596,43.58628572951052,37.52209150385689,41.61623798934495
38.10074981542941,39.24662597310206,43.85756746808484,38.13043584233146,41.420810153267
37.77127829312154,39.64350763093768,43.706983246848814,38.22810049857099,41.49569739972141
38.10103905368568,40.06041286442609,43.318371432900086,38.03033005087282,41.74777700868525
38.04346989249616,39.92818119850404,43.123022485908336,38.51192798733639,41.73724426624026
37.94603521316074,39.91989995897793,43.02227174090894,38.56293617390211,41.94128395530013
37.56095173779843,39.65969569326565,42.865021290328414,38.61538128670617,41.80293810786503
37.24428613517778,39.60216344647274,42.39650471999306,38.67048775741726,42.187045608320986
37.05579688783377,39.40224539065779,42.02182631739533,38.36071081898297,42.08921591152772
36.9572877313086,39.707305186093606,41.81949091683423,38.18482472141305,41.96693957170974
36.764166258117605,39.94562361981786,42.2345890009468,38.17708423956992,41.72885440806987
36.8468567549055,39.50616507710112,42.25936144910058,38.12359662524484,41.67536181128532
36.86417882841671,39.50301198529738,41.942155701564445,37.68959147827071,41.53262433244687
36.9216885368913,39.66467776381628,41.934187183436975,37.56511296555993,41.50418660938276
36.73785078821809,39.7239994606947,42.26082421762679,37.92004249901465,41.78413409831772
36.81665221454967,40.101941281445136,42.28255035893596,37.76990693864223,42.03085520489531
36.7157435244542,39.62385848438025,42.02444005543615,37.42786323072333,41.85512249936646
37.18980066731636,40.01649995047511,42.031142698415415,37.45803387217786,41.82298836082671
37.25540367359144,39.76154197817263,42.09942299163996,37.30824248387352,41.71287766617141
37.16114115474534,39.62061251608601,42.48634285377855,37.39353975849872,42.104826597991405
36.83086316443657,39.39809004380752,42.85917236180347,37.55452763105027,42.395700487091744
36.66952473414148,39.62656362844879,43.11560554194312,37.89003011573666,42.58755898845008
36.50295984071738,39.75722467631967,43.14446031780879,37.7808576748502,42.59161862977584
35.90931572116001,39.56367410247191,42.752147367909856,37.62486924414416,42.6008664074897
35.99639658780934,40.022665670373904,42.58793768800467,37.36332923298782,42.78441801009696
36.01036928325446,40.22659808045959,42.7424851876609,37.14788958608647,43.44746546025826
35.89109414515696,40.48501753188376,43.04311950177839,36.97993235487117,43.531461411092856
35.88711117392315,40.59441976230467,43.229739394285176,36.85121954480363,43.668786569448464
35.88480397645496,40.65605258003776,43.40048783880709,36.97580293488728,43.88100493116616
35.801563592368105,40.94470270117482,43.49767551569349,36.87268855079311,44.00297269627557
35.976136421477875,40.9616151486704,43.265313147506085,36.67406743843762,43.66756818773484
36.24951808504696,41.09521525540892,43.29182239363769,36.54894300290195,43.5807916441504
36.11278915905811,40.91431539320991,43.2191260081646,36.355110813676646,43.74010989697416
36.28472901925863,40.98355633128595,43.28522627970227,36.09905533397151,43.80968964979593
36.16171589239609,40.34311343891992,43.36483051764269,35.942829469074304,43.84150586835111
36.26417172488317,40.40659307455476,43.42728641530657,36.30717345147207,43.818571255726106
36.17258902782581,40.53856754792759,42.56639741169335,36.69500468020907,43.55584255222256
36.26602641954568,41.10305857948951,42.06910830073083,37.11466334324869,43.692834085664735
36.15098256953697,41.49478674126309,42.15759616761181,37.25071973647694,43.74403153374249
35.772361674919125,41.70889502812882,42.30427038871539,37.39736846104276,43.567850198868186
35.954317406475255,41.74512885506038,42.72752975883788,37.68134191889211,43.60993727751643
35.96724260147529,42.18202018066968,43.03927528544247,37.705345433777445,43.81117150062548
36.19382870811991,41.79961184662003,42.80045064644276,37.74414069049773,43.67636751834914
36.13323464515441,41.859954569270094,43.2802837053156,37.71427723562475,43.34685143586975
36.098530750144,42.15221827452414,43.01981123623308,37.868581510067045,43.40185288724842
35.91721275717516,41.98271862376959,42.68832801013257,38.15685144772326,43.296155714514825
35.806982508271936,42.426986412577406,43.1151807801188,38.5697069867453,43.22031653538279
35.45542131778767,42.38119256738675,42.675392639173815,38.6960778551089,43.32154122397557
35.46605120162271,42.160751436764926,42.63193661081255,39.00587856943293,43.44810552759024
35.050029954433505,42.02586375986676,42.52259120329134,38.982685536882144,43.54380686920668
35.13286487592104,41.9995526743233,42.680045442417374,39.03131267017675,43.46864117255602
35.30366445027128,41.87588999016508,42.56217207423016,39.02191416942491,43.40116060685395
35.10805899766994,41.94288428404638,42.73920829341616,39.1022197648738,43.299762855677685
35.0516746997585,42.10016381798512,42.81592981934105,39.10132224700755,43.577696642012405
34.977631987330426,41.99642662172367,42.56671395095445,39.40657528553028,43.47513153028208
35.01867901810775,41.50944199925191,42.41652078506993,38.93686677722189,43.663647121688335
35.24411776645753,41.19293037308161,42.431635811256726,38.53900061125915,43.84995189768537
35.274415780559195,40.904047545477525,42.55165667051103,38.37673595377096,44.05371891624803
34.807408427321256,40.77444269405233,42.78164442310007,38.36043412853124,44.27698178144925
34.90964133704949,41.06164389765982,42.958163968155255,38.46447305218855,44.66499247759769
34.59964740860326,41.311561084250535,43.16925286067835,38.70668573802428,44.722136256587646
34.48304024505569,41.31709863149749,42.98619328228474,38.582409776711145,44.61784761257398
34.892493426701265,41.131680864064485,43.03152497183982,38.55233271318675,44.71797432517709
34.338638051889454,41.09404560542292,43.13013569893306,38.79974654404021,44.48858815138558
34.19397753526535,40.878213123477,42.97751282716839,39.324977378753445,44.466685160614645
33.57293515915866,40.71258445146515,42.69441292281059,39.41822954395,44.49543320082546
33.57836688374389,41.3703380398669,42.65260456320608,39.32501708643541,44.79554420588208
33.777096529117905,41.59034988764898,42.40750239988193,39.007109497491776,45.05009326780221
33.4654757115208,41.54652167684935,42.143979471827095,39.361895963121306,45.449298653680415
33.33429669112894,41.55741412338694,42.43918506426086,39.57705133609901,45.82726692657422
33.520652031788124,41.73127431857677,42.47211068443089,39.83164377304593,45.83370608826486
33.298141660876226,41.473046234658206,42.54350438716868,39.91996867270077,45.8925207598355
33.53338204827021,41.79050850109263,42.71387795276463,39.780828284228754,45.954849997800665
33.744022517491445,41.80737917444613,42.600103938651394,39.521634825116486,45.73490702057768
33.875726421062204,41.66590328560704,42.44798466190783,39.651179357856,45.79790233946501
34.14392286064727,41.72533648095175,42.60139923796952,39.93019718940351,45.92716722664128
34.29552735232073,41.51447183929408,42.74748521333768,40.18890007369048,45.91387124641369
34.25777887623566,41.638596366582206,42.72369653988859,40.233876900871145,46.288119924971774
34.36029437605684,41.65717217171786,42.25329255051062,40.73008464767523,45.7066714956415
34.23650103350998,41.686038695398494,42.45890518070394,40.49860081141552,45.7356292055913
34.4014081952391,41.31824347067559,42.40383491297463,40.42922591877764,45.5763599918107
34.53792400807567,41.08249316238304,42.42255121751708,40.96000536955646,45.26380142860608
34.56181445934676,41.60319075495702,42.64868512332806,41.12021895886321,44.76002352883112
35.0950711758112,41.56797900664675,42.57153023535325,41.20641354485815,44.87761205018417
34.72346398299484,41.226481156082336,42.5255695371239,40.99039957206952,45.12477577946786
34.608147057296705,41.17177475285682,42.55855055489731,41.32911972593817,45.08188370147965
34.384739425412995,41.25069129933377,42.575193010265046,41.42010604182425,45.01069237746719
33.954178788929696,41.04104597418771,43.0867488499712,41.48838075583029,45.23837375768949
33.9776395034442,41.27986819067222,42.87023759033096,41.43802469913648,45.490067943959225
33.83624953055819,41.374916288192345,43.00309405342079,41.384491627631895,45.22087109499924
33.629096319049665,41.23048953688346,43.24654523886047,41.489758734417705,44.83761736874516
33.41097157990969,41.12894313828331,42.72751238816543,41.19819838476995,44.693333131514414
33.48348665164256,41.18396702010635,42.53291358178996,41.11645871582999,44.75498816664133
33.696135030663456,41.122648055436414,42.39610616233547,40.77726560447782,44.6297696240474
34.176012896662726,41.07238179240323,42.84534606691804,40.77934852398701,44.50970565541564
34.44678509112803,41.121903630851286,42.94879324544085,40.89345872666081,43.82667679811845
34.90496529643912,40.658718914983695,43.121084279824935,41.07370157771541,44.11438147203759
34.954331067802954,40.591216447042704,43.25026653060563,40.81012239348548,44.41709284600286
34.30280118210873,40.61817196352932,43.351054002444016,40.611182235267314,44.228779990120586
34.057373377451384,40.42688571665108,43.43348006729684,40.49655924346879,44.40267053951919
34.146179816907015,40.63810952077039,43.38815046180347,40.16712663158072,44.15225538919385
33.880841861683955,40.25697791171366,43.24546434129746,40.097169898215554,44.91300938142139
34.432252235297625,40.16530607250712,43.16008445314225,40.24328455206192,45.08658388815888
34.37347169613799,40.2117425244379,43.03668777529074,40.55810344132372,44.86278734804903
34.239102983472925,39.85738262292162,43.24590250957573,40.57375922608549,44.83871157233914
34.36511242269724,39.78087531133392,43.8014546321184,40.1935734148386,44.57517272371037
34.39101522909867,39.5688842694736,43.847967721477865,40.46287814036364,44.86639985626661
34.07263680562339,39.82996910590345,44.11640681112914,40.15947903362724,44.768274156224514
34.12217127024362,39.60987377896279,44.04000710265072,40.13289117637914,44.61002730341666
34.00649253089296,39.64103996051316,44.046474837856856,39.95422049506712,45.0082061411656
34.151975241639015,39.58395880163814,44.25910418251769,40.31514748645563,45.03108066016417
34.26059859489696,39.433598897526224,44.37557912097598,40.526579705499664,44.534793084395226
34.19463842986521,38.94847068108916,44.400391553946776,40.44941335861402,44.13555725940879
33.95625317826214,38.68167720047711,44.533422238149846,40.31379357366146,44.213219814076496
34.14043194402669,38.13745801430466,44.60944878659701,40.3812519408968,44.16407471851617
34.21277080072273,37.64823321447635,44.66089228157515,40.40117609538435,44.19935871962091
34.043231189817945,37.07070316332086,44.9034301315256,40.97853060134969,44.30707774474097
34.12557432702524,36.76288555242823,44.98980886369712,41.30031571980352,44.14201807186856
34.26596125754544,36.78888894803864,45.08599304604165,41.68931064171581,44.32675978987003
34.25164992740831,36.63862985415994,45.10754443860844,41.58123005064622,44.30118488771343
34.66480763540758,36.732521285250286,45.34949957465958,41.770520969341874,43.97691587660299
34.265085606070855,36.85158877974704,45.74412448767585,41.757337770329045,44.13010784573622
34.535371836900794,36.98650511236033,45.69275255031511,41.91482709110287,44.00858286832256
34.73599434546545,37.16444377274789,45.87758618453215,42.00094136107328,44.02625573706432
34.85952592859893,36.95868956125898,45.52404921066747,41.8430700445474,44.184085585688
35.18826114840443,37.042841970081135,45.21940577629609,41.7313999159616,44.19752051943362
35.7729784971164,37.17668624640632,44.95565940052754,42.23829313460882,44.058450583495954
35.708608142257724,37.22170372417855,44.76094204031228,42.38141311157907,44.47672306310442
35.792265476337725,37.00994277471902,45.093284525684645,42.42360719989031,44.33152872216954
35.7874708412487,37.31881280449209,45.045579134218414,42.450777603092575,43.94439914931593
35.39795627019767,37.08889073449589,44.70809453212985,42.05074662688536,43.639361650624885
34.91310814041369,37.44367880994351,44.58768901515013,41.76062923969784,43.12657656380898
35.20094414475063,37.13158963608241,44.54243927977692,41.78712651180807,43.3422823141566
35.33243994725267,37.09688676253008,44.43507323269316,41.713256886764846,43.49600980949859
35.61495691731914,36.85182542709841,44.27116972512639,41.73776697562213,43.431388802624106
35.630674201799025,36.81725577632913,44.21907286998857,41.95977530042602,43.50790162942055
35.586816540452595,36.851926996176765,44.29832915555385,41.39386120791434,43.24999720692569
35.4660529469969,36.83321196403699,44.25747935647202,41.479217004656135,43.33782268573536
35.081877476587806,37.20239248865538,44.057313119070685,41.61915320527219,43.30456656639397
35.94210265982543,37.31729484319129,43.99539507408775,41.714568076397015,43.1230605905836
35.924378359737,37.12294303070161,44.07396534869034,41.50343597157112,43.19307679832141
36.3468564175202,36.97661416267762,43.48923975351227,41.15022530848358,43.35557827270716
36.09372218363866,36.90104606509434,43.46597809841261,41.49537268938361,43.40871005781917
36.24053988163984,36.76132513387982,43.48409698232303,41.101476359949096,43.31618248500966
36.117806298240346,36.7337267952404,43.32896897029208,41.30993846213301,42.8844523830281
35.62427341284907,36.458318163288574,43.08278463941919,41.29951619358943,42.698229318543305
34.98497704200309,36.73857683754926,43.08275482847303,40.8862071957103,42.25047875931533
35.04536034601005,36.44672023664883,43.19072927827203,40.67979181367196,42.25495015236883
34.85135214320332,36.1203693581765,43.26624945731407,40.52825707810907,42.46705818303708
35.17172872460448,35.73657303981061,43.65757221910216,40.76334632679914,42.56494133617667
35.05577121345222,35.780439738034616,43.90056400213257,40.85854780437134,42.74304753261791
34.772314778375566,36.09345178787864,44.12358094410252,41.03950994559365,42.10132173911641
34.7072531324536,35.77279693956197,44.3106809332254,40.77779048139217,42.084247089410674
34.60768113464316,35.52274231914875,44.29386923644209,40.775747606201264,42.23115130294397
34.66238910691528,35.50902450395654,44.12191866705464,40.97499382617063,42.22101534817869
34.26644647002588,35.53594099032719,43.84401120982066,40.98738367722363,41.97407174138255
34.38270353193137,35.38598183091195,43.5665316316941,41.00713911282153,41.669818792644
34.25638837731579,35.47219085275904,44.08545740130406,41.04488708749565,42.11356492312122
34.472608585895244,35.585092643162945,44.59971075813027,41.11918587941111,42.01202977573799
34.56803177481201,35.40056134999666,44.72849975385922,40.84440607256706,41.45892894656043
34.19564660288851,35.234709741378424,44.5718856570624,40.67595837543808,41.98122774756719
34.43245501076343,35.01780300840144,44.23564145981277,40.35327247884662,42.345995162938415
34.4336530100203,34.98911789991064,44.60630593501161,40.42293276772821,42.65848530319201
34.79796086608188,35.21727320190841,44.66373158417379,40.799879974293376,42.617595821337055
35.33188663341173,35.272898125407416,44.73718121780084,40.585321653725074,42.79996364930024
35.716063104779806,35.45956777348997,44.434421818268966,40.19278878704428,43.12477862299344
36.24290446046959,35.075941907659654,44.13968107102754,40.770118718738296,43.2243044859967
36.0484374120766,35.08519300025918,44.04862828148634,40.773717639034,43.36958044628251
35.61621943416675,35.02595162542448,43.99309482090058,40.6825242858348,43.33093410310738
35.50168036633927,35.10918079554044,43.42808807456175,40.76635878821205,42.95773623618639
35.37846784553373,34.97224227227797,43.366147698203456,41.126024251118345,43.02682080906364
35.07163937495022,35.00299212177839,43.43689330080421,41.27024440626283,42.76436289315871
34.92073087853197,35.3038457341617,43.28419971664505,41.09766283193753,42.58823032937528
34.63208271644274,35.37309531170956,43.05733437143165,40.93078003511171,42.973498397477705
34.93241609709858,35.37221867938395,43.2182180622884,41.05111638511448,43.169985553215845
34.70125665960975,35.32984945263271,43.51648024641233,41.45856932273493,43.46098084713756
34.54555832629209,35.402028838130136,43.609421800634685,41.53836716527739,43.00998212188448
34.49007162657911,35.27101691842475,44.03213962209512,41.49093432662537,42.88271192907551
34.37835600851997,35.67932167302732,44.47057177353937,41.17193988781296,42.8126026784498
34.51713554439124,35.730275893968006,44.8044302297415,41.02554194663219,42.52132189928757
34.68946548965851,36.12927263871697,44.37184449633056,41.0371028660331,42.418449199866565
34.30429149301169,36.15934243610367,44.57447076777326,40.68637808644353,42.29132640984156
34.01167626727209,36.6513035058488,44.952631664944654,40.61398532050283,41.9533349485667
33.799283317809405,36.88770068988176,45.18668421035838,40.39061109363544,41.75427622897534
34.00598642424714,36.716415960207456,44.953596968848274,40.50446576283477,41.524940061018434
34.045781370325294,36.80833565702924,45.06901371448965,40.68003625441545,41.53481399722489
34.34784821773035,36.45733171679464,45.231865308850814,40.63617345192458,41.27836611733696
34.41613428789582,36.46073830504029,44.930060709253176,40.80910653800584,41.11990289571354
34.710526849198835,36.63476893983097,44.762586658397545,41.13190495610107,40.93624550370392
34.63154386246519,36.92033544982311,44.50136163312483,41.52859852115336,40.518680497400375
34.56695315700467,37.41429996282815,44.05193219292952,41.25598757987156,40.20500919088339
34.58939896999254,37.53128419328064,43.84372766804301,41.12898652520951,40.20393309119218
34.24311146438448,37.64341374358978,43.34772743014866,40.74864451020167,40.07614453300848
33.95185355560236,37.483613019229296,43.3134726796786,40.528617665564994,40.34020817718213
34.1582739017365,37.462129090975886,43.50152857823359,40.546593447309874,40.51417267201732
34.2408248951429,37.30768611252319,43.8356627801263,40.71819498791257,40.66653817551531
34.492514696108195,37.27144969849705,43.911177032802165,40.62626496411787,40.70395477259821
34.614617568376445,37.07670407011177,43.88433797660969,40.555375130026825,41.08428229259612
34.87734154323907,37.26585867722622,43.65034223696478,40.7073348961729,41.0042830462447
34.85021771678264,37.21989171141898,43.65474605936613,40.64725666219441,41.379482247610376
35.010046455967405,37.4185555040028,43.68709444185585,40.55971855381404,41.089485714435874
34.9429348198916,37.40032802010749,43.76694335369218,40.42763004390668,40.82416222623344
34.71058935971538,37.41250659600896,43.634934424424415,40.35887749104294,40.86396247491769
34.72374612309755,37.70372453443308,43.576711229585705,40.69015327429892,40.87008111875181
34.52674169022915,37.4669934779593,43.05392877705527,40.59188948105973,40.60018183832074
34.42314029616868,37.62188876008319,43.033214407328224,40.788262646977074,40.5276528657448
34.245181581726754,37.53632180172629,43.22857405882446,41.0085015521521,40.43729029994456
34.054528379131,37.75591632219934,43.25474954764493,40.48377566116115,40.520211362619854
34.01723194535956,37.48453789191941,43.08473386183072,40.20448004192624,40.31987761320891
33.81305718285421,37.920300114736825,43.21303236075004,40.19425758571688,40.08924085973917
33.73173415242488,37.88623236658076,43.393931301960656,40.23720802675568,39.852987878832536
33.88448268398268,37.687239253021616,43.342263830121816,40.452533152743726,39.67279227988097
33.7996144238506,37.614929031529016,43.52167031880208,40.46648717332295,39.47604647533117
33.563214677789254,38.0536323516199,43.85231849756565,40.171704984387645,39.66620118608853
33.52442657910619,38.13153687613086,43.46760508074027,40.04719214246841,39.487963927463454
33.556551473970465,38.47010222173864,43.60851986502748,40.07339028994949,39.645133731455765
33.65579524946474,38.79703652932675,43.58360717496141,40.15375120915208,39.31735267161314
33.80953407818885,38.60635103462802,43.30999592063607,40.49126601666536,39.238847799996776
34.126266916269415,38.81712486813024,43.01668600337919,40.18170822950963,39.149451630760815
34.377131502051085,39.18363624875903,42.98081214286392,40.27484149784605,39.42219400635879
34.73604647254991,39.32428575620774,42.442638756999926,40.53668941468898,39.86236909553376
34.74601049642691,39.149979636230185,42.59862430853378,40.3863981744887,40.0883939742494
34.619433985086374,39.13099940195695,42.69304362618971,40.47568209328508,40.21680970811273
34.73583940126777,39.02744666388993,42.63366312917447,40.6326892969602,40.383696929094
34.50746251047382,38.87915015388753,42.78206365516144,40.72275262426898,40.05199301341841
34.16480209539975,39.0057435707418,42.923260181417625,40.70947148992891,39.59992207326825
33.922768405595015,39.09797330819856,43.39622377500565,41.2160408611446,38.98080563597047
33.786662166647474,39.346143740801416,43.23129012813055,41.43608826542681,39.177856125608685
33.967101171423586,39.15894129806539,43.066547652593215,41.56288503257394,39.002648328614
34.25859403510356,39.1244263259545,43.15126895615492,41.46121155470171,39.18659116296725
34.40245199420083,39.41807952788253,43.5122950391479,41.43635785448111,39.45132549152248
34.25055592622909,39.56083581860654,43.294286151262696,40.98374518215877,39.60074492318956
34.195524318749705,39.65247450827823,43.36123300941031,41.34905773689631,40.069489646686414
34.114225042948185,39.71610886749079,43.3476679060731,41.52498793190499,40.30718834377089
33.99530882250708,39.58895454028971,43.39717267397667,41.51023475416626,40.501093340172034
34.081954149793646,39.57157484229897,43.52253530997666,41.34940521214913,40.196513099710096
33.806512351073536,39.48028786408268,43.7714480340589,41.39388787613368,40.014133193692366
33.85532594067108,39.48240762739351,43.79342726065544,41.04338361520597,40.03610197834497
34.02109769749383,39.410791028675376,43.74811028314198,40.73193672861054,40.28687769773582
34.04341815909619,39.364525318322286,43.66862205106742,40.22324698020158,40.15376474760639
33.85175764012182,39.09811278350561,43.79837865621134,40.143417375084695,40.64646910960212
33.97123113547534,38.84196457217039,43.95716814799073,40.2550319903967,41.03670683374794
34.158974608888535,38.8155943882547,43.9820009009417,40.239372244947646,41.12639906509743
34.13078615705278,38.98724207450556,43.96403073451667,40.71534155457794,40.99898427720892
34.01051714335453,39.47847323921026,43.9766319005704,40.67644580330992,40.88476681616045
33.98022808784021,39.61016358663844,43.58787134569531,40.769014150843056,41.46947171334003
33.92695077397647,39.74749599626943,43.26458744897246,41.17791409122775,41.74315870532902
33.782492879127155,39.86384390615365,43.33362428088533,40.87534384495476,41.935395958136965
33.93005182512435,39.693734942011226,43.61727140523416,40.90873103115735,42.30624958240103
34.292679689698865,39.65000794077344,43.965000194946974,40.27658108594196,42.00751131412668
34.46375620494779,39.62451594150229,43.755264862006975,40.10913435158815,41.95933489035317
34.60134408344041,39.77745294554286,44.23062756759176,40.017541877834645,42.10659871026117
34.82511595294215,39.80041766233485,43.83288346043543,40.171481205416846,42.27319588468585
34.697179638790736,39.58867829366608,43.92549149046554,40.083377422863634,42.63751621741218
34.47781305726057,39.63107073486656,44.135495060766566,40.08419291977183,42.79160506596244
34.506067392518204,39.53805607760091,44.35037301312281,40.23649125263402,42.90310182822056
34.46522961202277,39.31893729735894,44.25407682720101,40.49695704699358,42.695456804907046
34.709632613351495,39.13404308002576,44.354244910695776,40.61724186631844,42.68887159186407
34.17295014095455,39.39496593865288,44.11676188671496,40.64428086526512,42.24669263997792
34.57658393193289,39.424397014689305,44.21666846760058,40.69565631571568,42.26199311871354
34.86442667217946,39.348229663578,44.84600467842642,40.6336854688277,41.73747339881516
35.08568814766339,39.30967413479921,44.81980182475579,40.6170602753009,41.60027619697934
35.25875664347992,38.98213654449889,44.85124228103332,40.71570451200267,41.68310912574085
35.27646894315452,38.41510942737223,44.763933424025474,40.56371624798516,41.85416062949768
35.59909227041696,37.91516857910882,44.75298545745178,40.30817158224704,41.99290009361669
35.705834090758266,37.811264538663416,44.61524775088227,40.48096105720695,42.15084093589355
35.7675188368914,37.62111508070926,44.84460158145424,40.50637028882758,42.29064973002534
35.64009104098701,37.45852869313176,44.91487466834185,40.630318823703725,42.09149724118356
35.987933011624435,37.09268109947581,44.771787032962834,40.75644337433923,42.20965841678212
35.96740709402248,37.066148526077846,44.771484673119495,40.707137886879984,42.45332175451343
35.47026818970836,37.04289181999332,44.65772511205632,40.79893558230748,42.73188666760324
35.527930066036845,37.08656841276908,44.82880961240345,40.82482482928444,42.77021927209271
35.61473714063807,36.85602222186538,45.105891436308085,40.98808503768976,42.73939795894197
35.28437668934713,36.76694354109024,44.83820919200818,40.5698598780091,42.89274149240271
35.48509851480202,36.66896908781219,45.03811689574402,40.49761421611631,42.71042692828734
35.42400634142615,36.69888996565134,44.68530738584269,40.034312883065006,42.606106202546805
35.65877582271688,36.63015214638713,44.18719964402936,39.9126905938498,42.536392427386566
36.142027727457446,36.68796738948091,44.04222625285024,39.937409060844566,42.55304595738614
36.393311547394255,36.34661063530801,44.019477925586365,39.49764126062299,42.74948348936556
36.4943476829302,35.9537587098352,43.89753732552355,39.4367150694463,42.71866973812664
36.278437280669074,35.92647903007593,43.44549469987653,39.44157361145593,42.62883048507677
36.51141808104576,35.92630013497261,43.01548617844299,39.22599829670582,42.261604726275074
36.41485330735739,35.70379100004182,43.00222354548946,39.229633860428166,42.35322402467932
36.131070926997126,35.74247099935823,43.14511255532143,39.36901063167558,42.43791064674749
36.32896107364681,35.5727883500465,43.34173893738885,39.5785191686646,42.33247112989916
36.3342375668999,35.67526656137202,43.59789697625145,39.941212734930666,42.44935542186458
36.306329499978254,35.84374266061026,43.458547542548594,39.87964786650419,42.19129587852253
36.00538632142833,35.79334209000653,43.40188946091231,40.2363627939993,42.25441256716931
36.08939683552004,35.77691397969669,43.52515310774158,40.69801278178628,42.76252835905132
35.855466074279185,36.099433225427966,43.45073660469808,40.82795348817104,42.83042764297872
35.86626469845436,36.02857106858404,43.649781698509855,40.83487751012863,43.04663752262549
36.10353757044232,36.14695114838754,43.24981647712194,40.78383615139177,43.326124103071855
36.356876321308114,36.05095182426194,43.13356462538993,40.88313257577286,43.37578065483007
36.716458653127695,35.849476238419655,43.36836156898097,40.598668458181855,43.43301910260632
36.77972809355317,35.78438321509042,43.16216402841447,40.72626357529788,43.16125226341341
36.750192146899096,35.72654287368472,43.31356329506235,40.2472514342112,42.89063442703932
37.01551318714945,35.6700289825925,43.0704047545096,40.44710001433865,43.208205704864135
36.70259406780937,35.77206107179254,42.921451671092136,40.3733436007882,43.35108305608974
36.563640136907686,35.90032161619679,43.31163799503072,40.16421620687404,43.403540973144345
36.534484952761936,35.767475469205266,43.26203948473939,40.26243320944223,43.65166032682403
36.62507143304175,35.397165858754825,43.06533512233235,40.517266768349735,43.790882514168096
36.98969510803172,35.13356126987352,43.04632720067573,40.51736918614099,43.48384161508662
36.6512609079009,35.35649941369987,43.22474197121703,40.56033057091277,43.66108323010099
36.79798730857528,35.57595299964223,42.98706053470436,40.78848251587207,43.42084111536198
36.65246548897369,35.59345893658739,43.05524987463694,40.33921365672557,43.50304497019747
36.14792014138017,35.558161561425344,43.02888839856489,40.099907372065616,43.699873158169225
36.37035301861162,35.834586275473015,43.19254133434372,39.75122351980559,43.303523990576
36.31738818228122,36.02400869613616,42.93810781128124,39.69519309249569,43.39300822447535
36.05813143376927,35.46887803716436,42.481755225776425,39.36211748165817,43.31588875526105
36.57711721367122,35.674986590128185,42.5114438214498,39.1229288325784,43.44230574468253
36.14131701576379,35.74318969384243,42.5610731551099,39.151851542514855,43.58352489728316
35.58100843787959,35.715610918395114,42.65306154920947,39.01895113151679,43.37809525198522
35.545839846828315,35.83012314390904,42.8236207944483,38.699918803419806,43.23375161134012
35.68708044486011,36.03324776433403,43.00191703509198,38.37605990851465,43.050111474010926
36.17040956603072,35.98049926146069,43.27881051214325,38.38172854973274,42.692012813937936
36.18953216698232,35.860957285398825,42.89607338995377,38.35379459323552,42.08386820424984
36.17986781893608,35.79819822240604,42.907172361367934,38.8078277306906,41.6541455771
36.259947167582304,35.79170761866763,43.00337784608221,38.860363622215786,41.748864269237984
36.43003276479877,35.6960569019728,42.94601176134058,38.79499944129528,41.64932837215245
36.62092708517516,36.103798051681686,42.87569346051098,38.883615306933386,41.93931281478312
36.7263630527905,36.29936160624052,43.057358846361296,38.729540909365525,42.16982627443913
36.76039129412505,36.31611534428414,43.12301791460909,38.40007710611098,42.47915812816177
36.60945827911706,36.60555301060593,43.07976049639503,38.27900264006514,42.40774823056099
36.91673777496227,36.8369773552893,42.78739119131927,37.75501454410702,42.04413838126624
37.0789987973857,36.840155120114,42.46980000472201,37.86876056970984,41.98143204844448
37.34268667294931,36.99149980416611,42.79826561457167,38.01494147349358,41.50995229894053
37.0954238446222,36.917042440195,43.14986667058292,37.94044552595811,42.01376239380247
37.23561209780382,37.0043979422835,43.07670146094741,38.30595987582424,41.93434173271015
36.707383891732135,37.00357606656438,43.46211467258681,39.06822196766343,42.2449457300177
36.17132256791616,36.86899023790878,43.28202452689616,39.42779940239488,42.487634200229984
35.8392405199599,36.62206507796764,43.40842658541034,39.29912246081677,42.38500783060649
35.61478020191903,36.37502453619695,43.69285672523258,39.16943486910903,42.046244298893214
35.55326060709854,36.16064387743254,43.5925565796272,39.22004336098211,42.088250477393785
36.01828306373904,36.30061967006768,43.45735363310766,38.98521592473976,41.709914409737074
36.443321354646415,35.99234923366576,43.4283564621983,39.09147209572549,41.688400885853945
36.76119627159281,35.99740567370621,43.4186888706855,39.19897639804825,41.63786713026717
36.32121236401272,35.62026720486815,43.43620501750933,39.45302342422744,41.82952241540863
36.18426754954362,35.5258019443228,43.20100800536385,39.28344140255224,41.62933526463771
35.89450298098418,36.04054142178312,42.95958230263025,39.27049956805704,41.53886461847042
36.11083048676574,35.971145230213146,42.716643062835296,39.19192121334295,41.48308370402624
36.16719137289214,35.99793398603825,42.97849911244872,39.1710040024552,42.09794786285725
35.92044329672035,36.2019596470873,43.054576527433056,39.28084790297529,41.6958702564208
36.07086786480206,36.65066068591205,42.84464087383477,39.30259779368111,41.47241602180995
35.90372058119293,36.82782645870373,42.86788030465134,39.65966118130195,41.10848967222523
36.250757150566905,36.88933006676406,43.13169661116688,39.75270316630254,41.39769906737595
36.05452692876717,37.001467659236255,43.15611987183237,39.84027494724643,41.711096328410704
36.174123722184845,37.14739745977116,42.92970643422545,40.00179465710151,41.85813679929117
36.14036942990476,37.05163207412922,43.16826614502397,39.96984302961999,41.73636629484259
36.53718846415379,36.799851379481865,42.849729625726425,40.05937668030128,41.85749515670913
36.745975412045055,36.648286647346616,42.6092686189988,40.43983763191802,41.87696870880048
37.334835640927466,36.91837087261583,42.39286162646402,40.30552742125087,41.70523259112439
37.482547480750505,37.11308041075461,42.362590586467526,40.82979526863218,41.30301329640204
37.54652664769665,36.956268163815785,42.5194891339544,40.524978727001375,41.13353457804438
37.13672369433211,36.92049146234917,42.49198233960443,40.52800317245907,41.202559611562336
36.89864831187625,37.131301876708974,42.18060598452112,40.42124468130235,41.11021737528107
37.05680429168656,36.94537189128444,42.23291978388045,40.25275258259479,41.03791510152109
37.090302776907286,37.050585164962165,42.41596513651714,40.22530286183467,40.64573752380807
36.81346777150408,36.6053485956008,42.57682615322416,39.82630238733384,40.36771645720327
36.82818031093804,36.92969376167467,42.6284632778573,39.84466109069477,40.34215547843378
36.89954440396566,37.30287410902167,42.53568787151894,39.785430184165705,40.42287138650872
37.101544389662216,37.22771662002063,42.80059883889158,39.64255546983791,40.667316644151775
36.7686714463898,37.06596206514693,42.5948879018968,39.52837458243209,40.66535021076479
36.72384390954514,36.91435320498269,42.3461472080085,39.38041178478468,40.72113814948137
36.35458466362775,36.82007719213157,42.50584894976679,39.12503252052554,41.02887994666321
36.71027254650195,36.98709146260853,42.23724404779264,38.87337444170624,40.72543695553161
36.70015529756029,36.94154762807825,42.3993085165864,38.54839141547156,40.33971058321684
36.41844338359618,36.97309949078438,42.5391261770148,38.44451986736561,40.608046962868414
36.81601250007021,37.31586543648885,41.94567537100057,38.65599733153492,40.346863451513705
36.663451509531406,37.336032703154615,42.24963599591856,38.770633276502274,40.11978277539275
36.90851152969054,37.25272104483098,41.83896610516205,38.62816717871755,40.071539861177456
37.206519506336406,37.06782139773472,41.73230482165337,38.49332596362471,40.21060767645629
36.49880118791221,37.34062398455762,41.739486852563694,38.09910119395855,40.32371005283012
36.426607503290455,37.11228952605923,41.94065512363599,38.16779525246408,40.47272375569739
36.27808755234194,37.037641614014,42.184304200869306,38.23763600065549,40.40435646865561
36.29149984749351,37.01941144281136,42.32900989653204,38.17313337586837,40.795953105392215
36.21012611664312,36.71407143826335,42.35148263829996,38.47454247622068,40.59680109852472
35.967180111531576,36.73433756647498,42.53387856139327,38.14825300331855,40.257202630527104
35.87250271363538,36.737610461811656,42.8447279633677,38.28982121267621,40.37187028345411
35.57208680297251,37.09283280144026,42.703948764324,38.419051408030334,40.169607192838754
35.76993201409562,37.24411073044471,43.00832745559806,38.67460094492433,40.17664920659074
35.9604025246692,37.52799394553406,42.80823314383085,38.55857546654498,40.29957236680416
35.840636262061736,37.48620451632359,42.93947190640652,38.56407627688184,40.39839251181804
35.48264871727511,37.58869439717641,43.15960062523287,38.61882533775129,40.41717043061107
35.35102219304708,37.762302660898726,42.998018859179055,38.25013966740937,40.503302540564505
35.391961564872354,37.70317750832884,42.589948037713874,38.38603093740157,40.67970190331809
35.286203279145575,37.36881147052875,42.626097570051,37.81216199049301,40.86324252500444
35.18961368581335,36.90913466760072,42.51982431070926,38.10643152499846,41.074010991502064
35.40459708564946,36.71716031649878,42.45074951114524,38.13301631707631,40.76577647965636
35.38730765698956,36.81062173632637,42.45725168076451,37.817610057333575,40.81572743571926
35.4337315838176,36.54852484613623,41.85417386783217,37.92287838635797,40.95294031589032
35.57944881516228,36.54771577834026,41.74790961230897,37.65513286746671,41.18852012789858
35.546070394021854,36.45007071899547,41.99988822932529,37.80397892891268,41.22203236972018
35.49743978087052,36.6970047781974,41.84351819365916,38.22218378273067,41.62198647050162
35.49897216512292,36.22466550173715,41.70456209319296,37.94497154212889,42.16747344124688
35.35577482449404,36.02293995612328,41.65283806905787,37.83854708585589,41.92433345740368
35.79192450271615,35.65418472234644,41.99868163629572,37.69802893530772,41.792875554707045
35.94925826448743,36.16934997633521,42.10853947855073,38.1786425138918,41.78708418807225
35.77548168115865,35.938085323603,41.811167299165845,38.13211070252276,41.69568129706239
35.88120988558701,36.29879192075135,42.149926320986594,38.1965427504684,41.47290320090817
35.881173760016146,36.44619858515584,41.90523324019012,38.41374210420866,41.3503003322468
36.14996984176774,36.674250705501386,41.62233840582944,38.46520658082479,41.177162084548826
36.50243584409191,36.749300451397545,41.53467157421158,38.45604553313445,40.66520329658964
36.66670434951581,36.69730724694802,41.523734276633554,38.38957853830066,40.45079078169501
36.65058016421408,36.78687019299836,41.322927390900745,38.197838121766495,40.621665000408704
35.89321339665123,37.09375796410514,41.733992137600566,38.25631685237655,40.35572492419474
35.34338329607272,37.19116557114293,41.68906268622739,38.243097341110094,39.87692366170764
35.42449323341963,37.444286998170426,41.474818569966736,38.16519176424731,39.83513851398042
35.95971727501565,37.365282075779625,41.64743958605752,37.87292522719924,39.65163894637981
35.857015028766384,37.75143079050791,41.90009756709902,37.7192593567343,39.51504607921718
35.24519385074375,37.641174978312726,42.15151457692232,37.799882074454,39.35735568286898
34.63481900787789,37.70351248704892,42.08256048630346,37.61155028547074,39.349254421329135
34.62487150894033,37.89078221918668,42.29274040406892,37.14951399657261,39.62621013213949
34.431727081278474,37.81351126262372,42.21041520634854,37.24293352018709,39.68853633276705
34.32568897162507,37.67530039857148,42.02409898218895,37.47014437572517,39.68804430949248
34.04942458472203,37.849107255954,41.8876855041438,37.49892742074313,39.66395368983508
33.72801998108794,37.75392863113584,41.815097660775386,37.623511189450646,39.68911215252366
33.744782044524264,37.56620375588295,41.76952831860663,37.36652687789844,40.01602474669095
34.11825469780261,37.33098946217305,41.70103870620801,37.227098210741005,40.29120688942558
34.10436747874708,37.69190901141481,42.0119706647113,37.35861054265257,40.25960377010821
34.05800649757925,37.80909073897353,41.52297518383357,37.46121430704128,39.90970608839919
34.1387634277433,37.7004817356941,41.0931429192012,37.62985474843418,40.104159136470585
34.2380189519941,37.925467574625706,41.10384187690951,37.534890589599925,39.9640681831137
34.032849669265104,37.87191706175994,41.150318524431206,37.35841882688236,40.20349733702446
33.872723813962885,37.500611108121234,41.136756118708206,38.01574285473644,40.38469691327765
34.47841165557855,37.27800670136053,41.23707954851586,37.97829652673677,40.58083646820669
34.56202002814592,37.31829977526493,41.124157388211664,38.21939616756008,40.6537189798603
34.54150563716043,37.57593908460592,41.32168961678686,38.46796026057094,40.6750843251831
34.20981356887261,37.406644362251896,41.38299092575845,38.31578002870982,41.06680058079687
34.535231824808626,37.25857807793063,41.345917470633566,38.55540922178232,41.47696044019673
33.93808562336985,37.218815883590366,40.68633668591938,38.42090949066807,41.78456666916287
33.848719031765086,37.007775331228245,40.527104015965485,38.565992229249765,41.534811971204434
33.71226407937486,37.35921493488236,40.71385754743637,39.04668780121101,41.4637170771641
33.80627524168542,37.705154803398166,41.02887440097893,39.10356072636471,42.12691594960951
33.92753720475912,37.82967012982881,41.26934546367436,39.01364615910447,42.663687546607285
33.966634247925164,37.94341981027071,41.32218432811131,39.186108134602605,42.79822857163123
33.945434040219574,38.080248901415175,41.23610089619185,39.09955155833012,42.93102208598331
34.01706226723107,37.91420149924455,41.28831028464042,39.08892930601312,43.58461725963548
33.82173336098291,38.00967565208852,41.36351398862301,38.71324961711809,44.035467753915086
33.87714603037478,37.94272805074024,41.26564567328578,38.60071767849437,44.04563286201108
33.756334863729265,37.53695486488439,41.25921139581797,38.923889104529536,44.00882514004801
33.57547553438095,37.48844764124824,41.103769002992834,39.069781417556506,44.04697937433646
33.541725367356335,37.639126715681634,41.342012629768014,38.95019632843341,44.0458835084861
33.46635412490278,37.68496818144798,41.45927707887413,38.95278600995034,44.11248356348
33.211451330631874,37.9682915848914,41.22455392800378,38.682873289891766,44.69839258505813
33.282275950988186,38.07961407113135,41.5626932147009,38.48166110831815,45.14478782836572
33.26392785489298,37.65448100755976,41.90908646470618,38.29692387390279,45.37158795001808
33.266370270959314,38.02941409044087,41.80250560151224,37.97247514812372,45.19520227559101
32.92415401312823,38.00304654406708,41.56838648406665,38.05708211414942,44.95623416036305
32.5377329727499,38.52338304988959,41.625147898673006,37.82365962337908,44.56395077914035
32.257239884878295,39.11187651120795,41.43716374394397,37.73021616568857,44.35377435734084
32.27757639768221,39.21285065942195,41.37935581397045,37.66749046865562,44.01279968864915
32.149471550014056,39.22633084861253,41.39828156640087,37.49493251226451,43.9621787759014
31.722595990405765,39.71720468420026,41.77018376305694,37.94630606864365,43.93749560307973
32.00603596186521,39.4939715159941,41.57713834222759,38.0922069615748,44.13473993343938
32.45116063426644,39.22411884618213,41.23703232584861,38.14146324079015,44.13432654275197
32.247774764572405,39.29556301600349,41.18617283613215,37.97861184940013,44.02743490438184
32.36574731954582,39.30152578705062,41.85093378273597,37.95454115687291,44.09786361417001
32.54134652401239,39.37504588177353,42.01697881136716,37.96011941458856,44.17754984579317
32.55127679957764,39.33593987090904,42.18426279449437,37.62788197300324,44.3004046613573
32.78704460533941,39.27051531491672,42.42113182002859,37.7699030442906,43.86065756408247
32.86017607070264,39.46370304450717,42.53677195536998,38.32887563906041,44.17053430650223
32.82764231764933,39.28023950179845,42.58176282848349,38.05908993952982,44.12546653916503
32.71734442732561,39.10206300953575,42.43826263384713,38.08350276953232,44.25896251273093
33.02985843673293,39.14660606533294,42.24130373021444,38.13576088737653,44.24042581912784
32.95270683902732,39.47116485449157,42.40146425678204,37.54435361908328,44.16830575830312
32.64731138716896,39.13517453900281,42.18955195398809,37.7243935418015,44.53454043928517
32.126072421850715,38.79445245048298,42.37795367029045,38.03078540337911,44.21158838214269
31.836737308043723,38.741236198443765,42.614382044389664,37.800384752620246,44.2103594073543
31.95635880878031,38.8430913693724,42.452359715519655,37.47865062112349,44.22547327937094
32.153124260404624,38.67652210009664,42.165748493190826,37.74231168324427,43.95094635315191
32.275008571818766,38.457635571074455,42.169178222421735,38.08160013264979,43.44832038695856
31.97840108226621,38.54013374233728,42.25446024369349,37.84066922202957,43.345692959936684
32.05959068782451,38.53200128135076,42.019984470563024,37.67727595193552,42.8976240546348
31.919987448379253,38.45430064620936,41.80297350924286,37.66192837999992,42.58548075766052
31.91399140988132,38.20211590945146,41.630033119255216,37.98214890809408,41.95765560964748
31.65849152067776,38.13080203209832,41.242233064969895,37.61017212482707,41.56829614922316
31.271432980409383,38.25210261289137,41.203460510282895,37.72187491226804,41.51324683514948
31.278726785035023,38.55163211636107,41.29216009238904,37.5231744968436,41.229827270388846
31.05893838428865,38.7697726757199,41.11090064530261,37.588019450039546,41.039410285187074
30.73122998895471,38.46031342061666,40.98399577950845,37.5065782113796,40.88103210232154
30.830821881185503,38.26921876126907,40.99988541915435,37.46842890535056,41.18010002121974
30.77746794813325,38.36879420492495,40.89818387736034,37.14601811612871,40.86003348010184
31.00149322724882,38.52502482246144,40.83947109301516,37.54515493858477,40.87387890857117
30.949713815642397,38.55581150594666,40.61563693315502,37.42380795855824,40.87843344693351
31.2361233553146,38.28988681785087,40.73578366136789,37.53707209180535,40.91189814951248
31.17148937582906,38.17271072380867,40.65659524959391,37.376518986922456,40.9335612522007
31.08479519918549,37.93265917930283,40.38009025605741,37.71039556342082,40.85951044915922
30.730317429764096,38.128563655491966,40.214743192913375,37.243671860807794,40.568607578733726
30.42375942043393,37.96721014772294,40.40333424586181,37.08143931064292,40.307488180862784
30.270294205497503,37.77827895788906,40.367197211682175,36.807677641435816,40.122455015230585
30.030813924972243,37.76398923745184,40.06492325346901,36.969109394288544,39.490701107040834
29.94983786350984,37.41618402303379,39.8638665108136,36.831483954779,39.425129392169424
30.347414705127104,37.191079544894464,39.71223805899604,37.11202062725906,39.44565948671195
30.09868551423349,37.040155652320735,39.96381528804385,36.83501999090874,39.47579855728841
29.957911763023613,37.00570043663207,39.48319200317501,36.96304802899524,39.62498107277664
29.892793551384973,37.29265513775445,39.56768924530078,37.05337420728122,39.95791234609136
30.13125894870432,36.98795445839051,39.79002055712644,37.18729377688104,39.71919297975671
29.985748409552667,37.175812123296986,39.699808621157445,37.27406893664033,39.49263028612642
29.735053709497983,36.630365934761215,40.10503643368934,37.519509125011645,39.768639348239695
29.81896716729265,36.36993439993797,39.96397519621616,37.39199274547354,39.72479614376096
29.7816439690618,36.32437061921077,40.10526680425205,37.18755602117334,39.656908634554696
29.716250614694918,36.133049736275645,39.99501165571955,37.04548006686044,39.72383213674649
29.7473114899468,36.22309868787033,40.00625351823068,37.19144131439872,39.83900560085873
29.696391055866343,36.031165035544895,40.15365496562294,37.192094387325504,39.54854285399633
29.780502117512643,36.06858607100836,40.21571908831998,37.12767823138894,39.346935408613255
29.53034552436237,35.7991497343356,40.18482714203362,36.7737447927426,39.26984673322366
29.29031900170581,35.842034182640674,40.600868973805554,36.36608497485751,39.28053769394451
29.12109274161369,35.52510062458449,40.61439119936578,36.72780526081545,39.11826191559685
28.82720325761673,35.4441092103641,40.41986977971047,36.78536180489146,39.096795172491404
28.69893270066619,35.14772575406004,40.42235208141671,36.51669955046374,39.04185011241295
28.7825041335664,34.91222692945661,40.55377294460195,36.85226668531595,39.17145732012624
28.940223900169773,34.573909867816745,40.66978483574959,37.01995160758732,39.05048809881364
29.10880614925997,34.453490094594095,40.54081269390847,37.44046392018936,39.20669473647688
29.049909707992143,34.48927429648764,40.570264970748624,37.20566664199315,39.38754057023935
29.27028845931905,34.53036246496675,40.85674214270857,37.31419359513316,38.96431528335141
29.25415084081131,34.298193173684105,40.85029159677562,37.0107824215087,38.97605243040905
28.94191432231374,34.46153339300068,40.486849114042826,37.12159392688027,39.068580841713526
29.10844299276915,34.33203133827333,40.302759170838975,36.99684129956096,39.5469281122655
29.064976712263235,34.36426986987582,40.29548328950644,37.227919538903,39.6432545885115
29.136827699599632,34.74239577417511,40.77837491769999,37.56516305079396,39.73820732234777
29.041263903834075,34.837736685241545,40.96481405377124,37.58602606744783,39.85759529942625
28.637213012858336,34.97688148663523,41.02204159693928,37.664865695146105,39.535884441137256
28.775678605130828,34.87297394228772,40.94294303238411,37.45328953854374,39.326728952690274
28.79873557492861,34.76777288250449,41.27126338157383,37.72422247917166,38.95596379618616
28.808915745130346,34.75412294248736,41.2594486620016,37.75927602707669,38.802259254325264
29.10911992614171,35.19911436826588,41.34188976619173,37.62528276163218,38.62460261817353
29.255411594854536,35.1936563842092,41.34049396365767,37.19961683970919,38.7536470537501
29.255567567372204,35.31274000433772,41.42091766744643,37.58947244299029,38.73878059519392
29.02065752000405,35.76048354170689,41.527704135765,37.619928197282505,38.55416937348048
29.30803184654491,35.89176632301303,41.50241756015545,37.609971451661984,38.66743135552972
29.178729876796428,36.02912736936205,41.231770877544,37.56350287669317,38.94642972639904
29.13416589484744,36.19222546771109,41.38640325422821,37.66729916796559,39.22266592756016
29.109268201875707,35.98738128116487,41.589467699936144,37.98318831355128,39.49417910898213
29.059240419371257,36.27094649046879,41.33749055884401,38.0488963681204,39.33232970908491
29.16830529812437,36.62334748974593,41.59980708165224,37.52812034617331,39.32071656183595
29.192919724319417,36.64300548299871,41.90258123224774,37.587960841178194,39.13737484708314
29.062153966223047,36.52582933537987,41.91527422608392,37.74989016897989,39.08591229774306
29.24582533752836,36.30216639876574,42.03199578901696,37.78831560529901,39.04365237736278
29.123968991778,36.17541384537211,41.9725982166188,37.584171054829234,39.050320489374165
28.99817706538529,36.05950518181363,41.91537178369643,37.484029135731966,38.768327796598165
28.802849980450997,36.002649330519525,42.01797101458873,37.57819537009745,39.06822584667051
28.642820948958683,35.86104548408162,42.2110394362496,37.776568878728405,38.53909763642451
28.818813044473647,35.75610238027824,42.21147050269257,38.07929087531112,38.41380813698764
28.764111177266106,35.50920776769891,42.09737230841631,37.65559012130421,38.23457564368126
28.55465086955352,35.90913141454923,42.29822969026277,37.952618504297504,38.4138366779744
28.686637251117656,35.70713550699775,42.28967945775999,37.679635204052666,38.39100379784779
28.57539663484602,35.74609715146464,42.08077974918319,37.73652316998972,38.71079837584616
28.773760567910216,35.741206257511,42.00221520749063,37.99858035232206,38.21086824090165
28.46504261758673,35.626805145882194,41.62547364995967,37.84741065926941,37.95535831079106
28.28925828825757,35.77331099443647,41.62628069197813,38.256580868837226,37.81615546172343
28.16959479441378,35.70371365317753,41.54004294317793,38.33948516291815,37.72168168063855
28.54566902427608,35.69425747695372,41.60872193601404,38.632367115903854,37.67860638176701
28.778589938952244,35.866339328662946,40.98555042506295,38.483505155018726,37.63045278813367
28.707209283384703,35.8589391052385,40.82727508220005,38.51712327545689,37.49916643956779
28.67710020567277,35.82207098996268,40.91733316986684,38.79073704074747,37.94795129806227
29.20515927196888,36.19786792837856,40.406179229251535,39.42750571165223,38.1431663141657
29.38742404577709,36.20496169891498,40.33878928304974,39.17410369648314,38.01636761175831
29.83259770736209,35.98481125654544,39.90922013115401,39.14890036392266,38.10014823643671
29.94458183477217,36.304083033386526,39.95148470827049,39.13533837962079,38.70294653397997
29.69822350527334,36.23462000288107,39.90913801387719,39.25818852291342,38.89899167619679
29.526602149775385,35.855447479108044,39.764063902379846,39.39349255293087,39.0792580522227
29.18345077082643,35.63170921202399,39.80282212050241,39.593432305187655,39.50165153103677
29.326451109708017,35.53325447206061,39.86467451137985,39.7905197159621,39.21857516423591
29.477826165719225,35.63292436095997,39.92359333630391,39.40263143744252,38.987288294121306
29.12228781715525,35.590878289658214,40.072226660873866,39.18508728712761,38.74895734964103
29.384332494399317,35.96245031375629,40.176933370813806,38.898463387159474,38.50109245548758
29.468246079483613,35.650822473895154,40.442685901585584,38.301485874803305,38.586177691776726
29.47658926206772,35.611893915870176,40.53975285034848,38.10627554423073,38.20871064061463
29.415568952020863,35.824642240114784,40.38987256333431,37.81779537751304,38.01790650148165
29.15767077369905,35.79313344502836,40.87687593363978,37.69907507768953,38.17033998121438
29.195122266964017,35.63699936133729,40.720525527221454,38.11680277608442,38.70170930926797
29.23912395699196,35.27481090226051,40.72472587303081,37.963133705641816,38.62375517695669
29.12526504110191,35.62814846502337,40.75455513484762,37.95700418349704,38.569879951340205
29.242316429099382,35.91068361187968,40.69361214264202,38.20019163453715,38.38391270879236
29.18859856845917,35.872698941808515,40.87099673723922,38.1381987798576,38.14144490402892
29.14989221984934,35.49935266530163,40.85100968016188,38.1908227335731,38.33854289654738
28.571496589484536,35.60365767195544,40.92844973816917,38.74728418322992,38.45534704913248
28.641781169073923,35.65843374361764,40.754801479569245,38.58237946255387,38.45465126439228
28.852164122428537,35.463148761008945,40.769499246342384,38.68165004579425,38.283267557954126
28.99819400306769,35.55738107245344,41.17258349073332,38.673223509138246,38.33115197698362
29.23086974225235,35.51243026926286,41.04515978691522,38.75950447898586,38.44681604993284
29.488613877034386,35.65921139228119,41.12941085466036,38.84694851804081,38.57186760929028
29.28227457333692,35.60901710224295,41.02477969175144,38.812856279617776,38.18439815471721
29.294831244670984,35.54612229918663,41.0732255029586,38.57803575977682,38.06820933405796
29.18874193655613,35.42778590940799,41.062639259581935,38.76064534698854,38.087139050592576
29.34568633787097,35.42069231720224,41.2633572941055,38.96869645487858,37.93485577816184
29.56300272113396,35.38000381027286,41.34987679428063,38.871266015204775,38.47091389723087
29.51139983671154,35.08354364926177,41.19252479459953,38.90165394745373,38.724259181490375
29.483547965537312,34.892374064999835,41.36927496529717,39.08886386272109,38.47628097284404
29.3401416260768,34.61557206481987,41.34489645510829,38.89424054349495,38.60321935678676
29.118313429956125,34.6098065798655,41.66464722998534,39.02740573272139,38.48828988400131
29.0542467571669,34.44591722670893,41.77596279591096,39.49098860348317,38.27723735670145
29.275324453125663,34.50793626941257,41.35709271473185,40.01892651226798,38.34621674718288
29.11889492193131,34.64954598937945,41.17539009800885,39.756675481672985,38.301551983392656
28.985495144076594,34.7259570212248,41.37006167265268,39.74209051327212,38.07248825406719
28.77372541342663,34.52843745168527,41.3100003378389,39.41609989049908,38.834453431394174
29.058149254899195,34.63329865518744,41.26306701084303,39.29901155787962,39.27583836772907
29.14268725320932,34.70439976904898,41.4286902995385,38.91261610941775,39.23212592682975
29.400048680202666,34.849982125789005,41.502674369562754,38.91787644880326,39.075866905582565
29.72529659298957,35.050358799367686,41.52085144415844,39.01612731834808,38.90671809823591
29.80228420992144,35.39578162622362,41.51126674470067,38.936134713392725,38.909833440841496
29.461393183950538,35.464385213821245,41.17828764990934,38.72712418603564,38.87964862511032
29.4317590806308,35.43610638036092,41.31467060877582,38.453176462654525,38.65728064833606
29.21468964650388,34.89441162269662,41.20465611140544,38.68666573535862,38.42128768871543
29.000177018740505,34.755827349140326,41.02180682836917,38.811451348229454,38.41116523634207
28.784117309943014,35.20074383019214,40.60725618126784,38.71199692869718,38.462281869458266
28.66317398083667,35.211440318891775,40.35923251535876,38.62705902620948,38.36330268626188
28.85377763834226,35.146818476631914,40.42201463684921,38.60229697940143,38.756536037049166
28.8460073885827,34.82456191430531,40.26520967522649,38.76579157281787,39.02417365247242
28.621869862691444,34.41929823610087,40.00752501709808,39.2351368165064,39.17954313051422
28.38481802418793,34.25732187204262,40.25894961471003,39.01045826223693,38.9945991595487
28.44838226762586,34.47795818521857,40.052039197345024,38.89278913204394,38.825441600228025
28.733800013794927,34.03795653491053,40.13610555723474,38.68369666297332,38.83590298881345
28.2910513206808,33.63096846400256,39.90863210710765,38.84676905956165,38.56777527291943
28.34107218655943,33.844998373830336,40.32428244501244,38.90153266120212,38.630426065204745
28.77039080079557,33.80449606559169,40.5003205979989,38.92304852957519,38.37157978137865
28.43859709749565,33.700209192048426,40.1085068110353,39.12253087669372,37.98051429193466
28.49417394438007,33.63059360198288,40.071792834206185,38.81465446878249,37.87331456925569
28.503951489174177,33.44978824343422,40.11073182510902,38.5031981136766,38.21816401717518
28.52747211570636,33.49731709809741,40.37343470849176,38.46605541733626,38.106500911596015
28.72925243723154,33.326425096269524,40.17104337819505,38.34601600506284,37.86651924553211
28.910383642011784,33.459990871402965,40.00664254849363,38.20791036077269,37.98423145288032
28.70750723654572,33.42980839757344,40.49786575975087,38.07461604946804,37.80671342047472
28.43602839193628,33.35291361723702,40.46513931032288,38.10712095659897,37.737019180053125
28.203034319444704,33.38287713167462,40.79370725677996,38.16537775909518,37.61082924638299
28.502325178416648,33.008839968896424,40.59644199290983,38.24629958454359,37.67403335744231
28.35678005491512,33.02216642378383,40.58165238720188,38.22645001525986,37.78249968275793
28.72676675446949,33.24277225951879,40.66313161982669,38.36389335311704,37.87354032204552
28.738857220131692,33.45536730931728,40.37582390751992,38.23371948360384,37.82134758776154
28.76960927976422,33.63181638238007,40.3336031745233,38.4163859082844,37.876372409546406
28.708549648976746,33.71494193045328,40.11144735909024,38.18761183517423,37.79050669523299
28.506824672196277,33.48076479034396,39.691301968529245,37.64233264147831,37.87249199614374
28.2271277233702,33.782580399438565,39.123138877150936,37.73178937300148,37.963194551091455
28.302454572336146,33.4993583419809,39.33680419789559,37.90470210918721,38.08868320610413
28.507789630125345,33.391897525652446,39.50152489670189,38.02210995132705,37.93766088168824
28.08055322142643,33.16688166416881,39.34654972051179,38.08777332021423,37.87799145535335
28.258064088429443,32.875479075602776,39.74404825380276,38.00780582672627,37.78318657082901
28.482362965742656,32.92936727933852,39.67341779213661,37.624413660242766,37.441475383349896
28.590593409263107,32.96034083615523,39.8695953358749,37.60254065655474,37.53171122453146
28.62942370709324,32.94664253853727,39.70800507649514,37.6583749398818,37.32521593214894
28.720936783998475,33.00965399886797,39.82706704696774,37.83942472108648,37.26573778819969
29.03307720711473,32.99387151750214,39.57593252819597,37.95334807849709,37.14398856179762
28.80657652528645,33.13772943033872,39.90198187922493,38.25858850676981,37.27964081980655
28.63833587519835,33.22200420811574,39.89861914066975,38.60279278725385,37.31801319029506
28.863756492523088,33.0844336710702,40.159252334028245,39.00597979924954,37.37820376684232
29.084497151821505,32.978645853632806,39.99567847293648,38.95726497589703,37.03680443834014
28.891571331437124,32.8135166027818,40.07810095494929,38.89749018594376,37.04216159866567
28.842117196475645,32.87894013782532,40.09350334848879,38.99880349597753,37.04413647587898
28.708390755921183,32.5675663226449,40.14451704709319,39.37274018325868,37.1396542015941
29.05325101587928,32.476619808892565,40.23981604924225,39.40964079064196,36.87424557329927
28.889231399431203,32.719786320262294,40.10481890542253,39.67404041962989,36.88181791017357
28.813343592308797,33.07526559784695,40.07673532729172,39.49858921915384,37.01469267324088
28.6752496240765,33.19345425259246,40.092024352468826,39.43262480293679,36.83322355099153
28.493677141869615,33.36517503536206,40.109204688939954,39.69680815547433,36.8302525077956
28.382028149958074,33.17104208760152,40.11505541176261,39.90791248821892,36.90182668374257
28.153964517947387,33.3877447588223,40.17118457450569,39.73446970470471,37.01739435992498
28.020287562890413,33.59445297433253,40.35217560309963,39.52377695779344,37.31555447495689
27.821182650199443,33.50651263316588,40.65842516353789,39.366612063826224,37.6427389677134
28.059915925242,33.43499348017779,40.819979850734704,39.04531850864499,38.03045553286415
27.71757852229518,33.416145068676535,40.92622686259474,38.81247683015127,38.13772260505082
27.845284282971264,32.797317253332366,40.851285384688175,38.960585716215576,38.11049133100519
27.89164408049299,32.681359019675256,40.80765727000465,38.689760715187646,38.68048713431822
28.0241653196932,33.07470456293499,40.80303811274175,38.49233474819101,38.63685230750477
28.081473221337387,33.09546172970388,40.83835455651847,38.11580826894271,38.72916459008314
28.531744189029123,33.0703076369355,41.124955033516585,38.13501985938577,38.57916926726047
28.502522887932905,33.39311254066392,40.848735951924894,38.30147945860362,38.92151641382085
28.55027119426417,33.71209288679574,40.74536422476612,38.0211853920684,39.069859883763606
28.630951298325044,33.97703494830969,40.94632595227787,38.13782033126624,38.69439675961179
29.061048780329287,34.2015621035653,41.21673800907804,37.875652737379,38.91137829139902
28.84552496446732,34.137032145145604,41.5732418854735,37.94106587553657,39.240568901016594
28.73486475922485,33.88845058973603,41.613193536175416,37.36865457642266,38.83490642693784
28.506644702564003,33.59587860131594,41.55415739015933,37.40447899502539,38.90207264009742
28.782709926288188,33.87290853075351,41.79000977752681,37.18756503176179,39.414187847836935
28.709095967547864,34.09792046061961,41.08241213112162,37.391957703960216,39.58693874652
28.525550857192297,34.1414284129239,41.05625784696638,37.71044856420961,39.62431143907448
28.581410457351385,34.43125521368007,40.56419105676098,37.22395025735334,39.68391324327525
28.356389590083374,34.611583025705684,40.68344177226096,36.953336132140144,39.78911664911958
28.22197751162673,34.68134203914022,40.79221920452921,36.72929985070778,39.656729384804734
27.98519619581352,34.47414961165672,40.68726281869342,36.33615651568889,40.0470615035302
27.86413229613181,34.65799211550662,40.93839324769645,36.16299722807281,39.70959387902694
27.938910003570523,34.73854822227448,41.03042939844812,36.18314564666611,39.46026374495231
27.84791362278268,34.898803091424334,40.998640048570245,36.18703817287971,39.2877570783323
27.80328848982624,34.71702643705643,40.631216784247904,35.82863245781002,39.27664050957721
27.88632012049636,34.64099956181802,40.73953674135026,36.12914478072755,38.9874469229494
27.772404723787247,34.46904352536424,40.309853128675925,36.256364779600176,38.67468829399751
27.936034685446945,34.248496497085945,40.25949155707252,36.60564068234043,39.11570986807936
27.82321640634288,34.38430932371299,39.9393364395557,36.23485899054008,39.24826787243437
27.50554722612328,34.53961662449635,39.81907585869193,36.12746619592238,39.69432304408623
27.16023914487236,34.51863417859895,39.61921487281136,36.491381376598895,39.18926432128375
27.165722214614583,34.509706688064604,39.47848271577584,36.55257575919929,39.15614850297038
27.00401570023763,34.88091052591895,39.64467399831578,36.344312454557546,38.78356657416583
26.94291630786699,35.00723579796912,39.865631715128025,36.60893741890116,38.58556802269563
27.017952334420087,35.094390936469686,39.566552261529466,36.51733974524286,39.07618932244498
27.04995639030545,35.23602459978989,39.91703344014629,36.18737584940036,39.47468817012753
26.920187938819364,35.289919968033814,39.61889797872132,36.06301268066552,39.45555457644488
26.757623909097475,35.513866605574115,39.41436107103504,36.028133422070624,39.67772259675285
26.65272988794598,35.87257040071593,39.71229901686499,35.66827589425898,39.77728407110492
26.59253026185331,36.28896748564099,39.79053737958192,35.58065178280605,39.53964748326021
26.444162905273885,35.95681965679522,39.32799885652943,35.291196016077386,39.649879084068985
26.58539344148351,35.52470878459464,39.03516558292199,35.63692979899628,39.795358297373504
26.464753237122533,35.17009024383491,39.09256133619508,35.718219032227054,40.11130237489568
26.303250660424517,35.34725724060348,38.93933062274086,35.635987524409465,40.09055833802608
26.2032731620336,35.371471577395425,38.37452454893965,35.73496490402898,39.76832528010701
26.21271629445351,35.232147897404765,37.87315589913591,35.75263433216474,39.261930386729205
26.4098716415179,34.99400314451945,37.61092048140812,35.743965135927006,38.95647325692947
26.381316143769407,34.89200869034547,37.98580110747699,35.75589942411124,39.11601601222268
26.17866999890136,35.14706996107541,37.86455544635074,35.80075156409624,39.03673053347832
25.983352473084903,35.41000550561964,38.077958024098265,35.89087150563263,38.923975720883625
25.89259199824843,35.651033912745795,37.99070649037002,36.03210637001105,38.939053141189774
25.95180069925837,36.095285539621976,37.95875531025618,36.49781462197341,38.89134607318845
26.28968706342249,35.93020921307706,37.91305623827574,36.63139323514677,38.66655634763674
26.27001065290802,35.84939688687184,38.00472903201754,36.87127076092375,38.54965740964347
26.231459987356946,35.97782919188472,37.77639989207351,37.0484794236414,38.27027702582468
26.370783428703515,35.94796798814782,37.641292202317885,36.97893308452014,38.373576930652
26.348614656570238,35.79360654583716,37.73841077931182,36.96679410866912,38.32906669088791
26.224307023933296,35.91880001024698,37.71282852808571,36.72573830340418,37.95115935487895
26.003998383396773,35.94784895655567,38.36762172284379,36.440189711664,38.0155277665916
25.956530856413284,36.125927397176966,38.14547860139467,36.46519125773095,38.34136463882432
26.29821383937057,36.48938081556291,38.14285011088269,36.74697637257547,38.32662641039322
26.096904556884773,36.005829869798795,38.29125740313061,36.65936120710504,38.581132442038125
25.96281848449527,35.85497241629697,38.22002162834269,36.75869026809571,38.35253259497504
26.34643412162589,35.74650441962388,38.20929060415464,36.63615671580059,38.60604058269463
26.38231428556865,35.73984728124832,38.549766826748034,36.586746905177215,38.7681989740058
26.38734378459894,36.03801533852176,38.56121892258295,36.68779628241879,38.84577412735395
26.14377612463479,36.08551390317388,38.53882748760293,36.6286725051166,38.31828821703071
26.386028363238456,36.43714458950072,38.48467774982327,36.72987688322873,38.32052913351381
26.508623481957837,36.57376394501307,38.67376290732738,36.63496724907754,38.52612249657294
26.623726333737384,36.73121247544306,38.62507843933447,36.75331977017005,38.822752010473366
26.417539816625823,36.687154167456455,38.75725536879294,36.79480421069267,38.92159005090748
26.329166997778763,36.64849734742837,38.81944885804756,37.13978842698442,38.78848696210262
26.112459373176705,36.64387376291756,38.995091773675,37.34539796447817,38.94520559377597
26.00250526532217,36.64900067813738,39.021377775380586,37.45930253054374,39.31156243584782
25.91352002141229,36.69935017968953,38.94439329546944,37.39554034007067,39.35832863246745
25.94688596359385,36.87710952776385,39.227974698410165,37.08349928689579,39.242095748107495
26.069169558322496,36.62393454194607,38.90777715276015,36.91652104012162,39.43128323965399
26.46560631097357,36.83281108417454,38.9602058914555,37.03699215752344,39.22147265241613
26.371177838824995,37.30486182315072,38.63048326542121,37.0697669025166,39.37619383889101
26.34440221395807,37.19277880105344,38.81400468589764,37.1369220844188,39.18262080882405
26.71876050008077,36.98935192452018,38.61811186906,37.15780608092454,39.54317371032999
26.493326028396627,37.37973927309029,38.49982469761967,37.253178749438526,39.678228697966304
26.464953254881152,37.89096003934292,38.40072409332052,37.44875768900071,39.647210658731645
26.384899701949305,38.19621885278701,38.025091579929,37.382005657911066,39.70884772047896
26.197247950075276,38.27086452302826,38.1839810154079,37.433089461357895,39.57092698594407
26.29711725852723,38.35636369314653,38.059828166399065,37.42073742096749,39.79102317531379
26.37779757873617,38.530344901604295,37.92731054054269,37.53226576890293,40.04411230822952
26.35428830625049,38.58214100175407,37.813353199503005,37.8524836267917,40.32929188011959
26.525504683744376,38.68905553025307,37.485002118517535,37.840870610050736,40.39588700840419
26.76833594703951,38.84058135672869,37.71130651045488,37.74212627296943,40.36324455041236
26.798514472974563,38.79106316061672,37.57479700794001,37.75926453040898,40.51396578985659
26.69680387244528,38.611180811056784,37.29620727484945,37.85792616298653,40.47202171079756
26.596253653536657,38.45181642169579,37.04851196234979,37.97243213817199,40.64802424873065
26.45103161368733,38.61996170172713,37.07122283759775,38.25066534375712,40.558465866830026
26.4062109195997,39.168744892426936,37.02977252481555,38.35102800985548,40.47298682974584
26.654771394884424,38.99763107465223,37.32500921519021,38.370906234834486,40.61025367131131
26.84764483929312,38.8837750815656,37.63660145207884,38.471092074014194,40.763040286310286
27.16965878256712,38.89696251345487,37.8811279800021,38.66997986461601,40.56527680635722
27.29359048696449,39.174883768276125,38.06016880892587,39.1209286588878,40.272139833023225
27.07571303179737,38.87798947162334,38.03978939298919,39.41669313386414,40.15156520923492
26.804692195560904,38.660885187950825,38.25276057930502,39.79798294943705,39.93200496397271
26.76804058042948,38.812169810299984,37.85395322530482,40.022364183280224,39.668851303730456
26.782903960410547,38.80823673873694,37.78317691121264,40.084629194923664,39.733832040797765
26.850807084279324,38.974624442034646,37.78818684214338,40.48994130049731,39.64667690966698
27.11669391049582,39.319394528170605,37.83375719170565,40.83360995811394,39.56814256835591
27.010140951938556,39.4398665309249,37.66914143683518,40.42436113852654,39.20972744614566
27.009348291837693,40.057182813404296,37.70058327148398,40.351354658531584,39.17831484050005
27.336450070897445,39.853107739992566,38.06738286577761,40.29569590993722,39.05310735215324
27.158747780130973,39.64346952051,38.02224313624747,40.14002402806716,39.08230482815288
27.148844089220606,39.56930062282916,37.65750001910033,40.45675325121831,39.037176417553646
27.38373155818016,39.77150296177055,37.20606656219669,40.275320239956336,39.27656986098208
27.29061127374259,39.885348022675736,36.816218246579815,40.22220246084319,39.47564375163923
27.158243376870185,40.08843762096932,36.80347579236968,39.91400052358636,39.5138672055731
27.200353352479024,39.88826264333351,36.66164339879954,39.6332365588033,39.49804731536727
26.97519196677464,39.56109795652607,36.39994758363152,39.40184700997098,39.29131241853498
26.908070798803006,39.60197875169936,36.362798620746425,39.20378540552216,39.45773223931844
27.01269161527425,39.57107740309969,36.57870134448482,39.71928182845707,39.22149027729695
26.94187040185321,39.47788183224934,36.61319615355517,39.76563896569426,39.27818725144528
26.92411949690479,39.504396803236354,36.93645935659422,39.63910424451144,39.50135401022128
26.964576517569466,39.64123778306985,36.89262140552021,39.305383362557606,39.14116897106467
26.975574947855268,39.71317336376668,37.0238588902523,39.52967068397052,38.96313415108203
26.71487840981374,39.24206951572897,36.81565621738598,39.52504081336345,39.041070415030944
26.92154224135732,38.9892297966879,37.02137114634278,39.49208342868184,39.03186375253268
26.672113100917908,39.22238628690176,37.28490774107335,39.80013054099187,38.64086172334206
26.70771430324345,39.094493386499,37.5756335515387,39.78530747563386,38.334102572097365
26.609608672310014,39.02453960786846,37.64981610586912,39.79728506660018,38.71627821102916
26.37097244411084,39.37432959299563,37.941073700418194,39.74299145626814,38.674921379211234
26.39423187336253,39.60879549034101,38.208418372401,39.400255667817575,38.22870966171676
26.255258960663383,39.73247456532381,38.30802612466323,39.323864545707885,38.15187465225115
26.242765154584315,39.58893971662438,38.19246030064547,38.97429834071709,38.11900441009298
26.255890348642467,39.6146280384927,38.4308794122702,38.74915742309183,38.13720118743605
26.196875788818662,39.83856405330665,38.369327001191934,38.72656591811547,37.74314358323773
26.25767217076075,39.47912298203436,37.605711537254486,38.75666652158186,37.72883999754855
26.17259355820066,39.31552740769781,38.00801545951335,39.16821524914295,37.70583475370623
26.14748235914737,39.01403913267124,37.95819147452893,39.14158282871552,37.83776036594036
26.28309356104845,39.32944118856332,37.922322433755845,39.06019500293455,37.922538573052734
26.083823074170013,39.48292647995906,37.977503870704766,38.998065661604215,37.87081065662664
26.234935480021715,39.22817684795447,37.84548905568983,39.45564080307322,37.47660762495714
26.428166210778425,39.43096331660613,37.85383960049541,39.68091103315877,37.66600689185207
26.6999153106746,39.32167471853963,37.97763096572951,39.48479621289296,37.87090167727749
26.976065539183587,39.15028193190359,38.32069174907394,38.92734773788993,37.359843463306845
26.974875704804305,39.01303249495446,38.33097133204918,38.9330294824696,37.23348628482614
26.90785069366078,38.933224598983,38.11959345728541,38.927922018889255,37.25619840777319
26.667597556414027,38.76343709148546,38.14759391826418,38.84424312069856,37.262672246001365
26.882007159973583,38.57508151316198,38.3547851737789,39.21670835401557,37.27947030326603
27.24164650241153,38.78881023156663,38.25351926860287,38.806200882046674,37.59837483225874
27.060514894463807,38.71226966714576,38.461324464607706,38.97826792250571,37.37235917826416
26.7685675767575,38.65913565236024,38.38356920933878,38.7923306630868,37.15600392775989
27.06098876729505,38.78703733396801,38.756641762354185,38.648898839699065,36.97214306900692
27.074105143338723,39.20805121003216,38.7950443269039,38.86550467736737,36.97451127875387
27.430201961425748,39.285972456908674,38.88638012552907,38.68490325687952,37.109723576931806
27.402282113548956,39.68370933391036,38.64751975647818,38.29351581674166,37.207383064684365
27.24423007767462,39.98219918313976,38.33347029009014,38.575220864244606,37.148292939245714
27.74797373577159,40.32831714260683,37.95480414108049,38.41860900550637,37.14557134723095
28.07312756639236,40.05210448725874,37.781983391844726,38.09110661906019,37.291665096238496
28.031844007958995,39.97077248825266,37.82010806463786,37.8876432861161,37.55467830788504
28.20907980298466,40.47945375851437,37.55380151026558,38.08125111647018,37.77932263243672
28.09033453226353,40.51812500155466,37.03608294530238,38.05046118402251,38.16890251535803
28.063164618687075,40.70982360941219,37.10692229724626,38.08449073200856,38.37573768301889
27.67771573822936,40.844402911153736,36.9654370446481,38.060198610064006,38.34296755705998
27.398496832445502,40.62603510472617,36.96435481050883,38.21990301552402,38.29144202929756
27.21404805049994,41.01890619424216,36.53144127521447,37.86036186473485,38.44705152057466
27.135962283412194,41.27362491891345,36.386205766561055,37.88429098637292,38.9374085392655
27.172942678530934,41.56235223510606,36.72616070095743,37.93988817337492,39.04374668529195
27.13718710345464,41.49859193914202,36.83359189691097,37.932703455113405,39.07748417971611
27.583410659471244,41.46194780896494,37.15289229576401,37.657794944703696,39.20268626264512
27.464062678006208,41.34167471413171,37.46820612831993,37.790678943630496,39.00003145530037
27.289284969833428,41.64106191162758,37.36260492174655,37.5003265500178,39.11854298254243
27.14583992543225,41.44650999972339,37.31808314568257,37.46189281039493,39.197735967217774
27.098627489922816,41.27468598743441,37.30456096785281,37.511758165000245,38.99156887140149
26.90414946785368,41.17424043860618,36.95432526436067,37.50924825099512,39.11485787654894
27.336380700303625,41.07881297588361,37.039043416891495,37.81520907951243,38.92077615302421
27.554832256916168,41.310799623581794,36.69036271033893,38.10811859800573,38.89265175856804
27.650341549109072,41.59172241652459,36.6922296792833,38.1569516888586,38.98547107635308
27.65233034972656,41.81609521110893,36.73232854714086,37.702441879183546,38.9384938305826
27.715290415786825,41.66894469470881,36.62629554980644,37.67041784019018,39.16102515425131
27.897400453385632,41.86132186575463,36.39165583564408,37.595467423154425,39.45078247071472
27.632535984637546,42.17892249751369,36.34067320760176,37.49223622834823,39.83885273556324
27.44550056777529,42.42710589351377,36.260685304032165,37.41563868488505,39.85756655627178
27.399351618417004,42.50965481985087,36.35877352155734,37.18151201453443,39.52438865925237
27.251504569913116,42.53626321041003,36.55691054521451,37.19791877658838,39.37437327265799
27.258118928331577,42.66345298088388,36.96287537191096,37.241930478089294,39.437186892577365
27.39147461254653,42.43453870477013,37.43079170635271,37.11137660897426,39.14635726760448
27.58938776630342,42.40775481775054,37.45078825257488,36.99024913939413,39.38414195378842
28.073111460948724,42.98706885707903,37.5807946986544,36.90984803728299,39.25450961219196
28.286418472398346,43.2438143580875,37.95805662434962,37.18384945753739,38.95093160541269
28.10423440813458,43.03087408995927,38.164418338238775,37.25577230235217,38.8285091599056
28.077621926532498,42.910608458840265,38.28701314901557,37.183590213366976,38.87288369566918
28.126313272866163,42.652698469592494,38.34428485608726,36.8767249627899,38.79348515199725
27.93448217890577,42.71563548185008,38.450894085468015,36.63348491131785,39.067797773062935
27.901106312843712,43.072213292676096,38.62401162702573,36.45910005635751,38.998027364395895
28.21289530043508,43.07683216834198,38.49823503489826,36.51232916944006,38.67521759608849
28.05898352135752,43.17245891344245,38.404364540256914,36.84717227898235,38.541922284282776
27.83877323092234,43.02307907531901,38.53356708781642,36.81043899705767,37.78492669074247
28.003701951043325,42.68291009892228,38.59343838906046,36.76116536227607,37.84728691782941
28.263528200197914,42.251628083337,38.689239257763305,36.59785961887332,37.648197097697405
28.20260840828534,42.08916356184304,38.71314757942531,36.69399049293785,37.66128925654694
28.22932348761851,41.99201130197774,38.25432738150421,36.62666224350225,37.436163603141786
28.31195761639376,41.41631453808434,38.02363825211224,36.77041289902628,37.69848965806302
28.159052368204243,41.34969166661592,37.775201881115805,36.77385476747985,38.46519877745055
28.00792190821108,41.10193110081497,37.63417040002762,36.725265118833576,38.61340624001895
28.00559762114122,40.94143259718874,38.1008784614472,36.50446644757037,38.52794508900158
28.051195364325967,41.27429803816003,38.0485737951983,36.62372031042667,38.5204036808432
28.230812180692272,41.28600913378836,38.39472270037759,36.9065598214426,38.49125679380729
28.014205319769072,41.31715210863459,38.533133775726775,36.81027186600844,38.34847924377867
27.998376029706424,41.51806021369832,38.694428520241935,36.55539170086073,38.714700193279626
27.813040719160053,41.65092509805391,38.99635854155538,36.78491550558464,38.45314152772587
28.11305559069624,41.456717071912266,39.032794314956256,36.63992690187366,38.48447910609504
27.568547850553948,41.27506410254105,38.84851778835077,36.56378007316311,37.98165585505541
27.547003595354443,41.35859551170022,38.85980460572071,36.649154253580406,37.71747505573406
26.998842603340183,41.31884571775531,38.344792956860346,36.72902475830714,37.65564631795477
27.581374516516775,41.04262756964346,38.38677157176098,36.58674142105729,37.96527716414463
27.935043563897267,41.25802771336838,38.24499236947469,36.17371447834765,37.74216718790394
27.720141618974036,41.33096601754468,38.195967662867055,36.45009957081704,37.22764511507351
27.5080597744816,41.73581854345703,38.43838849277833,36.37134423348087,36.84704193510162
27.431205888474786,41.74279127824996,38.2960376862249,36.21910662973304,37.20066240305236
27.54648224386573,41.666738245738486,38.185570955340815,36.2309915678863,36.99232761906244
27.979346373733826,41.63795371553629,38.24550374423213,36.32095497222662,36.94386888763095
27.42164975317167,41.560565598421455,38.12667585395776,36.400585283384856,37.08223604056146
27.309436173156357,41.09778954835137,38.14495435776325,36.51270606276301,37.47441446114462
27.11157090173083,41.48032186511005,38.38302010823337,37.07316194958093,37.38330562544117
27.25226870859249,41.55099328946738,38.269609780299824,37.30466563021317,37.33725311459291
27.41073212952824,41.38893628062964,37.924597121678985,37.52446022692797,37.47065576160569
27.17717913847707,41.485808540242864,37.733281064967,37.70461263545818,37.87492976129206
27.293551348998697,41.63616571724644,37.78959770412146,38.24176945943714,37.63329781109305
27.536559089343488,41.76411146372073,38.10927553956248,38.466231119128174,37.49129799845056
27.753026943700835,41.50781462607915,38.44141397307127,38.63526897808518,37.32176122880014
27.574223904442206,41.10047319092791,38.18104109996739,38.604624729876576,37.23527559715829
27.506900181732465,40.80735217199522,38.238493683659776,38.8334844845504,37.36302642858444
27.236189602151363,40.36682044989587,38.57451051851421,38.83035958821174,37.37245654672903
27.324957987539158,40.59732143811924,38.304975284599465,39.188184928684215,37.015537627114256
27.353338789992737,40.53115577594354,38.06394276632142,39.12857804519164,36.91941289205502
27.20372343690187,40.60292871211876,38.0544745014283,38.56933276431821,36.94938599331208
27.134189973081316,40.62264005229206,38.29592393368728,39.11489747375943,36.5489248326173
27.334375962421905,40.41456734883772,38.19018594159284,39.17944734711159,36.49390320868021
26.918573268896942,40.30438599828208,38.270672697404144,39.305592867864185,36.5335122351712
27.07813685601444,40.19945417342584,38.29941845665687,39.41618409178582,36.524240374767
27.207116946411396,39.78778719416588,38.30771069335564,39.52538731437225,36.48983014019608
27.06833247610801,39.51312454166466,38.39384602749094,39.19482683816271,36.60432132599279
26.912813339013034,39.24553364176999,38.20757761714009,38.63078749010021,36.44766315490627
26.809930373958668,38.96278889068195,37.80290842369219,38.62258164440054,36.29888889755703
26.88926066317581,39.0919926204719,37.77474802532525,38.41561557531257,36.66276747865122
26.680465469268853,39.000827905842286,37.36605811814977,37.64572671544274,36.61330071000248
26.42648202269013,39.33093514576293,37.800793072926425,37.502260149844496,36.51086834825059
26.38953487130454,38.84836983304554,37.78991932052464,37.344134993014286,36.41397455607447
26.53803707060289,38.83719263520489,37.78890868552956,36.72609832572881,36.27043368669735
26.241318946213685,38.663381745672,37.57288143508004,36.89289959280983,36.131526499804046
26.126579353310163,38.77489561990342,37.76361570839002,36.476313167571206,36.21451255114302
26.09280493605336,38.68752685723828,37.6238328252575,36.65192601323682,35.80826368893146
26.231388530903857,38.81257392491227,38.0818035219137,36.4831862679434,35.80905683925304
26.412405545780405,39.29607559827922,38.40797671213306,36.17095991240267,36.08036819007278
26.173256054041065,38.93115467752551,38.57682802473568,35.82163458449488,35.880531219420575
26.332393302094427,38.16996782369584,38.77624284452566,35.71409826432356,35.706967415331654
26.61085269735535,38.16421907140302,38.7385794845774,35.87584863460751,36.055548174636
26.657492524613147,38.55330171354378,39.00320258201311,35.56182209254354,36.379584527266005
26.62155757825604,38.78347321872368,39.24983098798604,35.491084212722804,36.70827100554472
26.497044353060183,39.1100793082991,39.58216616693861,35.30944679121006,36.834361791109856
26.740015635022218,39.07840137937832,39.56585697201047,35.87812854452297,37.06332608922964
26.99179545044619,38.90746775612962,39.42301779660412,35.88332701809906,36.982568013494
27.076021318487324,38.91317439044653,39.56867111377988,36.1017938889381,37.00338847036623
27.07958587332344,39.35333173935999,39.448328823631456,35.65453986108443,36.98472571144662
26.88080741093524,39.224743646025736,39.35049707839238,35.31061695309343,37.30424007683539
26.91975633762103,39.16807426767149,39.32525529899115,35.3216178021595,37.49065063048658
27.044235599496243,38.84830241922617,39.23439369375773,35.54885520241765,37.197462902775726
27.25303505438912,39.06600953807578,39.5257576088564,35.27561114747833,36.988558221942775
27.07547794107232,39.36456064241806,39.94784383062738,35.33187704377861,36.947597530575095
26.96541513828916,39.52233689174366,40.13002835983072,35.34502214012097,36.86525443838056
27.05853395152405,39.32941177713989,40.49216064899496,35.00306381724355,36.868286998639206
27.045444994413213,39.513148141195096,40.37716531892936,34.8840365994252,36.56956778103156
26.797610738025515,39.099513718798605,40.10363204644038,35.088537277613696,36.556162671611865
26.99975291428743,38.72548512678337,39.98474908471819,35.191235723543834,36.51771250126918
26.69005620929788,38.592955835108086,40.256175412083984,35.39380521987146,36.49222781007508
26.93729112719997,38.763333570446505,40.32457538302815,35.305117075811324,36.29609212363482
26.95136416410123,38.79816917540397,40.47032491925327,35.42793430335154,36.27410888440172
26.903075117914007,39.29194865758155,40.19897012698288,35.30597894725784,35.98699148172333
26.75862423175092,38.963472320745474,40.146193623163015,35.022385431049294,36.07587871575747
26.70363076840906,38.9731315558956,40.16218378767704,34.96553150831859,35.92096688540377
26.88836471038748,39.11534686769698,39.91390165613305,35.02501156550854,35.878189268481506
26.876116155898405,39.032387918210354,39.92027147445229,35.018080485923804,35.99238031598782
26.811685706508563,38.57723232946902,39.72187754284077,34.81520990330637,36.1272916491012
26.746222557642664,38.06316482711012,40.44188702010173,34.629796455355674,36.05103396570596
26.57306523260036,37.88427059788658,40.40252172711562,34.48925195705025,35.953948814561286
26.3677268463722,37.65112415235072,40.36453526579849,34.384005719250446,36.050838024037816
26.40409909443211,37.67592239740485,40.31592625850936,34.52732068481072,36.44536006969549
26.37197685565712,37.86981330639105,40.612319553867295,34.72938721280043,36.45715022222335
26.30433417286636,37.94304841083369,40.75535044252696,34.79004944043503,36.56988835270396
26.49184075310125,37.99960163760148,40.47083994358211,34.937808786296536,36.684477495769016
26.54824620974622,38.49372174475465,40.79423329050717,35.174038564228624,36.495432827815485
26.44302035765365,38.77540969687489,40.53303331418468,35.169146334942496,36.47975109872284
26.43275763741497,39.01180643716438,40.73221436046105,34.896225760408655,36.210584378853
26.431293643561503,38.9278228765952,40.62870189367546,35.21579493594838,36.23337317247088
26.19995323076951,39.07499058859079,40.57693231947,35.16861745051888,36.16447054715993
26.22479028049324,38.8461720054324,40.1788262560858,35.09449422500871,35.82291274042613
26.243711809543743,39.10711507408301,40.51615381973774,34.92108124149865,35.48153071811604
26.156199015052184,38.75337711585572,40.570168797221534,35.16236852550491,35.0256829041475
25.90991630701943,38.23348343564103,40.41168810400488,35.22914097554686,35.21691431546101
25.947497398053123,38.37165511272759,40.221116351201495,35.616722846068456,35.34404188249932
26.14613371645151,38.19716698981848,40.4268104225752,35.6841649896099,35.51383576230006
26.19119836905985,37.93791627813293,40.44949016245045,35.858045794118595,35.362818526104
26.179915140830225,37.78766390120374,40.4871756353782,35.91670576639832,35.49250115489511
26.048799387771837,37.628825136354834,40.25841041149962,36.011639792776926,35.40232294869798
25.97549258438568,37.53839821484934,40.33636470293895,36.009881344056886,35.573811572427665
26.0424514934079,36.991527370653394,40.099557240463376,35.66273724974425,35.56951963370713
26.121235861152275,36.92268999937711,39.94638969018786,35.62763310773895,35.84812616744088
25.84480066273651,36.86344173218348,39.62662488962655,35.26642394322373,35.66782467021794
26.097949215222258,36.59359795488377,39.86711216608072,35.74447246158485,35.69391565671933
26.270254224433828,36.41493882449054,39.92459023957047,35.358123329393784,35.58711357695413
26.15913339203595,36.51696720806208,39.43085892281822,35.118159086614504,35.43691713533503
26.1900505474528,36.2983020094828,39.45187877374681,34.66970383258724,35.4144690361359
26.247880297777563,35.997131800165995,39.44468613452978,35.0838918874907,35.37958612244084
26.05922393767829,35.77393002420677,39.47588025940966,35.31243239652469,35.16499932229034
26.11281908975097,35.49267405024061,39.64738096731059,35.47140329419449,34.6564121095535
26.02938670525028,35.33224361828437,39.229481953821626,35.16926482733986,34.830309162654714
25.96429544379824,35.474485429745606,39.534696541427785,35.136962328818115,34.74505090626716
25.85856675217908,35.61823728619853,39.64133410962935,35.180126424971135,34.890139483913195
25.52613842689714,35.230188117037365,39.77652810088711,35.59019185121839,35.20940514461282
25.8663969128392,35.15577741982705,39.91677802431857,35.8071133352846,35.43693083316421
26.14467814174184,35.83157514044765,39.98924745061837,36.03006917633444,35.510672369458504
26.173124668413585,35.73727031626,39.7627452410105,36.246984294101686,35.11038938374811
26.200586604433443,35.73893307471684,39.14511672034066,36.26646101689165,35.21239401153692
26.046462897150068,35.58230078424216,39.401657046235954,36.72538173154568,35.13201569327502
25.837002441007268,35.29604701103189,39.117508469284445,36.738846998240064,34.98620230953831
25.62284554140085,35.24891933874262,39.06896667988598,36.495484505952966,34.81473472192473
25.357799701588068,35.19178686831086,39.25682986901453,36.842054753992855,34.73047907420819
25.52219079881417,35.04310231076958,39.3405482494202,36.49106517968113,34.56863849653102
25.155619416255945,35.19695584472165,39.18562549596541,36.0408290900622,34.82546784335847
25.06619097320745,35.08362413460271,39.37110862021511,35.58817644445387,34.7067227765946
25.522290824710492,35.28936892948349,39.253924314300185,35.28222522396093,34.62455506275767
25.50898265746738,35.35350272074838,39.08866257147731,35.06865036670236,34.309828001370114
25.6671631065508,35.63135768651654,38.82012227249534,34.94636479758681,34.15014192285522
25.66443835430368,35.641984800222495,38.81433006860366,34.88747193202617,34.09350114584122
25.89368071170404,35.342941666287985,38.75296365869438,34.75191978150665,33.96138734662894
25.657785696279383,35.51068779069331,38.89559504577866,34.512389967712764,34.399412763970915
25.75215655473757,35.47400214846512,38.90560875021967,34.14188440501407,34.73996691560787
25.70997670657867,35.39475008692104,38.64784898525134,34.37128562542171,34.38898328643176
25.631438289667837,35.3950858393534,38.498664393049154,34.43424780001551,34.70006607630364
25.696603331941212,35.31814003423089,38.59274240686994,34.22618394064964,34.47098576256664
25.793240434549038,35.769622850827325,38.69095591353693,34.20352195384164,34.80430572238315
25.62764443106497,36.153177629009335,38.51304998978789,34.17021553040792,34.84867657413163
25.36495573428697,36.28446160275903,38.22441935441883,34.454570975838465,34.93165090292792
25.13859262089157,36.36733171609136,38.05722707657363,34.78079506306825,34.99050328088318
25.16383958254534,36.51275215862804,38.43118024756805,34.80723630101583,34.894253339253474
25.064204093049508,36.89006067219157,38.53886578100092,34.60263499832294,35.1205057813224
25.40398380466428,37.276546187809984,38.64796637404274,34.86579996826431,35.19209956332509
25.27474502375229,37.00954452802598,38.847313167832496,34.888501494398696,35.005109802970274
25.41733832410514,36.921937621024426,38.9739656703374,34.451449873990114,35.25082349923351
25.269979076308715,36.97552787763617,38.92600592638349,34.403999108549925,35.41045755309084
25.20311155811605,37.335794010030185,38.55486376207296,34.17562365169828,35.34177666662282
25.328878235910526,37.39913024949861,38.52626287782168,33.829451344034666,35.29067727893423
25.02288507823816,37.62047218099529,38.41002236167208,33.8855167730222,35.251741345712425
25.21126327627122,37.871199723530175,38.27895539580523,33.89497777866616,34.67187269514437
25.66716552516678,37.48819667671077,38.69858107644031,34.18312492943338,34.738391873588576
25.654324602710517,37.41059910758342,38.57497189507994,34.36640150239428,34.43652841799878
25.16012595816265,37.66915325594284,38.44062104131749,34.657353333940264,34.50579715508496
25.30617716009395,37.5787000219167,38.253094052806574,34.792663685745026,34.65347875104054
25.31437562696597,37.70520223846543,38.01146363757783,34.977387893007865,34.77074139613882
25.49920784362249,37.76387438878895,37.96961958082934,35.49527973212007,34.46310170572217
25.37227600063592,37.636658863799305,38.111782065783245,35.85809538421173,34.39737584365497
25.38622996101935,37.469864702392265,38.27872368908952,36.32761951045077,34.327805418050126
25.39384626079075,37.48585734535655,38.37193749423895,36.12056329171183,34.142880059663995
25.31960501615519,37.25643667917834,38.58107564916215,36.17207159793666,33.96125387002209
25.438667782276305,37.58935723776478,38.20777792871893,36.307882741939935,34.129710214099234
25.6572437207087,37.56208595501411,37.66075089043935,36.36353795859656,34.19800589408851
25.69922170326904,37.44016178387306,37.7274348783892,36.16861436418734,34.24918327317337
25.529876363948063,37.409507067749495,37.77951411740461,35.784089737221315,33.681118262879544
25.524174357803428,36.97989856355044,37.61806700522367,35.54119023812724,33.72673595149754
25.75413735153554,36.527379066419535,37.37033512446234,35.45840881783884,33.69201746090548
25.51512047481859,36.55789487176449,37.31665076608114,35.24660120574765,33.716704364532006
25.55861639383404,36.67277953708385,37.41902839222374,35.374209586326245,33.40290727495068
25.54118311025564,36.62967683070846,37.80141179996302,35.253375132981766,32.96203608905428
25.748949382604717,36.44452848991374,37.76771901221786,35.09617412235667,33.321742221968414
26.10472418682106,36.14628739837077,38.010213437743566,35.120967833271784,33.60994196930852
25.910393917198096,36.28874957692821,37.94121778938255,34.56801646657687,33.68273035007832
25.912733651347526,36.26148251251654,37.71033944418535,34.313459455217874,33.70384730432189
26.15299946162969,36.16731261842766,37.57163571322009,34.16621475880507,33.56756675105784
25.86735289170009,36.24447915876031,37.53333258071223,34.338050895025944,33.87207340000715
25.728712621655063,35.90204632826764,37.59903326194931,34.00455467519181,33.87830200994339
25.549571978352336,35.88585578751126,37.5785214268014,33.8862660374081,34.15426305945827
25.5252660251273,35.61196422463964,37.48237367143832,34.24832699899689,34.19206638780449
25.561600117372823,35.37702183443167,37.11965924470882,34.57281970978971,34.409715337268096
25.956571397579896,35.01416466789599,37.27976346641373,34.603981046634026,34.29286802806501
25.77748657744981,34.85589263907578,37.30514588161337,34.67795423192379,34.301240662944075
25.908880092483795,34.5591766606704,37.663584884117896,34.67781672740964,34.33844829758975
25.91663771944821,34.38703003521329,37.6232870104723,34.649190065711295,34.2538056618983
25.705699436472223,34.52177606830182,37.31500159820381,34.46872265894127,34.333943400087975
25.825666238573216,34.53666259466359,37.41026101227266,34.49424427229105,34.34012230220257
25.645432665983225,34.809426723655015,37.45607885810902,34.82804670554694,34.03582079080332
25.402370147403804,35.0097439285358,37.154596583666354,35.036301185335624,34.07236841263952
25.525852181692155,34.72651683516478,37.34568487245112,34.75393772645853,34.51346599953522
25.856248058978117,34.654734005904515,37.54698588214777,34.351542518427635,34.450435852510395
26.089733611437936,34.542902418397375,37.33254612695877,34.24108918128998,34.63410026045818
26.127832213841305,34.76446371944915,37.12589326641257,34.33438031472965,34.526759179031146
26.001528887716752,34.90512646841464,36.8197996320469,34.22702439109044,34.5973610978435
25.99707601428991,34.644966419853375,36.81637292482871,34.245461626137825,34.31756583922855
25.98752658673128,34.72894563660118,36.53077291987146,34.276866649919754,34.17226657105494
26.065109839373783,34.87473795371553,36.66113150052887,34.31068875360268,34.14667832884833
26.461988599538003,34.79911135956208,36.76365289807176,34.40613828961926,34.334741285529546
26.531564489172187,34.93296735509467,36.47368225397411,34.596592442082006,34.346098253217704
26.584151876036707,35.01215404639847,36.46361699481096,34.165545657795825,34.51064193953192
26.38694476187794,34.84987497301228,36.87158338894352,34.31527800202468,34.405962697974786
26.45143006350829,35.17991835683426,37.04086571097186,34.03291024440908,34.52703118188937
26.41318899336651,35.12226527357311,37.20670512133657,33.808488561019054,34.3988827781388
26.325368451343707,34.89370595979146,37.34372948907051,33.62311974176327,34.28611575879568
26.58742262467937,34.87015830854029,37.09437976658425,33.769788594883046,34.46995390533946
26.78184942743936,35.048604331417714,37.17425928235828,33.44370261003006,34.91602467615953
27.01697898416492,35.45057841153981,36.985471813268205,33.32024697121884,34.659762293223125
26.75077578495197,35.54682176483657,37.07465361419101,32.985809375994606,34.8397626508018
26.59882824108549,35.371123150446266,36.62656612019052,32.82041663238467,35.06054964771672
26.56055171530679,35.23759310907847,36.449595577511936,33.0073194427297,34.89676806346936
26.52204591452946,35.56627156891617,36.46704753501727,33.00969232131504,34.58868663450862
26.431921718603768,35.74422278089956,36.13308915964525,33.096559533857764,34.524873139659896
26.20001585734772,36.12542717384935,36.14246481678889,33.243280225375464,33.963405617462726
26.076007291410477,36.24234823484169,35.95228360994744,32.98983712776572,33.859109856424766
26.147867532775518,36.32992398718936,35.94334944107283,32.77497369568715,34.36065524222529
26.265893531404963,36.54560106723004,36.08104286938245,32.21577505668157,34.42363418511701
26.074224568580156,36.71699533081398,35.96352859358223,32.30136149447969,34.4015913637575
26.13838272188311,36.82754755885134,36.101301705495246,32.6375557647589,34.3596085321035
26.414495788708663,37.35092313184943,36.03101782435824,32.77641504801645,33.98040196186613
26.38323471702284,37.12436350099736,35.84719756476106,32.52140230437782,33.65451770409043
26.340843867907925,37.11941510914304,35.87335790385888,32.56111394926371,33.49349702635482
26.156901222706487,36.76672557576253,36.12863367920795,32.77718933013509,33.420866400984366
25.97554518815325,36.70975228636399,36.30256402343793,33.1265477870527,33.73040676115069
25.983375537858787,36.860090585101695,35.939358565260456,33.336848608719066,33.60836918160592
26.190100850997457,36.79514570072307,36.28111984558648,33.228507638076536,33.76268398104959
26.273322436757272,36.89650185982688,36.61460340076848,33.366016891511755,33.74149594810501
26.48725626413625,37.00304993299377,37.001367398901245,33.4242206287996,34.132945065639234
26.568080272088128,36.9541079624242,36.69992273460101,33.66918327677341,33.86039677433503
26.534242823276017,36.9292734852601,36.43122653756589,33.92750226246741,33.83288408223411
26.52417379357549,37.16696070237647,36.49282083984332,34.01452822011959,33.46263541284684
26.25809649944822,36.99202695287778,36.73261876166523,34.518750587176484,33.62846854096057
26.55423376786285,36.97728591875614,36.763674535734566,34.695064537537256,33.76856506701599
26.68403380431802,37.16456235832504,36.92997868317666,34.442013184566726,33.84385990368552
26.68237848244202,36.76907423406837,36.9511535287107,34.07433263191743,33.89908071238588
26.857242654344024,36.997573591498366,36.9132443691085,34.17486308014574,33.98952896293974
26.528252833543007,37.129090467103104,36.92850297769325,34.08767453099393,34.18465300491236
26.71008993678817,37.16110361802077,36.85851683006251,34.15036284664926,34.39123270366666
26.681514784028412,37.0548998423427,36.864783140533774,34.18575215392124,34.37628013513206
26.401155232868334,36.962841973856754,37.12103415319467,33.86906816045273,34.52687709853057
26.250315516964445,36.89039451935964,37.32373959607432,33.50230968223451,34.336087174874805
26.241023790961435,36.65226014155411,37.370032312573,33.14280097882119,34.19076328963708
26.5294021589887,37.14127815305756,37.40617602472364,32.724006521400106,34.2284037125119
26.640994006672223,37.20611183559856,37.42005368660262,32.39413404469865,34.443670263677795
26.812862500363348,37.10359046733085,37.89615718653026,32.11114302935634,34.35635138111723
26.63017249303932,36.94050012332379,37.990033740844986,31.892874765235103,34.1619370925791
26.594656928999484,36.86926202850943,37.99480902975921,31.935506102812894,34.00173026485243
27.004208919566835,37.13052841129701,37.98313784608874,31.881024903651564,33.92877520763121
26.7801175247031,37.11022610500618,38.24385927405937,32.10068634958999,34.10111169137688
26.495603349935525,36.76892530906915,38.51242285644258,32.328153368851666,33.9008717970442
26.44447410528434,36.92606882055836,38.203069606730345,32.23825161836657,33.75642070572005
26.39935887306736,36.80149240999695,37.919295531599374,32.19939259806223,33.95015147117088
26.438342926626216,36.71446528586287,38.05253474702451,32.36467197448223,33.993602117016174
26.597856422186485,36.751025992562056,38.101362569612654,32.23413492716251,34.083542392886386
26.410171871015844,36.89486727961409,38.28889930786457,32.0659741528549,34.09823251252441
26.16901851783957,37.04348804226933,38.15803614943942,32.02982369231629,34.15743202970628
26.3015299866142,36.78453424641637,38.17900549564347,32.25550884707918,34.16324724956532
26.498864519449405,36.955549153980144,37.96048654970959,32.05769065502771,34.157634865223265
26.10521904338548,37.361189482872064,37.65930364936887,32.006010682462914,34.196852821324555
26.064497725009804,37.4365057214527,37.733702316768486,31.759186080595537,33.946048988393734
26.062266894871637,37.75902077841424,37.47451881208638,31.43589996257868,33.7383493262146
26.14580726870777,37.807854320269605,37.20440995369147,31.185456490547235,33.77810986909904
26.259616984894897,37.79554622971978,37.180754457797946,31.388408794888917,33.30503228889705
26.512402302970727,37.94484463725871,37.08886876409996,31.45610239810159,33.10121004833218
26.682109592059668,37.95510962557472,37.02799285857806,31.4966379594063,33.15219922681112
26.513415220355945,38.15992372357746,37.15279184090491,31.492161403945733,33.251066986425435
26.599437801514544,38.631065752445984,37.27060696622179,30.91499358754425,33.610082827132935
26.16728226941177,38.65641586896985,37.120202533185065,30.745970582408564,33.56901584375398
26.096741922686142,38.473492800953466,36.985331949934775,30.5735992384766,33.51597675727608
26.147439295662508,38.422211550204665,37.256971644730704,30.501439560119906,33.36147621273677
25.86796150595045,38.355624295272506,37.67035355272173,30.485597564181305,33.32130084318007
26.1771102830882,38.12353002938964,37.40493658495885,30.450059074049417,33.52451357426138
26.006031233559582,38.3049663708067,36.97157859882416,30.44393871526016,33.839290310560806
26.095005912644968,38.297589317528825,36.857961689094985,30.61592963409656,33.95687811107628
26.330155112177945,38.47920336942724,36.72291372505379,30.406294921116388,33.75728851807355
26.306703895695367,38.37379487615353,36.599293465989966,30.214050741016106,33.45602679193033
26.21012705096571,38.62393876167608,37.04606142309739,29.65938883229016,33.343014643125635
26.355038649172204,38.75139076565779,37.06086271606711,29.628330459616617,33.1968389349651
26.321557354074976,38.438309936348965,36.89301387726145,29.768473143265897,32.835168723331606
26.13807854415324,38.457979008879214,37.05985138016157,29.632504098017417,32.85069435013499
25.95665292437309,39.1579172846841,37.25868778420479,29.642936918094858,32.496432114887924
26.086192301890385,39.63994412870958,37.42981491887198,29.77773911175081,32.742763064857954
26.129598483820654,39.61800016036764,37.18120261503244,29.81297737345285,32.69521796720641
26.08887608280092,39.65672502103483,37.19719597940735,29.81811352870572,32.71326027591
26.069691925779743,40.05206694628309,37.49248883447866,29.692532840760904,32.68081745436542
26.18039511965973,40.22236290836884,37.60549203673501,29.705669294030283,32.83607270831168
26.22529430928548,40.29745885919125,37.916158904559936,29.94806832215722,33.02152820984335
26.39125607033338,40.59037814410157,37.959521480912926,29.853461062022124,33.13170025249086
26.270614667817163,40.88185181727031,38.05441127662577,29.55936790919543,33.213047214263305
26.671354358325544,40.78083548488263,37.58402500225493,29.490829436208895,33.38329513981906
26.452953230911124,40.575456621918086,37.32240351199161,29.79714084256789,33.58320660994489
26.314783960514237,40.462526752889374,36.9103834523335,29.6198414253944,33.704006917073826
26.383563413846804,40.28523794564372,37.22997527767629,29.54196928317697,33.71322601852213
26.21179131939565,40.159533335390826,37.61073217497252,29.82166122359329,33.694545233321776
26.41804158969089,40.40221329824556,37.45127337452768,29.978057043704727,33.87630109559831
26.638888028719663,40.10924265814889,37.63565156693298,30.331292831736874,34.05056985849408
26.45910433344331,40.04322306517742,37.73341340190109,30.245303290696047,34.34872742965368
26.24379488772485,40.21523411365582,37.44401218761982,30.58093205398975,33.88030940891367
25.890152550553804,40.55222926699534,37.48025575829888,30.66480941606008,33.80459867189949
26.24663597119405,40.62633881138823,37.81159539210043,30.681948096866883,34.00477443304326
26.21680453727624,40.79632850345424,38.27946741172181,30.627808298743005,33.93404408800027
26.18237599718292,40.84012083613674,38.07882028399848,30.643286496483807,34.41675313142469
26.034030838307352,41.2351714053841,38.39634166027328,30.324783223471847,34.69115589097188
25.76784881199281,41.79778232154025,38.21271445864759,30.006669737151725,34.60126413763515
25.641815034210254,41.41321786164462,38.2745101622812,29.79821199704292,34.806610641509714
25.580481532558043,41.51519864983291,38.16374323566999,29.9025397400222,35.01310035160214
25.787266499901563,41.30394907137299,37.344094892594185,29.92829182162261,34.89025100782472
25.55143002012545,41.1323717907807,37.41875232856551,30.03746111348481,34.81432301700329
25.507993070039102,41.45246128417124,37.19545692582543,30.20081751802721,34.27158952134473
25.64157858690553,41.962835075219566,36.9609657385465,30.65330363625187,34.000213190768626
25.759941816452237,41.73186803433479,36.5913802733877,30.857277329613098,34.02223855376979
25.944548247528903,41.90286070378513,36.269785333359394,30.997303757680854,34.087581859534104
25.64255064935568,41.77861928744714,35.73455917336466,31.20914983769648,34.19375718422776
25.777222079546465,41.77960653202589,35.67327725896415,30.9930276398581,34.57880169867213
25.86455995658605,41.11130865486543,35.60326280028827,30.80610532347989,34.307663874332285
25.749929326997368,40.68960184816619,35.906324419208914,30.865604323319,34.1778128737026
25.84929471282237,40.45202898360388,36.156778074101794,30.44442728645445,34.13953184754085
25.66531941091179,40.52423658776672,35.990546782397786,30.5206977019424,33.817366419575066
25.85765815931896,40.45676045643592,35.83801887897465,31.09812641145138,33.80686976729994
25.84666283745464,40.44158085289044,35.844120049462774,31.02888510618234,33.7923366148619
26.01618456750431,40.61730856867244,36.19918688017629,30.66273967920519,33.90470870383234
26.258924031776587,40.29991024560844,36.41862990057165,30.670731840901567,34.14501483407102
26.196541372252085,40.75703579346104,36.68339347883614,30.74586933425143,34.37076819569921
26.36115788704941,40.96109628841245,36.87117101852432,31.114222653562383,34.312749966871046
26.275763815623392,40.28163777401927,36.81842425103017,30.77347642917876,34.55160248418056
26.43262466486093,39.53564121234801,36.38619719105064,30.81017996248226,34.667293967992435
26.64820942471785,39.48391249548312,36.35696884123918,30.87656451633988,34.62028931308151
26.912123394866565,39.48645984245472,36.2000083112968,30.89449860241565,34.292199295611745
26.862301695627117,39.95598920533431,36.14902439156338,30.650052377433163,33.98002851740926
26.811205774443984,39.80534634771848,35.94228701879033,30.504897644071328,33.98410517263083
26.90400216538284,40.10154428970601,36.18692451200853,30.356697491806017,34.18383386121893
27.112101516742054,40.29288005564551,36.180285049496725,29.98398087035516,34.43036168723057
26.89545739400616,40.40687172581486,36.238204289818846,30.217000583182266,34.56921789813544
26.81144889765637,40.36808014185125,36.53065467463675,30.375431886756992,34.0381160342182
26.69856351514838,40.235585081204206,36.57276865245957,30.47695312525665,34.07374588585012
26.767336371888,40.2979283065559,36.10474051612979,30.29821443428848,34.34533381968107
26.781849221554705,40.146187980922335,36.33533323267394,30.03284415964735,34.1293578569623
26.878047477593952,40.07281284042496,36.37794045802403,29.9834097203722,34.04178963893279
26.8271504907896,40.238301586172106,36.2000613825403,30.094670760567567,34.09522019942532
26.704435577942544,40.06858055628364,36.20194555983822,30.412298286345585,34.06234953866687
26.71663466019275,40.28678115772433,36.28465103082389,30.230700544872008,34.26712549981173
26.99119880880631,39.92899357969762,36.35139715328614,30.25732102638712,34.606116849258285
27.1039593464424,39.43094944084601,36.08281202413231,30.597175087796177,34.690687454795224
26.664585098229058,39.39181343502043,35.99255795192423,31.119546097544436,34.5527013072819
26.887914116923763,39.1501948079605,36.18204361406885,31.59973980925596,34.72672110896502
26.94125169706073,38.69319471730306,36.63935974714886,31.35150018070181,34.872923508674816
26.492552026503763,38.619844024307255,36.7081569304944,31.475898270763896,34.94920386012548
26.441987699783997,38.7280685146466,36.98507996992117,31.49487084365445,35.054123320079825
26.395589429564485,38.56757863417082,36.99097284593846,31.623754514930344,35.14608355592682
26.51539333828925,38.65474467391883,37.11170309878484,31.415883573147926,34.9480494984369
26.59642298982361,39.22101547354182,37.00459922219049,31.221084552291885,34.93861203582127
26.438766975740112,39.48882311238887,37.06721931584839,31.474388268703603,34.96115269646549
26.31189386475124,39.14032103569614,37.58757316909238,31.495410186285827,34.74168947090153
26.15697315168056,39.33436478206767,37.76472824906198,31.08596392488679,35.08185841706196
26.23826716079297,39.35370515416929,37.70334409899767,31.327637800634548,35.32102721877091
26.20264846589323,39.41034318071671,37.57591895903413,31.47686111635297,35.32495762752913
26.421675908059807,39.83633453824946,37.27930879914439,31.679490844343864,35.52849021504795
26.38471163623619,39.73709520302621,37.125204566439294,31.927040237931053,35.50323248770699
26.38311528697485,39.50461855536787,36.63954503269431,32.14981458466783,35.58023740459871
26.10082948218765,39.41468762115467,36.24733903752611,32.23788584316005,35.66660587093556
26.059588721991577,39.02910630762549,36.36492891569115,31.42643725270776,36.01644319824379
26.03701582819428,38.81919945549094,36.41285522542505,31.52855497761425,35.85496967979875
25.99263318288248,38.41943311035094,36.3292291956704,31.621808748956152,36.08603621204912
25.82390675189345,38.32341327561782,36.28711342159012,31.876307060561487,36.03523332142999
25.967156390885037,38.4904374336681,36.42596374205809,31.770691064753688,35.399618270919454
26.24426796041293,38.627001135845454,36.47353993980181,31.551363606936807,35.26136088995167
26.243833443676312,38.70705565946452,36.35539259150556,31.30026517753081,35.245190688623666
26.489831681237533,38.49031315818542,36.58872412556944,31.526850465639612,35.4599276156789
26.51844195871482,38.46445025359035,36.68159649908885,32.26978885390066,35.13280548793526
26.609570873509885,37.98518438160147,36.7270687356961,32.33308696863738,35.26832028301193
26.971725186717546,37.919546056833305,36.830796270327056,32.47233257709897,35.408088580947094
26.8531407068078,37.74938537046924,37.13363417622372,32.82199581047467,35.43181636977608
26.96587153645384,37.59458083238589,37.350808163684846,32.91806401885691,35.17601975099045
27.014769427893825,37.91000087053641,37.26384384061856,32.6627442965673,35.0270891235534
26.776975879441416,38.01002281876,36.99172024428111,32.58031804291177,35.03843096986281
26.676611463407475,38.211739686098696,37.08393969815453,32.15793448803205,35.19934611519327
26.6434996210833,38.30224199026548,36.92560923824699,32.143045545930875,35.313463350434574
26.651213561535883,37.97434099389523,36.9749079834487,31.8244193215395,35.35527823012972
26.495651134751053,37.74438390451519,37.00831018913159,31.344435463175948,35.29739739676496
26.78194747044188,37.82238036388938,37.27317934341,31.49478863971361,35.38127417484966
27.23739724891612,37.93247009625753,37.16295627710255,31.44579765368061,35.33094688884312
27.30377261844472,37.84651026176643,37.24627326438859,31.254182711245043,35.4517976072637
27.368097474357416,37.72323066125123,37.15032417499536,31.324799795469207,35.45207760321903
27.62343698381567,37.6032456218209,37.23043371371292,31.220260240690397,35.22759500230375
28.119320121985503,37.68850072947567,36.900776417295454,30.922922769116887,35.295991323403555
28.110130103415543,37.18220793957762,36.56960594574048,30.97534572041442,35.4373804322794
28.422575370949613,36.972529756775664,36.65066585317539,30.88369285915244,35.511289997355284
28.33085153767744,36.77169394477592,36.54752076528696,30.70895452595795,35.57101445195519
28.265011712499337,36.7805625909899,36.24765170848025,30.63892248103672,35.83786414838629
28.42417700530634,36.84615736599055,36.12448481592192,30.89930106963565,35.89779560899469
28.42313688647361,37.05971418003489,36.16403046115611,30.977094657034016,35.92331121502429
28.496654046301263,37.003013144049504,36.28011863083542,30.601284980057848,35.67537101794246
28.804699862807425,37.06315462743434,36.34872612940326,30.865745051643632,35.74703170291726
28.868346622613466,37.01594506294196,36.41541859687576,30.727287370729627,35.511272669283784
28.53758117604209,36.95568983093207,36.195779561722354,30.460635256688526,35.72890905312949
28.347132604563328,37.02083008179876,36.041045612243295,30.179327968051123,35.786206002814446
28.35022946083848,37.4030229274743,36.355599973909385,29.78842482886373,35.869600572066595
28.166103296700285,37.76062582278186,36.44547686855798,30.0795696714686,35.488990265353415
28.329884182679297,37.83448962710559,36.34024362416236,29.981457858976007,35.3608272723482
28.271229112229424,37.93844750744295,36.33771559346955,29.83055392955282,35.09391826148787
28.14778126214209,37.92613303554017,36.09003580256065,30.023092916277005,35.02140956028743
28.12212826886832,37.75730123311313,35.7413052711479,29.711315782094022,35.08911825429903
28.240345563383823,37.77212206253885,35.910138366169946,29.837537281396955,35.49607876001566
28.034541926851293,37.61194058192376,36.36761605596805,29.870003733542884,35.11445362194889
28.12281569851706,37.58433338546678,36.040645104241,29.791388397347,34.991141791547385
28.231767991708715,37.87124044143993,36.03186961758866,29.919337699729915,35.13774291108352
27.890108565184544,37.97030156968706,35.878900481597746,29.852972333810328,35.427308900188685
27.982659473237888,37.76910309426302,35.46040108283155,30.01932269055756,35.52746722756552
28.170981074109378,37.90491371501044,35.502678074015414,29.780887254621373,35.13968830979868
28.01202904774508,38.13805240013854,35.72668803206878,29.8505318635451,35.231785043098434
27.91491377533996,38.10843978557512,35.28233863326084,29.870301064725265,35.275811027507466
27.99581256962496,38.1929323266928,35.00966686935341,29.902315292064085,34.87075201995177
27.75819895418228,38.43607705735328,34.5293584152835,29.892937723394013,34.40080667085135
27.99504971103665,38.35098791749161,34.309722688857896,29.904320988716258,34.62472777048791
28.16119617954181,38.23372093126167,34.00117829651495,29.87147667140752,34.87221952381692
28.10597632104908,38.28412082016509,34.20603615820878,30.21462583051236,35.33814197412107
27.973548159386937,38.20743859892925,34.03501788237412,30.12144285438108,35.7246934397813
28.03627425380368,38.02264157855045,34.14818975453139,29.97627617058989,36.10270022927842
27.897618728878896,37.633216096379165,34.2251703987417,30.049332782697967,35.79958221400448
28.02341130824752,38.01782901780114,34.154301371552656,29.94629579528318,35.82858169050843
27.660608913781445,37.67735179690184,34.55207172380858,29.87005373902556,35.62347787922666
27.3254282727162,37.91466640796489,34.781147356166095,29.653723954726782,35.57981821053903
27.718145777269907,37.97608369968812,34.92959408942795,29.83183162041322,35.36149982141808
27.514824038402697,37.928389912890935,35.15635091946234,29.85722446953049,35.16687493533021
27.790981786450768,38.3019383315767,34.99768075287362,29.96525331517647,35.3608924964486
27.699928262403944,38.43858161984278,35.25983891265607,29.83508659854024,35.49358223119308
27.778952772799038,38.35284203198577,35.10523210741988,29.74731019005729,35.36696136591019
27.41940394248266,38.2699590644001,35.08016177182617,29.640932899408032,35.12596350997209
27.34661641286174,38.06861055125032,35.583271481145,29.549472525828605,34.94407109511999
27.812517919054,38.19091625158779,35.818434706345975,29.71480029135093,34.91857762482944
27.82800341339141,38.200809989721165,35.52056779502121,29.6642715629865,35.151189171337265
27.734256684253825,37.9542565000812,35.57225862514844,29.516186067372004,35.2590376123713
27.77340884751802,37.96656621353172,35.56993104181553,29.489067155718875,35.315540201632054
27.792865840455423,38.045374585784565,35.78062743021186,29.52545510906427,35.25147746264304
27.652510815034898,38.17817937915069,35.89599809944432,29.53098393435501,35.30889669365317
27.519139490753037,38.21514317365117,35.7835188336358,29.424180025726425,35.504522100052874
27.404880430452017,38.267981599349255,36.0243480042198,29.184834900708275,35.54491422725231
27.14830861959121,37.86815801735379,36.419440399151874,28.81368397541585,35.326201565409804
27.218748433016508,37.32828499829107,36.300067032701584,28.58844283774868,35.496435392112474
27.24875836923117,37.47923782884019,36.02960781016567,28.73720535130989,35.91996710739449
27.051704276623106,38.06495267469419,36.02095000859244,28.67064879809786,35.83771750423619
27.197426153115774,37.84297455258584,35.57174741131573,28.98545415319595,35.57021089752498
27.2610823825932,37.68103861488452,35.61342592936376,29.00462162116092,35.65547157181964
27.064032338338183,37.493330257943086,35.65496933364206,28.875983288090485,35.38804194735136
27.02970486517105,37.34474461916441,35.129789262581134,28.870180931386805,35.64961256932638
27.06673633277672,37.20135297209976,34.98183672696839,28.845399585894324,35.81571045466264
26.865285494764827,37.04652988760593,34.897655712736885,28.76098198592836,35.87371550243725
27.06165383518717,36.66856586860454,34.95620725964825,28.598823211193693,35.945393665728965
27.183185640086595,36.525321243344166,35.08134600787926,28.85061634836178,35.912184250516795
27.3186577828442,36.97205437035228,34.73653845728029,28.738056941577824,36.26419819003476
27.425222176711827,37.201349005594366,34.89848910409532,28.891211799723877,36.40459529062274
27.314379540259825,37.307729063924526,34.714872250876,28.86070003913033,36.43307520188142
27.418387151966183,37.3598386267579,34.82662697432462,28.744268578232678,36.08980429658492
27.41738768570626,37.70047744977784,35.03125635818591,28.4820107995871,35.6314894821105
27.427175756828184,37.96622368631756,35.08719523516967,28.39106477838717,35.64449067307109
27.46394743430212,38.0595102790691,35.323001085597184,28.4774096800464,35.693804840265614
27.7703904894813,38.07796212025562,35.21668265488699,28.73197825585376,35.46321373297931
27.775081256193157,37.96612178005113,35.53730140716787,28.31559679096643,35.359857108375365
27.457462044984265,38.12475025484688,35.96930570965403,28.581841368436,35.1701263298498
27.593052125065785,38.41379759881109,36.31248516910991,28.832148259453803,34.69183584899191
27.442187132127696,38.31380309691951,36.46830325955876,28.806577232391557,34.51154408317825
27.374748021091783,38.4776272190386,36.32642795360627,28.790456751119937,34.52268354827526
27.48332164629632,38.71139377471778,36.26543574434836,29.180652958647546,34.72906314418751
27.488067041076302,38.60273757180204,36.17115986266709,29.366032216058624,34.67621390984888
27.21305769732116,38.4657023028314,35.87575557905025,29.20014340055897,35.11861764014906
27.224583450761497,38.886497124411285,35.84750725752015,29.296831376876607,35.20715755741527
27.35988528746126,39.1142921508687,35.765568164945016,29.14480484627148,35.189769562072456
27.183293974272964,39.81743393106053,35.997200725736235,28.918817509462613,34.860262068238086
27.102923009020948,40.01021847552735,36.01936400327533,28.77424757818596,34.973006894530386
27.1425185178946,39.86130564728735,35.833456086925295,28.577890926386274,35.30275584180349
27.004741299170792,39.82692273023111,35.90107655956556,28.62529885209542,35.41748407602978
26.722284316390866,39.69718593745319,35.94962560599573,28.49908835894604,35.27378388185621
26.660060124022007,40.00832220038389,35.980898945215806,28.7363266048788,35.004912435868434
26.47724718812339,40.07227440283939,36.34384375813983,28.375343671521,34.88687624625771
26.678707271855767,39.87657323600802,36.410688071576416,27.89702659385991,34.67473326805561
26.75634146686189,39.460284174725416,36.51068534415954,27.78300270565056,34.38173601617091
26.740191386231068,38.89476735168108,36.45687231171596,28.081398960794274,34.41630304631064
27.188352276823025,38.88296748291933,36.18564259312691,28.27121546096634,34.95495371134208
26.954642169085293,38.71150491937542,36.14485743021046,28.559021699726067,34.69235797962088
26.885857109514134,38.70305909317016,36.143384239243474,28.438828896481628,34.41238467896918
27.342312441991805,38.24244135661501,36.624717925322,28.933424110342948,34.040991049229554
27.326049683886865,38.34919234399602,36.41840389989028,29.045678102014403,33.97489114853298
27.37909209713805,38.37172182212728,36.42347384695555,28.925674765551555,34.042119655271
26.87820945202834,38.62987854218948,36.12921680460515,28.959939346956823,33.85709501519545
26.89178679142542,38.76137338868293,36.08151775625432,28.964699540629287,33.8918843310553
26.95081123147238,38.74120411291116,36.05328851410949,29.05516030570235,34.204804724422715
27.175539770566537,38.75954540302506,35.98903927436477,29.117853172300286,34.46646389029186
27.677194436337565,38.82493446175391,35.95682746512198,29.260160496858912,34.68695516670613
27.503526859528915,38.85162291206405,35.8246635484859,29.20096954912865,34.79535043250503
27.687054665398136,38.72682825097895,36.19974780293292,29.091013111134156,34.899235687206776
27.46683690591349,38.41895092708685,36.33363040350214,29.245238216853377,34.986200134078295
27.345778514708638,38.44190433053095,36.46721140696913,29.144849464543245,34.835320570187726
27.51279462064941,38.534111510281015,36.353860281529904,29.098926503308338,34.95768362443928
27.314198032045464,38.12484672252463,36.37604637215463,29.137594019057943,35.28514653956647
27.35518756735221,37.79030222997529,36.09689922837399,29.1983256526267,35.07766352919824
27.49044525440846,37.80487458952488,35.833813086393924,29.13753126119118,35.09372548691235
27.611571031755144,37.61897343085155,35.82069757573899,29.063889055888342,35.106954297040986
27.58898089609703,37.22328705975229,35.373067101844455,28.863651098998247,34.97924325963751
27.72311104081046,37.007289699713205,35.30401442288328,29.12349583244389,34.75099065544938
27.50230519848276,37.01415650747264,35.084403044420945,28.77606210416874,34.80512035813117
27.425126063463484,37.01871247945503,35.43386483438509,28.615457638977908,34.28396781763815
27.35616835368956,37.050828848203736,35.36480991747213,28.5001471679093,34.20799160737753
27.464498116798577,36.89324966547412,34.99566617387583,28.41726791086474,34.123814540443746
27.526795359943577,37.16560257788899,34.6953288872162,28.046173484264735,34.0831762764302
27.59585293552202,37.34597264039202,34.7795457862976,28.24416430665386,33.94071835681235
27.658212813923093,37.36667016861445,34.80788929193789,28.361628182594117,34.119706572929914
27.57062795510708,37.20849589668424,35.0446050830575,28.80820135907488,34.56397731535066
27.704676782871864,37.09049700100243,34.80708271201667,28.892363587555685,34.30352727234208
27.875977088935866,37.09590946063873,34.724431728463685,28.87575946900704,34.671627261965135
28.17426982015384,36.88431250866542,34.96088308514967,28.72691765630958,34.74891339193303
28.241135473462087,36.43912876857201,35.2255011812344,29.11296638048166,34.74625567521905
28.48117555504979,36.34345622528396,35.33189349798223,29.420543393417447,34.80206375763967
28.82446064699506,36.50995402617074,35.6650496286733,29.780087291719298,34.81417576397361
28.675912824350995,36.4023684063112,35.62184190590734,29.904327674283792,35.07424661592519
28.80791477885838,36.251929020355526,35.59187034485729,30.012598326172405,34.89607670021771
28.507654667862624,36.32881066567428,35.40334315040548,30.164631435705378,34.47482845766359
28.43320239130347,36.58726713683781,35.4597596460656,29.92310086794596,34.45278077731445
28.32147699014637,36.55311735998245,35.45439691222139,29.61986742017616,34.48171049810642
28.19029135906457,36.550871014036574,35.46090362239384,29.85505827337301,34.616278728089995
28.187477043563675,36.07675582883384,35.32822132981788,30.07650705209968,34.711973831742654
28.180389969330765,35.572480030253566,35.148980268406724,30.08216655191501,34.75304009663541
28.171161272618708,35.35374201125456,35.51433973782946,30.282250807886435,34.880881520111984
28.1793102169106,35.314693210503016,35.228199961780135,30.01453932382509,35.08276415521475
28.415447381680327,35.22959817141335,35.08342221008664,30.011224186281133,35.22392667917756
28.0602620513333,35.43119721876471,34.89501597324946,29.96389530647374,35.59349997086582
28.18652203491076,35.854684466045384,35.01980370543771,29.919643719019824,35.552732770056444
28.220829209576,35.81213276361986,35.13991434346028,29.693814552942055,35.617858199966754
28.447297669781776,35.72687888802128,35.196292213404845,29.88631304359581,35.4680259500854
28.57954277502321,35.39208651638031,34.69941756333159,29.949414833874403,35.365496853711555
28.699637735733884,35.44248483425485,34.645643527323294,29.854934143132187,35.390646480103264
28.923148786399448,36.020894264731034,34.398918277476874,29.659503103116243,34.89584814347779
29.310406681356262,36.37117539261291,34.10680644909743,29.47660747865917,34.88190302371135
29.108482132628623,36.46631177210472,34.096621159743414,29.24944575413836,34.93477410501098
29.08675710067123,36.73411988269761,34.29896948403478,29.42577979470828,35.18974174346284
29.14030915030817,36.67109146283583,34.22124559850256,29.153799793122044,35.32476964317036
29.19800942679104,36.77622041770167,34.37991587854253,28.92331835247273,35.12851925791379
29.20607806772508,36.76309215180788,34.59159074546793,28.76687653734841,35.19654756284797
28.708305859752173,36.66680375115862,34.772612716703826,28.853043274425307,35.24682694208328
28.76437479599559,36.60111645826988,34.88371036295063,28.597165803942623,35.23916183069484
28.773670886161828,35.94835928988068,34.800435993088854,28.758529461423997,35.420548649545
29.00419882757654,35.78455514239,34.35462046743483,28.83704574550518,35.18820842488754
29.16839815532512,36.26693515726232,33.91287802622402,28.993806436567347,35.30944300042852
29.05179428717717,36.08085474844139,34.00866312861506,29.08407141206301,35.581589653599934
29.038141345282146,36.32738312430639,33.66813887653344,28.938221594488287,35.98588398923288
29.00459748834243,36.28132945099081,33.54437156796604,28.88964205683229,35.86433411838956
28.90621105460409,36.15458300623609,33.40923341535164,28.591954478398574,36.014240310676946
28.81101214820057,36.23508586948092,33.47956503215337,28.54353379304618,36.05898278227337
28.71212301329385,35.994653797055435,33.60698089557429,28.722589696721503,36.11116371915806
28.602359730082583,35.80218457884742,33.41249584141883,28.702883588471156,36.09526692475417
28.796214363607543,36.03366310194362,33.88366705552527,28.481136065615395,36.35307154188117
28.70590458814305,36.36057966088234,34.085401778501634,28.479839508539172,36.0494459964349
28.691905175799125,36.867205490481055,33.904649386215034,28.182072583043364,35.87525771415228
28.06892306947725,37.03100787560626,34.25370901885194,28.206792532421904,35.66340290772736
28.100418659294093,37.33013211536501,34.38980284434293,28.385909557573918,35.63805665739726
28.017282005473785,37.58604310665893,34.09605435188044,28.29166730801629,35.713309002981454
28.105396680097236,37.95078412802143,33.8315685516796,28.66441800419132,35.36590651196045
28.47707503288821,38.321762579175314,33.61094662740986,28.9131661497042,35.15260358941026
28.696587549701547,38.32403446719722,33.34445745234556,28.718526894479325,34.84751519415573
28.76626245978629,38.09001255294762,33.39530673562729,28.82633789103312,34.837518608699185
28.56000042965633,38.06362633725402,33.25154351349842,29.132122457117912,34.72761912618791
28.367631830963933,38.05549166363241,33.31262874405576,29.337512731319887,34.79580609016138
28.38189463334724,37.83254273360794,33.65490789721087,29.14803683415224,34.7713724539536
28.231878323386244,37.86434530165082,33.84532824533336,29.302481241320574,34.79601809358909
28.000375616256488,37.83121161344532,33.386674400720366,29.207688856036818,34.39182837983109
27.810116688686264,37.64948140162264,33.35866375498739,29.170703555675185,34.0519070199448
27.77128583054613,37.55532948925844,33.47519847840089,29.181412985925327,33.763820053159755
28.047173924400383,37.55987947337623,33.353109308972776,29.53181803971137,33.64120009485754
27.93304347748448,37.58066339849642,33.339361068613044,29.860851258757837,33.75319856793092
27.644580975007127,37.06643869145991,33.09742909386571,29.798700883985436,34.02416659702175
27.72415685331202,37.1187796633,33.406530693445305,29.69560324442702,33.879592022081155
27.724486578681606,37.1670904154316,33.50954947687571,29.362860864172617,33.64011890941492
27.78659709455929,37.04541908100735,33.06759233610527,29.48317239560012,34.017742537305374
27.84773454716366,37.24241211901969,32.99350728281572,29.458985018760263,34.084415877034125
27.64877477214368,36.78243420192805,33.152531730234614,29.589805492990838,34.01292821370342
28.047632662235188,36.35469015694308,33.03838556402059,29.930007617500763,33.99285442343731
28.276168594034537,35.9888708114381,33.01785813183131,30.067657067250316,34.411903959530626
28.379547749298148,35.81340831014345,33.303853354794725,30.207173130304025,34.31438106880198
28.149138769010747,35.49906613251479,33.30870351738433,30.261644766048715,34.24978099468608
28.27306367419023,35.811011831008265,33.504166640222266,30.063977698703944,34.29320997384288
28.509635485806307,36.20298638713648,33.77059068412983,30.022829849329675,34.19344149504339
28.712494728486764,36.16130318396164,33.62638022796432,30.314967304783497,34.43816771976033
29.0871766949698,36.78737218685988,33.73251422309102,30.41845462282773,34.48215767173968
28.715768617349557,37.21978337959505,33.87475872187829,30.66005327027435,34.24894240000097
28.93944210786585,37.176846436664064,33.96900521087241,30.27298262488485,34.52602602279152
29.10020219257393,37.04213969726572,33.62908715441524,30.06941910882883,34.22060769175023
29.301508511992903,37.101861397529525,33.59411956239184,29.88074164389465,34.213392133760934
29.156065786965907,37.38353383438176,33.473144344478726,29.83746083917771,34.42182105038244
29.228882194686665,37.63759358064264,33.460366305734894,29.703710280412043,34.53013118870291
29.041829035938548,37.66241200180166,33.22101221941914,29.746549435183127,34.74761772973434
28.756750540623308,37.66867496487408,33.21178877216602,29.546078205725387,34.60885109234087
28.469098037244454,37.53757938148269,33.49190728921298,29.3884597364846,34.69810512631493
28.473696288587316,37.32096755008632,33.20235566983017,29.495061986227206,34.43419977914149
28.671422702506607,37.2631523489529,33.02211707034599,29.17061732982385,34.544615211467026
28.484156399881904,37.192630467056034,32.95686296391119,29.225149413684345,34.667803428822474
28.474957605348543,37.44850088673668,33.20424444983571,29.469532684663594,34.48161056789053
28.880875087048587,37.05684355905082,33.131666382510325,29.29704286101276,34.448776876971344
28.969262232667425,37.36644629308903,32.75840405968057,29.290760286919383,34.183156210651376
28.82736361386024,37.781851495288045,32.377613803454274,29.558034113512257,34.49799735805348
29.10858034861938,37.79401472668701,32.39952693919123,29.63716479751052,34.433362979697456
29.200861179256965,37.58604874793692,32.53921483978625,29.692537179420214,34.35730400621961
29.072261017871888,37.518180334095256,32.700392828700885,29.80900338804931,34.52457839901536
29.07787848897275,37.68971106137841,32.64998563123644,29.691288945873517,34.59719001490752
29.321387450722792,37.76811923565263,32.797013191110814,29.38947651134366,34.233503346591064
29.32393394074132,37.99301873060875,32.694480498559784,29.44501705722999,34.42187735619248
29.536390523605757,38.10817841637738,32.509308795044966,29.621120136104388,34.571215799962886
29.427555115947264,38.1283309288548,32.239800036883594,29.22594891686623,34.51113516784544
29.38846534268506,37.84739773575004,32.674673914382524,29.36408308486812,34.46923435942394
29.409519531426945,37.906105628205935,32.66544973098818,29.24750991831941,34.47965320308171
29.58102366921524,38.01946841238001,32.63778618333303,29.269720537541165,33.89931415507297
29.3665511862061,37.88869404937905,32.6465432076137,29.1758273563364,33.92926053941378
29.23209584169453,37.937091237012766,32.559322076586824,29.354599691718818,33.821209952672774
29.142921574786715,38.352548237084655,32.7263421360009,29.41044430077619,33.75778858822462
28.912232098372478,38.49705369420242,33.009087896362686,29.543412268678367,33.56646103979006
28.94686937329795,38.50532964056994,32.80520489122814,29.459598722650515,33.339494783210206
28.73774193535429,38.89215748437484,33.02614982107402,29.58052376446909,33.27944962937977
28.66626284016592,38.69403885875176,32.836197254810344,29.88371583472848,33.5190443728277
28.50836299909855,38.19829862513391,32.9011609880186,29.559476287628204,34.08115318836485
27.97976880933975,38.03939795708951,33.160495058211644,29.547900014203808,33.88719720875455
27.860765882857063,37.86867228939995,33.21710611513115,29.41936668905616,34.08763953128018
27.87337257418286,37.61241837512338,33.27952121982265,29.20022281887737,34.62764007231993
28.0768857243183,37.37116762857379,33.33669553214977,29.47161579504167,34.485953829559634
28.457604072335,37.65893709331306,33.12465409587629,29.30762240069902,34.64531693151626
28.370823417253675,37.73522751461733,33.36880657585804,29.273877653734772,34.49715209182914
28.409339981865102,37.61141071991563,33.36048782774463,28.95236159499699,34.67248232724306
28.470797581835253,37.936478220929445,33.09070514636157,28.788627331727785,34.587553639788055
28.602841936973167,38.025228869526174,32.82829826977179,28.88759586027602,34.805594024519465
28.670290885603904,38.05887852192951,32.8956199043281,28.77297861980912,34.57881808684773
28.72909401057588,37.95717354278404,32.90774549052351,28.516450818562056,34.335884979334466
28.797124195103628,37.58682682926505,33.287983272481426,28.59551350154189,33.71531582671662
28.63792596578261,37.59859757291343,33.22473412900921,28.77568899103218,33.660252522844345
28.386760733041577,37.72571214832503,33.571406775769454,28.679426276353176,33.664206041634
28.71941997748428,37.33641975954206,33.38713449599326,28.820184293586845,33.9562808480362
28.644176764978607,37.16478079568287,33.512223444382734,28.580572832186075,34.304539855422654
28.474954221298344,37.17153841274274,33.582212201605614,28.670675904372366,34.28351463879832
28.883238021146205,36.88980989365515,33.517521518699205,28.34098447812525,34.119525158726695
29.089460543310377,36.59984238230716,33.590153653339634,28.024322283627548,34.21716210462013
29.282910070448672,36.790060552422034,33.712111415669746,28.22192907373309,34.289258952699235
29.286430867800917,37.01922419273264,33.679626564823025,28.162771717947248,34.09255576633849
28.841391246157617,37.2027720215234,33.55941468282207,28.03434744977632,34.24299609811982
28.781519513793988,37.25705242570258,33.1599459475587,27.908301568656015,34.3640113035548
28.89418338389552,37.13843260826246,33.27817518044474,27.8782308935466,34.37023688973013
28.66357099305264,37.28981034279199,33.079399406732016,27.90102589662876,34.10822890414148
28.98472464069379,37.170450256353135,33.376821248703465,27.95574682839885,33.87140411946541
28.979802443551577,37.24029263712269,33.043670688236375,28.081704654103223,33.534422097361244
28.79048882646496,37.363739610141295,33.38237618086275,28.059471250207626,33.68361740951185
28.769778467786505,37.2461985863464,33.27508909377631,28.22515640512362,33.49977238394638
28.569017999495244,37.66815538455548,33.81580639993484,28.352636616601657,33.5428727563167
28.588972688484866,37.58968281401132,34.09369981145858,28.17325724936365,33.23817597874832
28.649203006608847,37.63634881869501,34.08707634650559,28.20252602103537,33.125573058774904
28.46088139899232,37.41171276762448,34.01041875446425,28.245084729066235,33.29086970534948
28.51770200804621,37.52466379667382,33.983387734589066,28.3768210799893,33.43775883753288
28.21478414387902,37.48312981555357,33.81119023325699,28.521898979399943,33.35939769382543
28.528765852905085,37.49385359616669,33.86267306477915,28.135904865336443,33.79761832305395
28.35299632956814,37.159111361846165,33.956905222278955,28.090507867421767,34.22632419399105
28.6893165247247,37.13892688175981,34.32124102005373,28.16067002180427,34.082084414451764
29.05383671570557,36.9943526478656,34.67071055567288,27.96571136506229,34.31264375282055
29.126878303296888,36.81825026918515,34.96965112291233,27.86960111509781,34.18298776865399
29.26235914572696,37.102674709056046,35.10154251988079,28.15029309321119,34.15697789847281
28.83838936737681,36.89674210557919,34.97852620486386,28.16984279767401,34.273687030490684
28.91411860170697,36.72500269256347,34.7997758796538,28.384854390957848,34.12042797834925
29.090434006499624,36.97966904136623,34.79606738574463,28.33157306036455,33.950674413393656
28.82529898279038,36.739769115066174,34.83226885208805,28.303763875330457,33.66240987331924
28.69432297759126,36.75367867107312,34.88154989365579,28.017633473571163,33.65889534104028
29.04889150036277,36.95809811274077,34.97604093915354,27.89280639711212,33.83634639270667
29.097953999027084,37.08096665530608,35.0924873272584,27.93947973650948,33.88099815434286
28.859000275964732,36.97812970796,35.677262045132075,27.94234467712294,33.77168357243345
28.61777577885001,37.10643269585472,35.48575169379199,27.85594478540505,34.069278837353714
28.748789704429942,37.47097354255872,35.719948866652025,27.79355337658538,33.811574794807754
28.94688899481384,37.52210300019881,35.62642926690443,27.68918022550398,33.9396693260353
28.89886068498532,37.41365334552439,35.54620039982361,27.764466559870687,34.09485644720685
28.95479479215557,37.29755738842898,35.491319413422225,27.559452661572923,33.65482223761702
28.96839294594705,37.04318815483247,35.84307797668098,27.83993979023401,33.34553215775317
29.01907848438418,36.74713389291352,35.908303034682454,27.896430927257963,33.096767338059365
28.773044015045947,36.61095251816696,35.65857398996484,28.12418061759742,33.315539427046374
28.704267396315828,36.5274491498141,35.83141417431882,28.25438603165805,33.134090832087864
28.669664262367498,36.67906946794534,35.773443848906496,28.205878696465398,33.06006707338045
28.91368743026712,36.88547675510486,36.38531552727374,27.97500686224222,33.501199140182976
28.63458903299376,36.98480502843151,36.54106223532948,27.879471516129197,33.83027511021624
28.530035194002163,37.009452541898746,36.25922582018352,28.164274841546817,33.8096182830576
28.413644135798545,36.86212945059706,36.14831337856401,28.045257089201517,33.71756158948844
28.671081187166788,36.539121236518206,36.14770916444304,27.9420432747477,33.59201095892897
28.57613240177049,37.08980196702152,36.274096348772005,28.28967726201401,33.878912629311074
28.58576862612325,36.91301367834095,36.2336973028809,28.43672179544708,33.543197167760574
28.2888281930276,37.20156679023933,36.23535028243738,28.992705892765837,33.566710509724466
28.630945239732103,36.95461623061013,36.22067967683792,28.80949227620633,33.715177199178044
28.465311899801065,37.12127704277835,36.304345666771,28.747967505966585,33.75564228288554
28.43028936935069,36.862133455646855,36.32156965711226,28.815697925827617,33.56336090894141
28.242443759048,36.80673403173297,36.388248578849726,29.081235034377983,33.72019531707956
28.20203485703882,36.90870330219631,36.114918984649925,29.0930736454002,33.22317480217031
27.788658679719717,37.11482831708105,36.399672042260896,28.85171974233705,33.674894214251545
27.904860149163223,37.082883539140624,36.35177338281139,28.601551463080856,34.16606236218373
27.913660552875065,37.03280149048574,36.39118921921074,28.817586019009045,34.32314920698263
27.73678834103929,36.85136925908075,36.54962769129911,29.02175115007725,34.16629589314997
27.57901318775001,36.735552769033,36.373428770049976,29.31583217329201,34.034677531306166
27.46867042509264,37.08610654224768,36.398089752922495,29.288237926935075,33.7902502942017
27.546352401598902,36.67851618674196,36.27952919356021,29.152951196636472,33.569571021449
27.298343407728925,36.66351660086179,36.14464149466173,29.254544869545143,33.80053940655022
27.335430180972125,36.36057376471287,36.37715726242904,29.452411322896776,33.58765888539151
27.1331176017962,36.29467818964143,36.5787074376935,28.9573639491452,33.43913497541574
27.343796134244396,36.35130492829287,36.22769148408175,29.109290419250176,33.33953407327948
27.04630476197451,36.5786945756295,36.31887658942147,29.081494689185,33.593206266349775
27.083490523936497,36.42983954389343,36.4438397490277,28.76354373540389,33.830905910181215
27.0069669399081,36.69842612408719,37.04155686513117,29.04505796204377,33.56075596999534
27.412893326872016,36.97275638814276,37.09183880295521,28.92258375320639,33.98716084109059
27.559819735192324,37.25100796371182,36.68160546806764,29.21512895538182,34.20045079499542
27.698044237893747,37.61765114508658,36.76381327575445,28.85650422134715,33.91871199495157
27.62890426206928,37.51385317165124,36.71062954779661,28.813471393130094,34.02941035989877
27.22890865402592,37.28449375095833,36.76446482825915,28.7790321439455,34.25880061686039
27.407999692402903,37.56570962070425,36.624076074547474,28.56128139653923,33.95019113519428
27.37049801998977,37.67887306422891,36.64269394726679,28.192203578789204,34.22557190952542
27.77056177045932,37.582671301557255,36.43893094676487,28.092926923835176,34.47859680926438
27.681370740949603,37.85237927911593,36.19431326864303,28.29733342496739,34.907047878250545
27.678783793144035,37.46650689755574,36.66744793011058,28.43005790456341,34.855878571590324
27.68647258165056,37.09741395709699,37.016688529809095,28.405995187321537,34.56735529670409
27.759249450033057,36.89733105122304,37.20007839482006,28.5202477127502,35.12513065404996
27.95996872342679,37.01367213607764,37.2965747373982,28.338196427545505,35.47832517798405
28.026925227714425,36.68528865396085,37.19619706995238,28.357280392897568,35.36776260475967
27.836156156053875,36.92964751776812,37.12898085568012,28.22142710001725,34.99587374383888
27.962253653870167,36.74822782527911,37.150998032054055,27.99613779374348,34.949593057467034
27.632248620492035,36.56910164211086,36.90465563520242,28.24510678085465,34.83354710507551
27.778701121500003,36.85956808934085,36.950169589006926,28.06811066454007,35.09701479886894
27.91061294264085,36.876551992745206,37.00478128481335,27.715788293306,35.22479426811244
27.69361164307678,37.14543872450316,36.77382576798995,27.696574331549275,35.64865732639738
27.93098107311808,36.67539586989752,36.95412763880973,27.76197790726865,35.60088954122333
27.703573158826323,36.9074570146351,36.8284266513496,27.78609814408016,35.179613022794044
27.834264324160173,37.10870496681472,36.73192724824951,27.75541802644916,35.074866328371044
27.562522862346043,37.51635146215678,36.3148087082519,27.590555056744773,35.1295404627558
27.44614188639226,37.55461733119868,36.08502885402616,27.703817509593808,35.49338723527684
27.47464257296075,37.41518300106126,36.28238724566512,27.76410442541677,35.762986493047535
27.67992700374052,37.43636973726285,36.42422033209952,27.72378827042484,35.83660537411203
27.66291141247889,37.36898075816147,36.45738977835226,27.715197669027727,35.80034372172611
27.852655414145723,37.52495990674563,36.290040319379294,27.58557862657126,36.09464343846076
28.01582898433601,37.53625822396904,36.44036362768304,27.72775482056732,35.95224781438352
28.105695182681824,37.57839508204808,36.31851866157447,27.7127685403611,35.76006495536081
28.076548229261437,37.63199268950866,36.29938392047587,27.76860057006343,35.72201200451199
27.963121851961017,37.48712709962504,36.6913649723915,27.84559153300222,35.15000839223089
27.84708591396297,37.681582428503965,36.38157239329802,27.63178952917472,35.02741270285991
27.7594236778284,37.63394502734535,36.32380535675904,27.95776849153883,34.87054431105729
27.65810022945949,37.388988281270976,36.23079566758551,27.793370042578665,34.65136458706321
27.79093672995596,37.18970207313523,36.24419599002984,27.88975049684032,34.7466714487434
28.139991631606367,37.22376924673822,36.331715132424456,27.986435711591344,34.604824476895075
27.976394388990503,36.80402068077079,36.29045543156408,28.05151906794937,34.68820567133771
27.745365716170376,36.53747166715375,36.30857882274046,27.92425591140575,34.34264937202673
27.75595110774745,36.61002083867072,36.36483484497522,27.756510424629976,34.36650815350183
27.7724790308196,36.59101351402817,36.25918909965826,27.94349957230621,34.41501670303702
27.76788592002613,36.297609949232665,36.33780818548409,27.878359453235323,34.331705593160265
27.34907578514137,36.62159125548538,36.012085857061635,27.962631541235087,34.368828944543175
27.40726695551502,36.50646589419936,35.84510321230817,28.087903665625458,34.337554812285035
27.41356882555408,36.951833175776734,35.72974588034696,28.10268684519821,34.261394592849804
27.15590781285828,37.255492068141656,35.71076492461338,27.97874375829048,34.17494479530071
27.171047906574984,37.44447894890919,35.822965855733244,28.03290065828143,33.982148121872925
26.92034857301396,37.11366706034792,36.28704612875672,28.23927392423888,33.744904076418244
26.967833729275128,37.30294641481807,36.53137126415903,28.361477399143265,33.81109724217854
27.08202839739045,36.77442097110339,36.498016363154754,28.102703089871927,33.7931054624222
27.259283388046768,36.48566945238159,36.58631330442045,28.09446158391796,34.10938181525971
27.450100619390614,36.19609045904311,36.60289283923595,28.24556649649972,34.145734578873835
27.68536377581756,36.0960237804466,36.36950396648227,28.257414361065955,34.34446771081186
27.60625128623764,36.18736283495217,36.396307326877015,28.16983466350081,34.41117731205761
27.79355767785323,36.04287159251727,36.485702355443664,28.07559639050022,34.37518833395085
28.0463291697949,36.2061321100776,36.64694556325352,28.108436017818192,34.343248351562664
28.11456134831186,36.62260769360751,36.36516852267383,28.098597101792347,34.1217629649059
27.924573429326816,36.653210292322136,36.251312816496586,27.949472169599684,34.15988040487689
27.79529162263845,36.71239433836078,35.809954292113,28.254304571842383,33.894545081444946
27.80601245671402,36.94153103021117,35.404684441479475,28.231928445169768,33.63316696914049
27.79895026015865,36.80081808382117,35.55669261265959,28.36848053718184,33.63950112028475
27.64537389761584,36.76290895788634,35.71438866392153,28.159383903938583,33.666361770454834
27.718202690617268,36.93383760919766,35.67211932363913,28.520477305825537,33.676124084157685
27.682030488214554,36.77284380166465,35.778121017434835,28.575239137848342,33.82717618000982
27.61018387760452,36.49470086140191,35.78622722331311,28.69555021944184,33.71911518813029
27.46857430185337,36.49572460722383,35.55322791406584,28.421925783975347,33.86214924590861
27.184594515160214,36.226178630223984,35.67218693885196,28.473489475577768,33.863091524892866
27.468955409828144,36.28140297226716,35.12401419271646,28.79110433018972,33.796784773508726
27.511703091925785,36.243046097957,35.07273844559024,28.67590733814913,33.88210070490476
27.34783910953273,35.795326959246545,35.23493295446738,28.220082289968456,34.12861051190701
27.264271071684693,35.95135373500136,35.376004593550164,28.331620482619343,34.37431781552412
27.682124241088832,35.92577156184435,35.491243289956564,28.43724454558841,34.32331657076194
27.605369662876587,35.82534922181105,35.15257127303707,28.19197341830264,34.36165830969749
27.5179929753616,36.003159321460295,35.00710815408981,28.184757166292545,34.0630663057777
27.832760886681296,35.68432434677881,34.78649754604997,28.351790840378,34.182896006577714
28.161024771914136,35.50521982480607,34.828430993705794,28.30994966961379,34.13354698879621
28.071236988254324,35.23663584523918,35.094955421956314,28.413180717094196,34.180686771470924
28.13707140058861,35.51647499197503,35.24656577140118,28.44700148817597,34.01234100025493
27.76124166179476,35.54168894810304,35.29710842165838,28.559948908969304,34.12315021978284
27.572595642729247,35.572188130153194,35.22823442406138,28.49425091266673,34.30650451360554
27.554042362561777,35.356455964173854,35.2496897413368,28.35755573799417,34.20357176009687
27.89161058875086,35.45933092421766,35.30952180697575,28.0486408754014,34.12461999367263
27.620237702856397,35.398478440856664,35.530864745193895,28.10865386594829,34.05448295440621
27.37586692907289,35.3284373078742,35.52644401252898,27.919670119158734,34.24378504228534
27.492078716182885,35.214543694518326,36.04926231858012,27.947308084741696,34.17962200467549
27.534905226890555,35.41352620522788,35.895871855067554,28.01312170386411,34.17277493034986
27.483200401890528,35.43642718077541,35.880657408064394,27.769835569994413,34.043133771851274
27.50264375527513,35.506266539378025,35.82079347092583,27.810752240935063,34.14907189495551
27.63184182104541,35.034071426502734,35.60396518846597,27.786182391266617,34.196844277605166
27.915503647374123,34.68813341698754,36.37743439441681,28.03342478602305,34.159805048100075
28.166101297520942,34.72189521550622,36.435284612440704,27.81995462046028,33.98562073179923
28.15675061856221,34.75169439436088,36.368899581540674,27.923268753621777,34.1521305659519
27.904322194353448,34.35321219579928,36.32954890936984,27.654780406825218,34.26481787309409
27.81057679108792,34.54091063907735,36.3968853979676,27.445950630422438,34.73035450512323
27.637027733720245,34.743505278104465,36.71008039455947,27.50207894423818,35.095166049052146
27.798696850660203,35.1436070062351,37.00712821104791,27.451141753779176,35.13183146831676
27.792911322970383,35.163293385093645,36.73535444557479,27.49449025620473,35.106960240139195
27.58291793686413,35.02938805969283,36.895980309160734,27.53751144174464,35.02576991050943
27.716988514526584,35.186918282845745,36.93644506788445,27.56966232111031,34.91523153044781
27.54388831500734,35.26615126976694,37.03618549331879,27.494177552025565,35.52103423447558
27.511267574271955,35.56075325347447,37.08477308021838,27.561808725435665,35.82889574984297
27.21922300501054,35.72662079073899,37.13538320460842,27.92189775198064,35.95491093146268
27.286834399139565,35.65275468181385,36.80255061219808,27.834649000459773,35.62300923060147
27.42117343370549,35.4300871794165,36.679585715568905,27.655913847155983,35.82622857307204
27.608934319075203,35.11721859897504,36.21966118518433,27.85116041990093,36.12128258137928
27.536774309698853,35.256010942281044,36.028561107181375,27.611993748032734,36.17214724515916
27.10702406635204,35.426971654466165,35.940123440409565,27.3169388005716,35.96657062263993
27.36823142706908,35.679900001645045,35.81041911675987,27.27797151889729,36.07973443723999
27.373067915714227,35.535274704851254,35.94254310146082,27.028025352927088,36.23546962574188
27.21677057491873,35.35877705926935,35.966100797910386,27.050384561143463,36.02911589640191
27.09348792696085,34.9001017275008,35.80320716380728,27.039660988701048,36.093936415880194
27.371716987972555,35.075339043411134,35.629741581179005,27.208382071042127,35.88949395160444
27.211006656329605,35.0935710236397,35.86652528276167,26.944473950974192,35.84395300488384
27.69431113873269,34.86740234640559,35.7080132836921,26.9617369001071,35.59936492746339
27.68492883101302,34.70832919753917,35.66007569790741,26.86972274083317,35.849511595914024
27.76898368742136,34.39082483953975,35.507015769682035,26.75407034021788,35.871374828550046
27.822623037593967,34.16148712450003,35.53138757132322,26.62459554291502,35.9404031304627
27.458769613625464,34.025703080094246,35.49461013141025,26.408388821486383,35.95034842210589
27.352583451428085,33.940544183400334,35.47166484137232,26.38386929405478,35.93887319506562
27.604834776356803,34.20332671419181,35.34143194821549,26.56393153258483,35.578566131028644
27.27742566327349,34.17032590787518,35.1132485788329,26.74530836953228,35.50389320674208
27.402684765153023,34.1494121104298,35.166582883754934,26.711646617307,35.48804407348431
27.20826207034878,34.35145877539428,35.61301623706029,26.51029106106034,35.17209179798503
27.538800508998435,34.349876801792526,35.889695917672135,26.53853816099952,35.30341070842528
27.43326271351518,34.7045524511561,36.18005641218057,26.25067670750948,35.19704230140518
27.367000296085017,34.49704815338537,36.62190888241676,26.55031785889801,35.151886411485485
27.22382154379452,34.39078877300328,36.71229691492896,26.507928286240315,35.32030177208575
27.00366434645237,34.531997220287465,36.9557617760604,26.597515299322527,35.14926328856
26.87093478479527,34.368376313573044,36.89088954385912,26.652330851554357,34.96722138594844
26.69125733690424,34.39983924827032,37.18069066406637,27.028558271326684,35.10410235467232
26.777361642643804,34.60769298478231,37.50502965432511,27.28431690808781,35.190957219071144
26.671798203899183,34.50219477376536,37.4591960637914,27.256523613318677,35.03527403382608
26.873659024362148,34.49791534860831,37.51602127834877,27.0882779883601,34.819461585516166
27.05839411256401,34.25495235125738,37.31135400207072,27.073802268820344,34.52625941321225
26.9132322513114,33.763361391472834,37.27320285107649,26.88311479760872,34.42602829811201
27.1808933075468,33.55782386491598,37.19411916426546,26.833948690769333,34.684010841814384
27.076796326361183,33.761223797505984,36.946453252859605,26.39318950605352,34.983101131247984
27.207628313873872,33.81647499305384,37.08520228844135,26.33686114261477,34.88148227911857
26.970673046379734,33.72923444825115,36.632280584450434,26.56562337876214,34.7695740238601
26.986174820126216,33.827662209569176,36.72865984263389,26.64919457298129,34.47809202982376
26.614315384065907,34.18739114646677,37.064472827526,26.53913741512915,34.755218043373695
26.53403266433373,34.18945764273917,37.3596895246205,26.60859225282419,34.53028769532305
26.46983799023704,34.311295554553695,37.40417689252149,26.715962082022887,34.86917069787331
26.591218297632064,34.63948213195339,37.42233039184249,26.531477742101632,34.57787040657308
26.7804681149498,34.87228351417887,37.21924904912552,26.536772659386315,34.58918930231241
26.819778779797737,34.552397420232225,37.237970515537725,26.62112318630935,34.293928992484474
26.958405445624624,34.59364424382562,37.08224647563583,26.6665651016114,34.04928060378031
27.03473977652602,34.590089193163465,36.76878611666799,26.878415290708983,34.27339384497774
26.873191046888326,34.691173304402135,36.31877009725382,26.730433665509697,34.303457980813214
26.963607180382187,34.94631371763992,36.52069683704363,26.888020765477886,34.16500219152838
26.813480763753837,34.436863098511544,36.472780879115504,26.71783042898924,33.854917938050384
26.756193910407585,34.39702871255135,36.57521684151753,26.827512253383745,33.81127568416966
26.733481560016266,34.38105964701188,36.77020931275474,26.83008403133649,33.81533321502088
26.79275313643543,34.98446266132743,36.5702939877502,27.06358659847292,33.84805400174262
26.835450588826088,35.03540455893438,36.9493925448932,27.017996089593574,34.05001098968896
26.99803572221339,35.14780559463223,36.82006567260469,26.94538717639261,34.23978651128166
26.830469264447945,35.19126558654602,36.98876217871792,26.97350129820409,34.42226902627897
27.22711128953438,34.76950590889407,36.97651827717569,27.089373780029373,34.52016163770014
27.32229722318975,34.97285025842782,36.9981182978373,26.907274773493192,34.6618826531562
27.2486461881405,35.05984227610466,37.07625915725872,27.154134421661432,34.46462341314403
27.479157440260927,35.01719197723224,36.83661845565474,26.96340915125056,34.53830326032679
27.54744833639311,34.68211417241864,37.105327670285504,26.990522036704046,34.75850199368912
27.448723119787388,34.97638337862553,37.16944836393385,26.824413903824123,34.38804134529287
27.26132441412719,34.55508793071354,36.988724464776496,26.86025385404044,33.97213259498538
27.26850914005764,34.80109081769787,37.024951451710415,26.70935648506051,33.71948487696757
27.21792718611194,34.893366114124774,37.02649148760703,26.470226002009007,33.72383239317299
27.134281981409416,35.49233539824495,37.107268262840776,26.688553594559277,33.58981032208123
26.90041136419768,35.672151508674425,37.26439736971729,26.543995267005844,33.64078198764726
26.85256928416281,35.437331697833365,37.50177313933928,26.783053960654115,33.67840024263321
26.73238345464923,35.111837980794746,37.44509261246978,26.84045180669829,33.66832300876586
26.81026475211385,35.119404546790136,37.2418416141164,26.572443114118304,33.83664859776723
26.715267335092665,34.96217139687891,37.57091842953141,26.819277156941755,33.572304420529015
26.340272117738667,34.893944924971464,37.72723944130745,26.6311219400887,34.16860098158647
26.370261636805274,34.58199864088263,37.72686316283715,27.08595407452985,34.801300112584784
26.380213386775903,34.5872361682066,37.87204570356136,27.07227809212897,34.44847789576374
26.50101027447795,34.82619521608805,37.6261331749782,27.388874672107654,34.47755613127144
26.25442434539704,34.72371497567771,37.53478122156029,27.487157215099884,34.57070467015563
26.439067488150187,34.62475291847355,37.51372571680916,27.386300268347043,34.49553781549864
26.47574650082318,34.7180593592949,38.18997986965253,27.47579282861804,34.45292758597479
26.612422473115988,34.38742861829406,38.564846243821535,27.43538056316354,34.7718241363995
26.96956773258048,34.421438570358696,38.32615296414586,27.229486059535805,34.5329678004065
26.702067950202384,34.33628655296974,38.36984261112157,26.99186673694674,34.27636201587088
26.369505457490728,34.38355032318498,38.35297501613425,26.96294344842096,34.453402487835014
26.42635598631179,34.82133709339266,38.45698930516094,26.83074563343813,34.68274388804044
26.753154000774494,34.82560833227782,38.52597768591883,27.17981338380677,34.34722160474194
26.82754418174576,34.94047539877993,38.43972293409979,27.163283145298077,34.20729580238592
26.62169474809897,35.11001802902671,38.06688151040762,26.95263552026412,34.67927944048866
26.314310649479992,34.72539029918006,37.79009375888938,26.87855856648082,34.77953384812576
26.334371186203665,34.75918147639234,37.66193571777512,27.13379149811768,34.745837281055955
26.585555424342825,34.78702901472452,37.9003571443329,27.024580598268773,34.6286044392001
26.650774546154,35.1602549842296,37.98746374462629,27.15413802482659,34.792240709042474
26.349302925495053,35.07215462113776,37.81293350776713,27.43962374599956,34.9925065929127
26.35460187080365,34.97067348202584,37.71702068999481,27.142846448904464,35.316458567752626
26.34667598705176,34.640537272952,37.53619233752493,27.154538660177348,34.97067339778413
26.191568985629257,34.590416672281926,37.58939212634852,27.06156643959484,34.88600580192434
26.259866414486083,34.82382518331199,37.40052927881093,27.037378076445545,35.20861076110067
26.322622137251454,34.66610827287422,37.27234077798597,27.350172022127715,34.997483525013635
26.12538570588821,34.322439298956084,37.52514061248692,27.111415089794317,34.906567629809125
26.103847733958816,34.00648818365865,37.58941200836158,27.26965548063068,35.25120033633303
25.97414322955416,34.09438783219258,37.59410551020451,27.271602937301875,35.188956079124715
26.12280489587244,34.66643037745265,37.81840079796706,27.34333806938974,35.13677720568404
26.06534081592457,34.68544412080912,37.623534613581285,27.571894393776336,34.66236157287858
26.009021640707022,34.53573338597983,37.50085580195564,27.295850473523043,34.86720685089106
26.053471867642447,34.54775074905608,37.54321071132839,27.06690099683153,35.014153531984746
26.188786655002268,34.3914132817971,37.564202739859326,27.2223071460559,34.920111883292925
26.41130260396552,34.45959101692615,37.70765502384079,27.387674094029805,34.69172904029366
26.43767184411009,34.61224703385101,37.51731147904756,27.607690717789573,34.53375840994761
26.402932043636635,34.38229688173492,37.29891264226565,27.63531713554006,34.795020234032286
26.5096930496852,34.6820705208953,37.45794807899734,27.548665991737685,34.79798602640627
26.27763534000616,34.19294291554659,37.6017619102718,27.65725807665236,34.7877838336217
26.330381400930666,34.43018131381232,37.3690669262312,27.62353250821673,34.54068708038581
26.12250608071269,34.73699990642193,37.64170301599872,27.63008674672616,34.621896296915835
26.208005974918397,34.64523860898875,37.83288605284504,27.5777749372985,34.39811096778164
26.40156868960149,34.580733505350906,38.03601030418313,27.47879033602775,34.23827115066011
26.37770040687253,34.40447898988031,38.31715272291992,27.394888485658768,34.28351181334829
26.32765958139338,34.49353180695317,38.75079740956423,27.45870795860896,34.88626931524166
26.211219081648643,34.81650436573505,38.97555296212112,27.44861462766501,34.99570240587888
26.18628056989094,34.8268815922011,38.84188279100909,27.42103551894708,34.99209347250583
25.852282150888023,34.446495382887086,39.01827026356446,27.68002429007405,35.12632379175836
25.86760810517821,33.8101950253073,38.68334793406039,27.80076111709057,35.09093630945197
25.945611597065177,33.30802456497699,38.582017789678346,27.710713335791493,34.850856863821434
26.127026449205243,33.24858234404966,38.713672407751154,28.00283243087076,34.68520961729892
26.29270874593972,32.74754103588594,38.71927498564236,28.01048125842457,34.93238765081729
26.109224298514395,32.883045989250874,38.875192108710365,27.940609248345933,35.12231960850811
26.24978823555385,32.803108061630475,38.42680085886641,27.82558661402596,34.91219168376543
26.31190176221319,32.68571976862339,38.28249921683887,27.789469593912127,34.930146441060735
26.400541129024933,32.390767119058914,38.3794642441857,28.050916706810355,35.01460540409745
26.35477012544759,32.27640917355257,38.480489532575405,28.017914004464668,34.984606508473234
26.184112568766786,32.47459330386744,38.52028031358021,27.561050306691637,35.278369133181926
26.0448402292466,32.28949220387793,38.26690695289991,27.50275335626056,35.37423937183541
26.004254608151605,32.19176190599314,38.43933292911734,27.407214496833667,35.477318256255515
26.14501248109404,32.21132726771152,38.631780101273584,27.54257955204847,35.511606818239805
26.3635074462752,32.352565624009,38.75794215013048,27.57780736007437,35.572470600596674
26.04594529571346,32.29431797250558,38.67963237352836,27.59165025646826,35.579151093287905
26.024923138338725,32.524295053551,38.48599707248675,27.80895718760016,35.51485858570899
25.791495273729144,32.42305661994728,38.386718914621625,27.80305210332274,35.005282876492025
25.928339166390053,32.378212709822,38.09811545007907,27.840182318564125,35.12346411457506
25.872484013553706,32.28941833894136,38.7199815240414,27.55542154082785,35.22254350670432
25.859452911876883,32.22317628937249,38.58954314836481,27.67904767137238,35.25920377564388
26.00041353618069,32.23689979360173,38.82786558302321,27.783898979646867,35.151136092167114
25.841611471212296,32.523853054026816,38.9201583983883,27.61951293223882,35.13993688101572
25.819633615723987,32.31112891343353,38.95955833367177,27.58818438285346,34.810664890818565
25.803428487627844,32.528681723357174,39.15893411988261,27.676815299095,34.6369340193997
25.824236797779093,32.54818685948348,39.069040035794735,27.36859837220788,34.38972645192376
25.90396078569737,32.795716063381576,38.60645145095927,27.136497827114017,34.36149995465406
25.907426761646757,33.05929686050936,38.80422288206987,27.291965014128937,34.56360627890045
25.488227566355786,32.87364437150405,38.74120191300703,27.34011633613441,34.48976040169976
25.671417452396145,32.90460199311993,38.4693034027928,27.37217715284416,34.682218489340734
25.666903165794185,32.58241474148321,38.32246757995555,27.184948355301344,34.85735488086256
25.62788804260208,32.22000244669016,38.360509942362334,27.30678452484505,35.10459212408426
25.615864102640455,32.02414462818539,38.56290053624706,27.24931395360245,34.91249261286164
25.99976542003985,31.937002522648125,38.294143364221895,27.463993503825726,34.823632024017535
25.72561817304877,32.03597511518803,38.211293046882815,27.426786513724355,34.65016649271926
25.54208263000469,32.199095714970284,38.39311570833442,27.27666427364861,34.77287352360138
25.522271407097435,32.12490317627609,38.45981636724165,27.65604448780268,35.45489780661152
25.44427628543413,32.354968881086826,38.38856979793184,27.53075098769233,35.471442586132845
25.333502974651804,32.57956550977207,38.52049007228272,27.6362220387251,35.298264508733965
25.472357088545184,32.51157526259811,38.51717121716271,27.73359217586086,35.610453501157394
25.66606771845472,32.73518348819269,38.303063811846414,27.680080976695063,35.38910496808784
25.74335266925888,32.6889209284572,38.43230353171901,27.414999404467554,35.13395633551152
25.74503105130928,32.575970441283374,38.39914053794109,27.26628567051035,35.36038405266507
25.78812357144563,32.43784385791794,38.42729928489377,27.45529093803485,35.31659946591231
25.9396914953886,32.25476920290197,38.18720219533493,27.081947303619287,35.34724332246938
25.7618479765044,31.917144621437416,37.819610740573786,27.315663063767047,35.20342874052789
25.64823558457314,31.61663812882161,37.8674883675621,27.153185748271188,35.28028203469772
25.44383895043364,31.689144695740243,37.655903332765625,27.118012594584528,35.200471482779314
25.637006356042352,31.801352656237427,37.80690094947403,27.42270442537212,35.190426953817855
25.7709459328785,31.758599049997542,37.76747783948572,27.132164053343644,35.26097023637365
25.61737948137833,32.16455300611245,37.98074008178959,27.287852578281868,35.231186835116304
26.056303248333915,32.26684344611968,37.8347500535658,27.30023922674877,34.90860361933076
26.27522036432154,32.26017622348187,37.95111256073941,27.395446775151623,34.73689868604502
26.371548968706183,32.45980489751774,37.84323292705567,27.17654236360393,34.822824170452506
26.25850553764741,32.62968673106205,37.540299493471984,27.09778971993599,35.048087755257164
26.43433110427496,32.52537538992572,37.663691742495736,26.86488603812867,34.89144515721149
26.24627277492391,32.867764864377826,37.68730157735899,27.073781548267743,34.52304781018608
26.250349445053253,33.006621812880866,37.33393291189164,27.168410810027456,34.30399340763534
26.321751847970138,33.2103116538452,37.51352090843575,27.25203679069353,34.31265220510753
26.363179663305267,33.28577762327041,37.732522847428925,27.08866979355034,34.17454681318257
26.46788482241031,33.52427465980987,37.84131297040643,27.090977646876777,34.018496485315055
26.313701559496405,33.25267080385881,38.101979527805,26.81339059434651,33.79580863017584
26.42267075688921,33.16971097639604,38.10932343911959,27.22380775206311,33.62042586380625
26.23257439985868,32.72954504357087,38.43883676335703,27.214342202364527,33.586826828485265
26.41190964046689,32.72517973396713,38.527056943284585,27.05999088153574,33.15595149793844
26.595692920155678,32.78181946932023,38.53462699743381,26.827203417477158,33.09769127235255
26.49230232134148,32.85135719041829,38.560084556598014,27.13924677074637,33.02860875864876
26.416640602391947,32.929460544133846,38.704017977974544,27.200187835994555,33.1198585467674
26.41510435595664,33.38445639905585,38.92075702944008,27.27817899451974,33.022568860893315
26.452864366539732,33.3489126927542,39.12700398485271,27.186065334474808,33.31766092933368
26.65443660711689,33.41540873642371,39.50286060094556,27.318691625011848,33.27529549432069
26.67512005990482,33.517866914782125,39.919776124113966,27.430041501059776,33.212510996931215
26.788783614998174,33.80523344622872,39.15457243877987,27.265418796268303,33.15973942623657
26.80973238793583,33.8412009714693,39.52484158744063,27.391194603769534,32.963572147337864
26.346310838437343,33.96297351927534,39.51766413199741,27.31920182395166,33.251577291459824
26.245444225954927,34.05061626467458,39.43460917676757,27.08802425127105,33.268304746316375
26.16983448061795,34.1219562324266,39.49468549799947,27.098639001698764,33.03316815102932
26.20590525679141,33.91435921194619,39.65294804371495,26.77229001663446,32.77671423297037
26.17986225927437,33.693411356096505,39.33182590212933,26.596506526822665,32.88657268165747
26.118616065676378,33.67093529482181,39.22478207158336,26.800848292030253,33.13814879981382
26.24960561964363,33.782759343257936,39.2744995885611,26.76219048712774,33.410453109876464
26.29800308402961,33.634033225145174,39.4166452214762,26.43232830856357,33.48220616904344
26.29629362979483,33.691176133831824,39.60044358455442,26.61361336376168,33.37433237597755
26.26636091592905,34.19228670933363,39.5527592520046,26.350973070011097,33.83201807166812
26.45219407200157,34.02135709197566,39.553205194878046,26.550299206244954,34.159599000620254
26.058640466465597,34.43770285744222,39.38537269932964,26.485572078037933,34.17472977199293
25.852725656528197,34.706371812413444,39.04951626260048,26.39323223110496,34.11153747466914
25.84244918329654,35.20336657915666,38.90373582282815,26.318265958604027,34.19782281556217
26.140098714731213,35.03276020613065,39.2046885058617,26.12307531499056,34.41426222722204
26.128207144517503,34.70176000537334,39.2868257825966,26.17695421282243,34.00506846900822
25.89835308406755,34.73705471971513,38.980639364443824,26.202546077086968,34.07282686013322
25.8842027893298,34.662167592329254,38.64500933433859,26.27861092877283,33.83917622069139
25.96112658079593,34.617815622151234,38.83118736979056,26.67246303559982,34.09803105382578
25.68270538523775,34.50291000850423,38.925920857810524,26.835671176926443,34.20201059365907
26.07115764648272,34.55767872957863,38.67416537852041,26.780986167250088,34.103363075505285
26.133217072561145,34.61991191421664,39.064510514818345,26.824931634225752,34.073277506553886
26.050310921641177,34.15805289022708,39.1035768048062,26.790444296601816,34.014672117144165
25.996603989785765,34.067983517622395,38.91957533878631,26.982228563235324,34.112079456261775
25.915938934039243,33.9820571349092,38.61093656723156,26.717979567867435,33.991928612551945
26.279027831761933,33.807103471839355,38.58521679148838,26.52356576009819,33.957646654152875
26.36764172891848,33.96917848410944,38.38714633569102,26.62537312517896,33.976792631303695
26.47202297335622,33.913111549069605,38.02436218662167,26.44661478748288,33.74760356738305
26.220661764688312,33.90338053691858,38.40215213745551,26.528139775446945,33.70278752492686
26.29768441754277,33.96792745269232,38.47394444268095,26.61792209191848,33.5938010824289
26.01518231775793,34.221775978370715,38.677335480925535,26.607472734559643,33.43079776925655
25.86883310384125,34.33267304692931,38.7010028050826,26.94944308844106,33.725232888518235
25.929627103082613,34.38361792143188,38.38904868427196,27.08364336523999,33.898335723540534
26.004565967330908,34.763345625562515,38.0717954539847,27.03340881204375,33.67285649971041
26.098833807966376,34.80058898382041,37.9052494584303,26.995416012749036,33.53147492087092
25.925535895531976,35.03097115805627,37.971515122882,27.15160009337439,33.47710615709446
25.859248814496805,35.33137472791861,38.005219397883145,27.089073209396297,33.46254210180295
25.82540266546181,35.183808759455886,37.6983457270988,27.42253430716014,33.74152503325259
25.794884441330908,35.06109985478744,38.02716476637142,27.276413765494013,33.49682420887488
25.806867071278035,35.05195469545632,38.24454764647539,27.32719504984943,33.59495777361946
25.743957404603115,35.12770068379638,38.24541744359392,27.20552373196611,33.542405215774416
25.8860162749428,35.35119849066344,38.37170033523414,27.21963835037933,33.559925098834555
26.33955335839829,35.63860709284624,38.40148883140331,27.039878813935392,33.34690546736445
26.30573451900305,35.5793474845916,38.05825618086253,27.14003927450611,33.468201809800064
25.978309068067432,35.597156653415254,38.11480294043417,27.19490887897008,33.509087047154765
25.85223476520968,35.43970018917095,37.99575108258726,27.339482531672253,33.65879901311568
26.04687609208756,35.451955833134825,37.925360190019546,27.4813216855784,33.14306562558621
26.03507526790705,35.438747331266434,37.848613272604695,27.336370807611157,33.1016645652932
25.822848131278207,35.27911361094418,38.17763071275944,27.318396038462428,33.17547969844339
25.639268670714834,35.25584362830013,38.48182279797412,27.47431797009205,33.2837004348929
25.89038996384074,35.39710627096704,38.47262950256607,27.40948324843108,33.426000985078026
25.861264364936694,35.30090674578389,38.43183647929256,27.605222825111596,33.3329392216452
25.9143839351687,35.103801914925846,38.51248004088578,27.329557961866545,33.381668186705895
25.69991177851738,34.89491323209986,37.97404160539402,27.39842487056752,33.580217621263664
25.857481186037656,34.81138119282515,38.04824616827226,27.67397480271572,33.54931653795601
26.31144443584236,34.9456509456912,38.31884155666873,27.67103912078146,33.486566399108824
26.121111794444857,35.07927456922703,38.014883526994375,27.280461623295825,33.731559198685616
26.47616140950226,35.24040223627498,37.90958744498161,27.35837864345705,33.81527341648979
26.511100911720774,35.221487923403004,38.15511294261966,27.434219739510528,33.6371229462634
26.36218991820594,35.147033651064454,38.45663538347417,27.599672462233197,33.69608056559319
26.46151635731365,35.37260993035156,38.58270729278072,27.683690291382568,33.164455946248296
26.35213923087157,35.60327229233172,38.91575954496175,27.784815454018823,33.12241435487174
26.36792867435046,35.53493129596107,39.03537259614539,27.677520736683643,33.30867348553887
26.23220004199501,35.29666096895217,39.17769790019941,27.600455870081813,33.29954645746674
26.305273326856767,35.41892164072086,38.76931316923447,27.46737559701064,33.39103021891078
26.278949480950008,35.72168662324802,38.79034183857804,27.4763532360532,33.60065230728255
26.306290262244183,35.85302878967736,38.56152945238736,27.649592637641312,33.6909383587106
26.699893805337787,36.15441070524014,38.802383305825934,27.499342226460143,33.554035161437824
26.735546647999303,36.15584526792419,38.85828690431837,27.295959631674883,33.30341261034527
26.51104925119033,36.36984159337102,39.35628454299535,27.4826709895118,33.38735088619914
26.52422487958257,36.45320651273991,39.33155961410444,27.41056538213526,33.590815156972106
26.701535848503458,36.467826476882266,39.28902562786676,27.302566384135588,33.43517241411782
26.55559752565528,35.96696816459835,39.02013858757237,27.27370559417829,33.01789415297103
26.568593210260968,35.41555977828393,38.80181470534989,27.322464242099763,33.09196951084701
26.594580443884915,35.161419964698105,38.93800767008105,27.115898836352944,33.29083999498035
26.559356464652257,35.25014779134263,39.27003949898312,27.249966018073515,33.226845063106545
26.95603993632096,35.35729848653925,39.575689531659336,27.387151195285465,32.93429661296161
27.11084248023441,35.17997254770647,39.81540942008432,27.20228679323927,32.73820895027942
27.158485717895932,35.37857071599411,39.83902473509825,27.007008420023705,32.79487933289626
27.25834996211073,35.47089094530744,39.607457961157245,26.7972883047216,32.86611905401663
26.966271995818328,35.49938362488567,39.44903783868724,27.11956367114325,32.85440629327759
26.757547968284836,35.36341233919059,39.432643341334646,27.151565290022877,33.15337488446941
26.91716578771568,35.62892563336081,39.07237953783012,27.387116471682283,33.444801732996595
26.861876762970493,35.557400209578326,38.882078593136846,27.08916426067537,33.594595747955104
26.98581940541813,35.773049282441995,38.940848803076186,26.96429858813232,33.47849109517096
26.96511477742567,35.818226784016936,38.92695189346905,26.9198557601851,33.87444678501213
26.851177546164656,35.9965848565903,38.71116799161517,26.86541554034259,33.84333787710072
26.751824450431144,35.83492083174052,38.614417766283566,26.929415400032333,33.692954923141244
26.609503159942467,35.829471308916744,38.83176402292359,27.09844692810948,33.617209414292375
26.59992905918141,35.8538062702661,38.96068423098305,27.05041725643903,34.0861909476777
26.552941510725,35.69621089973461,38.99969227426051,27.168547832181183,34.20174637236921
26.37236986886897,35.453947484494485,38.721196199945005,27.00605682562039,34.00754112338875
26.281507044695644,35.4193217453455,38.353965525905146,26.959549367087977,33.78051575943995
26.40386695977744,35.601912002724866,38.26876998835852,26.711071056656632,33.49702174479683
26.24641043176418,35.24461239191289,38.28261018695708,26.910461585930825,33.1590554361518
26.39053412965005,35.37245008951983,38.0865181117704,27.143988353764826,32.925047205333875
26.26903067380779,35.159016544680696,38.43216693498461,27.21662350885382,32.969688389671546
26.269841086912617,35.132675015936044,37.97135806253638,27.4010446454303,33.077710687135585
26.54678365823048,34.99805658277353,38.03395888130637,27.33936270380657,33.04547064501733
26.27247760454143,35.38394851820333,38.09249989338893,27.082654890122555,33.02444520428191
26.431660720892268,35.368530698205284,37.867902994112015,27.04851099756296,33.20594210921961
26.447924399201984,36.017941268789066,37.72877369080947,27.02048837883314,33.824401665155
26.872834711539777,36.19488783153,37.7954314524266,27.424859436236105,33.842556824584555
26.93134426425731,35.63103185121828,37.591615289968,27.58263999099989,34.240034008204475
26.757724742695043,35.34862493135208,37.47348153826588,27.49743140716484,34.31826373581658
26.83273218606737,35.035388876196144,37.60023780730921,27.336618947059893,34.48266585592025
26.87780045610746,34.86649130566267,37.628252976533965,27.08936370507376,34.60489554163696
26.664135968848665,34.9743777947534,37.74570796351391,27.071724813791757,34.80416391706843
26.555820587178,34.97760742350988,37.84632264853988,27.39319338385784,34.89287267458465
26.6700750520262,34.81760063473564,38.16932948879948,27.38203671224957,34.830103755982115
26.93305382723724,35.281939524924084,38.10593300072304,27.716713481718003,34.65052503272324
26.970661693870305,35.376040218563055,38.02139780092797,27.366046665372878,34.749419049160736
26.84428105036902,35.06497705764268,37.93189407554709,27.522779571583943,34.21829224347321
27.02534384928272,35.23098386820808,38.31792505182968,27.208178421980676,34.4032002654319
26.97414200658776,35.33631549669441,38.3426898115901,27.552710522794243,34.59155380130788
27.067110944819778,35.07938834344428,38.00341618665473,27.506682887720903,34.711020004806926
27.04878695082752,35.02857721826318,37.86416958810896,27.56985173186125,34.58735356931915
27.22011848197165,34.62248905630479,38.00888567438528,27.66085980375551,34.43838044790526
27.188533512302087,34.678145720518266,37.91622329220302,27.58904583929513,34.2470397599635
26.973329919597013,34.9113175838297,38.099245618059975,27.68304432903155,34.34289888797597
26.809296650927983,35.023568030243474,37.84245627018115,27.600209306406324,34.095277984333045
26.677510586834146,35.04861626969302,37.87971411712307,27.853383295487305,33.63381407039452
26.532862923188357,35.0825451093377,38.031838849816765,27.56800126938789,33.82333723217409
26.47165840356433,35.01410569098972,38.294301227780096,27.73488480386596,33.8423610881752
26.24995357445297,34.634903247892616,38.49137316630802,27.61202699585074,33.607213450436234
26.447019559943453,34.55315647347042,38.80581617665387,27.601200706168484,33.70798649870477
26.482931247586112,34.68276138332617,38.38701167409783,27.7951149202796,33.79007475938432
26.552126292579384,34.992072124336865,38.03975847517956,27.67904712356386,33.75814361635731
26.34486698751429,34.9852005047315,38.04493103562461,27.65478843310301,33.885590310989386
26.04539235342333,35.05254761541938,38.07345203690373,27.766772028843437,33.690466364819315
25.967831105283054,35.20597179182906,38.06504881262847,27.929194938908143,33.67720585318773
25.90068004621445,34.910958972745085,37.77112016011616,27.76190959764223,33.25086490379185
25.91383865318863,34.51917657729051,38.01560891503963,27.86533852893588,33.26275043571108
25.6477682053836,34.83945716185407,37.9138504038715,27.62418920046691,33.1467943133916
25.59868975359245,34.9009657133835,37.61353300311112,27.80313517195448,32.76326420674172
25.995311023317303,34.594774238864176,37.23749295023692,27.86033116051481,32.78990010277515
25.87311386568368,34.69449813835111,37.23665651027111,27.607435512925026,32.81113132243298
25.73614783943049,34.93595243455053,37.16164371892631,27.700560567779046,32.53449478023941
25.79691607776968,34.80544392098418,37.12376830363023,27.606506990252736,32.124768536171906
25.81807639407956,34.92628789598966,37.1932789690789,27.61393754918366,32.53363354014694
26.000650756565896,34.837800529990744,37.38312669451923,27.82084193215308,32.675719645064504
25.97387743279177,34.40785340365222,37.27805940939199,27.782894454923312,32.761190031024746
25.98770175434761,34.35738892679038,37.37535434683864,27.87210118778489,32.96500590381186
25.90378455675369,34.59501170722445,37.33514543129192,27.994295486520635,32.82437474674634
25.676489015891494,34.68603110321024,37.69937970893,27.76447638315056,32.60753606164679
25.83466912859352,34.72494980088427,37.62189597531219,27.81286546229063,32.905999832527165
25.931627693335894,34.842699384913416,37.808285818884364,27.80410942626152,33.036831238663886
25.884568936969576,34.7732479006463,37.48159033859703,27.44319783121544,32.48604484270989
25.793992862397538,34.942740089728105,37.53167719822918,27.481654443062027,32.57390856061701
25.73981781854848,34.82490511799873,37.65388581181816,27.25318284565773,32.522198841689544
25.64361070873299,34.50156683832814,37.69672637019297,27.24017740926716,33.05670304730017
25.59359797722678,34.47034175689807,38.19744595749412,26.92725457790273,32.83718767799056
25.53652499563795,33.905747831362,38.18437485658502,26.962339648381228,33.08262048268675
25.58332715389925,33.85588950213535,37.96376362530046,27.24070859332228,33.083379712837086
25.932369012893957,33.80080329604868,37.9881747826011,27.204375106075847,33.436304241693215
26.35328030072428,33.70754689841069,38.17614945007844,27.45048554958896,33.70085720638868
26.101280478921737,33.973642481838226,38.015195722025794,27.38088661801293,33.72659572533532
25.98353318485593,33.99210895273934,37.88552638777698,27.30134177416361,33.84223069265933
26.141467248049157,34.239092634698096,37.67556722719044,27.20956591581849,33.81254853208676
25.90738721818615,34.03210934601973,37.60189342771012,27.2582004457176,33.666863692329535
25.6651386176072,33.96539015041361,37.79423037774958,27.0296145782138,33.514471608985644
25.634082425464737,33.82684375914441,37.40228280996224,27.10505881669459,33.615194599354304
25.855190018114243,33.89269072677755,37.732432965984735,27.376687301363145,33.53085959821056
25.834000243611904,33.34776933023159,37.919258671304846,27.29079300541933,33.6644791883518
25.56853082356548,32.78780282545375,37.92664057573758,27.31497869069711,33.7392806541553
25.386459926555425,32.48133773188658,37.97429658738383,27.207649929393497,34.05929125631307
25.740010304269983,32.54255010238035,37.894037984801535,27.537376231835736,33.77346116409103
25.585686852229124,32.575017261462484,38.283780238206376,27.32327921045582,34.07008347994572
25.740010186496583,32.53766649978074,38.21958629363379,27.090962400739578,34.305852095895006
25.72420170327021,32.2565182292633,38.2335775883172,27.08768788005171,34.66890866644049
25.87248059133333,31.8579418504032,38.31502792724788,26.968219115609887,34.37340821132943
25.60993438525557,31.53699569285626,38.24620330892695,26.85650400460976,34.283508943554075
25.625102361143963,31.438926146773376,37.99992236492841,26.78322737800128,34.160958941213494
25.876344647435637,30.99832060116635,37.84411031727434,26.90021672367821,33.84198812100804
25.855613016868528,30.954148808242884,38.03286846973022,26.909813487914512,33.72657815749496
25.83243295659578,30.750462470939144,37.97070063925788,27.166206742687145,33.694660952628304
25.99068233802095,30.503492334930915,38.097102792730446,26.80587398715596,33.74106940085084
25.86416823250641,30.387587808455823,38.283464993371695,26.778173973414653,33.79478446665992
25.585667830927825,30.395260083722903,38.09473772698638,26.84280885980488,34.317153124011014
25.420794974671253,30.098567124657293,37.81371277511274,26.841283866241984,34.240891280621504
25.308392234980964,29.71075141961477,37.79587486650755,27.011619487737903,34.45395690009763
25.26115222884128,29.501888079041265,37.939567036362526,26.853234971536093,34.718631402729976
25.338832445130983,29.752391069855765,37.93035395277375,26.94123470826051,34.489843369929496
25.252301921882204,29.27848765823711,37.967728852850925,27.20326699565413,34.142097562117016
25.26899567183918,29.321416059696624,37.70124911872048,27.07424674448739,33.978874118900286
25.450487430233096,29.2245167917836,37.52641415569149,27.11443844696783,34.080246225422776
25.436086815972185,29.086274988946457,36.88708050424467,26.713588937576503,34.1118938104495
25.669808167021763,29.27774786131477,36.76170770592734,27.058892274024718,33.76325542425276
25.66962856990332,29.1305710466707,36.49200423296544,26.93883415214896,33.8647993067551
25.867671120815515,29.086376773871333,36.68379151237529,26.94264469189938,33.72007112232485
25.54429117518499,28.860802025646763,36.98418690396248,27.256317492869552,33.460701234566635
25.49258418935188,29.07976142883288,37.20096926918675,26.995836764572356,33.31924173129051
25.63605743291652,28.92612326017653,37.08655813023603,27.185607063862346,33.15100636005035
25.36321024047746,28.87130727673972,37.01955442303702,27.11025399916144,32.94184167263602
25.51174641878312,29.151497356955463,37.05643651483941,27.34401467900721,33.03871553354264
25.730917764995013,29.23548812178824,36.915260074576,27.248584229502036,33.316907467269886
25.530424604929493,29.2778858328185,36.89277693536629,27.221321030413375,33.29688513525614
25.55495210422027,29.40376484552721,36.79709212264129,27.50938167933734,33.34631909508528
25.74909882609854,29.52128200667249,36.78769296849327,27.534216217572045,33.11174330241561
25.69241135015849,29.29633472612664,36.60239341417736,27.506103575100887,33.01712554435956
25.53028498931211,29.24250487405388,36.49032238714192,27.262437160518108,33.10415877532485
25.335134874316825,29.38603146469919,36.366817466114206,27.5038131009344,32.91527878209828
25.45845034067124,29.438578534775232,36.48904007101888,27.59871794359412,32.7158141900515
25.57804551976076,29.390388389439902,36.49382635185485,27.785389350578065,32.82061589668734
25.81758424218952,29.628637401880265,36.303797918659,27.75326206203953,32.595941150795994
25.758704480133623,29.50096905914232,36.07354905380667,27.48026560082817,32.56724946263995
25.664371350364657,29.53851526891124,36.108316749437705,27.52703438302887,32.94264570993331
25.58681476417568,29.72311660984245,35.74086029478891,27.335176907466643,33.19186858212098
25.328441286142084,29.731890110728006,35.56957109378713,27.410432104594733,33.26277067823519
25.330359799405944,29.34871160042657,35.60713635087522,27.35596100716045,33.151302313097304
25.21033659860633,29.348479433971097,35.584928970050086,27.30877192425944,32.88208061889907
25.14666879606205,29.325422443451505,35.58682608193426,27.27821839028726,32.989654910457745
25.14480460462309,29.4540254505284,36.13416835861018,27.0818602648436,32.86747703739848
25.273487553845765,29.623305894849643,35.69583286350127,27.182723783020236,32.72277268971752
25.10466889281521,29.31764006818745,35.780911953043926,27.10619681892215,32.39769728608929
25.0130654070553,29.041116506942227,35.976002789401235,26.707959658821537,32.01891137999388
25.096487501945397,29.04828377625608,35.575508982837455,26.924452187076543,32.17613217233019
25.15517966618177,28.879382683025234,35.502426215414815,26.86557711134418,32.53644849988117
25.38854876199241,29.017108290551803,35.66161140367941,26.97684298834846,32.95191516600838
25.721530712385544,29.09165417966882,35.80565057768393,26.78913022245963,33.214789745607405
25.72424738567653,28.910025542188155,35.37714826445919,26.901496180992144,33.09327856511562
25.58458196865552,29.112806983060047,35.520815615042494,26.777868050721345,33.198419008318574
25.5912501393915,28.606942007765326,35.64494866058117,26.800305101944037,33.2335254075196
25.609987292156493,28.736024316896223,35.32212916078325,26.6804304634458,33.32875189416058
25.35437890673061,28.797906050845715,35.354623401346544,26.8855830563235,33.1234309307107
25.407414702031197,28.82637005529871,35.59245559560139,26.97438084086319,33.13346769988989
25.652887754768106,28.741532417792005,35.79368776274904,26.852906695787134,32.80080944542044
25.719238569911507,28.79284827947262,35.37912973637917,26.846848873566216,33.0281303868256
25.532942176274897,28.76774488648334,35.329748644263304,26.930297310173717,33.11337811954832
25.41524717361793,28.315455951857228,35.4450942542118,27.048497063426534,32.98256482517387
25.6777059939935,28.361388255930805,35.45926826511355,26.995840880235782,32.47732261434223
25.559424465918585,28.427847529282257,35.08790076653008,26.851017639955668,32.20416237482921
25.559295953373088,28.25557544214736,34.949229893871376,26.954114778893096,32.42424647702422
25.59769299645161,28.086204754417544,34.70794980218494,26.88325711496829,32.3154592499988
25.6720048506613,28.28418833391728,34.9125929444543,26.971800041588647,32.16361922265883
25.9009039436733,28.659617653980508,34.709712625374394,26.838960288503955,32.206083240931484
26.260596974871337,28.906663713410268,34.74731517768389,26.854208182999248,32.13936828501055
26.47906267930354,29.15206990676414,34.5375707316762,26.801667827407897,32.137108640797805
26.267432812650146,29.14295159103919,34.50311540322381,26.765554807145264,32.126217907697594
26.524714393645542,29.13496696160981,34.250386518727495,26.68639024763754,32.09358083085735
26.409334042682808,28.75691742429473,34.269079901165775,26.72027533358798,32.32272526780184
26.411077729785347,28.77275007266795,34.31500893517726,26.7323985886356,32.39349450708048
26.30251666160885,28.69810556080349,34.002547152269685,26.835618457209367,32.419000452586246
26.24969524921613,28.46950674810166,33.91626487917103,26.811620338421037,32.43347051336342
26.10052957929855,28.47508879601453,33.6689178173227,26.68690164374253,32.470810821798146
26.300861186365008,28.65390526690661,33.61339272949871,26.78404371699517,32.57362673040356
26.292918415040297,28.40271746406189,33.65697834104249,26.59776624425393,32.86844199738785
26.082967082261703,28.542243384133837,33.25055876504639,26.603171614304063,32.62788525268767
25.85974997055513,28.40405362522754,33.317352640237324,26.83578473044251,32.81283812175159
25.92306849200239,28.5841341795647,33.26390418421774,26.888006100046265,32.868821146654454
25.96429064718555,28.562952852866363,33.31751938051441,26.84708042843653,33.223396701530866
25.891925815461043,28.65129285645612,33.26681681438258,26.972672774665863,33.25610783372759
25.724065773339607,28.94082367543604,33.00718375462397,26.77103058533364,33.33477308003225
25.817850118443623,28.87938328695281,32.779642921862674,26.966374750569702,33.293197236927185
26.009916614158566,29.222669026260256,32.83361221208281,26.658432273672464,33.53268089989536
26.098091170862848,29.47250222114049,32.56821549365902,26.755962395719177,33.70330147441269
26.249623098379587,29.20795536795972,32.313889158600084,26.709294696182617,33.59423229024887
26.3558574084342,29.25082579258708,32.11792936176179,26.743515453431986,33.92153041611816
25.992565393143853,29.435092612477487,31.88977365846686,27.03496481565057,33.91561383175455
26.10853279976623,29.334305635155637,31.99414301376954,27.138253101157822,33.86700885530042
25.94512423780528,29.14742732353065,31.800936223994807,27.28335206940737,33.7554991815254
25.62324517544448,29.30165528226344,31.678001530836266,27.090635189981946,34.31492559920932
25.49607683841089,29.267678271911585,31.65229545862341,27.16188606684657,34.17090262332092
25.68424799507649,29.530753035225658,31.592981443272816,27.24521079259725,34.39477301326262
25.72103552784724,29.1742362649589,31.71300436436904,27.464719190017764,34.747915388444305
25.852814934089544,29.298560306841225,31.465622017545844,27.625316606219588,34.704856629483565
26.04000797405727,29.461680376080803,31.387444518312407,27.532256744629287,34.51863873589565
25.910383859973656,29.11009013826812,31.81067773465877,27.76613467107543,34.108986033586994
26.10316292690133,28.88242176649148,32.02528648489365,27.765520966703846,33.94374047747996
26.21805913996577,28.851511390067834,32.05869679659308,27.509558075822643,33.964678920366694
26.59566660517161,29.24219943479744,31.89668711869153,27.477757659087708,33.69211229580194
26.275735025180097,28.997339414474236,32.03024292850593,27.440086460521567,33.68514029723777
26.188321759879564,28.647706121390247,32.08451280621848,27.218727827976306,33.458389211649575
26.02480709302287,28.533978635489525,32.24639840990861,27.26488625350131,33.43260860774107
26.31209809624868,28.56362429788439,32.191771089270254,27.38191254443325,33.48386043251988
26.202929837405385,28.43845394230397,32.18466428190825,27.42108172972568,33.59037757930816
26.142458132402734,28.54650894365429,32.344756392564015,27.178140143150497,33.70326889121374
26.38952804548075,28.55619304096211,32.66394507697872,27.03642836786516,33.3081082015511
26.694591691944,28.700500853081014,32.5979959534702,26.65842829185673,33.28221444206949
26.811402434314733,28.65174738763824,32.268080854618034,26.80814874788039,33.29694569488776
26.52570452058829,28.75940623182329,32.124621073160014,26.800007928048164,33.13435564828198
26.57185467478105,28.76949196140773,32.48344937960987,26.53241317107858,32.97656130913232
26.526673322677908,28.573891441263125,32.161517004153346,26.65647907208705,32.75294251057488
26.48587115998517,28.65690466083545,32.0826290749758,26.604253785789822,32.67182039725854
26.14058101601419,28.67193151055387,32.15936230138336,26.88546747638064,32.9886360690513
25.924847731371266,28.602854927452515,32.251053604932586,26.980905415326525,33.29347542608522
25.86404105321988,28.858593560410625,31.969285201627027,26.8338824678655,33.157750369998915
25.73293698737517,28.92824964680826,31.970522110786497,26.971476419772323,32.98986106501186
25.762004144176416,28.72064635233612,32.06411164694084,27.207804717825404,32.97808313008282
25.605869918359403,28.676587204276952,32.082978293573106,27.26309147496296,33.23610518996238
25.474940861400764,28.417501610665354,31.814492247047852,27.46215949250263,32.63898811695067
25.065587216894265,28.133978938029006,31.833406059293303,27.65360591592706,32.2817570582261
25.185618831400816,28.11339899200066,31.784033117097074,27.80220747451945,32.24857684659936
25.546321595284635,28.10248351305911,31.67234693673561,27.789003540435715,32.04746457227861
25.58347760222387,28.145033743453663,31.486795885650317,27.82800506835196,31.69810389185589
25.587416894034863,28.03013434775072,31.8809511910766,27.64545970933585,31.796646955597925
25.731171823071325,28.2687201653596,31.92783605167821,27.291281791370945,31.935005455520503
25.871245293707315,28.24604069020726,32.01105660059666,27.398914354395483,31.718033523691517
26.06603800535962,28.424820132630497,31.909178538925417,27.370087611185017,31.846970980332724
25.977819027761548,28.424682346399702,32.04272828279339,27.099470228778127,31.938752731408854
25.969184693297446,28.312565934643487,31.91473846323052,26.9337330005675,31.738272362744315
26.07802623758581,28.51465849674384,31.74193225231417,26.77341028271113,31.737957911682145
25.88949165602936,28.806794583150147,31.85488529837581,27.012975539098523,31.63079545246275
26.3112329959392,28.81707174745154,31.76441528557023,26.947168526514275,31.481222394286384
26.47920766501038,28.68750404154984,31.562047315654254,27.09569398956637,31.494507445460307
26.67776644036162,28.78184496207138,31.22015719140986,27.198738722253587,31.69256969872037
26.592950697038475,28.708501754493305,31.247442263876422,27.485941607711705,31.852212160318828
26.657415462048803,28.579012548488883,31.295978653676013,27.432345422571537,31.735671465542094
26.961116776174126,28.862928077418363,31.46225751963729,27.3844323172318,31.829039060696616
26.91609145334055,29.12169659903221,31.33376200782068,27.096090384575778,31.72353383519134
27.176080387144733,29.113468220945432,31.290454574952637,26.99487757133027,31.914533794476803
27.089926251559486,29.316730587280112,31.410906947259228,26.737574526646046,31.866313557121394
27.115269451068528,29.29073575673173,31.478406373996613,26.770092037642968,31.76187765816057
27.057489036245727,29.290962878128614,31.57151469246276,26.951907446956405,31.969110823912136
26.83167194993277,29.502246613459636,31.62435357204826,27.1155736310192,31.98737425727804
26.423048261550043,29.584970805477724,31.51386727111012,27.256531259940424,31.75806728759145
26.658445387418205,29.427472310990414,31.353601458926743,26.92689317048663,31.455189152892032
26.63244738473508,29.499875368525903,31.236336056067305,26.861559171105128,31.356294106381007
26.54331818288997,29.081841833508637,31.21617542498592,26.96042841658104,31.5128538318877
26.364477047713876,29.109124017735944,31.294342528843774,26.662400075604413,31.44615472165601
26.231103389369743,29.086127784942207,31.38504426517579,26.81357318785146,31.55359800449829
26.507161030127158,29.34402425171405,31.457932803466928,26.735217723134355,31.583527279887864
26.3854139962897,29.38177627978969,31.40241293318305,26.6448411222379,31.610337592995936
26.3437236607748,29.18869602753062,31.7357484255276,27.216971473887597,31.69191950476565
26.31766745433801,29.4980473577724,32.108285130971375,27.09921053556986,32.04147042085288
26.53529450009036,29.54958183624732,32.375816879971474,26.894511526341528,31.915389335366964
26.57068977895553,29.20613312073226,32.52484090115043,27.159228110431098,31.99561310929093
26.83424050281434,28.845893266767323,32.27661813209332,27.1778871583696,31.91832412715127
26.80158935720408,28.84526654105032,32.31484985395856,27.424006562333563,31.9528390679094
27.08896367319123,29.184587887776228,32.255806702420564,27.39878497217065,32.097623223200024
26.832975350003817,29.484377752529426,32.23069422025623,27.53476819570639,31.97566675629003
26.8316208475882,29.443435968382957,32.023685740905606,27.640344453123507,32.09808883241237
26.860910280666133,29.32082150581328,32.00625239382517,27.874216642734517,31.788068757435717
26.79001062451119,29.062410094990312,32.05646439395582,27.797396953791505,32.26800274557037
26.615854929288737,29.105287370190755,32.01678602615514,27.701167504352604,31.896941466326474
26.72704657392053,29.03204425179455,31.910723804285183,27.507228136803143,31.77111326494328
26.58225421442901,29.262553341314533,32.304440278330446,27.45140217856669,31.72102461371999
26.5892858777472,29.416127757475024,32.231429934333164,27.289411632849944,31.68179943175496
26.53397881881436,29.53494362343252,32.49217484001403,27.38842662821471,32.19786584615521
26.056362251069025,29.449750515657023,32.73497252530017,27.54586701615127,32.25487822736393
25.86391794264129,29.247613047604787,32.7946381047438,27.51696368015096,32.172719236539024
25.432489493276677,29.3226060088001,32.90143268892293,27.717006735040695,32.228976082934174
25.623752574088257,29.110774138699757,33.18533527938812,27.581333249781867,32.12718978122773
25.5397850358483,29.304448094465563,33.02445084679791,27.79674516964709,32.12907141225833
25.635541289270154,29.38969975699437,33.160113150585545,27.47330872422669,32.278210482652085
25.473373729968586,29.37697461365373,33.37240478587077,27.67649253087743,32.43783642708087
25.23436552895768,29.480707953832336,33.4287899457855,27.69215938008947,32.09283992432421
25.40391043512734,29.95734194409977,33.524095610037314,27.703222854175436,31.73316382657373
25.44359842263121,29.87443518532675,33.3754944385608,27.599678644939083,31.44953920578009
25.427879179111816,29.532545375847707,33.40315909691903,27.44861144905357,31.057358323836727
25.60954851714185,29.79253276579304,33.3998331468408,27.44103515188427,31.063550340485666
25.290873222012973,30.01476621071888,33.682886034531414,27.543006647646603,31.06001375659917
25.444545998821926,30.13051517265974,33.43319878413418,27.31004328573113,31.11355724242212
25.438836220925108,30.26993007890837,33.653905136227785,27.4223806903642,31.03767329899873
25.263746093573303,29.883903054236807,33.53224103425405,27.183286532545523,31.05860528198297
25.481882971877116,29.83768080203859,33.11293581896529,27.169464697495865,30.85639562600671
25.6095427382374,30.04006815092453,33.193621941464166,27.486432949630007,31.318155242791946
25.687692555502792,30.034084061016348,33.319291032871696,27.221272122256565,31.165991805211146
25.68937029865397,29.925017412091968,33.60177152876622,27.400656078960672,31.42240958542433
25.609864874493244,29.5835980812816,33.56038163989703,27.454514680366238,31.47965194623567
25.61147032337864,29.810369017338864,33.51993310124445,27.39749932960366,31.253164868836883
25.735103247694784,29.967629108234515,33.592026494627035,27.165745540150013,31.10143218889942
25.843518374693648,29.840807276845972,33.36717015513418,27.365787442757703,31.11608358737552
25.80519697962489,29.58493340518941,33.32483276380198,27.36430337841928,31.34328826535599
26.009499405974903,29.635123248190645,33.42042429677684,27.56585294322128,31.393546812155453
26.394091332313504,29.630200829577348,33.39263488079102,27.44386947357934,31.34406690017517
26.329576670177698,29.535560528499143,33.75176643238269,27.324233358212734,31.393421158578843
26.186412808558195,29.470821360962397,33.74692708115447,27.324106373747775,31.555179388967804
26.270180458796226,29.668685399799745,33.74839615756074,27.42787823496301,31.11222640900992
26.067399244421,29.82036061265588,33.783362109877615,27.338406098734023,30.9541529939312
26.396253282290846,30.143405883347064,34.19011520000724,27.018240282144752,31.3702091680446
26.452379128169277,29.94046220775336,34.37286611102108,27.406629701300677,31.38453882628542
26.742736928986037,29.84602598477152,34.429214712405745,27.164063548972845,31.381820920023763
26.82765651536137,29.92133542980552,34.06569494605721,27.2011947335626,31.431962788657096
26.93131542544589,29.952671938171385,33.87402705984902,27.21118379017645,31.300296263980687
26.99942899031737,29.85084383638536,33.817082324413,27.15029945380932,31.11382663629908
27.312952523409955,29.888007365412093,33.81793470107223,27.068806105455465,31.382031479385198
26.91603190667188,29.82307465296616,33.706821830906705,26.95530235282705,31.71609805617603
27.10371365688758,29.688431295225516,33.86058626811258,26.857296366198632,31.839336399768204
26.76059697278692,29.88595848807361,33.94906121765415,26.93637862959997,31.71230973830276
26.7591773818231,29.87938229458413,34.01043738918141,27.1201869894418,31.900155462112068
26.45507245946146,29.979252928772773,33.73195828584175,27.325852037295512,31.966162268055943
26.458422558371502,30.43989167201284,33.80495154374155,27.1790344880972,32.1402834151598
26.644110619260346,30.32617472789301,34.12676641409554,27.226212502493617,32.06514677814591
26.60814310506593,30.4493617572296,34.23099174063204,27.199781239134897,31.860427788290394
26.714354311902422,30.40318585192384,34.04593646944713,27.20148286438011,31.78533153462381
26.80061939141512,30.223767189366328,34.11930719661497,27.291793128371367,31.936774635716088
27.00788867625466,30.79651960741916,34.3236355351752,27.300378621378098,32.13119577947306
26.936596624309622,30.884191273376484,34.27924782333016,27.716046465320925,31.82599207701728
26.66342223549185,30.73736157325804,34.455899468430644,27.68148953110052,31.583841619430327
26.90224022106272,30.233747128347574,34.427133579577585,27.68859898623516,31.20418148585815
27.302937831288844,29.962616417188205,34.50872189024331,27.60431072146273,31.303356435403774
27.293224940447192,30.009182928061712,34.80715050360125,27.56751952667921,31.640162555893365
27.3398994818799,29.660373288588424,35.124898257424455,27.36103335101616,31.68707663946713
27.075691588823165,29.426061333227967,34.912614143954734,27.43758129147177,31.51203854085813
26.94710595498094,29.14898879307973,34.886326520416446,27.52157859054536,31.36864736211613
26.879066876138683,28.871162797491184,34.884091370838206,27.529669162756583,31.053358796141445
26.992080006247487,29.20580586608208,35.06051630113431,27.627936694698843,31.05171153810738
27.034879250604817,29.53390159857369,35.126601723279926,27.62634646038005,30.56632315643818
26.73462702871408,29.122884970171437,34.98553292863679,27.34462008637004,30.66522915232678
26.56765007348844,28.98583011739101,35.089269858496934,27.58998775697099,30.46172381792043
26.643583019063342,28.974797362994504,35.26156242508008,27.50168634418097,30.659043750194645
26.69474919147472,28.98771137022042,35.15661446198968,27.61266143022872,30.692076157758382
26.45855998166476,28.96109073801071,35.274841607826595,27.80167476700596,30.67683873390825
26.366429001284654,29.102069299284,35.565595231692186,27.83029311214111,30.810071498829757
26.23813105406061,29.47914858854679,35.483566661408986,27.797878167140222,30.833741267637247
26.131828107524772,29.48848443369024,35.39141918367874,28.037060555948543,30.81751211627459
26.31941199625252,29.449590603391044,35.16302667931871,28.103731069948616,30.47613357894512
26.175452324822743,29.71104669418594,35.48338410608044,28.25681609120724,30.337467655082733
26.517450440378614,29.19071156989136,35.67959553286568,27.767269145345043,30.3472792320071
26.924186193897302,28.94713456830489,35.320345662073144,27.845792467262207,30.20362217453012
26.99797754751804,28.92358642929088,35.06701957916265,27.899639763868635,30.16010612084356
26.649342282427146,28.557514196104776,35.12690061126427,27.65707270296337,29.951125978903608
26.62360653398999,28.72381351022232,35.17943840368506,27.604366663948227,30.057417920003157
26.400773277832208,29.04864066889282,35.09359617857936,27.80699130757105,29.885318917659404
26.537175733856728,29.129451823793808,35.27621645413803,27.96641529874765,30.090929605292214
26.84220847296409,29.094161366623464,35.30940143795237,27.785052734953343,30.456344345575705
26.98248868361506,28.983918803262743,35.54367149445231,27.677460757825173,30.37073489910619
26.89366947729081,29.17071284083224,35.65050764502583,27.93650906584784,30.58544606958844
26.965024075247925,29.286111193936883,35.73695719988668,27.82750275977677,30.373760435699644
26.80152997384823,29.2785292414635,35.56117724993808,27.747263825426955,30.41935510246881
27.02899902360875,29.23530957824536,35.48519322952208,27.345357143700323,30.50700457986885
26.96066562965369,29.1215827984332,35.59845548731105,27.121455828919068,30.7185762833787
26.876915460533255,29.297891287768383,35.44636878234169,27.42379403818133,30.44730791820305
26.87215107427747,29.095651195189998,35.22842708210009,27.40776775388041,30.33227510834036
26.971372972288886,29.0635506318468,34.90604251188206,27.25590568607657,30.30092210998422
27.10017649072924,29.11906617640584,35.097532977239275,27.449254255991796,30.393268854523416
27.04509363969858,29.072100568858392,35.06724083680537,27.583204186501334,30.49648488976265
27.16346634705037,29.061563407354704,34.77010755574957,27.39522637412157,30.32663868802995
27.452979777593693,28.936068942698608,34.62852270433825,27.213205256785784,30.41979683754612
26.999650126306875,29.122350189066427,34.82753129323064,27.376255254826667,29.82921771875294
26.80573416274081,29.13580446345996,34.66944752047637,27.54043644004847,30.062221551096567
26.80580250672681,29.168855408789483,34.65413293004064,27.58653059109525,30.177670955269893
26.81546932116528,29.26642208616848,34.57476946692843,27.36941840300634,30.49643819745541
26.890201179146143,29.61547240388349,34.206742502987105,27.55750037563668,30.49214990668799
27.011708747798075,29.306703085887637,33.7970748824141,27.615592995395264,30.27031158773357
27.41721086875335,29.226863386458284,33.78407759593432,27.742644133437263,30.12502923431384
27.35149976226065,28.840231326286613,33.978260606431284,27.58056408323248,30.234716893855747
27.42055159353367,28.739093158839875,33.82133643603536,27.533043281410123,30.16400658563351
27.65390333671957,28.36487848941756,33.4786044279911,27.66901693926196,30.22472736792857
27.67738856150942,28.13280268622068,33.495732770267395,27.4656768596636,30.122799759258413
27.57921049242048,28.28425574432616,33.23747316304036,27.718178386845903,29.850977355508338
27.302152602053965,28.241789800300428,33.16746346507242,27.91504936948636,30.00579270266852
27.339030470610957,28.252245942511628,33.27955351346606,27.855445010488356,30.33049728276907
27.573460986055284,27.952490687723213,33.36743786496656,27.946496697922143,30.661181117263112
27.57574617338744,27.905749694545424,33.699212191207025,27.70866468961134,30.647517281051968
27.399180490898974,28.15189521326124,33.64516982009199,27.635516246419925,30.858806613504623
27.079280274252348,28.10944193035001,33.8356749181592,27.81387258370207,30.74313766910305
27.25433582634438,27.802306365853216,33.839042117488695,27.747878178315304,30.790424852670174
27.27766528210768,27.579886360914447,33.844882364990774,27.582261612517588,30.30060580318207
27.253004286039538,27.712701825794944,33.894197169162915,27.58088989588812,30.457693737464474
27.61650274205756,28.010044110214363,33.724478807378766,27.36104917003428,30.69367496258885
27.6949634367846,27.95729479270837,33.812544956078035,27.285310680940995,30.637824215983983
27.673862257857422,27.84864592732176,33.58869096572946,27.09707296047725,30.736623975274128
27.53975556388511,28.018943896575443,33.71100182785568,27.327158330813788,30.584452573642498
27.50156778875364,28.169445107650784,33.60042480217658,27.33885700839145,30.46951056701892
27.475449727969096,28.298021099513782,33.16782705287698,27.14639138771737,30.50997727542749
27.439937302805244,28.626979500888204,32.79463062034612,27.10667268278759,30.502799995498464
27.303770924596822,28.58723480640711,32.770613856978706,27.17232289620254,30.40217065984556
27.522628508453383,28.67905886151264,32.81156265327721,27.346838676911915,30.27020025934268
27.135408546064262,28.730161948942847,32.92050310041669,27.35228212776088,30.59111437341919
26.91258404876088,28.693098185967624,32.759272446724054,27.32952543446585,30.585312985335463
26.983397362519906,28.55811889033465,32.689076589119594,27.409918410979703,30.784902643934448
26.99662510199852,28.260491975067183,32.36420782740799,27.368493375249884,30.89891058649756
26.613807992440627,28.610457835672698,32.37317052479507,27.43349669505697,30.975084210681825
26.64975835742964,28.250997092156663,32.30592644087924,27.58699456137423,30.90831776159166
26.626331934042607,28.123116980965825,32.46567836409293,27.29916660685065,31.10808703463278
26.563399319445917,28.25742668896171,32.49244283468372,27.248706211595906,30.438981089984505
26.56145052615585,28.28380707259255,32.22414322049569,27.076290422747476,30.583409189376358
26.88333136055142,28.205152487042344,32.170500046931046,27.061824778476243,30.60771633273279
27.138028788102364,28.165150755260186,32.08276368626088,27.11148846454984,30.533843808026223
27.04705284592492,28.420822261435944,32.30946808560681,27.127296584335525,30.686546476252204
27.06556846762095,28.256916465251432,32.49187008650428,27.047746289141823,30.718067318477203
27.143080885447493,28.33873508501618,32.378836370255954,27.040501180359243,30.86214139511388
27.320756528617537,28.29024778763228,32.45665736384269,27.32365464036023,30.975619879072003
27.120737096235604,28.216503638813045,32.71967123045447,27.3445487584362,30.607379478314183
27.02769039724643,28.15252608435829,32.86295669435793,27.19344083176912,30.46358711178952
27.496577305048643,28.13014844380841,32.607158968280366,27.26052938579028,30.185311519647065
27.61246950451327,27.894469777807625,32.59330978473353,27.237391023782084,30.292291256398038
27.4737490867577,27.791757166420105,32.97762383363992,27.005914460867963,30.327133416782008
27.260937311940097,27.88003558348177,32.93048787565098,27.244369546982,30.472686990508357
27.29773786563649,27.762152267445398,33.24693784516314,26.956875274808908,30.007889234290303
26.936100279171743,27.694720008909588,33.11848304606524,27.133505336926483,29.81644319484868
26.70547650976709,27.602783580302034,33.55303455528872,27.20467867453097,29.67610627057501
26.732662392523675,27.41570382763939,33.49572122055266,27.11099241236456,30.088597082904517
26.931128593908685,27.654020758567096,33.450236843363314,27.13822736907023,29.99288099921614
27.17274249562692,27.999585430257287,33.62014798435536,27.215486417198942,30.2478035373154
27.082921819046195,27.66103896858088,33.56662914719999,27.35906211571045,30.113067672666457
27.136664623006165,27.455842782081195,33.5127865434959,27.40379074830832,29.61648977331828
26.9487617929956,27.520926958693817,33.33140238040372,27.50200334773804,29.38287225713365
26.7482533471908,27.750401773676387,33.00735910508345,27.896502786075192,29.002012729992767
26.649750952014845,27.73233473953941,32.86200756425972,28.01741098917738,29.07078731845923
26.768766340867185,27.685769103817083,32.90366392895981,28.288117472619582,29.259709455414868
26.7862986425488,27.820921874261757,32.74195454545433,28.316251436407747,29.458441371971865
26.73556740587361,27.777875596011405,32.76785241299941,28.017314979142604,29.39289431467187
26.490715207595635,27.56202734968373,32.90573133674782,27.680190186282296,29.119954952005973
26.258389625717584,27.459812451698568,32.78055734357004,27.410452090156703,29.33969232120256
26.237891036461463,27.34493149062885,32.50732255653103,27.41632022239837,29.6352781977775
26.63358061979424,27.366680421147027,32.7411074874103,27.090239557187196,29.730860858857465
26.47125853758457,27.47058800523503,32.839181787068505,27.092168457805336,30.010406215146958
26.65998189291117,27.77570639206459,32.91287293922062,27.24282831711609,29.97131599828088
26.42264436757534,27.986247585832366,33.153227320275484,27.25561900415561,29.746060821964825
26.68830066759176,28.181331601369017,32.921406464130854,27.432834540567097,29.34172040313593
26.40407867734329,28.177079960794597,32.99477025347638,27.13527441132186,29.663108616476748
26.612372441833564,28.27402511314071,33.183200733124814,27.30342350862695,29.96365238194639
26.61971488702199,28.28202063425189,33.181745110463275,27.259391631646285,29.84362934516451
26.88953305463872,28.248994682514237,32.83247620518626,27.355733706580526,29.454734022026937
26.85690249164184,28.21093108603495,32.58863028033604,27.38047411843968,29.454053057166693
26.752736875992085,28.061797335799664,32.882931618081,27.475218175778505,29.471227782566373
26.671126407558877,27.93826832909648,32.540721611234204,27.323169422795367,29.393167144740936
26.472801629744048,28.0050515682059,32.30210230621156,27.513820056516604,29.200805567583338
26.524343694550907,27.95756060400184,32.229695895099034,27.620244764337883,29.12584075485387
26.27176230326397,27.707234900758746,32.306906195289294,27.56613984536777,28.912215257510987
26.37810738111428,27.77725147386656,32.43719651916624,27.58750713790203,29.153941481795616
25.941332060753183,28.106011602843285,32.26356533456748,27.27578205601976,29.24424799635289
25.843712385546738,27.95543032904436,32.38328322338911,27.41432751742526,29.1070490763346
25.93132429249709,27.945635066859644,32.732131757271155,27.51171912658335,29.24393631843531
26.084258665460556,27.756403020264337,32.381613266981724,27.438237259582767,29.42684994389232
25.778494539728364,27.863757121376807,32.40378614104659,27.62758602229453,29.67589153566305
25.508334031716146,27.850955870608075,32.63055708648881,27.466551790167763,29.298078028641022
25.54614930763888,27.76518843273379,32.63586037249417,27.305739826984603,29.22662245799367
25.57374017625548,27.62574835388429,32.74791255541231,27.480919353524705,29.44559737500548
25.621819909286536,27.819560711909748,32.64716460321748,27.291071186423416,29.474826484471908
25.65125323825881,27.74053484804578,32.49509824817305,27.252739116514384,29.87707675804924
25.714134770843405,27.84126235612683,32.14248149819068,27.126967777497995,29.59393355789553
25.419139028819565,27.348529356155797,32.305200495326424,27.5478300227642,29.685509545127257
25.411182464818804,27.395897218684446,32.518840657744164,27.56967668859744,29.486107149743574
25.119919557424588,27.22922444209847,32.511559717967884,27.45885099087404,29.218708701046776
25.12855545783387,27.39249151643501,32.42679310356365,27.317586285189428,29.046433888035804
25.0948053940736,27.23152517185009,32.595467283340035,27.45592248168696,29.003996509221867
24.930766380595838,27.197695135808168,32.59566028325154,27.51175476156133,28.92054302203652
25.061305626152407,26.960407334032077,32.83357888910928,27.529027771855112,28.990189478083717
25.26158590307968,26.979929374707925,32.82417929221265,27.606914624303315,29.36463978592981
25.388756098703563,26.75269291811068,32.6249980526458,27.9640537109636,29.638602550217698
25.63520018807804,26.64943938108167,32.38894708830242,28.025251432518928,29.350313204653958
25.38674747104351,26.58715406233729,32.61731311998596,27.84809683276347,29.36808856673156
25.409733560606693,26.78314274886492,32.86949451056927,27.63913423587293,29.180329312582465
25.767915817469422,26.72712997851676,32.60867787528589,27.520136063979127,29.229131853669944
25.96088225030691,26.739333207038715,32.29382962308735,27.47236291903219,29.410820009061265
26.014497289609665,26.668015225701392,32.32513712565636,27.502655187456483,29.492723592529085
25.70745761668673,26.96858529631796,32.35507052314761,27.703449816974096,29.419980867047983
25.593879673006327,26.96649153267305,32.40394205393345,27.75655925536438,29.72624930580121
25.55280821876599,27.20509576128741,32.62203075556577,27.965769595041916,29.643171651692107
25.50511122343112,27.396616903449885,32.90481797122295,28.10953313702461,29.661108839466216
25.491778878813847,27.316593349906917,33.024189827962296,27.9990569462347,29.71345892390293
25.86050380457251,27.31075928174035,33.14494038659506,28.13994839245113,29.828786020210316
25.676771522063856,27.041723047705517,33.29277637238452,28.1432333984954,29.916748294208944
25.521308070118497,27.11711960892413,33.57267430710223,27.87368989196918,30.147069691431444
25.63894825448819,26.886966554132933,33.695780629229944,28.157123087048745,29.85345650968512
25.604855828139613,26.937622148863145,33.89325861178042,28.005614936903957,30.100943760106595
25.63939912772136,26.64004837143403,33.93124943139529,28.233458539585914,30.46594797103238
25.46345159983668,26.48137782731522,33.63949050712505,28.089837055039144,30.30621720397087
25.04550683764947,26.282680723867596,33.449179132109606,28.10668439396327,30.29354750618793
25.224919847191348,26.084189803404264,33.74556351203235,28.12115501894556,30.33130013150307
25.238208530925103,26.183900913932103,33.72164409974974,28.289703343721964,30.51911893410965
25.28332015040352,25.97459537320746,33.6727153626065,28.03316649060809,30.2710668755007
25.43285578065605,26.029504022984263,33.50651860996574,27.95716125149776,30.608926411573812
25.591694831949347,26.065758499163326,33.54195010675122,27.986180697417947,30.52327240336045
25.14922069780536,26.102615879729075,33.19609256157336,28.256419411601904,30.60469950646645
25.004305529068617,25.844131037695487,33.42110332053262,28.076094586158455,30.85979331541412
25.17768770186868,26.08502505798773,33.459257318265955,28.08839025777853,31.28009423782129
25.462282446568235,26.02939869610151,33.28069109076183,28.05325097490589,31.1137722687928
25.33240468163692,25.971203791124125,33.3744219466003,27.76679788177628,31.00700570269672
25.48248807107363,25.683242742168723,33.201187397679334,27.776263517249824,30.961432803460436
25.64225235560606,25.91089422621716,33.44842831311576,27.522432144484924,31.12390670964993
25.53853612930696,25.724020798567334,33.106216691651724,27.682438690516356,31.16117259189342
25.54573486879266,25.761729597444365,33.0024254148137,27.80664163526412,30.98432275732844
25.718851221128,25.68363611803568,33.134560633608494,27.796464781245703,30.9269585136422
25.454640999012227,25.61608284982952,33.347525652141435,27.568788330378865,30.883031477642383
25.41981019254768,25.89867289549272,33.5255976059692,27.39666177749352,31.05526463495408
25.38089973189052,25.99770337738942,33.51258582846688,26.965030406641837,31.250933789516584
25.474351901662168,26.27399250203307,33.40662498690596,27.292184675040744,30.858171176444277
25.58119768692439,26.41266079631303,33.13704433423521,27.472224358967043,31.260280116912107
25.79775649218822,26.53373867743971,33.073731116480175,27.63526583182164,31.014215124689528
25.55724688866032,26.811245056159617,33.208193933301,27.32666291565353,31.071929509830756
25.82016011120589,26.66969932341699,33.39202865908452,27.42590619416276,31.161473067764053
25.81470009324909,26.663571412996166,33.66583769692145,27.64577298437996,31.233051582067425
25.674446319281696,26.753255851404933,33.480165503137016,27.36731118858246,31.3308209033378
25.717898741409574,26.715309126070125,33.4643752880827,27.153826536905807,31.43530374270705
25.646152891256715,26.54836966050765,33.496045778609854,27.22883342782028,31.262848128274136
25.81083732632364,26.746161019044784,33.167972164988406,27.415204602547465,31.42009534505928
25.913945854675216,26.776808608501103,33.034703677930246,27.508836590942405,31.47041914845381
25.983171934038413,26.844670788098316,33.02443265568053,27.41706813212784,31.82864922314788
25.880542738542072,26.828448848808744,33.08452358652721,27.57179417084024,31.890809748122926
26.033159861190637,26.62526315766479,33.01459985772903,27.109757139009783,31.81808589294411
26.364958247859,26.58294490345823,33.16844919701868,26.99831939035819,31.618308063471822
26.140662396560923,26.420698183156937,32.98288434518612,27.08082699592432,31.69405577066721
26.33600006791376,26.36817084389427,32.73419642009772,27.272018494726936,32.01627503573068
26.494264870920155,26.35538051814115,32.626062487200954,27.566942408259408,32.139672972853646
26.36567420022508,26.296388441334507,32.20180080330056,27.25181663353801,32.109311638114434
26.40449822154769,26.388808271642443,32.438572867301,27.14227819422108,32.153113963975905
26.80761987343825,26.18812317406272,32.356059933835546,27.19816433301359,32.234322342445594
26.42283691371544,26.402026979303216,32.051293676049106,27.14744370271171,31.90561604993564
26.741629096664944,26.27513569374532,31.832574859664057,26.96389603895768,31.983884799384363
26.799246874712605,26.348442871353345,32.36136171552445,26.922887022990366,32.095530259727575
26.61862664454189,26.368202085862983,32.95582928125898,26.330515453048516,32.069524273555075
26.655758517068318,26.231341901551776,33.11958579999214,26.649697746458315,32.11559665754608
26.78466167552068,26.20747792856101,33.12586062107154,26.282004786146352,31.996607775406904
26.62323646960573,26.409398666283572,32.98085029827206,26.16375784042866,31.94682794288375
26.622483847062814,26.51236180002916,32.898114366413424,25.919094715364235,31.780037080037875
26.434445901618616,26.5189938725724,33.02223872603071,25.81701284433742,31.61035030195768
26.51289235737232,26.311593207431898,32.80890989862029,25.71434036552877,31.42769638498733
26.45821126668845,26.33020833327953,32.57268417774819,26.039715648744288,31.71436061720073
26.02262497877186,26.016981552066827,32.36685201581609,25.992185767617045,31.94019140608656
25.894124390121974,26.19989566770948,32.663344813976416,26.26240049131691,32.11252434298245
25.84903939412746,26.135567507386472,32.59343053446825,25.732143519731626,32.16767487525544
25.974411688601677,26.351657623885195,32.64062488664045,25.86656631214589,32.17585359703301
25.64244697095814,26.41920556088844,32.588259087101186,25.81368639411409,32.222007677269495
25.81950241837457,26.336601069301302,32.181481118225555,25.97502220144064,32.37246065331366
25.70751555067493,26.2177109917617,32.337860603399434,26.116164044065837,32.47091781581145
25.73094057118266,26.311767755653584,31.99169445356632,26.413290131521137,32.3115016749101
25.85907639110741,26.360397683434467,31.727186735781224,26.54804168735133,32.02007960514724
25.715020292868203,26.460861830950986,31.62961728964081,26.595063817798408,32.26150122588432
25.76814376488428,26.718871331583028,32.17156015301491,26.259384666989423,32.533411821685064
25.86508037856625,26.679585863163723,31.94663811179444,26.32365359086568,32.417280967550255
25.808694710193773,26.61534453495432,32.27885401491073,26.295916623701025,32.55091047690404
25.66325562781701,26.617541511461265,32.02182498331111,26.31294531635273,32.510052170556335
25.69696600670417,26.644381577897832,31.67526502443461,26.32592740076325,32.527472261477755
25.71036561215049,26.79402454134153,31.58411323338152,26.27751156712672,32.67342179074208
25.871533402668256,26.549941105568383,31.61227621473765,26.58422484988873,32.529219013851744
26.02678315927433,26.411333808205264,31.47105662659175,26.737204136288035,32.77308578817641
25.72093211054896,26.32397956701994,31.257724086961108,26.82203196988564,32.70700433818576
25.52273799013057,26.5079245534128,31.509388855738877,26.88423007574408,32.753221788641646
25.39158612487057,26.370256986453256,31.598125857720625,26.74338953192772,32.801752352877
25.145921003467933,26.41594693924092,31.446926124939843,26.64935160498396,32.499034702615454
25.197098771315552,26.42605627135138,31.51796616985058,26.678251561683695,32.59960118546887
25.504277903653485,26.401635429982548,31.13608800155261,27.10850382919452,32.55059181644347
25.518530072491657,26.297085700417032,30.87051799385436,27.12948217952501,32.33185824774888
25.61677560075893,26.05831891150931,31.04061515823611,26.87059521965497,32.02256917631369
25.37681937017712,26.26842437853101,30.960587758460843,26.93541150147978,32.20198330357747
25.218794409116693,26.30309447905733,30.87592704370084,26.821495553364212,31.861776325273564
25.13253990965285,26.30397728177253,30.586786875555013,26.96248825060109,31.90416267063445
24.915081020252323,26.318990984070226,30.518839457963267,26.87832291113791,31.97363756694092
24.94044358883593,26.23892781677264,30.623469592354592,26.676014760489632,31.86609075964101
24.93164253074604,26.36816253518721,30.547647917733727,26.840440375700545,31.79476588819602
25.10424030707952,26.43962125311579,30.262194227750115,26.642865997655765,31.707527055920004
24.89606572400237,26.210993159405383,30.504576471684963,26.881129580333337,32.17764355580762
25.281567416504927,26.38977785227569,30.391162982920733,26.778589022823105,32.17857055369454
24.97555021519515,26.366472846400324,30.476804826338785,26.550675785408192,32.189193834334375
24.879009133534364,26.29753339839837,30.70686019644517,26.917264831473847,32.36995350116034
25.175324503457144,26.30490508985909,30.716373315556204,26.886678380060893,32.26383337521766
25.131993625966043,26.339728061068087,30.73740357361088,26.892909379121527,31.99827380131152
25.07953532484929,26.32162294934589,30.8091947590364,26.86609578673705,32.23367112555932
24.90197017348175,25.9865026258428,31.07020773914168,26.70095049026932,32.20287319820567
24.91843591934924,26.18606117745487,31.143264241806204,26.689944076481517,32.26815536057333
25.004578757415903,26.29129145615241,30.955353051031395,26.57223981440004,32.1171571385925
25.163293157581176,26.20674005437893,30.53257800006986,26.5934828807919,31.817460640337256
25.369879839669935,26.0440070797612,30.559118621626936,26.51182552268548,32.02415266298342
25.471535542478957,26.1518326756229,30.246126843297265,26.632297717825008,32.03855524306865
25.440016363904675,26.40437048622321,30.303667182776163,26.566088906602342,32.07096938185588
25.52719507869984,26.476328961852943,30.21983804719677,26.495407370013183,32.109519433220164
25.80372699454228,26.44714378064497,30.01710625361602,26.679714848261277,31.98341229481389
25.73683714390219,26.248939757635224,29.864227457178256,26.488958832530606,31.98678703658243
26.02435595992992,26.235105103210945,29.913458363279247,26.58088709271016,31.98879692975385
25.71695472767769,26.185280451762864,29.920901631737912,26.235563301910663,32.12401889014485
25.663178926783683,26.28666939127394,29.76544067134357,25.97943072216989,32.11146005743102
25.55117220723775,26.259432701185258,29.69582253365802,26.38275555443956,32.352259437022425
25.60038464056107,26.2679873641623,29.942047279655142,26.57826356224352,32.43127081794268
25.59510828217921,26.16757153679925,29.860012543042533,26.55670991283371,32.08080728897196
25.779398799758603,26.09713124258398,29.69345893684312,26.54598178199777,32.17451915894291
25.90921569440109,25.970555366991004,29.55429712424071,26.4120451810931,32.03131782929936
26.029524197511485,26.03709229918431,29.749337013071543,26.390827945056884,31.938457401603976
25.964938502296608,25.86048113472451,29.75400348285894,26.744399994957767,31.923910482641112
26.195520169501417,25.98867545189831,29.732844318600357,26.799993298146653,31.931690954900603
25.96208555424245,25.982657005751904,29.693201683554783,26.78040608217133,32.00343350941354
25.9677712545314,25.806687477256663,29.4606275061598,26.64969718760741,32.12289941210924
25.680106351603293,25.64057210468584,29.261619708385425,26.849655718429343,32.331682961955124
25.867678688083338,26.008689832955405,28.95651611203462,27.05438651480624,32.39550315273319
25.553986675005664,25.907884545552875,28.98833754512209,26.620496314466777,32.50239705514714
25.520849188067896,25.815048100041437,28.89946994543361,26.910212269668705,32.2564005288681
25.85014216981465,25.706380958013053,28.926239546922137,26.607856147395054,32.34011655814301
25.759571549412275,25.691911513043955,29.010070878351016,26.59806943201707,32.32836641873107
25.752241562730266,25.67995537112051,29.18456257168069,26.384070701363303,32.37716300968923
25.92995300343017,25.475822684588003,29.480521632187845,26.75672120238598,32.40372907883434
25.7369754698011,25.689338350333628,29.308784322077408,26.403727927190303,32.14050120577479
25.88092402596264,25.726976351908533,28.940465909352312,26.246213525804464,32.03223328712239
26.14301783112668,25.663632997163404,28.80983366642817,26.34699164585973,31.704700326639884
25.559997808120887,25.68484591973725,28.85717639259308,25.924206065421004,31.731518069131837
25.356360582115084,25.737606194448144,28.76662063915936,25.811385428848137,32.118256494683266
25.335421608550178,25.624641668184186,28.814928929833982,25.918191127346137,32.21883341558846
25.0587469370772,26.039936663462544,28.739491752416008,25.893456002938382,32.30576253121796
25.08387522235997,25.97489829039501,28.716467842126978,26.02504880710228,32.68910372456509
25.001978465189616,25.94136333740697,28.85310701676471,25.75102022512209,32.8467128903763
25.208850694870478,25.84439108277422,28.65756741647661,25.79641949777197,32.75299600154833
24.94538522207408,25.898247262919615,28.50864640898291,25.647773532205395,32.47008809319483
25.194971868658968,26.140628793532187,28.35829955791945,25.83656689603077,32.4163323915983
25.33146569293861,26.250625796185545,28.325103819405367,25.978701677506525,32.55202965283094
25.062387084019804,26.22362294025505,28.002543081173474,26.040935954534078,32.8237180481674
25.176746818434548,26.0327672586122,27.78483199177537,26.06794506135081,32.671457480468
25.075757233479944,26.152907378777392,27.87258043969344,26.19943216266349,32.52495658213377
25.10755515247732,26.19359905278005,27.854527591923624,26.28295647939508,32.51720109569082
24.95606386629533,26.087599135395863,27.79620887713693,26.01210730477169,32.57437475638164
25.0021866009696,26.029320841657302,27.806121094685977,25.773219964501944,32.53670174287688
24.887088800396796,26.097131295290417,27.81612714757735,25.89930294088689,32.71177141980874
25.00681167000826,26.134752849915262,27.855167241599062,26.05804864739723,32.35939880887526
24.9991671356756,25.971193813635637,27.85900808755035,26.31281803577264,32.252877823744726
25.13633403531132,25.90155802435576,27.94946048030082,26.700499964460185,32.55701845967564
25.13566945417728,26.03421440179816,27.981584239891173,26.395963212463315,32.162962433989094
25.253153389571537,26.130508845441536,27.95577971342781,26.40273721636072,32.091619225894085
25.02861865250541,25.906174710220537,28.29727359320915,26.393761795838223,31.82345272435084
25.00823109146471,25.799995653808224,28.331560314051814,26.460591002415367,31.822216819885853
25.24273175198786,25.89484428024637,28.18870656830991,26.43485973504034,31.58388225795817
25.26563731868516,26.011118847106165,28.132518094660018,26.528670085582014,31.40117844243301
25.335394757935447,25.92684317512169,28.120801172741256,26.431984137895597,31.743928412350108
25.55766939390952,25.93688394556705,28.12434960787309,26.10486621632948,32.08047439066438
25.40913630378466,25.93917263972177,28.0182884636174,26.09211680677743,32.091704154362645
25.54266675553897,25.867605961823912,27.906570598549013,26.07634245286417,32.1681505126382
25.618298283624757,25.84796535434457,27.813393682852134,26.262590374563658,32.24414877330972
25.687799523127392,25.94946977388152,27.890169309900948,26.00324344915521,32.398748768474164
25.596024353199034,26.12403402874772,27.589445295031894,26.14554928822526,32.38132823554563
25.78967974697473,25.922687721340814,27.54465800677072,26.19828902502617,31.92075169316867
25.62304950028508,25.806198426264068,27.576164661004377,26.23487096626664,31.78258748477368
25.80110210198493,25.83076358940928,27.700962669476613,26.12187318870531,31.61752993922008
25.829651694165022,25.90815160425093,27.82098024492582,26.09462582015778,32.040816439704656
25.77920263541023,25.857278623393427,27.70388978000189,26.15170888657665,32.21397813396683
25.538235601240338,25.740036248121346,27.983139718859643,25.99911486796313,32.25017977010769
25.642754367256885,25.64472454259009,28.1277111921197,26.080719509571846,32.19570020969354
25.6751952333572,25.639372334616137,28.079698213305285,25.926035564667824,32.191078137137005
25.823895875620465,25.525713623035276,28.047690569939544,25.85253566134088,32.08910710382279
25.45590709708872,25.8201590082245,28.118362690778326,25.90934339921428,31.94811081969025
25.417858820090533,25.86135115961087,28.406128632258334,25.728995186278837,31.724475110017067
25.50415254179356,25.808020748277304,28.244049864248623,25.814808994380392,31.623019404447223
25.507386464063806,26.02964397101647,28.06904844943671,25.6158149057101,31.65939402076308
25.55498758104424,26.083240042989424,27.90949714249589,25.680614171099528,31.39605745335316
25.558716030373507,25.944681841260973,27.774065646408484,25.80807504572086,30.755696187589788
25.36666551420948,26.234965511607776,27.568470468987496,25.98184572123328,30.65782874574032
25.598554193952143,26.157530232198,27.523637335890268,26.011690998739905,30.628176180126488
25.321275795852515,25.979221951113544,27.5311895177064,26.10070993134867,30.551175929613013
25.20989189750905,25.778203685704234,27.313549212876897,26.05898036387625,30.521463433877013
25.48473370979052,25.598454691071808,27.292091230057974,25.83809026222357,31.022312027882226
25.32089238782894,25.713378468274257,27.33000112336028,25.605923595069623,30.87561005757925
25.291841593646307,25.537951164886525,27.22844374756762,25.68342422318815,30.89128404427659
25.126657997596634,25.64805686774244,27.14556750404252,25.64820210025267,30.821720801357525
25.17644001168964,25.946245654004784,27.23312872351459,25.854531259282652,30.51316662850951
25.08587405966206,25.70962010986464,27.331113938250738,25.877915299928446,30.6046558050602
25.038826843622143,25.98436416280966,27.145962619089275,25.71516939762525,30.8197403601943
25.10096007525836,26.10002464419955,26.940494241834337,25.75370238048481,31.194750632604443
25.229515495380326,26.01279426630883,27.16201213710931,25.78198819338331,31.359235943207317
25.375096150253672,25.829991992930108,27.34758946712676,25.72063578593615,31.51125276948659
25.086525173461716,25.897226376433693,27.271590539526585,25.997665278108496,31.6105567259689
24.98077490500788,25.67617990636716,27.040747230998758,26.252768164068385,31.44903563617257
24.887812315966688,25.75151749027428,26.992064554408387,25.789075878209356,31.80724857444673
24.709545384810266,25.84174233308765,26.674386536672667,26.149258475017213,31.39158799023375
24.98155496826815,25.868329569594653,26.527639137945734,26.065194340512168,31.14806442571962
25.055977163474704,26.067780137988137,26.398948569583577,26.1752302159931,30.99079561837512
25.06038517815128,26.01859942865465,26.56882586224389,25.947562537705565,31.229716364024984
24.90360113229751,26.01131786731706,26.476328337583343,26.073306875621466,30.71365980771509
24.95360819855081,25.80637226429239,26.40754033621164,26.014506329407183,30.85922940446013
25.00605266446844,25.668246494667656,26.506300179320085,25.90797088778641,30.75894871036267
25.18948415916844,25.72523034894484,26.4783394067891,25.805117997875165,30.7523884296865
25.028320810601027,25.720861473349995,26.536248827160108,25.65754516472824,31.0128579579752
24.965190595450885,25.61198879334541,26.7320389704883,25.42106625038045,30.94388680809016
24.956640842974505,25.42114980529753,26.595848978147803,25.7083115773484,31.253783058276014
24.840935258600112,25.501558339558404,26.54697601722213,25.65331586770163,31.416358473645165
24.614743034638927,25.54220507539524,26.806739252573,25.53692593949477,31.189862359227444
24.61616401456161,25.42562908938935,27.09729197549204,25.64844370234993,31.27160978223663
24.44635538901181,25.40422813946597,26.892942173793053,25.443968977458407,31.3053168551268
24.297564273161107,25.308279228626454,26.95641673235708,25.483763017066277,31.39838861640721
24.275724550359172,25.07760417992388,26.85438646921473,25.588514154701908,31.700809815524764
24.254896402629708,25.2471106966839,26.8340945897096,25.55682517590164,31.60029136216952
24.51605431424153,25.18971170957081,26.674574736738144,25.623585057483865,31.455356769858245
24.460336160528684,25.35166536421408,26.656956226685327,25.42870605161987,31.356971662887283
24.646996266551984,25.41864280783428,26.418045080850497,25.497765426740163,31.419533835369798
24.89887221979471,25.20110638391438,26.57639430020357,25.588265038742108,31.378617186845208
24.68757479849976,25.10281754658089,26.649144953291994,25.70974732730749,31.727087970623543
24.55842328342407,25.096733760287066,26.86499041020789,25.701368484397243,31.54729729898344
24.51543665240855,25.39028331113764,26.97388324500496,26.349673025880616,31.481204758635915
24.567952596527928,25.406424745292373,27.072916019646566,26.23389652148771,31.392191667968323
24.63760143909437,25.33886343298575,27.10746292948,26.391174424875786,31.68675388740318
24.338991339519595,25.26193778476016,27.06686205321355,26.363053008634616,31.37050746799753
24.451418338876927,25.14515937804414,27.058085176178423,26.26505872153425,31.39140151733216
24.40898010167078,25.01152787342395,27.20957973094707,26.09888256986548,31.514954446223044
24.31875069117613,24.937512387817268,27.2009190244648,26.212505051796317,31.33204687996752
24.3646949808367,24.852663194735097,27.22382753381777,26.09182993760081,31.26579309648729
24.29955396593384,24.667981133064224,27.3600707356912,25.863390735483417,31.344424453998823
24.480357003777016,24.732915758004356,27.24348014598673,25.86842041112341,31.280488756485276
24.30006996298033,24.76313146804278,27.17725093212224,25.884119402097756,31.137433180312648
24.44499501948861,24.85897627542535,27.3098619344967,25.90523463399757,31.131149588012068
24.14625348247072,25.0478067194532,27.27197707342143,25.81458542262602,31.00564152325812
24.06946138168502,24.92011090605422,27.35972881545734,25.4954479940726,30.72768301327577
23.90131028518857,24.927885455733,27.334070087112988,25.74196727079535,30.77934259964355
23.815332480946147,25.046334065477872,27.26421988862951,25.76613456699336,30.761069921471844
23.77344490506367,25.32493527648756,27.545181692802927,25.586291182276454,30.718342760975432
23.911669985155765,25.403477051594663,27.74005814504455,25.619370136962605,30.894626692182825
23.916668241341664,25.36493331854569,27.658708998814006,25.54784533351238,30.88924651422257
23.941142055594018,25.338859617225,27.825428893195674,25.53794165515738,31.240496996814777
23.8939477573258,25.320554882124767,28.055406770116267,25.5413172274026,31.577590822841625
23.991624078235034,25.42605782354159,27.9413218239663,25.586686895080717,31.44596459531593
24.330256898552864,25.09697944906335,28.01412234934779,25.3577565609693,31.44358067300961
24.52075240924994,25.358527863228645,27.903223752370565,25.67209850675941,31.39029961041776
24.35691218685464,25.155831160517607,27.670359517351446,25.423322602469177,31.22329962105604
24.3028328977788,25.202666795842184,27.57021471277719,25.44502709154372,30.914178516090164
24.4866617394334,25.40498273918696,27.661425588561045,25.47928073341238,31.02482326842558
24.39215235476309,25.34352193200753,27.40293241252922,25.243653303533705,31.120940918573165
24.26477881723122,25.277598857268213,27.294852963325607,25.31121377670603,31.251779023871787
24.533584725976908,25.2526411594862,27.28871848416604,25.050594800544207,31.199467949589007
24.578293344378675,25.172748196450137,27.09225840963136,25.16466575371028,31.08529052037849
24.423204492103014,25.02242216902043,26.67219935539853,25.08035981407234,31.05636890750012
24.46760880055552,25.16010868155967,26.924801089362028,25.18674128774963,30.553390422569606
24.45984720887951,24.80663462903142,26.570233698194144,25.30224967648354,30.34969364180041
24.40931949778001,24.83875343290013,26.638505471323143,25.380943814627816,30.314250409533997
24.68160993532219,24.852108358876727,26.77344691664962,25.548534460416747,30.47522877651587
24.465490653134665,24.99506212641777,26.916172023317703,25.33842499640037,30.38579142028807
24.265607233522594,25.06980317110369,26.76197575892049,25.447370208793217,30.55123352841647
24.350776198880823,24.95554654915559,26.786760035766942,25.67720395385645,30.44886840168922
24.158453141716265,24.955256056634607,26.805313856898284,25.335848542371483,30.47359827284536
24.3617579380371,24.784137487769737,26.75207135327289,25.41995470571849,30.42882654322884
24.343361407944933,24.69997476415795,26.944040828170756,25.791411923483924,30.15754276891261
24.461559423012595,24.52294825827412,26.827145663173688,26.039472062899016,30.438916459282648
24.52702195771639,24.58529892418756,26.962759510550647,25.696507257908337,30.44158636531715
24.66277183364303,24.44162161114246,27.024634401644203,25.61822726942474,30.58369766705295
24.688892974490333,24.51472671754658,26.89364911999558,25.40575149281338,30.712450918065663
24.910289199223225,24.59213428875996,26.559939456179038,25.52503817539363,30.771917243522147
24.859638166362814,24.516977898286243,26.89738068201569,25.70593605529688,30.71183267067108
24.886347304741264,24.354249250701763,27.033364463756687,25.69758182810524,30.74355199451796
25.041990671603635,24.460786671393425,27.24664355397578,25.75904074898105,30.88271271942605
25.1137804708426,24.21227059757884,27.37277187761965,25.844392732629448,30.670481809916
25.301818454944318,24.11254691229547,27.210953399378347,25.784380302804536,30.673644240565373
25.015162295431207,24.438968456439,27.32781435143692,25.58921640675249,30.592300218617524
25.0342307814896,24.39590353772881,27.19342659173067,25.386402609265893,30.66384953418195
24.99410627461042,24.41515288827857,27.147943417127035,25.306728419443623,30.79627677479753
24.87495098751268,24.44159502081748,27.19624287145947,25.443570397872225,30.90377744084654
24.92873851932643,24.218798474083677,27.15620617857482,25.51872955332945,31.15650370558955
24.830278731968512,24.26602215460763,27.379801557376112,25.49751332812052,31.19319270371386
25.00788676745433,24.40549798249761,27.639732632711667,25.54087644125329,31.15562658526954
24.82893600143296,24.443057189044588,27.33460564785542,25.42961140015884,31.102183461849595
24.69847136592508,24.32517568212629,27.48449792845407,25.857376271301856,31.08899490705353
24.688484528703555,24.598468703917646,27.58879715737873,25.668266366142905,30.991440345182188
24.867746717965133,24.446129591089505,27.57547927478167,25.342246405725326,31.37966263354523
24.68523345860888,24.58111231213918,27.590059634963623,25.49193012238844,31.26208709535984
24.61691899249019,24.37097941787552,27.409566081519277,25.367980324651988,31.082904898357327
24.71739812838404,24.474439609192725,27.437801892929134,25.708957729373807,30.74703547741256
25.06633723080481,24.475997555843417,27.31498818069771,25.88718513655186,30.44543081035521
25.08899415144613,24.445187916959032,27.065754605229213,25.704558272434177,30.46204009398977
25.05369054490236,24.58222883916892,27.409908922685844,25.70239044693704,30.57719897919885
24.99274453750628,24.38820534897227,27.28363807886729,25.50970055115996,30.895432292187888
25.06434653669769,24.49137064106642,27.32633738570954,25.59603489372937,30.654518492154263
24.866661728887685,24.532793590757976,27.318105490532236,25.49997469180711,30.79921097154024
24.800512359594038,24.690304205969262,27.26416177487873,25.72206297194,30.541062558959773
24.656842851033133,24.695947275185805,27.412164382772065,25.66810032480633,30.806137114615037
24.634604982751355,24.673906965169625,27.649658624354963,25.538027520226134,30.74971890011272
24.725495582656304,24.55835740993686,27.22341423222778,25.53859479037513,30.620169349391595
24.654829569313204,24.616836123327293,27.1249032984698,25.434046279207884,30.43157307570576
24.76908589509841,24.673029962376383,26.944145596397384,25.437316492076647,30.43853687319893
24.92694241228448,24.816315280200463,27.118843518982743,25.546515805682574,30.10500616639512
25.09412928606312,24.944779658870477,26.97725514418683,25.73785050555356,29.877769029231672
25.286310137394967,24.943093364358013,27.16336920617777,25.66758463550246,29.94891181958033
25.478006012758357,25.013973967541386,27.17284946475348,25.51605540568397,29.64084418761741
25.411429786572825,24.74452054697173,27.295113520289952,25.386857225492577,29.4612268809585
25.47026322864924,24.974272970760182,27.388101371579765,25.228896834028177,29.636312216080253
25.51860003694945,24.880216390309624,27.442328737478952,25.53097757165709,29.335996074580056
25.435449724708377,24.951046673848197,27.3242358111662,25.536816268419027,29.60880273990392
25.537717556003905,25.048296426082302,27.29876204698151,25.76285818357237,29.319137779672527
25.47782066437686,25.02588795212664,27.470801603509557,25.572534087941143,29.20467356981969
25.45347213493248,25.171653800965345,27.182036366788783,25.57884170651301,29.199054316208368
25.306516679080342,25.07816500258646,27.265862346695624,25.74194599259752,29.26836751116828
25.45343577213933,25.10303914802644,27.205374616765997,25.93809580830044,29.51182314371574
25.51090103395528,25.02656149328263,27.418894542993552,25.984032318893565,29.40915490105265
25.54242566876896,25.28703941676585,27.53875231529491,25.83226425844937,29.22671312068541
25.19132014287552,25.40726113038741,27.457032945771964,25.74519775035842,29.39877409823083
25.122459464147603,25.537380586243867,26.99589465151406,25.90873582620803,29.43464987597629
25.349406532058797,25.521142395019304,26.871610609909247,25.815940904464917,29.265374903838502
25.31615104212217,25.796241475045285,26.944795420650596,25.780767560752416,29.33758266837312
25.508846100277047,25.8590673881476,26.94687815392172,25.804483916626737,29.36974366826955
25.84448773066953,25.850088830256077,27.093244560624267,25.86177418979257,28.983163487984505
26.021986584381235,25.838085583257776,27.049546940445897,25.94724955508631,28.615047259705676
26.16754880014669,25.85771169362056,27.172911195513223,25.71171330023566,28.5777273274027
25.83550508407956,25.841996039068285,27.06673119462729,25.66571510810326,28.60311521014833
25.5693661513988,25.52359387314686,27.028099788389973,25.701132707212988,28.518542515969827
25.542191245964403,25.47795482528172,27.121155334712025,25.6878053460202,28.54875262274541
25.71296155908321,25.501478990526948,27.17525958920085,25.99603318989057,28.593141298718077
25.6774993402913,25.536070036502352,27.153931155596787,26.225527077141823,28.487601791338196
26.06972386861579,25.35950656857474,27.18291904350789,26.216644097191203,28.462134472778253
26.376941710249977,25.41686180939329,27.085939604473754,25.8270148420794,28.605934904612013
26.18930938847122,25.40478510602729,27.123463968993363,26.35739701715337,28.80657758720461
26.238087343104784,25.409971789553698,27.1213550610912,26.670567350351195,28.7596615035568
25.9406740383578,25.35601375545627,27.25458767423267,26.627449306985557,28.756339314713507
25.75186028079453,25.386175719373583,27.35287036446548,26.548780876300007,28.82327785514884
25.707003497818945,25.499085910252656,27.39977591618584,26.50402246221704,28.72834514656525
25.47217250871821,25.651252617813096,27.554086227002976,26.375922317272668,28.583057416306573
25.394066926622603,25.74040164028477,27.34533273896748,26.40526338251068,28.759074589050304
25.4289674743868,25.73658580837879,27.52333623316833,26.363636761343308,28.73809729944933
25.58106030276216,25.57144872820233,27.511502914462167,26.28891395291041,28.78061173473012
25.54680640363259,25.50241407306006,27.410418374422783,26.259566023033724,28.970784642893964
25.592338344745876,25.535184981560448,27.56375534736176,26.46967124069728,28.751466490040865
25.37913066325318,25.67936818614452,27.769297770527544,26.36431981016003,28.72919640622307
25.40862763168104,25.66228209718371,27.83968710638489,26.556650086949315,28.898547146647303
25.604583883178968,25.886593547403603,27.85240200613072,26.663327716921643,28.80588489269765
25.67403939888315,25.847676048181707,27.75926975336029,26.340161112464425,28.839368642199
25.56672838529805,25.91824518443589,27.785815936770533,26.346114945355662,28.917361745354363
25.42440919519085,25.84220446923644,27.698981457811733,26.26962072283774,28.824951797450616
25.34976477563566,25.83037729180042,27.651266392529088,26.31664072994016,28.85342184612582
25.6564431431574,25.69697787881387,27.808209186895663,26.198489180151444,29.14088980149048
25.46850243209325,25.668159676642947,27.935716823757524,26.20594271646584,28.74429472871698
25.28255922435384,25.86711010444548,28.03543576691455,26.556410085883456,28.657556412646475
25.374374434385352,25.828498161814043,27.76693728986936,26.384733740278204,28.75266263609693
25.7494373789087,25.95982347601635,27.854194213228503,26.365204494404377,28.65759472881304
25.63574969622198,25.907647799479165,27.48553709340001,26.470827767796465,28.845456104316096
25.580695844535757,25.77650812800023,27.4555735982888,26.123370625541117,29.01090451159322
25.561848361777823,25.872528226216748,27.546057802308876,26.225006867510523,28.84210921323796
25.74618048957876,25.80238124806836,27.772722104191693,26.20058890269876,28.816771601829107
25.63468339789169,25.803903972020617,27.705723712664128,26.05728756083888,28.63619795180005
25.778924547680056,25.68819631448392,27.62139190218276,26.01053227521371,28.550453081689497
25.719753478544973,25.834973111416108,27.609989831374254,26.017467820639897,28.622289948735705
25.901802703827933,26.009313986445985,27.56184066418608,25.82985697365636,28.80167626727261
26.04961836619521,26.04110587034805,27.30161665102118,25.8744987208898,28.56331178155345
26.21893447684154,26.18700388265322,27.195617970942823,25.62189936148458,28.36948904091236
26.580384333279028,26.214547879503225,27.190211221203587,25.80934962859057,28.34577574721453
26.410418913387968,26.43017115042452,27.25936625707016,26.15232441375498,28.17477632557016
26.27422423880344,26.232896225383776,27.437475302020943,25.850568518425884,27.87519141290017
26.205484785197044,26.429599370253893,27.237939731575576,26.291401533783272,27.95040952310904
26.4089179827586,26.36812091630015,27.692709575547727,26.412002944677475,27.86117207293253
26.32164043691645,26.31911577066961,27.46167706309643,26.551479973204568,27.657351277764217
26.17010910480926,26.248585498110195,27.575973561445288,26.636690602315596,27.918295205605663
25.922802897797045,26.52079244120761,27.546702492524755,26.489469163877175,28.0265709314054
25.90641794867176,26.58912415716167,27.42768627572417,26.473785350490072,28.147966921316225
26.177418563925624,26.52865408024792,27.41083219554321,26.653735668501863,28.205354074847303
26.181824452501207,26.570709643539534,27.69203511003701,26.722067360734357,28.284377390501717
26.183110731895777,26.27808226663116,27.58821146658084,26.413673959972847,28.184313611517677
26.10692943798576,26.56073721163628,27.63165127696173,26.386942728685888,28.50232334938062
26.11856893707485,26.295448488446794,27.657210000044863,26.28968542699662,28.32554716679542
25.96209386527576,26.46087740135376,27.841380899154363,26.29279860660956,28.285682276641936
26.113869995859964,26.343109507710125,27.83975190478281,26.38054555496111,28.195700159936504
26.40173342399568,26.334703827250323,27.558120471866197,26.097879526382744,28.26554018306045
26.62665645144884,26.40793957975512,27.48784991632656,25.736606831133948,27.926383521580103
26.623114743916396,26.750226219780146,27.22144584809336,26.08823829761929,27.65861776797244
26.31171471770475,26.71920113800465,27.56841471773364,26.144062052148385,27.837849077244964
26.3203179039728,26.86239406938877,27.58525621962233,26.002722771852174,27.685695999709488
26.63573828969397,27.056517442673417,27.647965519471853,25.807891181734583,27.681314042373533
26.74709228786864,27.42664085111066,27.48561061072815,26.000158624133157,27.55848245222116
26.838567558352125,27.53416519408743,27.474228397067797,25.82419531062688,27.957251437948603
26.955057832397173,27.64758174952663,27.519199319741617,25.93408176331469,28.042434662995223
26.513386221348,27.42839067063166,27.698765954865515,25.775954390898377,28.11301511236693
26.3661163327504,27.77133139080447,27.528487147031267,25.975992675629765,28.0045642248928
26.62869640747881,27.773883931217743,27.25237637335201,25.99686689043037,28.114265369478854
26.54819310845697,27.559072991462475,26.930702305141825,26.132787108188445,27.893764051642297
26.466402509458543,27.51226130895002,27.018314703312324,26.012843950758207,28.051714446347237
26.239717436993157,27.644125806217204,27.013224613715455,25.93645112605997,27.92800851285732
26.380135491397823,27.617555246733943,27.058904893691395,25.99413320589697,27.915237202159087
26.389142395524125,27.53773011742405,27.1086166064143,26.078805732338505,27.929200188528903
26.72225323805721,27.63330227075995,26.934103157219976,26.283082663268296,28.263848092252328
26.46691361323933,27.813460817152844,26.891700077327627,26.362312098296503,28.49837832317121
26.44935185262016,27.73519102042821,26.683036241148685,26.149786171281555,28.52567291230876
26.486356609586032,27.800232379352813,26.527760958067937,26.382969154895378,28.868124996640965
26.599334326741943,27.646505520219424,26.5652288572352,26.33101351862045,28.738352762829223
26.64208797449518,27.80526879372924,26.637862108356835,26.142401496703812,28.925478464043906
26.578018022110705,27.80472223677608,26.561329661072325,26.18054111007206,28.992719886076564
26.33969864400545,28.04553750988723,26.784914823857783,26.24980462610596,28.83197039694226
26.322835519489413,28.062640859681533,26.62147493342498,26.146523132709977,28.76673299065047
26.75278687204385,27.960399798367348,26.64578909960109,26.401404208792517,28.72066868282844
26.906887955640048,28.08864379978912,26.69564626483752,26.194427953161245,28.89295135821809
27.008271411322912,27.85406673211638,26.548745316471493,26.06940331118168,28.83783681710337
26.74127652687556,27.83493903983953,26.636254130010816,26.41391463972185,29.149337424982438
26.63874413263092,27.94441209167248,26.449252046652315,26.465301904608605,29.248164529594195
26.55869002637329,27.829801642363066,26.56706672536908,26.642947703780056,29.35275730312179
26.342660163998435,27.850359880165872,26.624425663122555,26.4658121995421,28.990675513225355
26.45075452710248,27.797288296682616,26.784466471616398,26.35075186885633,29.228693414141112
26.60125353803761,28.006983177021446,27.08632181310457,26.543560044344662,29.221739384824897
26.91473558586511,28.498289556576708,26.914403637094672,26.8188358706772,29.228326938955146
26.724230553579577,28.361663659004595,26.87278363052516,26.83701343043156,29.292954758480484
26.729428468552403,28.70357591988056,27.183109039529104,26.98095191676881,28.95180867222432
26.80221151859086,28.594243636154932,27.123584875092806,27.34587373906397,28.79506292171131
26.84819578769575,28.60680043102038,27.13516300591831,27.419659442813906,29.005385504664563
26.69814540434278,28.463707973659893,27.519767663943878,27.171640582134803,29.12393159744239
26.42880709870717,28.72104003040851,27.69369796790061,27.22025806582883,29.150547841538568
26.30117004739325,28.316825845079958,27.72111278843257,27.49186978290161,28.97065991170008
26.377026148239665,28.558132987610083,28.05244866108606,27.551580933086758,28.954861526791102
26.26670493838241,28.584273854978143,28.04731419770837,27.41792716388764,28.735935761587577
26.29420734846074,28.402881971741007,28.27996187437512,27.424845256771395,28.888222164478023
26.285023929441493,28.49454042860908,28.27348836043824,27.550506951340346,29.15054520573132
26.54793296372063,28.618082490069423,28.312099980456328,27.343268792665253,29.08448440133378
26.23828912119494,28.79450514102633,28.215561229228246,27.479304422863976,29.004666306969305
26.06575580537545,28.391819362829576,27.91677340223683,27.760244027243694,29.04757443785066
26.010557634017676,28.311095209675536,27.820749904749263,27.79491160963561,28.8959327203407
26.06169413315614,28.16161234075697,27.89812144981813,27.8329173199791,28.920682559902374
26.175628309910667,28.203281740306,27.99376775578107,27.846443289965247,28.987890935905465
26.09726102342911,28.04880776263284,27.930775363781223,27.907575780622988,28.994905909893504
25.839139034495425,27.84393793581657,27.97533055105232,28.33036820671779,29.050871916114986
25.898795709902927,27.86953221609553,28.08186601575228,28.40630619807947,29.138512439366107
25.86176876234789,27.63174074373173,27.89551628325498,28.78576846489535,29.118634158834467
25.89105200485074,27.831766330440285,27.919404255895376,28.69542023302878,29.25248148107632
25.68445819922872,28.157995467198692,27.957483329314567,28.3682395529488,29.2145290321851
25.87452114734664,28.17269259015182,28.21224407194296,28.38747564379278,29.133784589080346
25.8849782502114,28.35135196824964,27.98160245654729,28.145895649130427,28.87477300651505
25.99374602022312,28.440085915318885,28.20385614350989,28.376280394874527,28.812475706096286
26.23608383291864,28.343500560208568,27.87919991770609,28.2219693962778,28.88838170004975
25.981438454749355,28.347772746596814,27.757444892630406,28.04174827319745,29.09808093935913
26.20288680570432,28.295782317254915,27.980128124676085,28.313405432249823,29.171899216058694
26.12162662607798,27.905053571320305,27.86119782455812,28.43111362553113,29.12423362053057
25.86018353473566,27.731941516399715,27.53398151787209,28.37156575055637,29.41903246394652
25.955263395090288,27.74413841122287,27.684517748581563,28.219219292790218,29.32988281438121
25.90695360825177,27.47203360191112,27.80507872928544,28.071965559632925,29.447013607314663
25.901139772793336,27.467784465566915,27.814653391397364,28.14045201975904,29.79513854499548
26.19510779202648,27.622673245855346,27.764146626211687,28.02573244998442,29.824106245764614
26.53800985049635,27.749526592030243,27.52091501747333,28.206180084629526,29.86767506245897
26.344356020924646,27.520217758043344,27.427456966319195,27.604475524725945,30.20688701736725
26.300184556097047,27.759081362748915,27.487791367168768,27.82716761289141,30.13369619585779
26.19311509082377,27.6861964490543,27.28273976990145,27.832109343900928,30.092755579671365
26.18501513721392,27.60296203808538,27.462193624832828,27.82940817603693,30.03509364843507
26.23578704594019,27.744529989350564,27.758566926622773,28.145295822019357,30.515856814687
26.22916213732456,27.56894751178872,27.868183816333566,27.928727882439524,30.656727900618872
26.29532749609256,27.692431645348968,27.838852093835715,27.820031109968458,30.36313178688854
26.21976431130559,27.840489016811524,27.946625712239477,27.8917193929864,30.10061290719177
26.20677692070757,27.83062326443701,27.896846523253657,27.6666829231205,30.259827421013448
26.110656226004465,27.88561643235185,27.7911015874784,27.94056576804758,30.24590719817607
26.027684438140174,28.136125321806183,27.76419372271984,27.98304846233845,30.351664576881927
26.00996765181204,28.30504822602161,27.71859861087823,28.05762431263268,29.84379464249605
26.00123646544257,28.556396257023437,27.64303074076254,27.99411198900639,29.5845958517176
25.708651012838157,28.69466943361733,27.788090471763336,27.474758518420437,29.826026588687892
25.73829387643176,29.096289472769215,27.814294886070456,27.4888333903316,29.841591403923925
25.84068794389751,28.866900040694144,27.913759306255404,27.266715311807047,29.782528815180655
25.81797116950513,28.57167033849454,27.60882590096177,27.36621151585285,29.229688700906383
25.709848957256256,28.71663200243164,27.847593665411104,27.363986943199475,28.990111732188264
25.77405099259449,28.98425484353458,27.97938574915451,27.76026260088969,28.759461900638826
25.76381749272975,28.84235505391862,28.08384614620991,27.598768405956115,28.86683165456649
25.632108746178027,28.989289528348728,28.005977798036064,27.320732889775343,28.815588070989463
25.54656983123653,29.016355216729345,28.03852182014545,27.845032600151946,28.877828915767463
25.14914131937012,28.95640087659613,27.712405585527826,27.61617225128609,28.911243005821525
25.17620128593557,28.941346069052067,27.76029667816256,27.53635864210436,28.774634780087343
25.3562677495728,28.87384647647444,28.10041893253412,27.553784869461797,28.530967541621425
25.43549822095583,28.91693542796881,27.99652423491569,27.569510204116227,28.559092039778395
25.338356992147908,28.96067489866749,27.777579751516058,27.53740570397743,28.45253573738154
25.79815338380615,28.926322822923304,27.590024635989312,27.077657587885028,27.913725430463497
25.75637684386694,28.864635065776906,27.85866684817222,26.827343271585377,28.06828723707931
25.31498117010081,28.666051624666107,27.893793833403283,27.12540250802241,28.00179227049242
25.33341279227048,28.799168205798487,27.977592382153425,27.11732183496198,27.866160162603485
25.45982980730369,28.6684606399303,27.96050733571077,27.100079936743956,28.094962332479582
25.53736242995553,28.4159602564654,28.22265275666633,26.843049978277296,28.07520553486325
25.662265381097097,28.406714521772827,28.169164724893307,26.7142718066193,28.29098121518348
25.878684450328134,28.394823047379468,28.08982753624676,26.541930050111706,28.59321526301236
25.901504392402977,28.258773092655183,27.793058380633347,26.72112862399015,28.53426496091211
26.16618130379098,28.390571701759026,27.733706688761043,26.57128740648528,28.385654340328205
25.986997950855365,28.31325336221867,27.959022739215563,26.1978113336718,28.37239521871059
25.745589232561127,28.236480771042974,27.991746337289968,25.87206703499573,28.215587159404407
25.857386159870234,28.37767559125772,27.966454746295447,25.84903850578364,27.928763365658934
25.763294872386385,28.38802204143609,27.666165511887677,25.706001766978083,27.83564484473991
25.887249262017853,28.408586461930536,27.581841142801117,25.525157588905586,27.819916667374795
25.88127564622745,28.394986478327095,27.58653621599666,25.689343616152957,27.633956823443167
25.49867841789503,28.47259060918249,27.80361595929916,25.69859110932912,27.40703408099105
25.4256309906104,28.63513227887038,27.84620983238192,25.5072409859069,27.6098293623564
25.480631300372615,28.905028093929232,27.602425912707574,25.208440781395232,27.830188803697656
25.538132221228175,28.9649749256306,27.60430111068454,25.30387535482034,27.53700709328258
25.591692470962087,29.165063752343784,27.950681807660263,25.08837720806246,27.2859992777101
25.668685191537914,29.29833445548532,28.09902062583168,24.99023884272688,27.5145975015801
25.531193290817534,29.160813714806352,28.136363142641567,24.94325626276061,27.43188630127764
25.73041716497306,28.98823833847883,28.082459046631595,24.66647459306278,27.379577364267547
25.625085253036623,29.01427395105374,27.82184410214772,24.717018507106044,27.317124175496083
25.502507996851083,29.15906176283175,27.75194171793685,24.7666712980189,27.44696392833288
25.320235025473814,28.69490240078357,27.655074504428807,24.877526856338505,27.44725571254771
25.167625008698774,28.675188225875026,27.556585374753865,24.692026626642956,27.764413762366647
25.02404767376899,28.49675781412453,27.61038608654074,24.699349914171247,27.846863468562265
25.270492237301983,28.75377062399898,27.620011511363646,24.44732074641565,27.91723755583057
25.029133515495865,28.53296566899958,27.55577475995305,24.659632129304143,27.666780457293527
24.945531674727004,28.55131347632229,27.688414964508706,24.633511937847043,28.0164566229459
25.041527092090007,28.562867955466544,27.95651942995509,24.621488373223336,28.219058012267134
25.15970369311213,28.217972646239083,27.995820854359422,24.560268858303655,28.275336610493834
25.35548394436677,28.06793565693349,28.427975669894412,24.613304780492587,28.553502428995188
25.31881808202712,28.145023691171534,28.364496440117687,24.803318691735345,28.547613778072662
25.575370894479004,28.132024903641785,28.283276044115446,24.58097966807746,28.72189339630671
25.406372036501345,28.26183164837694,28.409484905663117,24.57359310321846,28.55652329931597
25.40024645633843,28.36249879849495,28.33640767209436,24.67592711440851,28.710728322819588
25.38870779350672,28.56359207464653,28.094683630547472,24.732759413413056,28.507007886155566
25.50183786804631,28.95759475097942,28.41130999330105,24.691183155454137,28.525552920710336
25.51035782554033,29.04397770358605,28.47472899404108,24.701011129078022,28.21716497105472
25.36566790896916,29.077785157608325,28.368418392711547,24.561430237423583,27.90549798539717
25.29314608354718,29.075283348754688,28.36674432650353,24.46722416590904,28.097780924430936
25.46469971616632,29.00932708719685,28.131910313984584,24.32417693581907,27.8871679518799
25.79259800432253,28.66970114412916,28.035267576915256,24.19505607055021,27.85610372351352
25.873856169670105,28.53795917857297,27.95999590366304,24.280061130828457,27.391825610179957
25.93162912925354,28.51821578488056,28.3343292661332,24.138830074990945,27.261816524480608
25.679202361876676,28.80414255292233,28.56759854880537,24.198295751300176,27.258825158942145
25.85157301985428,29.007608821509592,28.26243084049841,24.52813765345113,27.075896473689888
25.74023999759778,28.96445653721421,28.19552866758184,24.315443738689787,26.600927321784237
25.25347822389636,28.831369382756414,28.005695733628123,24.123483837600293,26.53082750834124
25.2099500845099,28.86650034053257,27.871663254345624,24.365041272658317,26.677283665844527
25.31376446971581,28.848941544451563,27.89753200135121,24.239390003827204,26.721578618307003
25.503172749021417,28.948769555231323,27.910007152255645,24.1262069490512,26.53577250738974
25.32345511015616,28.811697651513335,27.82158631762624,24.167928454498945,26.66168009696764
25.462954706853253,28.862522954154127,27.950074704833963,24.21946582028917,26.81421545274257
25.39721172112619,28.694940385125246,27.82720985791021,23.899020974336143,26.79772930455205
25.520423418933834,28.60646304409689,27.628510439603986,23.93666989567072,27.14585776711046
25.39896104025409,28.603937916480035,27.558176175064613,24.191595001111786,27.233964191798805
25.67504672183773,28.382299459479427,27.464503547411816,24.34973262735562,27.28940681437684
25.62329654060176,28.05960052445388,27.365759980838547,24.08935646532069,27.19780824500454
25.545372077976968,28.343238063228693,27.36080673972332,23.9805771870917,27.14123617481144
25.5681819691062,28.29218256880863,27.809196006084505,23.9231233517748,27.17888217992886
25.43956176278144,28.32333996203957,27.891982502712075,24.01522008308496,27.381304174819363
25.59473481449661,28.375273532343112,27.744105655990527,23.88303081047765,27.595116003010148
25.433354847987857,28.361811128064563,27.579109490278256,23.87009504464476,27.393862253456245
24.91214683619237,28.50405443134055,27.527112443645606,24.006854004156104,27.655073793898698
24.983888632104097,28.674789964911987,27.875478569131477,24.145741233534224,27.888864609942924
24.90848784208238,28.42816818334508,27.88324070225037,24.108766914064617,28.20629548729869
24.95882338153469,28.50554750343694,27.65558868074191,24.04312467147006,28.15542834606631
25.08666055112825,28.558647059739137,27.60340006939219,23.74141099665704,28.19137614542113
24.924231728597302,28.4469138755595,27.39174189167723,23.941696224453057,28.14959155767528
25.31136161869769,28.327838250855788,27.315115422133697,23.69034485712056,28.050258879721376
25.22542833934306,28.391094241665616,27.12565876063321,23.897204648419457,28.327061911442907
25.25101724354364,28.448450617033966,27.290880665474944,23.76203725002524,28.274995707593675
25.24909026002821,28.351876024487986,27.34261377159084,23.784728253974148,28.16172369551225
25.425444788659615,28.203305809401435,27.07676335600033,24.00613277693968,28.33586299298421
25.16912985569906,28.26053035236437,27.14715902300208,24.0810235453119,28.352038171558544
25.321621152666424,28.29320292281874,27.239381408113992,23.983709152900097,28.340247743430915
25.40583501362881,28.260235895116352,27.051842926830293,23.93673058631936,28.32932054794465
25.25055704002704,28.24671816681493,26.90957333931843,23.713060460275557,28.18143876730339
25.497635924845135,28.413558164656568,26.781254974733123,23.76929395904839,27.836457471559697
25.4403545348602,28.4430760915916,26.49549433858132,23.539466939049035,28.205681445964167
25.483503035381656,28.788524404680384,26.699160803156765,23.640975055462235,28.165390036194136
25.752783104039345,28.96542278069842,26.7100023860398,23.64424820970253,28.405028110841933
25.81501239021988,28.97994819138427,26.53156014662641,23.611947579972558,28.22042973646301
25.78720692870376,29.01882428092814,26.523465048271607,23.670948912166413,28.266927068889803
25.784005458060243,29.22487068609536,26.2928100394809,23.53687926624985,28.420048317993917
26.05910706899527,29.388543321780062,26.35449555724769,23.59479398824742,28.27573714599696
25.94144544587151,29.215985698838168,26.408539548004946,23.509984488384266,28.18972723633018
25.76444256142905,29.180644999321988,26.384492810788693,23.49831537575767,28.20460940713541
25.75243884584789,29.202842925598414,26.664666883226246,23.518274311945625,27.988489551762104
25.64850514434447,29.229803721002924,26.406311692858548,23.2566587013156,28.263765061740237
25.694434112967645,29.017040653082265,26.63736850598433,23.304310979164345,28.100959238556896
25.84366509797176,28.89756653078185,26.680005790726263,23.42253038171856,28.31549825571136
25.85044153351297,28.845699209435036,26.73439616161869,23.545831351499427,28.242387953299342
26.038392756730914,29.24751888892196,26.628651624971223,23.56789680826624,28.023029939016723
25.993249933651697,29.56729125465833,26.635668089419397,23.74264465316369,28.081409041957528
25.91102935009277,29.6933741240536,26.615181709672147,23.859406717313256,28.19944829503524
25.951514918878896,29.618605195979946,26.460138093845245,23.982207767424292,27.923092517516
25.86045916484204,29.65016195796247,26.73684472150812,23.95626731367752,27.898715747044044
26.22565172557328,29.635171332733496,26.740910982576445,23.95016150042408,28.12464362756302
26.125964327701745,29.488296520549223,26.669249917000972,24.01099004684763,28.37426782360393
25.87034443846077,29.17545670218481,26.50883124744374,24.03053101088042,28.55537432889865
26.26588761248878,29.111523424779847,26.48845525045908,23.752320425650773,28.860276567531912
25.92599118047006,29.067091086771324,26.1313184157977,24.03550126966605,28.95546778620228
25.80575396213638,29.27815316429535,26.394827761644933,24.28356754998503,28.920267050583515
25.694346402138933,29.202901176166268,26.253156282624005,24.265066455191207,29.021391957053776
25.604907756576186,28.871562542019063,26.521170467008137,24.0255688807186,29.07095561739116
25.830746234425064,28.90239566503691,26.59892726537812,24.08720752005719,28.975161363666032
25.873336569876063,29.03096995988329,26.481998654636328,23.947285844350883,29.082153483235192
25.93777984427814,28.77785445058976,26.25762214905996,24.00192452561761,28.98164551467612
26.027885795161577,28.72986806896786,26.13830899052978,24.144915631962025,28.94554076154731
25.978760108608427,28.545567525361896,26.415875172169944,24.16711422263469,28.807604654792467
25.84549786698372,28.736087133470917,26.22603526765756,24.089139056190454,28.84142255191056
26.03232588462024,28.736765232337675,26.236446814323656,23.94288522793306,28.53353229080633
25.98180228705732,29.009256566222383,26.42850456355805,23.842493853800043,28.55131182285158
26.155660793776057,28.923295931733616,26.183938297822976,23.96179233347465,28.7712400007102
26.103151577099627,28.759435971578068,26.090940246683356,23.97212052480827,28.425757216375537
26.479468305043916,28.58222819593207,26.161131489702942,23.902629993548093,28.41542071157222
26.502967717331664,28.686524251717398,26.039628257109428,23.985726339266314,28.488452051697365
26.58390969005376,28.74577999931024,26.168135787435848,24.003893728717077,28.485372128172987
26.498625306748178,29.024858366631424,26.29269082459324,24.170469400680112,28.69788341477761
26.611609526515576,29.07900547809516,26.273070600159823,24.19974345871433,28.859064224058155
26.70729039995413,28.93941815944375,26.378935336748665,24.00415663686607,28.721115734052965
26.62901109252996,28.828732838802463,26.54510220919075,24.102627844211813,28.768433309171744
26.349770197459712,28.82979179455863,26.50665240663746,24.320965613565765,28.886758489773044
26.281679025644696,28.83261972175009,26.63078306162669,24.31086078995042,28.906479962852583
26.21269315391852,28.72590667202545,26.400135462286567,24.11533388051731,29.08670942363616
26.095163360521624,28.604996708135207,26.50615245992432,23.937236383911703,29.380801632557883
25.743157185292247,28.51020377080306,26.303328008140056,24.029474135682985,29.44168692885275
25.73569711026348,28.51590647324558,26.497125914412248,23.93974920203376,29.39317173662524
25.963908639320017,28.17846800907688,26.990689529795286,23.982609075480678,29.27631544349684
25.8836277875228,28.156809557730043,26.713715914667056,24.02678232886219,29.37414428244937
25.93984720430281,28.141957352655307,26.70909377381081,24.17043422833433,29.09534257417048
26.33008445083345,28.147864163313457,26.870146392667877,24.25328036497096,29.0362791070639
26.215838817401163,28.191694550946377,26.75909644185997,24.387493748475748,29.239309706553392
26.199972542864028,28.26089562831694,26.87364244681988,24.31254121137948,29.08131911042347
26.09727048684775,28.086626236943967,26.998796960684928,24.24133107301512,28.87201386091836
26.03070755736821,28.243887595251064,26.759632054655818,24.090538306151725,28.68405813794873
26.058128428646096,27.906979084950752,27.059611537228992,24.15176416165508,28.674241261700207
25.95342465940516,27.97370070871157,26.943961320906848,23.911508351724468,28.79339106096401
25.594008155462348,27.92601662591896,26.666027574086662,23.929168472203443,29.23209491522181
25.63584551129859,27.723015244270357,26.540374026205324,23.850793064857704,29.405681511181783
25.676731721884497,27.55757421196693,26.38802227043468,24.06071003727732,29.40228089112278
26.03530522694659,27.846849922076576,26.466314722653102,24.28356805988388,29.49164015521042
25.83868568531556,28.062998095499783,26.511326298869744,24.362223946177348,29.686175870644792
25.68207966088892,28.16094754007966,26.66967620376044,24.33740626329782,29.79788731128829
25.67747949585795,28.34914747652209,26.53313242651681,24.32244294834035,29.36493146941985
25.71373714494538,28.44515475269188,26.714207137361704,24.16239687345047,28.886676111315317
25.41466619518286,28.540204391999623,26.799270772445468,23.83694262224515,28.572589480756218
25.441466127830545,28.56592132717521,26.52236141536345,24.02482814426519,28.75714182176893
25.311067215171228,28.405423260460477,26.65338757575205,24.258353662020845,28.61544071096836
25.27894351922405,27.94656920587285,26.593246633567865,24.131104321692803,28.7267377669939
25.21837500149693,28.25873423530896,26.92177247143929,24.108975896736865,28.74546585279002
25.35102035066461,28.327742204182886,26.898413040230835,24.338339096682866,28.603885705083165
25.10944840034954,28.330758521593857,27.11991698512472,24.16492125826989,28.741834526219453
25.14635622734849,28.433525014628238,27.22651925531079,24.0777927127172,28.602225927721765
24.98675022463096,28.39780483028492,27.234111407777743,24.00109651056766,28.599388289348383
24.9193302779751,28.176590961490085,27.42970925346861,24.083456643613925,28.440248461983973
25.14479950153619,28.52317866929724,27.19393882848373,23.9528989532458,28.4909322650293
25.17645777703637,28.70993324880881,27.338170597917635,24.139930189615853,28.2611364408511
24.88881660734937,28.8538566513426,27.641301336602623,24.178770904805877,28.117963498533275
24.903958509295933,28.71881676593076,27.399589784505498,24.277459139455257,28.102550378910877
24.961667955459717,28.847490781844865,27.55867581500052,24.256853342233335,28.154040019356195
25.113216529923733,28.65254943344258,27.762002020651558,24.153070442347413,27.99528736249864
25.25291069702306,28.497147597470565,27.709759427887832,24.39956142684976,27.887768056017343
25.296429548832148,28.667708758306997,27.66035924884614,24.37694909240724,27.947677582883653
25.33897726298673,29.196317478324985,27.4819190445416,24.3739230279027,27.556042624827292
25.14267283026353,29.157184117694168,27.46708444379626,24.3728250048791,27.491103267141497
25.063686000006157,29.087927698731647,27.52854893537157,24.353472872702408,27.70365167953968
25.01157449819265,28.966742966777648,27.411149814288105,24.42046617977306,27.76734903988669
24.962465903792463,29.19783921556412,27.353296797286838,24.469923877509423,27.77835837903992
24.967884646634044,29.06472906185016,27.372302684461783,24.684409121859098,28.17411708333669
25.070269943049524,28.907498796315224,27.251782865168064,24.635703685616505,28.436537180495407
25.048233103746146,28.861032749745792,27.59072207841764,24.65056261310251,28.159009573078247
25.10671233499697,29.03832653641103,27.438443176516756,24.7700047317244,28.04623727740363
25.2722520721451,28.898064280618787,27.519837553905145,24.64381534849189,28.308874248479
25.366122231228093,28.726741555430955,27.3621498364862,24.725434752941403,28.24539270034729
25.486023431257543,28.630900356156346,27.479578039886423,24.60015427387771,28.278367437515048
25.532266322934635,28.64121259609029,27.27585092188142,24.4849647821123,28.316436489634373
25.50873090424811,28.747308003190494,27.45096078355724,24.35122452271669,27.97692861900316
25.598382468121997,28.87104814652204,27.345741794944185,24.354639239774876,27.561216814198605
25.50440558804203,28.786956026180864,27.025137752042667,24.56152215522301,27.61476125719082
25.697370749864,29.108024124774133,27.222136148991723,24.389531228974388,27.65477738609045
25.677390552796385,28.986614226037368,27.20255604231852,24.730168657927287,27.510728455785436
25.410744384309755,29.190136584626227,27.15118957630338,24.6939542484706,27.569569660912325
25.36655513199277,28.962186767756084,26.96593083492333,24.438587506349883,27.643263837134384
25.596802181399852,29.12208321999415,27.10387140739883,24.2389692117504,27.57636419745077
25.705601022008725,29.13990014253393,26.938898210730752,24.340173403031084,27.42273800101324
25.90182886632268,28.8627074144293,26.89985235888405,24.414021138424356,27.703053981770925
25.907689192859124,28.76929198160811,26.72064348315105,24.539210046549403,27.684380921361523
25.979002539455525,28.482839521993352,26.72810117368752,24.373259222712896,27.71580217334617
25.97282471888735,28.517208291933084,26.729585273579463,24.683717129131747,27.582927200110493
25.67386731982773,28.31479924196554,26.68818189857164,24.54735997292784,27.35970649284052
25.58192773519312,28.91771839006876,26.733080850267587,24.563345630089707,27.415881389210064
25.8016716025932,28.837696602685053,26.80059349249984,24.72290310015407,27.62444833565071
25.74100430666355,28.52269969552636,26.746015591024783,24.628388440858117,27.473385245050174
25.67450019293417,28.263035703427843,26.607180523071413,24.820578219109315,27.66866413465647
25.74478613483852,28.301719672777644,26.825437224820845,24.661744426309028,27.94427057165697
25.559510826424265,28.419210901882348,27.052840663497964,24.55435819237282,28.174620497492228
25.730129108490907,28.444191382265323,26.94404491854972,24.67601284754697,28.082350542168538
25.70202567502036,28.55825098106877,27.28133577866025,24.820965327026755,28.115092906079557
25.58822415720281,28.404800144853624,26.899922536835703,24.76686184724629,27.71001155197174
25.365580453787267,28.45091085794421,27.00477472466163,25.205286719875733,27.50820449310739
25.6181190289632,28.522214917838408,27.043982253816758,25.070360927996717,27.632500992926985
25.5356172965806,28.2833543979355,26.900959535141773,25.19224026427868,27.652030135787605
25.53113626469808,28.51560809666637,26.832974225493807,25.22019022731696,27.779966292197045
25.600149803796786,28.783505996978636,26.85645293475853,25.052975639158205,27.47359820704635
25.763654906309306,28.70855851112361,26.537124284583687,25.0250655494482,27.5601745703284
25.75530115150041,28.90188485555362,26.55619392388404,25.17126497939461,27.70203176169578
25.82173610216106,28.80148935268364,26.840495648570847,24.94738514870774,27.563331260442013
25.77797132574645,28.8288039887641,26.79296933766524,24.8941099665124,27.809837710604214
25.52673475700313,28.874089688449857,26.83759431659641,24.93972220304209,27.83723284232861
25.614586978114776,28.680098363001303,26.688968501812464,24.934614856845556,27.68204377640277
25.70416692642341,28.70038869904717,26.40334270389837,25.14580218869491,27.732377974642745
25.594123147682875,28.59213614182742,26.782999060897573,24.768672618812413,27.393276140990217
25.673703613468405,28.82501992034766,26.65048857572878,24.51615014922461,27.60449662944074
25.59578274356667,28.916976089619958,26.919691658666704,24.512141267913883,27.96767928865479
25.5159765281782,28.8181050598966,26.922141995621505,24.419111349573893,28.100271188341395
25.69429707727629,28.8828205911583,26.64824779298442,24.202741410918936,27.866361793900097
25.545366261450507,29.018298159667903,26.670059710840544,24.264921440715195,28.2193753261877
25.751348225196963,28.85381822231044,26.40734331900809,24.385988851152508,28.33048421614485
25.89669230430436,28.758804988363917,26.4201396913306,24.67357959329927,28.70509363822637
25.712975399075685,28.835065890675523,26.400706977979404,24.79217032270376,28.815475770635576
25.552747666975623,28.769052824508854,26.197604186124423,24.68474406078136,28.548747651519125
25.555212035765173,28.612962950633595,26.294429383290787,24.695890625219825,28.520300723920627
25.430399240333124,28.69207873924027,26.55945431744821,24.36633675618484,28.610061724780465
25.77736645344596,28.708302579942032,26.53822098747401,24.45045154253345,28.355159375844803
25.49043294269066,29.014076464436297,26.43510761327853,24.481753087981648,28.475164339662506
25.256740632221163,28.997525533313897,26.266310005094493,24.166553306193386,28.412330242713622
25.454526970108525,28.999889212597704,26.534796943295728,24.085212791435872,28.232341219144374
25.33552670313451,28.90816952850479,26.342115334758887,24.132648044718657,28.40241008319456
25.504283484392797,28.93299603551772,26.194584390051265,24.369036246511868,28.0215421805206
25.742067187012527,28.77050434738532,26.304215315775718,24.42126237573696,28.273426580946754
26.000200959399784,28.96087851705823,26.145243711680703,24.342504765613125,28.239829778341
25.911989487027,29.11445651049069,26.39583942181752,24.21293235950218,28.1036290607478
25.70463900048466,28.97485119062713,26.427300273606864,24.55826865143038,28.492202872599048
25.63681371461189,28.80884713566165,26.32839890218873,24.38242746156978,28.464778238881763
25.60401222920236,28.903891869551696,26.253320331360413,24.61305512033638,28.355260070421856
25.74490646468943,28.896113761943543,26.45762423777002,24.699029675472268,28.21910126125258
25.887275041078897,28.88365107330063,26.01757868729694,24.433155382694345,27.985642482547743
25.892719518750013,28.82082308272373,25.8045494007937,24.55391894533933,28.2748631407027
25.78551286405443,28.67867361529428,25.855769269795672,24.401739960955997,28.47949066863205
25.710625945329536,28.92259726724521,26.010723438459063,24.408911519037872,28.586720828066056
25.86163445160803,28.879884372749924,26.19842868989757,24.231852991726107,28.799724017406955
25.691987734988267,28.599805057103044,26.1392809689054,24.33399032390001,28.475746723272582
25.742692303075987,28.69774521454256,26.02169885700025,24.3470094011904,28.760066331245525
25.71258767658623,28.986515383657174,26.04271185998646,24.09986149014009,28.69150353472
25.751284872465504,28.99742048828069,26.280675990906037,23.961953601434164,28.606370586997397
25.51880789735833,28.73142723071681,26.002231132880134,24.08020497747044,28.484477142838355
25.589916317102443,28.904667123774413,26.054291388301856,24.03014782318981,28.63225080989329
25.403484439582225,28.930985115745656,26.002465948385225,24.09745229480976,28.816636144491326
25.39130946327329,28.82472711424927,26.13528762033447,24.08507861704641,28.642941764039
25.362022197528876,28.78138758022317,26.157601478996845,23.98055957749664,28.463452176122903
24.919853748480648,28.92887487202433,26.401530905967004,23.89664868589597,28.56468350601829
25.36919005110869,28.870201581370715,26.291037939642838,23.94119898696213,28.334625012479048
25.48849225357223,29.013475145709407,25.99823499840902,24.006569558823056,28.642342876009284
25.71960493252568,29.267707492523897,26.097692120098955,24.34218785593845,28.685983600283706
25.517218845943063,29.03958153194971,26.256739414719046,24.433775119274028,28.44813534452094
25.417093074966356,29.310809150533814,26.23079846155389,23.82517290060682,28.46204035978975
25.457126406543043,29.28644592698318,26.451252969018235,23.86251248805486,28.352870103216446
25.19972204547268,29.22334845156932,26.51323385059956,24.117508237080557,28.46536784993943
25.05500418588123,29.179336044509828,26.62909811174827,24.189454427729054,28.500700153651817
24.96121125777017,29.435017842377714,26.721269709188693,24.260116465942144,28.576554400808785
24.99908341787453,29.500352835377992,26.52979253485807,24.358070857115777,28.324418708195257
25.053403793695026,29.323505159774093,26.31939258849783,24.307209848678685,28.31853273402287
25.112409150111173,29.45610247485397,26.427122007429848,24.46942184705048,28.529305451588808
25.202636038477763,29.606080280104543,26.399975257531217,24.44580714655741,28.502044301146583
25.3730350346556,29.487758710354115,26.512349140789865,24.337188353853858,28.453860031390647
25.235955594498275,29.55684701644921,26.720162916870155,24.53895500941124,28.20691576619951
24.871397729898103,29.1467125960406,26.82921817041752,24.50752530655608,28.05129987082821
24.97523715346553,29.092025697749747,26.79440862386989,24.43439399764627,27.57770252586196
25.010615950579457,29.228334597785288,26.749434827253054,24.20927514038929,27.815471485383053
24.771071332347525,29.122796635955872,26.6179741816745,24.247935740449844,27.96163266105644
24.996586000788287,29.318867427568197,26.63630637393605,24.29653334892875,27.689612808567773
25.327857276263572,29.348564967159167,26.537482064355565,24.259296401743867,27.35621891116712
25.1785825211236,29.34829199156211,26.817981236608336,24.477519304780653,27.23547537567243
25.53736562608642,29.25482034195123,26.98648990484472,24.495356061285086,26.960460615385536
25.33771265678789,29.261952950826423,26.857890124111837,24.482706747624675,27.255234077473272
25.54158310198436,29.10851048254615,26.83415929343425,24.66470222191406,27.116872605334013
25.73999718339179,29.04960149109144,26.87994830493772,24.74927380427993,27.23412067211333
25.5580563500093,29.02574726458777,27.063776767951456,24.52455152121035,27.58036808079772
25.42393754623204,28.93624414231225,26.735821045172617,24.48224514058477,27.61894738485627
25.39011337215059,29.031331283302315,26.758262240517425,24.730302227896217,27.39942805105456
25.067206570037584,29.123007593537437,26.485460642034745,24.414846430553904,27.499742120198206
25.210083168670007,28.80514201217815,26.698665592333285,24.401589692210194,27.32912791274157
24.94950762874029,28.972084065359127,26.75725514604045,24.355261102567304,27.5900368606506
24.899224366038275,28.65380731299693,26.62698220627181,24.52262164246104,27.658918547393387
24.7406180778397,28.85518173990081,26.463081057183945,24.355086428413635,27.41937328641424
25.051279285027327,28.73654091944069,26.6983594355912,24.46865253837821,27.245625893052203
25.083052663972275,28.68210144958224,26.67475069010821,24.35273013084634,27.67671467039843
25.06357342010589,28.54294103518369,26.66451066861438,24.18523451601769,27.954257704674
25.19141060482711,28.446818544805847,26.59406714719888,24.419761026033527,28.189154297197238
25.331207313946827,28.137379119685058,26.6303661745206,24.49455224456646,27.833685813258796
25.49834472591663,27.84725759336707,26.86308158826452,24.085725367272307,27.676114713190294
25.63716814793633,28.384978554007517,26.571176269601384,24.11729221215954,27.85894905282552
25.485975524812336,28.381345080461735,26.582454666418425,24.40449807618873,27.90008419471298
25.348269997440205,27.89608252861549,26.45770880591562,24.415681977483256,27.83067057939464
25.567672329074508,27.94807815967954,26.77435374731558,24.21423105718185,27.93409571429204
25.5364485315454,28.06895248709119,26.990105719162315,24.225618480063268,28.049902242709138
25.532224548846283,27.87816545858819,26.699160148095142,24.17395130407578,27.83072572444057
25.23367616460994,27.81430551715245,26.457235878527985,24.083170819652864,27.94660799026961
25.155364823059227,27.855389591494628,26.351920869643664,24.32983182702164,28.061534943823563
25.01809451416821,28.019418273816346,26.20837433043436,23.93570985558922,28.131961259772208
24.844318783176,27.72130190429532,26.13295211056504,23.785522679117133,27.876402993882746
25.0730495893229,27.54235534033935,26.39300673041605,23.8737094544346,27.4513154045942
25.228252295329053,27.54950369136388,26.536227441730617,23.95688140336648,27.67680487509961
25.072209437801497,27.660682323942204,26.581001091216457,23.790127177109863,27.52377631946967
24.93667394732121,27.53975896747364,26.399463071200767,23.785752490341324,27.49774770029545
24.682448073291777,27.54829266028841,26.439613895472966,24.06473916881012,27.592669996959643
24.86146763362165,27.46506674277184,26.58329730000481,24.21664567491912,27.52205488910828
24.91659780072602,27.129371739743863,26.293964001790908,24.115779373918425,27.61825565279416
25.03063815748179,27.188343292097965,26.53290565525201,24.13403639217029,27.79364776638536
25.06847915664327,27.146423563371883,26.374197374988302,24.1451456944399,27.3913342515017
25.03530021726744,27.22615096970077,26.52467119765008,24.28417940774075,27.16922985202217
25.097424117354795,27.191234834491897,26.24303738455107,24.232324714744266,27.275207784775
25.10640323053208,27.38956021371405,26.29423859250901,24.358643454844763,27.060134506730567
25.236632487462614,27.55404284742115,26.25295923078142,24.20596559938201,27.26602190597041
25.51373229468344,27.63785945044028,26.50548796584408,24.23159373172768,27.123903980451058
25.442111533311422,27.302184646408943,26.26534723060784,24.2595226131064,27.354165988061308
25.78653525784992,27.512148067480272,26.46347971137904,24.592136498418512,27.249160064609782
25.71983000573727,27.58466570661896,26.55994769623372,24.507641776087382,27.133705087262182
25.587370772591605,27.66803780813361,26.732622301315867,24.343292291107485,27.365311245516143
25.60900909868911,27.339975064719063,26.786449281936942,24.29139518712711,27.53406556363567
25.792219055619224,27.40893061614876,26.742213196432814,24.220853191914507,27.27074731943563
25.96351364957441,27.21012206156507,26.286614261722725,24.164142253668505,27.11979750491912
25.888784521321934,27.0224916663278,26.21631396016138,23.973135759870225,27.115151460950955
26.28389304082655,27.33484871986265,26.29074239083154,23.85749445158816,27.59860188712437
26.31910425931814,27.16376044913957,26.36791392563745,24.02839834291511,27.684778786683584
26.586188110207992,27.03124984799422,26.40076339492967,23.921548990483853,27.783169965860644
26.29352629558253,26.97727377126767,26.61776775275133,23.550549918701428,27.77321813368935
26.45966931829233,26.73694494750221,26.498212086683107,23.762895701468967,28.192675129038086
26.71643638407403,26.624225298608533,26.549854186123323,23.86675716320932,28.364620129710925
26.552926995269196,26.69767816590529,26.464133204965545,23.855357617992865,28.330570947334696
26.67151119340734,26.747670292707927,26.3916694185685,23.705981237789555,28.10684464075604
27.155255762228244,26.45464099354443,26.54231221516153,23.70489898326557,28.259311605694773
27.086445488767243,26.295222498849437,26.36416508232152,23.889503440095694,28.064691104757795
27.06102355107973,26.47628535271749,26.23274427636217,23.95977376870825,28.101553072949503
27.06666007828037,26.432832691834623,26.34029033009184,23.94657016142646,27.97394315992883
26.660490388033335,26.40694185245097,26.551676460518003,23.84679538003597,27.70318800173576
26.49958373312309,26.18948402612468,26.541336466591662,23.925187754709416,27.32166010361219
26.67436781330545,26.426141503573685,26.647532736301997,23.978791442562137,27.373281603061805
26.6303523983924,26.378843792249405,26.66702036109461,23.73523157929084,27.075803806777145
26.444063997400622,26.326206418797213,26.36083684124053,23.570404910602385,27.3455237891442
26.744028427588297,26.206222753291414,26.21904983218752,23.374793659419264,27.495744814614135
27.12536624030194,26.53334372829073,26.32612764147854,23.480599005265987,27.533374183188013
26.997916961830786,26.49873421411926,26.27743116208133,23.39219522867112,27.58335735690407
27.04378344116783,26.592250829877287,26.05546698581628,23.586250649098623,27.649786104839585
26.95216621094309,26.422700159256237,26.17405716283277,23.682700955768045,27.665458479719383
26.848814197481072,26.245053991628296,26.323081763275518,23.49200836400558,27.925298406170125
27.13553512959362,26.544446461603584,26.548978816089544,23.4518510633996,27.909913663159784
27.25304818573107,26.67881345939225,26.17036900055101,23.40809569568674,27.7854673846278
27.51482373461592,26.30843376778577,26.34285647608587,23.4666095359133,27.89319823958101
27.14022977505969,26.279117450440097,26.516392397766303,23.252857283888336,27.83016290457713
27.03761988188302,26.41498381516232,26.422558105303835,23.38994755337282,28.040179231218293
26.67337320826251,26.18705307698023,26.48626685539173,23.347875791874927,28.07179067187916
26.52429527312641,26.12153544340286,26.43775113179444,23.365587306001,28.25196418273836
26.54199015024721,26.126075515284292,26.548941329495293,23.38672838658749,27.854568039257316
26.6404327565953,26.25706326986085,26.672938740081577,23.38999280667013,27.718626552707747
26.769542504476195,26.307188349018567,26.853281853669674,23.308267420210225,27.742636375492356
26.724456247590005,26.05483751842462,26.95693909364343,23.464151076414822,27.6404993005985
26.75836972027053,25.85699158809385,26.81098315908282,23.47780469566422,27.81784780210081
26.908083298386675,25.96496020302492,26.576203749004417,23.46542836296912,27.887805601200814
26.986390975234396,26.03610816476685,26.512373298467484,23.629528397282936,27.61818870972317
26.947430213054385,25.989623138392894,26.45035687989836,23.51426463206319,27.468959207339772
26.972055631538773,26.09871373172375,26.41922637493492,23.564931124095203,27.49071779016397
27.051788785124256,25.919070479098384,26.615165755877424,23.32196999535663,27.311124356381438
26.80042382032717,25.69350590712472,26.75943764302472,23.489233527750017,27.65269361136389
26.77645967147943,25.63741366391353,26.81040367736988,23.25526466690017,27.366601657446772
26.872374451963967,25.59021700626355,26.605825629726446,23.213262176028024,27.784297697566775
27.012823854610915,25.54299802050536,26.79195233632164,23.39219766630328,27.77626785218389
26.69826881850042,25.640498497380936,26.873897063056297,23.139335187440828,27.732213623055586
26.872412653780483,25.941843557233515,26.694314911436333,23.06728514114996,27.66326327075749
26.943238504658563,25.77443799149899,26.9322155260487,23.01919997695013,27.60638357484671
27.18038437595597,26.280702229201168,26.820130298918084,23.07905196402944,27.69360185464561
27.52876063011324,26.198533414776527,26.713902243326924,23.22535486482496,27.368272756077072
27.1759809543385,26.08557240690882,26.613860028568173,22.939521904750887,27.400684325077385
27.06455188196125,26.2277258450856,26.548184724791568,23.019827236882172,27.70395558368944
27.06082918496652,25.84215877129638,26.881358500356924,22.924733637569947,27.572575167433733
27.14995897254228,25.93538469218501,26.8476281142719,23.12825881073861,27.72613690865905
27.321630207461507,25.889261090006293,26.832982171628327,23.001683316700287,27.97318469556776
27.551940968741068,25.80547817341302,26.722153962149225,23.12120638448892,28.07355677498801
27.51441162241096,26.021848291652454,26.99712271872676,23.18154615838313,27.67485332370689
27.57213889706913,25.72221989041078,26.90575492243808,23.15293915046732,27.70553914432299
27.145417573700072,25.74915326560955,27.101898843132243,23.069264442766418,27.50986600192443
27.13387654761009,25.67379926401522,27.073659764715053,22.96754446251302,27.590227915768686
27.056180710370125,25.690595868040884,26.90463887894545,23.07455408113832,27.830517044845827
27.10640663557797,25.739139815258135,26.682027909814437,23.107037892884502,27.782931279288345
27.150647024737296,25.839255337337555,26.666778152033224,23.046286649747792,27.476894910138903
27.23953700659125,25.964853639591052,26.45570892013837,23.059352591444544,27.58656342663894
27.390388286375952,25.998541656948625,26.41384531627309,23.053657863488915,27.58566635361638
27.21217145509463,25.90180279528853,26.350818584126795,23.186181641460983,27.41054239962081
27.050912030575446,25.94298880602752,26.347679639069803,23.27639557344878,27.6539767897739
26.93458756768227,25.91721729074384,26.231560417540106,23.204744028625136,27.615620722710027
26.870571739879875,25.8979634498578,26.064856371801117,23.41839147042952,27.546471780987424
26.89562209957805,25.8344795800792,26.096107526626746,23.510501721561003,27.536701760609187
26.825790505339285,25.783213114951653,26.116707355982715,23.523926921575807,27.654943360672515
26.73027756897651,25.67494619672049,26.210630667887667,23.40609026608978,27.803467566842805
26.967343887381627,25.873712740479338,26.055959346597817,23.49595533653539,27.696083468037205
26.781485219746905,25.70939696200884,25.967883511382617,23.469182766961648,27.544136584149854
27.370861826690767,26.077240426588983,25.95085009397835,23.48092085509241,27.717977812278814
27.09030603257305,26.168568460730032,26.089393885568672,23.36039359545665,27.61694401463723
27.144826506361685,26.135216126808817,25.993786358718133,23.722316667567352,27.59674509076931
27.465630338595428,25.84191791845315,26.20445238216124,23.722627487638064,27.711035804993674
27.352104489259226,25.86720571154317,26.45175672752818,23.72902476652721,27.9524541358037
27.431925401430306,25.69277992020666,26.421461438739836,24.046122352719976,28.065334772841247
27.411004942781464,25.645159720204287,26.51987987122179,23.6679798523918,28.175029041748
27.40227685521922,25.709686488907096,26.431728816183565,23.602772617414484,28.242447581490147
27.05463567461837,25.574722727605437,26.3198757086298,23.56583882254619,28.26319974192588
26.92764514959521,25.344773301728555,26.257896219571613,23.53249948233505,28.269637483377025
27.05003594903369,25.759638234354565,26.14508176103784,23.460674603214315,28.28218933360877
27.11576876547804,25.615907118295244,26.18782165103264,23.69326044353656,28.16916098186145
27.27232745111236,25.52120266367356,26.44388927865651,23.718374996417808,28.260682406545413
26.88725459234689,25.762547350142675,26.20495186368938,23.77580913614136,27.92027833733072
27.595124428618107,25.61936991497297,26.247718004519427,23.75979120926776,27.695931387501663
27.526121417642276,25.666431298819187,26.137896135027805,23.71108810312202,27.687197377949
26.920914606124065,25.84128165235232,26.2357674376235,23.715550191713007,27.430183305185924
26.912843158796267,26.138452747809385,26.52729013475736,23.69574323955009,27.29332131656765
26.79831840935974,26.147715906707106,26.28761507237336,23.5815072482987,27.168863234982904
26.665544497140047,26.16623748155303,26.18996836049655,23.64246686268698,27.12804181368292
26.520311301185505,26.239647525857347,26.24867793223947,23.90533098910429,27.42951651916392
26.620336176703077,26.265182570259427,26.25218837157531,23.77126472210988,28.0652682325298
26.667737105879763,26.219078483709247,26.368971916540584,23.790159201353664,27.82374666284905
26.437513140075737,26.276589250055032,26.345753643135144,23.64718776049056,27.81346701453313
26.30415116367928,26.16176177872783,26.360928139376963,23.7809409251692,27.87364820630509
26.48098693148744,25.96027689593069,26.29279506101765,23.68910979758329,27.667931959792693
26.199547475486828,26.229572611673056,26.08699670678069,23.618942965447506,27.46397492248981
26.145001352150945,26.168271944952867,26.470979292178384,23.58577442481712,27.53584658794121
25.990571242034605,26.15941831830281,26.14888635611868,23.376328859041244,27.438169108775654
26.102894459444972,26.218920307450123,26.25986222070788,23.414412889773565,27.85617847681713
26.29952530224761,26.384410467323352,26.268580364277216,23.41823609048093,27.748462562540432
26.31525790347178,26.33607587244492,26.3238734631981,23.52371885248287,27.757094576677563
26.114608944287745,26.0440261462812,26.42874588994678,23.58985549897364,27.62393888228188
26.21273980728381,25.968293744886463,26.21574630041897,23.56484381508554,27.700666751741316
26.342452250001724,25.989521661337356,25.979298562532207,23.67860271729968,27.9926369750304
26.282568312177624,25.881788874272736,25.73063555679177,23.356128863922088,27.94393509614689
26.30020159795303,26.00916658417691,25.713539465588827,23.34364651912941,28.262584182715862
26.566693098899677,26.30316307741145,25.969461102345093,23.3227150058326,28.049525521702275
26.638048473173864,26.16448226593589,26.044099548631323,23.460368855614025,28.03426516708668
26.42984209127368,26.126669192872413,26.058621267083478,23.5449902193124,27.887016133597395
26.45029745893485,25.970679643313115,26.21990901022181,23.29875347447788,27.832061845958908
26.27565308206044,25.9059257855782,26.236275008185917,23.42070966328348,27.315780561511783
26.343942733001956,26.03510672033901,26.16294485374136,23.66273767997076,27.28184957208964
26.19929428016392,25.934255655444428,25.767368977032103,23.9418550226519,27.310080906651628
26.446960819034587,25.871189734180607,25.82099334122696,23.93911746522786,27.208737343900665
26.57430450719416,25.92778606450341,25.90840942429523,23.992604351609927,27.0955687012834
26.448457947866935,25.932961008017728,25.7755473328889,24.01984811921771,27.105709882714336
26.329337406587065,25.827124005264466,25.780666612015818,23.79690515318006,27.05400484876035
26.45125036289061,26.102283319101065,25.87098313570723,23.76822350002128,27.00048401263094
26.43898492784232,26.05203793185988,25.50435700499017,23.61478343881352,27.00531112743372
25.9858601559004,26.036300183357845,25.519302493559003,23.636379212068345,27.181925252839683
26.427348217883843,26.15901559724386,25.51912424807153,23.660416787321893,26.94527050753964
26.373381973381555,25.879289285521494,25.21015398863393,23.62911279835103,26.82539906446328
26.452114284546187,25.957517084616747,25.22762445809548,23.503204752191323,26.82868735617437
26.376163658660097,26.103081051408623,25.29840104275836,23.674205372308275,26.947463866729148
26.430557241572668,25.827463091980643,25.48269052605646,23.5928630842094,27.24784304287285
26.416162549236294,25.8328810439034,25.341898158042124,23.17562997489688,27.40346039482749
26.210999679468163,25.71321720359661,25.513297664472304,23.16634053564758,27.26535839110567
26.349139311903745,25.97141073131552,25.61181933411628,23.4082410195762,26.98131667728223
26.187966342653723,26.05263620067424,25.33333453410754,23.55533670399532,26.800901334658622
26.27545071250355,26.15095426111564,25.265934043935104,23.66689850449652,26.861201558556164
26.32677650494046,26.09071956996384,25.280547224753896,23.75330077711625,26.710851600100327
26.28425340010245,26.251567614977606,25.22145982784862,23.60392330763516,26.65299378297232
26.42258322964832,26.119992203289,25.299988447110767,23.44014411136412,26.740474555103024
26.489636910382604,25.93167383541286,25.360115620151053,23.37633032334577,26.869026377605973
26.31138605927217,26.017345108539583,25.216136473310023,23.36253718124932,26.83967199701501
26.201301371744268,26.053556455289364,25.26594032019277,23.23282598415462,26.73572966195317
26.519238760155496,25.9501573119965,25.024852589955938,23.29515727374844,26.661773391332684
26.352492369969134,25.774263664787263,24.970078666735397,23.18510144281132,26.74836812698339
26.177692755125687,25.95597047627717,24.923490744940374,23.027798300443045,27.2297737918552
26.285694780083265,25.91035960203579,24.73452084289784,22.91135911867232,27.24553271494201
26.388493958123547,25.966852118615662,24.82172975021264,22.99811693025373,26.94026401983518
26.310463843434963,25.985847847398244,24.9681652922616,22.91712916653984,26.68111895201353
26.50787988027984,26.04818454844529,25.166271511433703,22.971976316187423,26.644742339308795
26.421444910902363,25.894051646261357,24.992281591158967,22.830978628824475,26.607697319337785
26.48755373125507,25.925247323036057,24.76404031908204,22.637118399464217,26.76580198032813
26.59748705113243,25.92489044431522,25.08312913837231,22.80134792639065,26.839152955502733
26.198055873532528,25.736660005414308,25.136730943505945,22.72602772738498,26.810695657228184
26.12988405164542,25.56986063818008,24.98791822518332,22.828163413072204,26.540608238857462
25.9794891011157,25.90797660226861,25.076416740903777,22.713659506129293,26.37605295634766
26.15887321765436,25.869228061345083,24.971593959095536,22.66268275844436,26.062605126354107
26.156638328064343,25.888013210525465,24.849542494583137,22.811652137987213,26.098835857553617
26.287606214306955,25.7811971838558,24.884748090148385,22.958400607842837,25.72113335816638
26.365136477667267,26.094411714178445,24.98848880586093,23.014553550296124,25.858550184928152
26.590682027553104,26.157580357679283,25.090031830808627,22.720921006759504,26.2983003658153
26.805247323252456,26.313517175757315,25.183120827731603,22.75664193895842,26.009844430694088
26.757008105603944,26.303038417664357,25.315852577091345,22.85249216840963,26.086294669114515
26.628728595076275,26.35356206653677,25.34352704795863,22.869295497386624,25.72287933094579
26.490624311569924,26.37183465157932,25.4516418022297,22.892201718874,25.961776906320274
26.291839308219117,26.2963656037311,25.370614700402456,22.696438998261712,25.591147530273197
26.299152187678747,26.11752484956211,25.42442638662446,22.744499228377418,25.55064635906165
26.63702239329001,26.116751821153454,25.37726531878739,22.86903692645162,25.26876058552017
26.45120232812038,26.07754296570541,25.22290869339042,22.74850806686692,25.39689959137528
26.242473398099776,26.040389636807387,25.056594124490715,22.559848897393596,25.43410455848252
26.09959985877439,26.055310039344164,25.2214403324294,22.50737560618897,25.390495504677883
26.3372604835572,26.078535377787144,25.276449098227964,22.665022331424776,25.242989453266183
26.48792009430159,26.026866314422826,25.48070813888021,22.55121420424588,25.32892467963456
26.453321168679523,26.154217352226684,25.4034663889645,22.43671418127786,25.264142819186382
26.515780707239355,26.363182355615315,25.469846371474503,22.41801892898575,25.349736376098747
26.5496034551852,26.152049799613987,25.796139134312543,22.28846386433109,25.46213048062705
26.62628849208415,26.187693311848182,25.73841609760779,22.443994922191905,25.438855226247927
26.27181442988141,26.420337291608988,25.930215311451928,22.55486742695939,25.474324547216845
26.254480453827338,26.46322593554152,25.967905690592165,22.517551186913195,25.36246160735678
26.076810344786544,26.554759810826624,26.237779181861764,22.608731103595115,25.460215431939773
26.39591268394424,26.34686209205974,26.392143211935675,22.67342319660173,25.402919216952743
26.72999395185387,26.66915975677012,26.52140434022277,22.78835842620457,25.537688309094168
27.05168623317228,26.77943798545884,26.077735153319804,22.65786118441882,25.763617860618904
27.04844078028236,26.55464127274437,26.094771156848,22.78463995768315,25.70244595844572
26.92082277041993,26.87777437239597,25.97489126851718,22.71818975017476,25.672248056077848
26.739765302981684,26.856344949987204,25.86560841580304,22.67869718117409,25.46168995306329
26.79529208717504,26.81342182845314,25.966597294578182,22.605851332305956,25.305622343286668
26.557046869081454,26.867693407759017,26.06306490567755,22.84053504046473,25.342190602065305
26.4071997391148,26.95112331984988,25.92727481720964,22.91819946926819,25.551034121532517
26.52217629344725,27.20618817508649,25.8086251123586,22.61962391774296,25.276746920427662
26.5998735244721,27.09186076439325,26.07247778678748,22.827379695182948,25.14542013544402
26.48661419051022,27.009342889869565,25.93300555349862,22.53834536178996,25.28156142746436
26.355931512509144,27.035477785969245,25.94403597370297,22.519359257507595,25.25473169860437
26.602736522315663,26.91924144271705,25.795590009619577,22.50436404447972,25.33716696854368
26.37607777136329,26.6349556545081,25.99374361466426,22.57410753816584,25.624312725603712
26.275694088790043,26.6872019868538,25.96788119466098,22.493499379518926,25.51098110089408
26.40255123781363,26.72421870979512,26.052921445914315,22.59004897047555,25.66400205522352
26.278100239633577,26.531475503457585,26.061262880314853,22.690350389019823,25.52212687665691
26.42440865582323,26.51366293112783,25.98977720033943,22.73743051053373,25.710012291910868
26.179707256757343,26.313817182544607,26.05245261846612,22.757665542200357,25.74604929839124
26.3904967278496,26.320810982971025,26.16257993802467,22.608543198414303,25.774833360981653
26.5588162660156,26.518364832482376,26.00351081555256,22.82888791831499,25.968912571928804
26.1127946743084,26.56632444820021,26.058327290773786,22.670259060611784,26.0907189747846
26.410018271747184,26.43270535486221,25.88632749619685,22.90690503503269,25.90526424423798
26.43625472520166,26.49416260261479,25.746023247936897,22.66181229808707,25.788918676138906
26.586805253080225,26.412006566324663,25.67523729305625,22.87155879246909,25.67502157032432
26.727803874113867,26.241256987001943,25.95110646883212,22.72159106932545,25.92031793931866
26.41465341711173,26.426099714020065,25.84875863371608,22.633385855433342,25.99667666317454
26.46160225413436,26.832648174108996,25.56681637502114,22.428241924462917,26.067652890994644
26.52613049675345,26.92306383378262,25.768114196623173,22.639889919411367,25.88987881200085
26.584457684337675,26.69120580852022,25.847859903692186,22.787070758380366,25.947698735131173
26.64580789604996,26.9186454670828,25.65073894021893,22.5962168468297,26.012134576697296
26.549872798134405,26.81922816918757,25.922162975581177,22.799680631951183,26.086837239278218
26.61626313897244,26.84171873946257,25.88131199888178,22.66251658114747,26.12152173327217
26.73075563323865,26.824193470420724,25.68812803905102,22.68950324582411,25.973034510553028
26.769012847589163,26.86583662993057,25.70856665673948,22.49205693879194,25.67468185374839
26.7426008590068,26.699707061591504,25.8133111597576,22.69334611030393,25.64643243517117
26.466720285991293,26.665661832566222,25.513980815445144,22.46457518162664,25.97173728037094
25.87023516352035,26.46322848008136,25.575839763794995,22.567352951044143,25.71724552882059
25.69386184665009,26.473767132987437,25.656692528326605,22.51679346318651,25.56559700932069
25.68089121256439,26.629307701427084,25.87984183214701,22.319518867284664,25.842607246408512
25.90221148708639,26.588246379134784,25.788594914007003,22.360992056387985,25.957574857249732
26.008493569982605,26.37417531897761,25.6838734953357,22.456481546188417,25.98617344510816
25.94192228359387,26.184259463585168,25.62002992580488,22.509516533172874,25.8152068446982
25.793970227814143,26.355731661714785,25.64173987204032,22.66186183038079,25.864932168844085
26.00147316634243,26.328417285143217,25.30861585437082,22.77106640730467,25.960731924010883
26.05230136849151,26.414171720949124,25.207152271712022,22.89327679315345,25.789302117758982
25.96034607081599,26.32888053432564,25.295157487255665,22.85669929491449,25.78553535695591
25.777700953047688,26.51374525541973,25.38664993512937,22.978261645111225,25.669980308460573
25.849347652254718,26.52913016013676,25.309742635244262,22.8948939096977,25.581506691011597
26.15155743541511,26.36840973793861,25.572322399310043,23.023661351975285,25.45605886442293
25.964574940338757,26.413341695090285,25.209243112608863,22.88734205903477,25.27683323586972
25.66180703163709,26.497263897171727,25.614889805759574,22.8391473084746,24.973520545773788
25.700980720108504,26.756676545918943,25.82901637841022,22.737343533494123,25.13629683060074
25.846639092456996,26.757785696238777,25.91327668443545,22.666840703769623,24.995065570475607
25.808128103644243,26.56622274072577,25.744122987941523,22.68399870273658,25.1883743333784
25.787794931506607,26.506351745265928,25.59418508049549,22.574627972532063,25.02004832089077
25.80478144260581,26.55305162891725,25.704994595742804,22.69997118216841,25.2427747387658
25.74482925450946,26.53337894207548,25.78505143361628,22.50944680819256,25.290201378586147
25.74862542349451,26.39481779028621,25.78053031956361,22.59858741965275,25.282964975398368
25.722991073956965,26.57023082340137,25.84856345984277,22.68390014725578,25.2272696038895
25.97725878929881,26.54062993472025,26.092692283851346,22.725695873438536,25.21798909425915
25.99753144437613,26.782699727705268,25.931306847107265,22.69448672881812,25.294704510335453
25.898967564117992,26.60186620764792,25.883099929479894,22.462241472289968,25.219277266189746
25.80910286971889,26.59021772765909,25.615016298077258,22.647817433565532,25.11115890697452
25.781492131957663,26.576467752789064,25.62885776101976,22.80112061932949,25.157015419711104
25.67082106163204,26.40748626209176,25.793138785269694,22.72097251439305,25.05086978077751
25.730250943796037,26.44540238418394,25.8882595440576,22.751080118531284,24.82208940594152
25.57761614702196,26.34231470675889,25.76395580678977,22.820630922326,25.016836314717075
25.650243648744823,26.398944737880097,25.911341143760566,22.88512973917975,24.87429160274885
25.544476430854147,26.14428318154031,25.84743539253928,23.098431376622724,25.11169548015576
25.179071723157225,26.1932200412003,25.68984853806301,23.091562757812696,25.33739099849917
25.46255156527546,26.22416733171888,25.785841996225177,23.046305390693096,25.574495972406226
25.43408986791208,26.09751942813081,25.563014691016672,22.968049922672968,25.59752859066447
25.323093411078784,25.857113880971674,25.75250892775479,23.052521040277224,25.420455381850854
25.165226797273764,25.76839677810168,25.409068276894764,23.255718460864976,25.502482212800917
24.961445158934183,25.68652801767636,25.619072576164985,23.37382216943583,25.568380716754312
24.82066645882484,25.62260241944969,25.411890273489316,23.14539453442893,25.6848974792756
25.02505564742795,25.66444331377988,25.54635492201044,22.898725582956207,25.60461454521582
25.269679453800528,25.7264231459144,25.541151316329525,23.05460305396489,25.80771667873744
25.098367311806346,25.903452735191937,25.47538245798241,22.962643613766534,25.39498679960213
25.28323011406729,25.898896464764483,25.52468517856408,23.066755406782463,25.131206354283904
25.32889356681442,25.941481815451088,25.663638208036943,23.1171207272406,25.10112289957669
25.036357530299888,25.698886206821225,25.634154237572343,22.99733055367244,24.694794381533843
24.983805945729365,25.616938600499868,25.58768623727417,22.91620523867243,24.772269111607525
24.99893929863521,25.86043101408922,25.576258588969345,23.04654235407084,24.811897196394423
25.04822946622482,25.68373783792394,25.470458423444565,22.96368860097914,25.25431831089649
24.934591999704917,25.81123582390425,25.44826725173258,22.960876519732967,25.391662827538703
24.66929571530163,25.769501061516745,25.60328440076429,23.12736841738683,25.14766479066518
24.58209764863914,25.80663056121257,25.92352181707541,23.04599613856628,24.86397600112563
24.74784997995705,25.64136608188512,25.894118087353267,23.053058935956543,24.984563317103344
24.616093903505668,25.58886402325448,25.696928500841395,23.343046393700604,24.86589587961479
24.74778523676208,25.839107466277717,25.66130869165084,23.349279676805672,24.60662287947728
24.605117045364526,25.801141183762635,25.693883013433137,23.245913473522503,24.572253757132508
24.55660259320116,25.878229913252916,25.775769750819663,23.395844048039148,24.592718577216573
24.67113744493942,25.91601596131145,25.7638031530657,23.40192191444416,24.76044677175266
24.74248535548058,25.85452867134373,25.771359749111827,23.62624170240077,24.66345637559216
24.78865286746431,25.87587198413009,25.76990115839824,23.271871786036108,24.66156071092823
24.95292128373064,25.98350735227141,25.79883614276045,23.61249527920529,25.0387933000042
24.64934791974368,26.135306853928096,25.83189051500116,23.627875403661932,24.98544023191959
24.826647411161392,26.202684699380548,25.524179931662783,23.54427787112721,24.854303051690696
24.869419142655108,26.362957296998506,25.79162083933104,23.478363360628656,24.63932112019632
24.8119919217873,26.60942110111209,25.65650839846977,23.57463680286632,24.400868849192378
24.35439783638622,26.664166324616318,25.653712233946216,23.68197578044382,24.329143661649468
24.33883221831644,26.60726842821806,25.486032988380856,23.586206089135885,24.32435559867745
24.51735329299524,26.71020123688536,25.60377540628639,23.74943337916693,24.455375507952
24.76437765919753,26.62607148290193,25.49783974291092,23.438775761269397,24.38943800501775
24.67120809685291,26.712448161768904,25.28683159510144,23.49168187454494,24.36548402065428
24.73576295159847,26.489067748387917,25.502496833255535,23.60334422514399,24.214613518856723
24.79419673519555,26.289429021434128,25.35206383711905,23.363260607035745,24.09453505046264
24.641855360081383,26.22660206098791,25.409670584400587,23.51678922059503,23.96835164833731
24.896349703806774,26.20412338824084,25.60256167978429,23.54949499194228,23.94562725420235
24.793046781573505,26.23769862708397,25.776642301829384,23.548169490300342,24.121351395666974
24.617557620638383,26.361887637537404,25.5716863215972,23.337432459485964,23.94048768531677
24.92239847264185,26.61576818230353,25.355534905624328,23.166857440568748,24.02115809823646
25.153304070000416,26.648857588052355,25.183466073714023,23.41012623740649,23.92909447699216
25.408099219218016,26.636729505371097,25.459609154821223,23.614548940419468,23.979337866433827
25.32848608322709,26.666276434957204,25.256203501159565,23.394687358627845,24.136709714397742
25.284296811740045,26.5234551231706,25.424606382579693,23.6786897407993,23.990112855547004
25.008682036318596,26.48362312858526,25.356513374157757,23.44875502269713,23.88768095238182
24.881852323397272,26.571916009376384,25.393988611580266,23.30691526166126,23.946215024493743
24.9187510210723,26.848004454333537,25.465021199577613,23.354046868279905,23.98944769475188
24.81185786598128,27.05690992613913,25.81691236677029,23.132663578893396,24.01380093880805
24.867186879671003,27.100368891993394,25.49806005271033,23.155009961899207,23.977772486011386
24.99508801181233,27.17207938401233,25.425360704795875,23.25983927357608,23.83040071128032
24.99272424583816,27.196648055690783,25.504023011559543,23.34751170178597,23.84961234458313
25.199318696776075,27.35608490717654,25.45436054241479,23.38681040828953,23.852851508979622
25.051441923683075,27.385843955463965,25.474072534431947,23.33264247161247,23.85723515499282
24.95511034149338,27.622066731391843,25.356015293963274,23.228222068436963,23.795877131033205
24.616684710682343,27.746747821485947,25.356345631407734,23.20594131034279,23.886553704791588
24.80748540331115,27.701829461086923,25.500917256560516,23.327008848902132,24.025723436904723
24.58186689650016,27.674407515654583,25.765050958831004,23.00677699247417,24.094525579241296
24.559231088251508,27.641287952967748,25.60653221998352,23.06319648859683,24.210422979726648
24.73093579257741,27.28481626472536,25.191458354782156,22.9517272890134,24.457644433662303
24.76428636138059,27.222232945337645,25.21977709871433,23.11335515365002,24.390371565054046
25.008186879961364,27.07410954483557,25.41743053342297,23.292699425789515,24.17960858432424
25.07265467289504,27.16039079855606,25.28693911280532,23.33342804450529,24.06235860729769
25.280961475492617,27.148096011455607,25.19826978036371,23.295992234173664,23.9098652822947
25.29994893961689,26.858650120604903,25.131572655591448,23.49796472406324,24.085223233881955
25.599669639163277,26.79506790120071,25.29566868946375,23.464779688652516,23.89384767129401
25.559336664109058,26.27159888157202,25.186889330562565,23.57042806605438,24.06921140399186
25.361470101792666,26.6022230564246,25.469443217566685,23.42180270326468,24.09765327167866
25.331131950973585,26.9291074010601,25.30207667171538,23.820503547735097,23.98498239549614
24.95888194470309,26.852282479242188,25.26929605940008,23.774956282996623,24.022573377644967
24.96953438434378,26.75171678796228,25.255156341441488,23.46971251404122,24.3259611786945
24.95933132902253,26.572254686642584,25.17449557600564,23.3698816012988,24.23916892400409
24.930547697089448,26.279432636165133,25.3910164298333,23.267459772184605,24.022990051388064
24.84506506226607,26.3992035861954,25.66970085208608,23.17164359237764,24.026405261737665
24.87744232622356,26.430974085927875,25.67809417420136,23.229883032879357,24.085719457040707
24.73648329549564,26.50718144075967,25.895236583100424,23.487889123401946,24.02197768698686
24.714349565580456,26.695610888075212,25.85139062868308,23.37039609973659,24.160465247394463
24.67771068123436,26.907586706608413,25.79328171213273,23.334689910877835,24.072602559654914
24.767109679903463,27.117692408656385,25.63505736358961,23.35076938577028,24.066409949067197
24.87666677452713,27.056622417275715,25.33156464860645,23.124219621525697,23.80521655428054
24.93418921929144,27.101629255047627,25.27546270961896,23.23553811700439,23.905736450202003
24.999095608248947,27.066185383271257,25.306636708265508,23.36145589813784,23.902927614891546
24.81046509166735,27.278080500186164,25.227576700757712,23.44967105427812,23.733770957148344
24.85579406736979,27.18685660848178,25.212133954189728,23.47973492258614,23.63323451671288
24.788329977330257,26.87317512464853,25.04302465261757,23.237027372956003,23.4691917559159
25.024942906092488,26.770201574312274,25.13747370528266,23.159081064664143,23.55166763846447
25.086299306354057,26.932418939336685,25.14403731261283,23.58057080117041,23.576246008324624
25.13402008797585,27.06864793353954,25.20377287504894,23.321051260093512,23.62577812379502
24.999992000265603,26.911166538076834,25.348640758536405,23.419349546793807,23.685998772300778
24.756187671372917,27.291930189662185,25.662648902930552,23.380843539367515,23.72284069698686
24.87481451120287,26.98681689700369,25.74740917913959,23.453754522415625,23.989371166950097
24.91205866048337,26.74221161905335,25.697718404116557,23.38726726865684,23.89343833271595
25.133014966889352,26.71586064273864,25.808110288893765,23.419731617727773,23.973694960175543
25.226837543782644,27.137608654186067,25.67436019339867,23.417849629693475,24.02135650544505
25.22415314404848,26.959332395480796,25.74462006270081,23.31270352702627,23.89430249377636
24.89992910999629,26.71844381541461,25.56859067078482,23.301081924536817,23.981279386433265
25.040181822968307,26.559860998675354,25.83484875689936,23.31661211303345,24.011040993959657
25.0948375802372,26.50794297741887,26.088693331165665,23.41514205881399,24.17934657138851
24.846287918129285,26.52338762008141,26.05534355415235,23.22029235674671,24.13114641628676
24.798664183479264,26.48334397343208,25.98994829449334,23.22030828560113,24.23297976537314
24.849959691483225,26.525096270471945,25.86323702712028,23.119189497094684,24.409787357815123
25.02185657278663,26.754483874298,25.90426088362316,23.076480527591876,24.55006408687999
25.017442539593503,26.855473256501824,26.27380668499985,23.261078504561475,24.51676459769652
25.106359028069,26.97533462686937,25.896254222353367,23.33936222428601,24.545440938809516
25.10492654961926,26.815996559409776,25.95507118042466,23.503905749964435,24.593917880617106
25.353919944437017,26.75419278784313,25.784044932501352,23.64056058741574,24.57135970432175
25.140087492466893,26.55691753087446,25.784003334580397,23.97975789632222,24.472623903536693
25.025001964356925,26.345202131603703,26.086235243518896,24.112733458162555,24.371846423443134
24.94039639840911,26.53478573035316,25.83876362785308,24.159777615822733,24.275874988203885
24.8703691730525,26.3191468085197,25.74372423193331,23.956870046249605,24.39873974837422
24.80321777350163,26.5710915228114,25.628237838706355,23.8779772712498,24.333476401218064
24.834158229637385,26.84156798466577,26.0973369975412,24.04251732049428,24.392859603576376
25.074515138558944,26.785702341451323,26.092037072194344,23.988761276994676,24.322664342169848
25.087923522176077,26.739588358441534,25.785982140193543,23.791515904725497,24.547833424476263
24.95644326565982,26.91836752848769,25.74445133952396,23.648427314100683,24.53850567191898
24.802140808017214,26.97552138110901,25.84445851248212,23.45223408152664,24.680905627162428
24.764773182416683,26.80419016263709,25.782447844367333,23.65184937476032,24.521834411095053
24.775399681626123,26.57789216721095,25.833180594491324,23.709667597953644,24.63749133533573
24.704008487104197,26.368921293463103,25.792024971266382,23.42342675458075,24.422171615276508
24.859715869870307,26.541172405047465,25.54756204563028,23.518650154074617,24.24838442956972
25.056906103311302,26.191570678469255,25.718251921374097,23.661921087677317,24.31633250774936
24.87945882198025,26.18785977770707,25.491518821831527,23.6604207836302,24.285247350101805
24.71534705117848,26.215453058596392,25.649627024631855,23.66360496159588,24.477064873939124
24.52952412101419,26.1770805176809,25.5955783580236,23.943008686047865,24.520784423267884
24.33803331038788,26.08687714504256,25.91446774637216,23.99586775769455,24.522276175195017
24.190619011604277,26.11147086939401,25.75510068332455,24.179790251243137,24.37145716209179
24.249480842414275,26.123108781945778,25.88373906420452,24.106992739451893,24.567133287389648
24.09937124068814,26.26643669313771,25.88284418823522,23.970564760229443,24.435094253491872
24.20320159905776,26.264733703831894,25.78167205955911,23.743088749032456,24.51749587615708
24.05029205571698,26.21778294437877,26.039283378720352,23.899305278192863,24.445978338667253
23.90956576745001,26.22371662564163,26.107375839122625,23.84334715952723,24.481236072596754
24.153579855607266,26.315997567516185,25.78250890144709,23.64884543849384,24.499332980709298
24.11106142650557,26.27087873538416,25.821760334798824,23.533639115283496,24.40363458545908
24.33300810617791,26.094928110333854,25.810481441275005,23.784732203083298,24.447373499685355
24.47631617194624,25.875362995747363,25.65734057814118,23.510114354307124,24.608181721182078
24.44049414430187,25.92712799328412,25.695551554357976,23.43237368332576,24.60395696863859
24.5332385399706,25.924889373684515,25.611391129536333,23.719160047887705,24.53113999615157
24.564265640296792,25.91269483060861,25.466792872040045,23.70626288316647,24.37170471910861
24.56205017527372,25.827925147503837,25.391843290240654,23.853658439979203,24.300749402334027
24.722859544943407,25.93269464068445,25.577399205614864,24.017978641872133,24.232110137342257
24.71936397104694,26.038247851179968,25.44646906757681,23.80034548990496,24.235717259391688
24.735013962877296,26.08658123894505,25.56925419776801,23.78227942857608,24.547602048619616
24.857801720401653,26.111895793454888,25.622115119639695,23.590174137391,24.78383896430693
25.124131612746083,26.31882311677848,25.71897941082197,23.63466509029049,24.6038195523626
25.13806065493105,26.314204845700345,25.423864398257624,23.838431439047955,24.732832613302467
24.99238129218457,26.526072527417263,25.70331031111687,23.982036871907308,24.728080916017387
25.200764520247724,26.46488680114972,25.58426836632612,24.249903559617824,24.6755631276948
25.03160973700339,26.541273001175806,25.46327954961793,24.17466596444822,24.614440889123863
25.01574356890048,26.41208323687307,25.847119756324737,24.10460792345899,24.499356418271137
24.943194801204125,26.320024765218346,25.562513598080983,24.076238059554004,24.405599159860625
24.905119323028103,26.472105896233256,25.452051628999687,24.14905200677293,24.333076041211797
24.959230370061736,26.49853355912268,25.7048884198394,24.263835328661155,24.355933033241488
24.889634127601862,26.54996879454669,25.737200644286386,24.213592280051465,24.512410104410648
24.917537171368966,26.335940253596952,25.867913939086,24.15968977185964,24.505522334519224
24.590725815551465,26.410882283053898,25.932466948583016,24.023575331453205,24.544996836972736
24.733426744616885,26.45469120353904,25.88191482802414,23.830275029580545,24.2569703051072
24.486315982271726,26.52875095207835,25.756090602913137,23.90390393123018,24.175135610264235
24.652312010138463,26.423270263477136,25.696917181908194,24.038162835811267,23.9936334589642
24.67608384541941,26.745600817629214,25.665658687603145,24.210538843569463,24.0059389232739
24.82620159592009,26.57608086169698,25.72423064569516,24.404135328030996,24.00642935319352
24.79357541465906,26.582081919940094,25.70639360694665,24.25803177577224,23.808870568684902
24.70992828316768,26.86859434441857,25.598146289014124,24.495621458327943,23.98888359201233
24.972103908662373,26.573573429407173,25.886319946351083,24.28429736747989,23.99121469848601
24.87138694618555,26.417221799095596,26.072180649002878,24.517787115874025,24.098115500786644
24.75619453835012,26.335127112442432,25.944269152168367,24.43572216186212,23.952027377212925
24.49620351025658,26.32558419421715,25.701499590347968,24.4794277417073,23.940327023032616
24.51534278577591,26.272100646253985,25.969032704830397,24.36221460604151,23.874601323662034
24.61274045436259,26.477797100998814,26.18351534742161,24.25171481269707,23.81743933169387
24.543511447004363,26.459835121381275,26.113718074010396,24.28833121409402,23.85374119711557
24.63414854468577,26.422981793887487,25.977714195321845,24.187177298975445,23.824091504360545
24.408741512064537,26.11810792622268,26.155173882410647,24.234393427879336,24.037892935511305
24.278259283947342,26.042084946137496,26.469538814455085,24.186571847307317,24.008136165435864
24.18374535950713,25.938977250340088,26.63310730020938,24.15020685581433,24.07309408021368
24.271825496331594,25.95469538588188,26.512956630977197,23.96441835867795,24.19784572519269
24.130688169632084,26.089501947561477,26.04377232409645,24.04839519317768,24.22136932593446
24.28721599407833,26.031164917942355,26.10138386455225,24.151668969147984,24.18621121138362
24.43924443829084,25.87935777770243,25.982663087048383,24.195716742499567,24.329894211185312
24.347984037515136,25.757609768663656,25.74208373178331,24.201647633025832,24.389265842248435
24.40880376004832,25.96917659840981,25.619477586356844,24.36940649142765,24.488002428882396
24.304413550863583,25.78514658079161,25.884092832884367,24.306374056344534,24.367251983427906
24.297400387023757,25.670808788700413,25.830599294880077,24.581308785925533,24.42604029782385
24.420618464531707,25.889076238883412,25.95452223014792,24.513562599114923,24.573201238054335
24.416771717390507,26.04280612434305,25.70681561497923,24.496919804688453,24.769194525148865
24.419269402042943,26.43685595128794,25.81101793308973,24.485408019671816,24.7069168711166
24.49161539184602,26.290480505437557,25.74434771653293,24.381556996131252,24.651701763246784
24.508530391452368,26.29059830574537,25.861927433676097,24.245105164637668,24.77642609403696
24.740145432156453,26.550077490051816,25.790823524617995,24.16475592498773,24.669846109995664
24.6056629106629,26.5227640872288,25.780379891503355,24.17371324518799,24.57036642957387
24.754689826401147,26.73393757320485,25.830536750336123,24.009544842688943,24.833111061593925
24.87859851727356,26.744857774918795,25.90159618016999,24.02646742076822,24.923598350997008
24.82135363080523,27.113341057319047,25.68586417426314,23.908496693080988,24.548394360279985
24.828992969542547,27.00975945591172,25.844928052265384,23.922536393031084,24.49955380934107
24.558951880201636,27.155604262070028,25.642540531337588,24.179457898313167,24.787104387538854
24.40064289678349,27.18003875763325,25.724178457027516,24.195229782308974,24.617056502205237
24.529203719384668,27.34701793762868,26.172304988302475,24.190581295683646,24.531301425151717
24.5094482681015,27.373781194299845,25.83855275925545,24.323908763186463,24.59898088630991
24.46427895553437,27.29550384282979,26.07893212860693,24.223510010204613,24.59444405803665
24.29110420324009,27.211730927918328,26.146195889051057,23.92839560521949,24.64926843965322
24.388208951257266,27.365531316249825,25.793759674377988,23.983250416428792,24.80975468232244
24.279496452010303,27.635342165001823,26.064432407364865,24.130430969588986,24.91471163533912
24.41896476845033,27.3937041704273,25.917985472600098,24.252326631503195,24.750053990889207
24.3631073598144,27.330363240221004,25.994666458429503,23.951104930505004,24.570323229061437
24.326406267402024,27.48771527819759,25.68876844866008,23.8648412680506,24.48550793067415
24.34349709400409,27.33821307247204,25.74883403016773,23.906816845067905,24.6527808341512
24.576296416996783,27.367469386759264,25.81298642016939,24.060145442738083,24.73018837923546
24.593704910693173,27.44120931664855,25.757893384784527,23.881831229439957,24.593954186614
24.51088629554714,27.49732376477341,25.732256863977597,24.004301304927463,24.858159732589545
24.70613197663659,27.133874920679744,25.755071249289188,23.939586537801222,24.640881985354003
24.508239794061705,26.980862020863256,25.807564429768743,24.034851571448357,24.756052465638625
24.767567982982417,27.19600826156496,25.579653466894605,24.138760637094524,24.88211647457692
24.636024509154367,26.767910117911487,25.35564557880331,24.150536579614524,24.72264190691371
24.619159831900436,26.609366954299983,25.43793537526633,23.77624360151618,24.934003294703967
24.897342303051435,26.798054113038653,25.50906407823981,23.905093855587666,24.871981277109462
25.1910718821883,26.925721441581693,25.260952150271688,23.988816337513505,24.918877759737413
25.110553558493184,27.01203246484401,25.22124124692064,24.02989675153697,24.907838393915547
25.11087693667284,27.28301882602941,25.27044109746247,24.20904660579716,24.92885357327718
24.84532506476624,27.15738339363682,25.48944997977682,24.10935632838081,24.838534757836538
24.76988382736753,27.034156378990872,25.598449620730097,24.17498347546018,24.846246141353184
24.85427231301337,27.067548228266755,25.64339709136942,24.239218996964844,24.733660281040745
24.85411536077968,26.78809442600304,25.79336928304397,24.07302419962058,24.68579883436419
24.7823275993434,26.854733419691865,25.735507300299904,24.01251211963132,24.92197246463905
24.82083458510109,26.885079872680016,25.620922990587072,24.18300355482585,24.98575610525265
24.68610791331368,26.91596403679814,25.66470394566057,24.294657024832084,24.88483189482353
24.582849711443952,26.73018593921853,25.582084674378084,24.18182986797265,25.19803077306736
24.779403586345506,26.71491868049446,25.602029899386544,24.05479964451478,25.133971417895697
24.81706607538894,26.79231301283204,25.712533132592608,24.048160414185705,25.12519049912849
24.80745846950653,26.650692420039785,25.57404671604923,23.959852777644684,25.17185285142101
24.9419252676042,26.66179984111197,25.62687737294979,24.17297893619808,25.25088718779458
25.07791100743421,26.668836635717344,25.54282592634302,24.17888266993321,25.370768582062496
25.047761511087664,26.3369574210217,25.785179797378326,24.08599278087065,25.6160142213908
25.19003981328585,26.083567526146783,25.70159195532763,24.10344617317056,25.435232960641496
25.351013899729967,26.12090830405913,25.59317599267551,23.993839206923862,25.59668993249398
25.545722653740693,26.36473838213212,25.563079090742008,24.03306276737889,25.6132358614943
25.394890744937804,26.19078249885328,25.432582555887212,24.036879074924048,25.62035701555196
25.58850381975547,26.303301876373236,25.562216205829408,24.24494473310886,25.521815081941472
25.344574315050536,26.314267036302923,25.65921208431485,24.31540671514132,25.44777782930588
25.285873008014537,26.538921785045748,25.81798128958174,24.42896675025573,25.418167320021585
25.50703633635997,26.6736315710294,25.87752519029057,24.42365005893044,25.647959194958595
25.22444433356676,26.93336504639081,25.91639015192476,24.30113787561592,25.42097582442847
25.10880333583245,27.125467253366097,25.907002184045236,23.927385306633347,25.58707316571141
24.976882402983104,27.20770513249959,26.077618819625958,24.09759102549893,25.416285544976112
25.17830959102833,27.368275071859724,26.074838151334102,24.114746950314128,25.594802700266804
25.330691250812848,27.143925885068967,25.909940073413203,24.24035104501545,25.47223472010251
25.314215714496186,27.155345959835483,25.82821192696603,24.05803334373582,25.69271789537968
25.13933273149445,27.20129047692423,25.92341731075156,24.289614653207497,25.68246286109826
25.10804060236538,27.47506703768707,25.87670130800489,24.00971314571536,25.60765461552748
25.092036562806044,27.652098534254204,26.00951496912292,24.016106674650384,25.858792989754907
25.202685613546382,27.59989356549379,25.997820644574183,23.99864679377381,25.89356666005188
25.24607259681547,27.416877761435103,25.913968746991635,24.0090029661,25.9288462176481
25.23734392853354,27.532811183937792,25.747328517589896,24.07799290008372,25.839062251251168
25.4368111268309,27.206153312667325,26.054631978546983,23.887038190111127,25.761246247257336
25.69115619717788,27.40710986614801,25.960922890769275,23.94274874582011,25.756228907586944
25.69069696071207,27.48968844671681,26.11258252074542,23.922253946832715,25.6828982393544
25.82082550751997,27.656496830337463,25.940725488542512,23.84006818507484,25.680938016461276
25.820841369371813,27.70483672830026,25.825297580287906,23.809092561006757,25.64550347971882
25.91934907440818,27.882403203581774,25.9565569174471,23.63918034172071,25.555018085104397
25.670252493394106,27.88352540306937,25.814620347145524,23.575062299775453,25.567821755659807
25.68464175462848,27.98997114723075,25.79825502895825,23.376094437762543,25.691040279525843
25.31078295869196,28.005664309143512,25.97660185029705,23.70313302484384,25.79497083687697
25.338178172549718,27.87220534283728,26.03248562621803,23.589844669976586,25.7112611722822
25.216940541605062,27.853417196332973,26.06812347548246,23.859317882759868,25.669342278235032
25.3180990785102,27.65170941241347,26.1351471695905,23.627271131064237,25.539714166237253
25.199579159379297,27.9920082159944,25.92056255136583,23.825151461400385,25.386692866698365
24.894467116786288,27.90825222328884,26.11469163998363,23.692402802470998,25.27820202084841
25.03981974202166,27.72082316429036,25.972446147735823,23.55460837611116,25.41748543471557
25.183422022017083,27.32682045151817,26.273853188690676,23.751757980920587,25.24870745703255
25.27828628288536,27.406580705606107,25.879656101945248,23.875087485781144,25.18274646396197
25.41989420072261,26.967937389126877,26.094939904734847,23.69251048034084,25.00764524112884
25.32572648967238,27.14179233090901,26.129143476406373,23.57899161591903,24.953932052648284
25.412151650004848,26.742381481470265,26.08091976815794,23.36130941685221,25.02149493834749
25.458975608384737,26.906649544054726,26.01093024631091,23.49565872218869,24.95561026371388
25.735054563054906,27.107685144765,25.72550914985437,23.629757766567465,24.95368114252937
25.930698027354417,26.977838718826117,25.72132514700857,23.584074379022105,24.95602814931199
26.368707664988044,26.98159569167699,25.675403432018616,23.86591420480819,24.839033015011708
26.370925434102173,26.940064022703364,25.51981025624721,23.86431969518666,24.63368471989605
26.40519306807424,27.16353091636969,25.47925566749287,23.81914770185778,24.5915846454826
26.05429863691128,27.28375611574839,25.60026547928871,23.904598184039703,24.69882002639074
25.845701292215857,27.159489018031334,25.744215531882222,23.956566800467098,24.684779893846876
25.94853726986732,27.179752493764088,25.5540956640354,24.04364324039731,24.46356023171251
25.86628588511071,26.700317560009815,25.834126654170174,23.872118988032256,24.396230202645977
25.825553398158164,26.63960369491404,25.65686387116492,23.90656730649351,24.31613957407172
25.422396218699788,26.59343813988753,25.28659138558077,23.798158317875988,24.270344133754943
25.28960318033236,26.694711197050918,25.318755849551824,23.91785701612412,24.172683489405003
25.370390904269293,26.72660927364385,25.329333612907973,24.03552122736751,24.24436695411177
25.27582438303365,26.9434425876032,25.49383014042108,24.00850420316712,24.206599534173627
25.295903480470475,26.84711405743609,25.527540625987545,24.028945369612188,24.45620422199208
25.216418632163336,26.993465886701173,25.709428285968027,24.028073934177257,24.32461955933553
25.049711559268346,27.30100815851481,25.869528938405665,24.005303299879603,24.3058152676528
24.850661014560178,27.08172302656929,25.9811312492165,23.883712259661166,24.48314169528309
24.926984434219097,27.126107247953005,25.596802181039457,23.94798298530153,24.390863719946108
24.82306274515742,27.02674796117426,25.7224035501745,23.83959138456263,24.471398494823536
24.904970895417232,26.91879398353891,25.84206609153595,24.03606616293543,24.397230151116624
25.065891702606933,26.894328846853227,25.693153194079056,24.04723419479464,24.30723968128325
24.96035964789624,26.90916080569829,25.450931563001333,24.040999239221737,24.257908945592245
24.78360606378751,26.75996699080602,25.33913123946698,23.86007584846284,24.1057328430928
24.990210456375767,26.65669973394073,25.23006425104682,23.75552894036612,24.01661073822134
25.00625505031508,26.57348201032472,25.06043149104364,23.66415668501095,24.17946313470941
25.105113124421116,26.92908576986603,24.926672546733855,23.763607289965,24.27871047335525
25.244292750413692,26.753389294479906,25.08875815757472,23.66635543201448,24.15090736479033
25.15245060176996,26.4657101993158,24.988990637299437,23.87357154996547,24.12336574460696
25.18695041591144,26.484887553439236,25.17447569260801,23.85968993933292,24.107822500898063
25.232359818806103,26.58620552667882,25.34656218984425,23.703461329981987,24.02784865891201
25.264087624739123,26.863299343000165,25.38168448655242,23.53523245064417,23.974394548608643
25.06050527259229,26.94746677970045,25.41988383118462,23.54604554095415,23.99571345265254
25.13712914808961,26.86493445799321,25.065419919983427,23.475618743761007,24.02462689681006
25.187852081202237,26.9870597392688,25.02997016264714,23.310142028130315,23.98842747656544
25.27732780440556,26.927244216589788,25.01076343555386,23.662906128872343,24.029654932290875
25.331953458856084,26.95827348145133,24.9663611368694,23.66062615472119,23.792691889999976
25.20205989851752,26.946563587694666,24.946937482507117,23.64616244637168,23.903926626287674
25.179801343921312,26.8533880137454,24.96449367197679,23.735096914863497,24.151912556973468
25.05893648308255,26.873234344765997,24.76540401010655,23.741151019799734,24.32212953459977
25.29352977132737,26.68979444510073,24.890103748035827,23.64511347582378,24.27910599654357
25.0844455351993,26.545720880274093,24.954481585667303,23.989156112673093,24.060685206031767
25.100480224092863,26.34790344485631,24.93587324292435,23.7249940824608,23.991389418673396
25.073973993528213,26.468615196830825,24.964472861726197,23.662300683457804,24.096239289215653
24.9187452773012,26.4504142377021,25.010608227280485,23.706020672954256,24.301000997244465
25.021460558185545,26.565417732683777,24.965494313263225,23.48194103156381,24.35785198698886
24.844738597366664,26.72441850784088,24.945797270382897,23.551868425954268,24.54457457032307
24.91497007422185,26.91251001833557,25.06479763594713,23.56779174052512,24.497769837519048
24.798239452016304,27.241956157152288,25.08466154385518,23.665494957500947,24.514441902724325
24.93932644365332,27.17338249000244,25.00324964411055,23.660829434684167,24.58452254480524
25.146365126951675,27.421601820576424,24.96667860922928,23.633770206817463,24.46840803761153
25.26213907071912,27.425093483920456,25.06202376856056,23.577020413349377,24.40854026412264
25.32898775582163,27.319635076270377,24.989727001004443,23.850625632613365,24.438198927287942
25.192987337454948,27.32848754251645,24.98921757380238,23.840185176936668,24.355606158333615
25.01178197813947,27.17407559191365,24.98922993626063,24.014995878444896,24.56384087870724
25.234818819725533,27.160377079699515,25.11996288473889,24.00711323041992,24.489176350226177
25.24215380447387,27.08115779252089,25.02104031025853,23.94075988960664,24.4822794210675
25.17216831932991,27.03507400892573,25.0959575077342,23.980204094268057,24.47568469469067
25.07178214120923,26.95975359546044,25.235254166841976,24.231010513941563,24.51609094467085
25.60709374926344,26.83441945072636,25.18076039727827,24.08838017409621,24.462031949775284
25.868044470151982,26.9954505891465,25.075249706773,24.157656042299216,24.306893831199503
25.920004210166837,27.14712228829284,25.22620906790649,23.99004950640912,24.245952429288288
26.061965418215443,26.962154617030627,25.11005279170384,24.12902669355762,24.42866334742976
26.314507668313475,26.79263906527548,25.06972875106955,23.869341680898955,24.58434775079901
26.093913692684374,26.89453549896523,25.293200414797088,23.90994245408984,24.63911157946098
25.74208608919368,26.97530673322944,25.159593374646985,23.885241372272503,24.49678987981849
25.65703642900934,27.15218315041384,25.319192656813502,23.717026045387698,24.71150874296318
25.78373786344517,27.354149407344924,25.095976194625663,23.98625875431572,24.813632201941868
25.853866581495303,27.51162068090476,25.102826348525667,23.66583120010909,24.630676237654075
25.75322053828431,27.309536157024738,25.3504121307976,23.778954866873185,24.752233086205848
26.036042932174738,27.26924447296208,25.441822198228543,23.65785346961927,24.864295177363218
25.717164679001083,27.16308597647353,25.30002674697463,23.655166735795746,24.890712750303667
25.64114274673692,26.883834911775057,25.315968345412013,23.74702794825993,24.7878748075494
25.414501208480367,26.90910266027401,25.37089602439196,23.76163441759918,24.73296166831179
25.40425547749747,26.66850065320987,25.45537225590185,23.93971415978276,24.827603743690624
25.41066849985118,26.474520455177885,25.405610150883707,23.873115501883056,24.767664867097626
25.592016884344908,26.294829505579948,25.43802582875596,23.886982395885617,24.8404812376491
25.80183579339832,26.40763824010979,25.730504626046127,23.92579930243943,24.9940440380573
25.81675871047854,26.54205775315583,25.86578788371574,24.00645985075142,24.965320412680747
25.644702641371424,26.786952237072487,25.724081522068545,23.84386748644097,24.801007887912053
25.86271447982959,26.703873835489556,25.8948528181794,23.73415672033128,24.77317066110144
25.742394785112467,26.584058575183896,25.789050871755823,23.800023643991125,24.968368186911786
25.53971907322084,26.40211037482229,25.824058042252403,23.927319196885318,24.926153769218136
25.617583503507426,26.33201615368154,25.931228007169366,23.97870126652176,24.86743530012266
25.403090922198857,26.32769201553324,25.894202762354503,24.05684377857267,25.12672483021544
25.07264334493757,26.433419326968,25.75714461103331,24.08476607644397,24.85815234677997
25.33193918283725,26.38324063594312,25.816085071282583,23.73972903706345,24.79982306571548
25.452132293337133,26.42547696098511,25.874966942017583,23.61808942985062,24.751492431023525
25.35000748955409,26.459023375183182,25.868655943982795,23.514666496347655,24.715303218901493
25.75221175035263,26.55362447786834,25.56691377242108,23.529152519448346,24.635405381945716
25.7440177659358,26.454629511667285,25.6617707400392,23.470606593341703,24.993830841283007
25.571084365257686,26.62110486849317,25.26512825682937,23.6225302227163,24.95211794413896
25.37002611744328,26.593114599000558,25.08228614576334,23.67462131264618,24.906804370462183
25.82501830019493,26.56391675669373,25.09365775514935,23.69792036567652,25.00263707827329
25.51360195751831,26.61738648344101,24.941043215820603,23.74692788751041,25.22953598070561
25.294587982447982,26.09357888035645,25.303424055553027,23.641112351035005,25.17673553777146
25.34131877228687,26.002945598081865,25.349622641426063,23.69374909998144,25.097732822541328
25.528807791689196,25.980594653743992,25.34705354953325,23.63031273253437,25.16508520897735
25.332282524005084,26.231657258565622,25.3343789578941,23.65127350158768,25.34895286563493
25.408510182900866,26.01634325586369,25.253765380703594,23.786577056831614,25.253702540092107
25.552805297387614,26.012335998640104,25.42565142817117,23.84134806384491,25.21306672073594
25.893273882473117,25.83425526514422,25.410869789723296,23.947438500941345,25.40074294570517
25.859657393960685,25.79614661970508,25.50621514447244,23.831502407093897,25.390119025710423
25.82113721918565,25.93796977690137,25.589008936078145,23.91753218307138,25.36506998246373
25.648676223362163,26.300313498800357,25.428957937188876,23.779779498480327,25.51856939404099
25.9595654772754,26.31343279862629,25.427212613272005,23.8752667777125,25.497314538880367
25.85268584678093,25.992811898270197,25.37221591602404,24.020728154814638,25.28807524849333
25.95950848479505,25.978570874776093,25.439630423440025,23.977094548589506,25.24297118215309
25.89030111428142,25.897048533883208,25.26855898960709,23.95307296353124,25.443611531764688
25.7821544727869,25.806574888250346,25.22921807846024,23.680292930795552,25.721477015371534
26.077392169930164,25.92440173369512,25.45889456669483,23.9730876105884,25.762495530478127
26.29679059325378,25.853873908657302,25.50480941961332,23.799974903492696,26.105600059821697
26.19003788659016,26.049150721183057,25.354812549683192,23.91969717665528,26.1403201195988
26.27756407896761,25.864867442319778,25.583853283645887,23.957752607341277,26.187102890945983
26.39555185282373,25.967393522521064,25.50583377797665,23.88396891968313,26.17329084214473
26.09032903327373,25.90040751086346,25.518055437663904,23.78916249790645,26.18326176050503
26.15510784235646,25.91020302296788,25.535631363149008,23.95343880687676,26.195738081999423
25.976429641695184,25.624117779643523,25.43006525819761,23.561267792848643,25.99784011563853
26.0505078011497,26.062913413365784,25.51614386318624,23.61112092368883,25.99254346979211
26.13547862953886,25.941813766765765,25.470208963276693,23.51556579398842,25.814140189706546
26.16243594829537,26.11657958832013,25.27324680839265,23.34902689594472,26.075494770804735
26.219729781926205,25.713113759814014,25.464271775299657,23.44456408224792,26.370526290813668
25.86684405293869,25.72086696222098,25.36419679310227,23.52510499323233,26.546582449179787
26.08128067473678,25.844518108601843,25.464798651556936,23.66826592410909,26.34785750276992
26.336097479871903,25.80747194911084,25.3492178206571,23.560118888824448,26.33415792847076
26.46826366497149,25.93026531530914,25.22426678212812,23.880292336658563,26.49141190885649
26.65416314302436,25.748637311880906,25.32068764788306,23.693598289133465,26.30654176897504
26.835937659204248,25.84588513846113,25.303468785255436,23.84623612267048,26.24241062784297
26.66631653550408,25.705651149363817,25.440819867119917,23.55297995192104,26.34917794907682
26.47022765230914,25.81442918512253,25.668982565107243,23.64800916354881,26.40681831433376
25.999293158612844,26.098630423781067,25.529002366744184,23.54763522591457,26.31232706990752
26.02160659549101,25.98523691976038,25.418816826277265,23.61708051321613,26.157480713631248
26.097954620701547,25.70821443086284,25.338325199028983,23.769758762115952,26.33512907672917
26.25435773657147,25.765295962924007,25.58036176448859,23.77112569072166,26.168373966619075
26.29337462741577,26.172892157956063,25.56707853957412,23.76592487118402,26.279514078350708
26.34454441664939,25.95150090108216,25.60757788292204,23.83214293573116,26.153859054621343
26.580737883930947,25.944604575156376,25.56540544653966,23.8668995244306,26.20706422005069
26.51979175130393,25.73993351566628,25.6437662123372,23.90206566425504,26.455020702529183
26.53213688568164,25.77238673188184,25.47564250480416,23.82221597374987,26.472312210466512
26.47719425240423,25.855147704308784,25.420262865855992,24.038442500970184,26.344012147606545
26.509144578231083,25.763289396889437,25.5394385894286,23.8702569636054,26.07817346531928
26.191169066302752,25.7730417433734,25.62333941289168,23.90650095644586,26.132485398564054
26.106534502848223,25.69586722336279,25.59842112946261,23.89211062999267,26.100220933994983
26.24897534951049,25.752082308401132,25.887603902614742,23.745585486098637,26.30059004713647
26.286945749670096,25.55928093363234,25.79604873742236,23.560423071834705,26.381611875349662
26.29087682452935,25.72120355180142,26.124160087549733,23.48924203873471,26.244263610139047
26.38415858087983,25.549888415121536,26.14128659447044,23.407548414699477,26.200507693217254
26.292686384535333,25.548410427790596,26.21601414900996,23.09933364300703,26.09000765178301
26.240303217507968,25.577088443784188,26.023904140481758,23.2580050394312,25.890373584302026
26.350556422317112,25.690398538596583,25.892876044925405,23.53386543596165,26.08027813861378
26.443396074449737,25.7913051319756,25.93476673272526,23.387833150922123,26.08253528811
26.380827575868476,25.49867712880966,26.21795572692472,23.539639495139134,26.22282415591308
26.79554868145552,25.541533544860155,26.24576510645384,23.77059437817,26.19989629286585
26.697542567702943,25.429054847310088,26.14579847487302,23.58552290258121,26.30400177523733
26.638847490712426,25.15578902307359,26.24175495082661,23.836536029202687,26.18186930788988
26.586739958509305,25.349924623265704,26.35976160024386,23.81538543873737,26.194542261780786
26.5044233286836,25.13495387158937,26.16675044158045,23.702365568055797,25.953330589459814
26.60600302322209,25.29248239346865,26.157807988333225,23.889730445992495,25.806664984222227
26.62759185488793,25.47253539516069,26.35621731042637,24.21208909675585,25.779102164410983
26.618023412370555,25.60935890234039,26.471021167192585,24.11331881981849,26.101467385763016
26.635764780663383,25.598808629219302,26.394728591435605,23.94364721563811,26.209329780356857
26.52408565128264,25.600894521187413,26.45767765940643,23.78351082731308,25.975174462366
26.565542296123446,25.526106765222277,26.35067619694613,23.807215882247267,26.095703696124545
26.64584309436561,25.47009723883976,26.23237964417165,23.853936899002928,25.891380801359063
26.571343369579324,25.638344567509392,25.97582797413102,23.821410724656545,25.906778279306145
26.46052147924364,25.50802330643029,25.96902253331878,23.88209061287296,25.995571760464117
26.17050560657703,25.471443887351736,26.00122327676004,23.917016834467912,25.946019564010957
26.055533458695677,25.63677859182878,25.906099662251474,23.97688122469594,25.83191678789919
26.23157602823722,25.46655437959698,25.910790417204232,24.035901976471536,25.83516095878935
26.3808265949295,25.647021926638995,25.996929160044875,23.82283180334203,25.893012258448053
26.1638006544102,25.73742849925901,26.240423481767458,23.78813454142048,26.03896559251288
26.295780651155784,25.79868231530611,26.15371387153529,23.90576516413865,26.08430754831125
26.173569345983147,25.715398109041896,26.001789089400848,23.841884952135697,26.28330832609164
26.249870568402045,25.760706314733483,25.97852388644369,23.790009956645637,26.26738091319436
26.20634155834204,25.51535226825092,25.94028056091904,24.0489309134174,26.253468054247
26.164684373134044,25.579209518172387,25.88628856167809,24.13145635912588,26.389087524497157
26.244901841052897,25.462594413013225,25.61748556371881,23.962056046793546,26.269202230540703
26.356933339049668,25.690322569150798,25.71547712345754,23.96526141952312,26.38456594215201
25.936716128860837,25.72679992655584,25.611048904381384,23.905095732537813,26.92340436165433
26.121215244043785,25.807576626166757,25.64849853172246,23.74753197302502,26.93545971698897
26.09196940857683,25.666994510174504,25.76642443100563,23.69098871030485,26.891400095514467
26.087843869409333,25.8737281958532,25.81823453468705,23.53622026022012,26.91785566213407
25.94354573371362,25.81217290255708,25.433728055287855,23.707269192304285,26.7650955072923
25.7973117162668,25.828363804568607,25.442559163948047,23.74583084403292,26.71340332783494
25.700865906833343,25.780316012897977,25.37079246425792,23.58547294564579,26.77847932909024
25.777450523433107,25.773885846467884,25.553123274290925,23.568068995963284,26.65680737289154
25.663741523631423,25.875943169475537,25.74239289354238,23.653381324488223,26.547816743041853
25.58977065721181,25.884013314311147,25.92973078890568,23.82078823378068,26.64225433082257
25.54832558967433,25.801425779001576,26.06536821706737,23.844884792263827,26.730307777036867
25.69993381326469,25.71786337404121,25.95414637517255,23.67247549341316,26.77088109542114
25.630578880404904,25.32163365936208,25.89397128729061,23.619851340586383,26.905807124996063
25.945678406336985,25.554656952814764,25.908733437042173,23.61287096489236,26.86662411479912
26.19557392988962,25.339868959149836,26.13078081721352,23.62744631022437,26.65983326955337
26.200630463424464,25.61361729475084,25.97698348781524,23.42557266335117,26.576193886199054
26.14432465229857,25.503993153734644,25.97349500558644,23.4865055400086,26.672063553348043
26.040817968398827,25.731663959722965,25.95512181348392,23.238524558782213,26.56817377572456
25.92023668547393,25.705017795806288,26.12231123075306,23.322987615414668,26.45319128270194
26.094827004006653,25.660537924930605,25.95838381730295,23.422125607203785,26.60953952700612
25.76988113415223,25.499610175014126,26.085764061027703,23.306573118357672,26.4789867356063
25.84829347827533,25.282401394410236,25.832837615857212,23.26574386691497,26.47612078846509
25.875590486246168,25.278150656864774,25.72015123756117,23.438887978369635,26.218796186950424
25.66671364097884,25.35463039833097,25.95665448602042,23.383349415584757,26.03963763061429
25.755409193998403,25.29032618358617,25.845549850458664,23.465662961571,26.100068779424426
25.765329588629868,25.268706404761517,25.732326055115497,23.46318895274305,25.95256513698732
25.76595739667565,25.26792344027322,25.71645862020511,23.546668203347604,26.05319153405341
26.1303238553624,25.214650324847504,25.657055197576888,23.562955535831158,25.875417378240737
25.99450854236472,25.243551907769536,25.678613214631604,23.48265719232533,26.12599283710848
25.870921666643778,25.10289952711429,25.48046265251117,23.492795562053708,26.159660092121523
25.891169521067926,25.063593834539255,25.433286994074773,23.52326065241761,26.09653879335456
25.99239300933376,25.285522154312066,25.455088270493675,23.619533846462662,26.15225572691468
25.966771326717502,25.08010129172728,25.36854923150159,23.567421794042225,26.007756392341918
26.01784753776347,25.087370916056408,25.368404659346837,23.8171019497207,26.03186468978119
25.59037360497456,24.89904433683703,25.139933467677828,23.781686978538627,26.17374880598773
25.55431685788192,24.89898504197777,25.1053033056979,23.76390265790777,26.23821612481236
25.705344521379192,24.87696566271012,25.147074077269306,23.7227744299556,26.4815862994179
25.695236231365318,24.80003163627228,25.305325106248503,23.74796735810152,26.3038692889324
25.552753705887312,24.77446511324276,25.16595004943127,23.43429660327355,26.33725120412273
25.587583540757024,24.81448575093889,25.144653898076463,23.361469359154988,26.230888336166043
25.52167646668749,24.909454311827417,25.129268808301084,23.321370973468603,26.250460315475745
25.29166932192963,24.94672857498161,25.035516067026336,23.436860640331588,26.215155155025474
25.11049513742064,24.923831141270863,25.18423060218181,23.754184314293173,26.191761599498548
25.111808078032315,25.000951298526783,25.09316021290424,23.71932622736138,26.192173137451668
24.87192229694537,25.05425738601531,24.954552513179426,23.79380641706112,26.281278003776016
24.7028273231684,25.03631955279552,24.95856404928798,23.85613890339936,26.27881783181861
24.579553389179505,25.10298521877116,25.104457393390877,23.734404882495152,26.30932537616964
24.630527817169632,25.093448867148908,25.401273126270468,23.72868727985858,26.257132737816484
24.81117678429937,25.314135027265404,25.369568961483683,23.491742064055167,26.349948177788097
24.825462861529555,25.454042668021447,25.426014153894485,23.558804138476496,26.50240632726995
24.950971811966745,25.312863182939225,25.48879137369702,23.58479971872072,26.794214909849632
25.244441620136705,25.363585427255845,25.39625543978034,23.715102891284896,26.78303915884771
25.11776724434114,25.264243426605585,25.29551194633308,23.8857396088725,26.4984447308275
25.34266380382085,25.051384112807003,25.24060669512154,23.72069953664765,26.60483158443084
25.53714389652652,24.78922337102854,25.115301898477952,23.68339943091857,26.67596040177721
25.642034508384672,25.008819615471985,25.15769546207485,23.59781988665338,26.80464041410684
25.742187506458485,25.0710474261112,25.1459541246236,23.704906674473225,26.984705077380287
25.79103378032532,24.83260073255854,24.96157677857549,23.62780917031744,26.961239777793438
25.660163394560374,24.71737836723085,24.861321223965632,23.868366554875728,27.37102816345328
25.561691375454046,24.60016647889236,24.947565842300843,23.853917448657995,27.47825690464012
25.4714121828517,24.642366039089843,25.17376423111869,23.74334761784106,27.49404462286219
25.687887475702187,24.433694987715423,25.271444698263757,23.751484711540343,27.210318873289182
25.55885300491606,24.43328916525201,25.181453524435284,24.15205887309698,27.239342717407748
25.51065664446196,24.383383622628827,25.486384117970942,24.040673498242093,27.045129254986936
25.413773315545903,24.348434223887832,25.325457582061272,23.944208681822737,27.223852532898302
25.63290229830843,24.428560557155063,25.29517130843085,23.87115997530574,27.1441778208408
25.737994838283367,24.310033318048124,25.1797581040218,23.96469180748141,27.076494621803526
25.766614306248098,24.263612721479515,25.27705160315964,23.96633492040417,27.12222359406959
25.99511832076497,24.2576806844947,25.30808734633299,24.04670567818895,27.162351364381248
26.097190328306265,24.27717115969539,25.433611355427644,24.106459616519647,27.29888758992057
26.02284251077381,24.23230097073167,25.38392819765225,24.10556811250627,27.15864887975744
25.85350858334824,24.25712336765664,25.260142744344133,23.913751936541104,27.151605844459684
25.705786658168883,24.29366765624874,25.32774847575236,24.187150925222003,27.23760020732591
25.820118943659324,24.45968941428621,25.29112282408373,24.170149382242208,27.43338552999128
25.710139697064832,24.35430104013436,25.56661590571915,24.123823725527583,27.30654449016282
25.505984051030733,24.48427386372139,25.525696429778755,24.056771742618817,27.335530526470272
25.55961467934961,24.991431795853288,25.63662899261155,24.09593764995446,27.566540339971034
25.4263283380144,24.919479951148528,25.740406031310336,24.390962777043317,27.42612501895001
25.526939364917094,24.771695777630526,25.694585306563013,24.301225602151163,27.70378963794777
25.66634200763944,24.64772743127545,25.44740855499644,24.35255909184,27.74202381991677
25.447037749844107,24.78268205286862,25.23470192699646,24.48623718917179,27.8131355382922
25.30950760999477,24.802677476295287,25.296327416053625,24.33306937033351,27.939681314581467
25.249430204104293,24.61770558121686,25.220753044260658,24.42454465838159,27.69370577790163
25.201990421873827,24.444989497218103,25.23050306305826,24.33347601187857,27.615560624592938
25.27363275611297,24.49061554911852,25.180203650471185,24.382140170984776,27.754903834858563
25.491227955003424,24.537212819336176,25.44908440816784,24.161312157921675,27.782928176182786
25.4158321344616,24.452116477399095,25.12322747015674,24.319070291445072,27.46629417512065
25.384234180349807,24.776922004757363,25.28858074061208,24.26318017382944,27.376002277935736
25.591099580761583,24.68431210513088,25.2180387178884,24.125208935017124,27.44792370278065
25.51163715766444,24.728036217476923,25.14764653365997,23.91449486432817,27.24864546955089
25.73098035254761,24.65588773649016,24.91439255968204,23.771187889819835,27.239005023992835
25.744658657460484,24.86381737054576,25.08917142486668,23.84093550722361,27.203437487621063
25.65656034136565,24.92378369234143,24.95079352610899,23.64675976649825,27.150015165318997
25.87411865111547,25.002822810563675,24.944419376639573,23.77012316083973,27.236527237780223
25.946777332678757,24.985702122501763,25.011478522321365,23.677295613128567,26.982425656691987
25.815639448705827,24.797907664319805,25.1061582915179,23.64835261923777,26.84273212274693
26.008173529836707,24.920562493515654,24.859534683993378,23.54083723886926,27.092413075767585
25.827378772099458,25.18697627313844,24.919587970412813,23.582214481534447,26.92797381573745
25.704905855366643,25.066565817924367,25.07193605336895,23.54134351529889,27.11185076677727
25.657784755156985,25.20127090375636,25.14345243062184,23.540031043660903,27.17235732199464
25.82184781425856,25.12638534428925,25.132913618185142,23.79539874529945,27.25094861842564
25.78281931804845,24.65591378785856,24.95678947541657,23.74376930378865,27.173552224625443
25.7614114330094,24.738655620904687,24.981631724594376,23.51499349646961,27.26994363085176
25.691185908696987,24.601015373360664,24.90705574651082,23.729420555383378,27.27626533727292
25.4843798553181,24.490904264855427,24.980156192894544,23.637252603664837,27.406939772613907
25.628791520631584,24.435824286150154,24.839518448693628,23.56244825532072,27.35453550381601
25.30249624878382,24.224471904403373,24.73398487858703,23.78159505075587,27.43770888023595
25.381600248700178,24.18208717299776,25.041591876012383,23.47300214217584,27.395356593619056
25.5589143572632,24.215791291116044,24.96589631686284,23.593697475666023,27.125801137227064
25.376988498250054,24.306409766413072,25.091955807726237,23.69893150717958,27.206272300179283
25.32216684229359,24.27959942675435,25.16458393835506,23.550138439452382,27.10603393935465
25.35372420945385,24.46430661063799,25.010662854365563,23.43317158188987,26.71562961585608
25.37214190363825,24.6317122309044,24.97173924137984,23.64854892184981,26.556266083396174
25.494234165090496,24.7615241784255,24.83138875170511,23.558755301339183,26.426850589654546
25.33718312562996,24.97961924971911,24.992107039108905,23.80109762700877,26.410931751969706
25.52822947496292,24.58190642835217,25.14974789713844,23.55932157966312,26.628725665810705
25.27120715734429,24.44713953734348,25.313282466695732,23.51282158531112,26.591225163684538
25.56415710001512,24.427620119438966,25.0971025608011,23.5795594388281,26.570557577561924
25.756023088852512,24.445174456694325,25.13485552708615,23.718776415354395,26.45174796602813
25.75598038571747,24.40696929688038,25.187194800129543,23.63627263892984,26.583348345980795
25.92004300791329,24.502194539464945,25.23858740260831,23.514318586928848,26.488943610294054
26.025769479109226,24.791320939990744,25.371103687000662,23.56535281379068,26.47856348247081
25.611541007456637,24.714420963646333,25.459208444954434,23.700449984758365,26.384377712378708
25.44638065348374,24.60675805920499,25.57520039523721,23.63785901186789,26.190714162598294
25.50741531067028,24.602805215548116,25.377098556583263,23.89049194195541,26.3947618854589
25.46129669385485,24.680331405158743,25.439223460098653,23.74827449403482,26.435863533937344
25.38003452884213,24.714895970795222,25.542812636141687,23.797825202432666,26.50329511897067
25.30951439025969,24.31510275847488,25.70420786995169,23.75180943078781,26.463830708624418
25.420885380797472,24.54123655545897,25.62412491550073,23.89871617590377,26.445760496504832
25.16132420197645,24.575880608967907,25.89670531693275,23.812482417305656,26.44953121042178
25.231990891239438,24.4903570995276,25.77615980120532,23.61384364552276,26.56004215870359
25.433803403555302,24.55646376802677,25.99163801988715,23.72776867913226,26.76975934736072
25.567354711583544,24.559852287078733,25.930465201813444,23.610949169465343,26.884414339490203
25.44905380933588,24.559238842744115,25.679266939459584,23.49754439619423,27.09912856530682
25.34887747260589,24.60761122673897,25.69820070649429,23.53225797260928,26.98620145753544
25.21535435241503,24.46375812968254,25.75128969672205,23.25867115066409,26.78151665844143
25.41440038239993,24.458450785786475,25.81930963044129,23.408516879805028,26.78327857102737
25.310414041612223,24.506368742741408,25.5956554097727,23.314209198102446,26.74213650562846
25.32107918433668,24.64152036235442,25.603788633306504,23.332301249464617,26.58824545674593
25.03243293884917,24.408960410911288,25.43395990585836,23.39581899798924,26.68026367756041
24.99270579745881,24.46585440788692,25.545624161548165,23.49227853393138,26.59760142080813
25.304264706267404,24.30189743572332,25.427629396980247,23.37607142306077,26.52443911301128
25.126560887784414,24.502753359000486,25.30682532762409,23.38870345473992,26.641089163616822
25.710433925357044,24.487310579222385,25.416134081669032,23.292398213102494,26.382426041445697
25.554691557829862,24.39815855345026,25.512640751770427,23.321420001742226,26.243942614597984
25.55859682495857,24.34791325401523,25.51901437641637,23.464435791897117,26.382893919112128
25.314422412285893,24.201423580877115,25.428511290150706,23.44670989857931,26.227195373153595
25.228426446977156,24.364689137019447,25.603226474349608,23.62918634509225,26.2874057522909
25.09723860053012,24.115624270263567,25.320425962138707,23.79380364507485,26.117986103891223
25.06896616796969,24.0652204511775,25.482475938872057,23.65758960855157,26.126756004611032
25.107676634954743,24.13335648467838,25.350985441471305,23.67093872831992,26.074771421802197
25.10281269961356,24.227947796746893,25.519362390079813,23.553433478322816,26.13397160746797
25.001748073785997,24.172280895475524,25.69786440375768,23.72733247047608,26.26638103280857
24.84125640745229,24.17672747738691,25.71599717410764,23.484690346026465,26.3880245796966
25.0227497869022,24.07951292801062,25.70808260412481,23.626687074487403,26.35690235514801
24.903212177661143,23.946611968871164,25.7288293676564,23.52115038940416,26.3238165956668
24.94854800693182,24.161953225155123,26.025197376209885,23.551489888201143,26.29190704303588
24.96245860715545,24.16775416524117,26.023028706276094,23.633399155163424,26.140176278662228
24.651561731316317,24.09667442860928,25.947319942420965,23.68416054226842,26.228148056976732
24.664944882293607,24.083100619119183,25.941997115957065,23.932897047025712,25.98587675564801
24.754647297229862,24.08185553520579,25.972444928021684,23.7999911088438,26.30841833675792
24.837531933707083,24.37328376478424,26.055782115623277,23.93369398545066,25.96878851981217
24.98990305148638,24.127006259939584,26.175775577997342,23.826650531428385,25.9273926468394
24.94234026577824,24.044133400110358,26.32911100630839,23.904604890224803,25.94134351902374
24.593788950570676,23.977288267892245,26.445530408436408,23.87006283999335,25.842754845861062
24.72747914374829,24.06443373433204,26.18820029466677,23.84221713025797,25.713698716687187
24.89907301494347,24.211829161209916,26.21054686610435,23.955646403366483,25.95805656124037
24.795163581170872,24.1887158877512,26.222672812718358,23.82944372427735,26.05575536553657
24.916515449026768,24.106688407170275,26.252043232655204,23.899144733035484,26.08482033868372
24.78925173415809,24.267612694842708,26.210029419188096,23.87813276754755,26.06613349502556
25.02312091771108,24.10259003452292,26.40200125697305,23.893924678820355,25.94492118274964
25.18887549993962,24.157842550856188,26.2750902211928,23.833190664983107,25.816799798377296
25.44971154458502,24.000462020105324,26.37253524773489,23.929004547364453,25.759037535001948
25.68475766320566,23.88272365720025,25.99303292842025,23.854790510259168,25.901835540900223
25.462624809196168,24.02933925423319,25.92835403506521,23.741305602063186,25.996954237302088
25.55755250715099,24.102903476047157,25.99186981881046,23.78592818518812,25.97398525182053
25.425303377550488,23.84704239762958,25.67285413932835,24.01519377740577,25.74729356894977
25.589545567931157,23.787242746877432,25.79624505186681,24.03176285009624,25.743200859676566
25.28598465912921,23.80318296243525,26.09940675704251,23.97418887108065,26.2130358899107
25.29512215279748,23.848108597570512,25.99565186130328,24.064869335926137,26.264955416803183
25.176147039244096,24.01685027479764,26.097529474173573,24.168399809437894,26.30704099813654
25.31629525414748,24.06207172670102,25.876532046531427,23.94514422071367,26.370644949292565
25.454920319093134,23.85105864408136,25.593713277931744,23.70772098068972,26.328788726995565
25.581217810836492,23.81859168593772,25.56399136201503,23.63842919777361,26.158463890185725
25.246139812639218,23.86002289042395,25.68002719331222,23.70881979244641,26.074485132201573
25.406033486016383,23.953782980365656,25.578853248909763,23.69514556849265,26.168614728670956
25.373613734722696,24.0099323248162,25.43673098076321,23.60506545894649,26.096889808902475
25.49732258374054,23.74928777548078,25.13667288888257,23.636092493191647,26.21982927554341
25.272339569001037,23.889004219543548,25.13165368223055,23.59417576527552,26.411919281920323
25.031034943532493,23.649469104478825,25.220550700145605,23.71272624718011,26.509239163113715
24.83240638230505,23.80441925081406,25.25793675478036,23.579542210353683,26.524895163455245
25.000746452732777,23.80669677279188,25.176885773017563,23.561799155589465,26.420185581181933
25.189532596132533,23.79963889258044,25.30890130395129,23.73203250861416,26.343125797894807
25.23573279606265,23.901072598091503,25.23503566720233,23.59828326184073,26.61904233250741
25.10878223405411,23.847915930768576,25.17150983308077,23.616618630143524,26.557573033383537
25.099610788890423,23.9740652894037,25.47051851655838,23.4075183600225,26.633584963443194
24.86950796536884,23.797317926312484,25.258760055460005,23.64726855102582,26.39266753442477
24.684794220150525,23.735107468988705,25.55292740755384,23.43688560255352,26.55087661005244
24.3785327949077,23.596432275570933,25.374617691597315,23.25430997312649,26.649139421391503
24.296229034575497,23.722617600177845,25.371283630210318,23.31205249198229,26.5448398711838
24.459420999124223,23.70830185885165,25.25212335867626,23.42460770462608,26.43236552058733
24.533401198163947,23.67830886888318,25.161682577834707,23.329053331236967,26.22231573075327
24.382841275063623,23.72869742483202,25.094674457242007,23.547373119276497,26.185935412018505
24.40512064054488,23.78235212676709,24.923225580134503,23.418942628901583,25.903458061854867
24.78777345751112,23.854604413851995,25.02209740700965,23.543736899199523,25.559837495738037
24.566415230896222,23.798308275582425,24.7470642538777,23.43744951886561,25.55314038798112
24.699775186058396,23.944724225281256,24.803443843370733,23.414386335189104,25.62673018473038
24.954679196128367,23.89106587179609,25.007338977629704,23.28192980712828,25.73975720844099
24.988360897994667,24.095915455529187,24.931269442270366,23.31042828925081,25.66268539677072
24.752662843846625,24.323721241564293,25.08229235758193,23.397106169904088,25.74801640436389
24.94056769154788,24.325261892193357,25.119596062416385,23.411026545713007,25.97209304672196
24.77749673364075,24.24348299341993,25.396869389049577,23.4566939784854,25.731680200476674
24.673324109017223,24.34773165928046,25.49442182418905,23.37648703003802,25.91678177329149
24.57906175968613,24.358252341297277,25.49634440246972,23.294099268828376,25.961375002758487
24.68194080822775,24.37229501545309,25.735426142741797,23.28190928337178,26.02232826233653
24.75484428006108,24.364310559136115,25.865810235607885,23.17410885376766,26.08374015649204
24.80175709392569,24.43957158645072,25.940875048866825,23.230916608203824,26.21104322839396
25.01764746213793,24.434927494937664,25.909307228976203,23.241366734563567,26.323198557911194
25.155541027011264,24.516370980053107,25.41561757144273,23.231306317688965,26.059606088771947
24.969057540642915,24.492685335180276,25.405579325731296,23.25290909547982,26.07229898656608
24.92893194822034,24.49400878303846,25.39855677289928,23.367471350066875,26.594762566693817
25.04088856638947,24.64238782620876,25.19625868956936,23.50553035027613,26.58159473082311
25.081147688587063,24.44053430745829,25.206164141224008,23.305532657378556,26.265817013631167
25.00215624777201,24.58768786058777,25.20465023799777,23.22297728822952,26.091718711656704
24.83727260303297,24.64316811927992,25.379730685173765,23.161112145582525,25.82400547337265
24.922845094447855,24.493770268057677,25.203912653201016,23.097011930116143,26.00245072568846
24.92877776554977,24.47619307264404,25.231313028495883,23.11025943537245,26.119896208668965
24.795338746035828,24.44990890018438,25.3979933024244,23.099259434396963,26.000537761981818
24.8291046727333,24.354755316714357,25.40311808071993,23.14360193966902,25.941864824467068
24.996793241290263,24.489482231600093,25.46655053858864,23.333848326232385,26.04964615203656
24.94544391195419,24.658416423795693,25.287475113173308,23.24954133705285,26.108677867400512
24.795156715657036,24.847953134128005,25.317791510439147,23.19543416021908,26.093769428563466
24.702950477553323,25.00455573633825,25.185182044616663,23.190548269759592,26.244692131691487
24.740659782248677,25.01817365402384,25.47408882815025,23.177325338467767,26.182711412541032
24.492814249223677,25.101168039462333,25.58886468515447,23.04638836212188,25.950387887347397
24.570689034633364,24.98072464548586,25.81069245033855,22.989578734823255,25.99152841627499
24.677524229894136,24.92193811633892,25.89979951081285,23.136542863080567,25.892657527484545
24.74936981381534,24.89915402889158,25.88581412793058,23.20374700256864,25.71667767025612
24.575208830976862,24.92272182443052,25.79652395114011,23.3310544979424,26.045158591734214
24.658674047585624,24.933974692330843,25.69433928771745,23.402574887120533,26.28724780750217
24.50102565704155,24.96950565239113,25.73939160040081,23.64997495314005,26.25275587433781
24.484906007483072,24.934401179054014,25.544345252051677,23.56386088080021,26.280804780086378
24.466432849861125,24.833425803311144,25.2800365528584,23.48095818541833,26.078667592832087
24.426573046937456,24.85835320663445,25.487719754989243,23.435373927160704,26.04598380134141
24.61643947348366,24.81771815054667,25.40532395062003,23.34401081613703,25.958280564929883
24.576329468793787,24.88991111133253,25.386460623980053,23.451364856945823,25.99581388507895
24.464138856323725,24.809109913083944,25.43270027699261,23.495708100395195,25.93927476075243
24.435886576612283,24.87738477460569,25.53294876984992,23.66595509874565,26.27116255950052
24.54774234130338,24.84936304067692,25.543618381803626,23.517419169228823,26.234750908584925
24.71304558658892,24.802447893047503,25.421350238767463,23.454627320020627,26.510191428378565
24.75694484354961,24.840339490271507,25.473097681938004,23.56727495008961,26.682052316221338
24.873768418417274,24.787671142528872,25.62307110331898,23.662305959592395,26.650165477495182
25.05227634328981,25.059800557424506,25.71563125048429,23.68630663260304,26.895335883166503
25.14264344435305,24.84717455249799,25.87776064521108,23.600298645576167,26.81823793744199
24.952375048128665,25.043359697894843,25.87589600616557,23.70149799639434,26.79945759852581
25.12056248197811,24.832474473412187,25.79876313953389,23.670997806525847,26.60368415386887
24.99183305269498,24.684864319963,25.892805598513554,23.52065064128167,26.61621139860939
24.911280451069896,24.748193765686224,25.917588094268478,23.82618226015888,26.598842631401723
24.98509639852568,24.528530286874197,25.96628687729095,23.66860882338497,26.78241833883057
24.917192306766637,24.77519129449825,25.62161027069592,23.792641672648635,26.80424514621128
24.776470283545905,24.735448281274685,25.41316165590081,23.887871626919782,26.50789035242073
24.95798209907073,24.700425888089544,25.41783236359981,23.72189131334206,26.51386792416433
24.904523768693355,24.903807619542476,25.386550046399567,23.65938885404926,26.51299623104816
24.892728361083247,24.928319334047128,25.609280656873292,23.93489615209358,26.240242657549786
24.68168808690984,24.98324879928383,25.879702378552324,23.811666957050942,26.171836936872197
24.957551752597983,25.219181026656397,25.81650171193499,23.77171873123304,26.046200391791118
24.99592340191062,25.107495968084557,25.874237091133597,23.59909971469177,26.055011528174006
24.89092316811631,25.22755565317903,25.871280365083173,23.975982427067635,26.18499523717892
24.97784677441009,25.12028448131541,26.137142860364268,23.689920223103613,26.321467186792287
24.758807101328717,24.941793930070315,26.43046008173432,23.774841300324912,26.137674535156396
24.779734843333134,24.783961815256514,26.12770345323517,23.86864892575309,26.215575671446217
25.049045757830875,24.928217602513783,26.299926350865743,23.989930062277693,25.819925750117108
24.93090948742304,24.81260007814636,26.28090928431077,24.055117379019336,25.718530483451744
25.045066855558535,24.897979249006717,26.05428230396076,24.197158272774335,25.628076116431387
24.78576273366627,24.857699040428304,25.79184796713133,24.15799516181781,26.00390550186176
24.814196309715054,24.955279106393625,25.695921471724795,24.15448709536081,25.77170048688081
24.764731862669837,25.0862627784458,25.72491514915978,24.104856906381823,25.894764737053364
24.8054049487139,25.083015034280315,25.692944085761365,24.07266583630426,25.98921379774264
24.7020037481122,24.991014360607952,25.671471489718645,24.12931733158124,25.94019331214247
24.71043178139303,25.059261055805823,25.60552145548952,23.78192501492209,25.939985213492413
24.569342715088823,25.186841500719197,25.752465959426612,23.79861213722429,25.79463531697176
24.53931011108516,25.300560084769216,25.75582156129713,23.782761477064785,25.729778144665875
24.48795260593077,25.299218990784198,25.88574718657135,23.66770191786343,25.471866084652085
24.52117430101069,25.25161943081244,26.07712168515597,23.590576241768183,25.42285114275597
24.394956031584517,25.28179920453043,25.89190826153529,23.6648607827704,25.70151844726209
24.39009217848712,25.267375831683868,25.795730662058237,23.61870742385612,25.5714628191728
24.39903414042234,25.325894788390084,25.601047012991884,23.30647870413108,25.550071100055003
24.314311490877788,25.526923577814483,25.641937667443862,23.496584823434368,25.517320987634967
24.44669407479298,25.313368001890563,25.600284324501693,23.778299641465537,25.46875613735478
24.69099192950643,25.19827948119476,25.749156319055437,23.57475631774216,25.19929586665185
24.535554914604205,25.091783374397707,25.802541727135957,23.559971120085688,25.29778150028192
24.425153319848576,24.98451173448445,25.763757577227327,23.628164218339872,25.291731922528065
24.209100182153545,24.959505166911523,25.84042736193572,23.738306509962413,25.509675296561504
24.158471340488564,24.80597587466833,25.881932173113505,23.994826548281928,25.34750897350489
24.01324711162307,24.80724191513664,26.02513413579693,24.15227460838638,25.40227897146733
24.17014584978203,24.84560868557945,26.08934598088661,24.19859447122562,25.333387049536192
23.89523228873513,24.89667688092913,26.324725907369547,24.29840522743583,25.322193760641323
23.942626030989302,24.502228051357115,25.935695080801533,24.166280041419213,25.281510285343508
23.955552236763616,24.524953835751187,25.80595020246954,23.969886096566047,25.26274433969332
24.061530013990733,24.74290428569139,25.743689644784112,24.265800138828407,25.204856501743546
24.09149133605265,24.57821064606656,26.11806514989728,24.30638840206488,25.35519358339785
24.183947361885625,24.771189812961737,25.91982927618147,24.107504740503497,25.2172182020246
24.23546803887552,24.814699584526345,25.710774644478487,24.235814414621046,25.332983521926952
24.387567347289476,24.77214624342255,25.869653113068363,24.184341205676464,25.43982198393549
24.3077174549866,24.671274235069472,25.902831979038886,24.0332989348968,25.352019584142152
24.199371515414917,24.82395954995761,26.01246584501967,24.19905706836003,25.483342146297
24.309085314126733,24.71828241347438,25.866507505538763,24.04589755522917,25.567405012283157
24.32206071225798,24.65086277398392,26.061613131797355,24.19987753909663,25.55837058428044
24.06263059686471,24.509366390212325,25.986113173472827,24.320358013479037,25.56945153061186
24.11650924158899,24.396969613811542,25.79873212630359,24.243431492231487,25.68727784487047
24.15193358215632,24.59959722912916,25.94344315778898,24.613065260721005,25.63618645719272
24.20490886554032,24.420460242896358,25.70844577575072,24.22119381193368,25.667946461384755
24.310409688499817,24.50455649818679,25.762770552899564,24.231257566752767,25.528349265074787
24.328967195579747,24.49190496463959,25.706814591086136,24.22360502563342,25.55864724105752
24.15661372642828,24.21218005669869,25.76832873400964,24.497309982265367,25.81341422019954
24.01231064173804,24.356032064774176,26.097317318928813,24.601485767948,25.471294980040454
24.05939717872944,24.36212574812805,26.080485514917815,24.630346252532775,25.337564486471308
24.43030778998297,24.331303363421103,26.07380252253425,24.680254260096657,25.35818329180483
24.42403323845417,24.360096023143143,25.99359179279827,24.37665243260407,25.51468440439362
24.52555301789198,24.664975837730253,25.96449001654775,24.19811103985523,25.80199841885696
24.486182151036957,24.63403518029306,26.23331117121252,24.504411937838395,25.68287936861106
24.371870959291705,24.66457114189311,26.122873326679358,24.4084611625684,25.977006733245982
24.316974128955465,24.7957103699069,26.109790798271515,24.45424457284995,25.719736116970783
24.12427800366372,24.83155494299636,26.182401831402032,24.046922551332173,25.66921894415156
24.117995463215447,24.76628014924808,26.10294191703983,23.948125890854808,25.982340903542383
24.179593245292164,24.6626072586526,26.163319373140283,24.046176509949827,26.088990574331905
24.318855883898276,24.67798725587315,26.031451836343155,24.09390741774519,25.97525653267058
24.36795319596557,24.50763539079644,26.031922072435,24.182334040628984,25.801157324843032
24.400516862472116,24.664631523068703,26.08360012499451,24.229439121716386,26.006648161739925
24.583847765830654,24.75315434135271,25.96790314962348,24.091324556607628,25.7585501351011
24.61517818566485,24.97467138946746,25.96727593373899,24.12837949074359,25.794711590034364
24.565474427635536,24.8134933790731,25.85246720246787,24.137557901357265,25.72687422802784
24.656795681638,24.858510115925352,25.75952584400697,24.13658774138775,25.345103336531142
24.706688949376392,24.907388078998856,25.9407623450126,23.95300524937772,25.228703794881422
24.669253266447768,24.867154687015237,25.879447323793595,23.80587019423705,25.0645462815092
24.325342953172303,24.681256273566976,26.039978257336426,24.080966234493243,24.91160221454983
24.15012287628449,24.50872645654824,26.15608084233096,23.922042667163964,24.87117732174876
23.98827807162697,24.388457538118093,26.154489072859956,23.72506032083985,25.01063748709253
24.189493607269267,24.222313959909894,26.13446371061742,23.797951191390037,24.869243835461248
24.220003049132828,24.35156833690537,26.131244409655924,23.724531433636827,24.77893762910388
24.593536243719992,24.551355553950167,25.865274151688144,23.761898091293027,24.69865776790333
24.51693898942093,24.31151298557852,26.03943215068698,23.61452988867214,24.59565041344256
24.650833842983893,24.52979405603249,26.30169619765813,23.63200713387142,24.381437241162256
24.81455678045823,24.541349445002467,26.333121364561517,23.72550700338296,24.434019291816195
24.83569616226653,24.304908436255094,26.22462063374537,23.77603835043245,24.43898671514734
24.78896179947329,24.07132076602516,26.121602274245053,23.812653894400647,24.508715089199363
24.66077132277791,24.04866793721226,25.93704251348259,23.808610590042623,24.66992234054321
24.639199007803107,23.79895253722235,25.936652475635476,23.739486482318163,24.50414341136392
24.36695058394679,23.727354661988876,25.85971552075438,23.82731314422144,24.441940532440736
24.13286915431629,23.678905941137646,25.852365618737263,23.781704590674924,24.376546818410265
24.318945371408454,23.59649266574544,25.812190179708058,23.51992717382624,24.22218934360069
24.57246089917581,23.59755019880428,25.64137072750441,23.49487535612636,23.951916637904223
24.517147465166715,23.705600470135792,25.75744145850568,23.469025797582688,23.976286733995703
24.64570819366334,23.95025195305305,25.730777809804152,23.5774018675836,24.08829785183551
24.62093419117592,23.90766061691298,25.9235071886017,23.616962917622534,24.16955380648358
24.40345008135219,24.05624814123223,26.012253634950408,23.565636911453364,24.071538685325365
24.39006973739788,24.03164153861375,26.05583023580932,23.612915968411784,24.19596258915083
24.369951128916547,24.09402519546691,25.823321420481,23.563757507821737,24.26395796579192
24.052084447547998,24.22252289932662,25.840543825896614,23.9062874903828,24.321167546278552
24.21875426709789,24.12336712834132,25.83637360518296,23.87621600240679,24.30002315806999
23.91566579736011,24.17592987279883,25.935470695696857,23.790368507795726,24.3383159224394
24.023269049026837,24.1088093032103,25.92303015007157,23.917520432863597,24.52065573519084
23.81567046861193,24.346154145673182,26.166506367975742,23.66236501411261,24.6076999659837
24.100304017321328,24.54761204007832,26.336341000166627,23.601047753276408,24.67541955207444
24.01278511152283,24.341186926550364,26.45747207908677,23.46841806736145,24.54559255107436
24.092949042577864,24.13140213332245,26.71344776804955,23.633902312664144,24.509160816107357
24.19136455606391,24.08638120092608,26.751389122302253,23.51781208966054,24.4424719324362
24.200563281029623,24.215122441808003,26.356999470705517,23.4686466007258,24.49386969654505
23.928678444930053,24.17728413232096,25.987041227654768,23.27585046672724,24.262349127533057
24.05517445232034,24.342258227150804,25.85695598058409,23.22837929063609,24.23301268979809
23.85966131990868,24.231465228536752,26.129682387162983,23.15039428239693,24.161213007899807
23.91332051054295,24.147259562186164,26.042590253673414,23.089542945209068,24.08648405883278
23.981444564028067,24.215039893833644,25.9632842846978,23.19334272545941,24.316661833976468
24.00315726865637,24.073671663919036,25.64167254676909,23.28338021187018,24.44372224154176
24.036140834495395,24.222771461166374,25.850181696836227,23.05889203233417,24.44027846240605
24.13918064909222,24.11182298367572,25.817503592358104,23.155611572207366,24.398021184119933
24.22502279387273,24.245012429825355,26.20259794413731,23.11697552034871,24.371197182112425
24.36250906431716,24.017879035542,26.27016161413026,22.98087676812231,24.45710871165624
24.30314375835265,23.909166094162813,26.433839738627807,22.982635235199613,24.70166823818599
24.417491614317157,23.96277661146598,26.240856040604704,22.95483994099783,24.95378265083426
24.23706875445873,24.073406363916664,25.91303078504104,22.954211003998477,24.798882539729565
24.33154790581585,23.71976298241785,25.800445967131004,23.115108820563325,24.837703733249946
24.4282915377369,23.69464576809337,25.7845811581605,23.07626719609036,24.73341011528371
24.3658262396,24.10995862698005,25.926121350449844,23.01415092403155,24.73706709189624
24.26931330634836,23.9544957808054,26.16389282149234,22.86421331844868,25.011104645675363
24.20745171204662,24.027159527163622,26.62960520793198,22.69467960342423,25.06404977867504
24.130712068244645,24.02102313071914,26.513163663006942,22.85937133250619,25.385073470646567
24.30024395139289,24.075242331724876,25.928040655247752,22.81752036366286,25.091574562563885
24.228056202655196,24.01372881775671,26.11071923327178,22.827836105760746,25.185501893867443
24.30707542700093,23.81974273299413,26.10964518415311,22.868062651317214,25.24939215676876
24.52078425661457,23.895206410363624,26.120960930218168,23.04679582419124,25.34423989708185
24.22117226065944,23.953158616470287,26.139934409282542,22.9993887143289,25.39213013948728
24.441542811917103,23.80715712241504,26.06390657817184,22.805884186497288,25.34116996053284
24.46164297624066,23.853678373560378,26.18151304912068,23.061673421876204,25.470261486369917
24.527868197528825,23.837682672983565,26.148599199288416,22.9476594433812,25.683853153085987
24.362674213853207,23.76100130581736,25.9940137300798,22.975651042912432,25.82940405329599
24.25124606450625,23.713702412541583,25.871448384373764,23.05473557233988,25.927661997874974
24.252984024736868,23.489394397747443,26.09472626412088,23.0256624461278,25.898902822404217
24.178182471123613,23.55391965854275,26.16888642563849,23.07447525765783,25.980885045695462
24.41799564774806,23.59997822283225,25.573400714391187,23.319605725583685,25.909744538269813
24.302082984046987,23.74959834704163,25.553595242539743,23.42267074116192,25.896410771591363
24.322746519968536,23.78207711695225,25.72273166359459,23.69954109127263,25.92605111277429
24.53688388244903,23.92207922433605,25.75003007925016,23.5262671290242,25.898982841089435
24.465297029536277,23.794033281018034,25.9382304545996,23.45704043462316,25.91900108013629
24.392775583093016,23.8339856553013,25.570966625167102,23.54870562867069,25.792964656145934
24.386618745320963,23.745487141322737,25.81210794048985,23.434869710353954,25.601469647835643
24.45670604024503,23.68057681645224,25.9166459114063,23.40905891371249,25.46932772645598
24.30632044240584,23.691261727944216,26.111305535314106,23.20772677984249,25.906517229091307
24.24354646866063,23.93495637584106,25.876039592885768,23.413622950166527,26.13862885251053
24.325610506762487,23.8213320443411,25.890048107626743,23.468538982056668,26.06872279763188
24.513077739676756,23.95842056232913,25.518789717994103,23.483021486986797,26.22437142816033
24.49841274625296,23.898508108420376,25.493127224719508,23.41796588696365,26.06605691649511
24.38327019869444,23.843195478641192,25.612154462065742,23.41415409896301,26.010871684346764
24.573376748234047,23.89662176755694,25.44459955446872,23.340139249637595,26.070081122224863
24.58843113335568,23.602156109626343,25.712524300975684,23.45482040398367,26.075807896300116
24.5827727444494,23.785144197448894,25.588108481901138,23.379191541909798,26.257451130805524
24.59458069258128,23.641957159378396,25.4394076389522,23.075241234650143,26.183053309570145
24.79574036915033,23.655449366750904,25.30388728044132,23.376854029610644,26.302204696686044
24.76915898471089,23.677022352506004,25.226234541196085,23.357422078566792,26.37779302479042
24.553800575928168,23.70376666941969,25.567187091695992,23.282877766911216,26.25820829063345
24.56161919713488,23.647245004407477,25.716149451539145,23.17538607102491,26.360853283831787
24.46610125254374,23.708552212104514,25.38296693367278,23.323833772861985,26.503949885271684
24.571861812111923,23.77200608311797,25.648547948313592,23.212712399755656,26.43862069204646
24.60762304226179,23.679356501515755,25.553794656387357,23.40790159224138,26.591938124043576
24.311104197240105,23.852195155010413,25.48480449390648,23.54960838776672,26.464071298318466
24.481720047357683,23.69524848213821,25.374882636908104,23.306924491367248,26.718110569505495
24.43480994186653,23.75528579091733,25.544666993216676,23.34338894875681,26.523975129610413
24.348620687712916,23.808339548941305,25.66483782086079,23.36924338692619,26.785095259934497
24.165186657938943,23.60305484435772,25.70376947720962,23.453777486044675,26.783814109427
24.33233000434856,23.666132230598397,25.491441324444757,23.503407285536948,26.64859384502329
24.39717959580458,23.81992799024488,25.607857095006565,23.366153874192563,26.67187090172867
24.565136389457333,23.83444767534817,25.74775039271229,23.293150129261036,26.870141813927347
24.30014448454095,23.99006010975816,25.72671088514275,23.506067018389167,27.052867537872448
23.97376746103166,23.769492667563256,25.83939878637704,23.51401435302332,27.334304284003967
24.06303103162984,23.747927296277076,25.658111994264647,23.56456795936004,27.117992229203683
23.96009747730419,23.82964628157717,25.734777189626183,23.595004282012844,26.935267425220676
24.028659946421197,23.664353627676384,25.51839183374061,23.61950004305842,26.90341374325049
24.16950653513176,23.72682126352372,25.534378478231087,23.617926590322124,26.88642269763181
24.35251892842264,23.614039243190103,25.321920714945577,23.53734320030805,27.185250255561435
24.28793014784137,23.57040453133819,25.36859084677456,23.805120455608737,27.243729445335028
24.016282283401296,23.61335548976345,25.213950716839303,23.76184319109769,27.538359943285247
24.087931175368684,23.467354736930364,25.542043376329733,23.73288261946948,27.297824509992317
23.97140774852855,23.475786397298013,25.318429245590927,23.708919996324017,27.46640580816745
24.06252207632436,23.50063518819096,25.3096451932036,23.691234281186325,27.493970229025877
23.981916416208733,23.440572832386124,25.125605954449888,23.50895157547532,27.46132082814661
24.175090250863693,23.409970938132663,25.216951313898893,23.582452019431177,27.511575735222
24.090776623541974,23.30453101524857,25.25220100615128,23.618413054787425,27.426855188573388
24.2292036574378,23.224622653912064,25.33015111546944,23.677599767618734,27.017562095535222
24.353226565622503,23.150887868547983,25.62930274192843,23.6719028422075,26.65607135060864
24.24415044902048,23.02781234758639,25.48065685471923,23.59334110308847,26.541431931575424
24.3220480629505,22.98832835320376,25.472926342481585,23.553903020911928,26.50404750908314
24.71637312541522,23.03766225965632,25.597969888408077,23.512651334539942,26.46509512376084
24.712447269571285,23.10873789933138,25.66385150299425,23.487725221324688,26.84991715041016
24.624019616595795,23.091675738046245,25.615876697883845,23.61891914170434,26.613130732329736
24.62002735623694,23.13175037743788,25.601797206348373,23.425401594132904,26.81142698192347
24.872986919797626,23.36179146136688,25.548703037805208,23.627362215312203,26.795041690031603
24.83707768371417,23.26282740509634,25.50776847720793,23.79759026070372,26.871148517269653
24.878609507445955,23.29204701787676,25.698338587808653,23.719266260970382,26.711528311597505
24.874799356312582,23.40543665740247,25.753752367191584,23.649872562356787,26.709608659601702
24.990682311693508,23.55451355035229,25.542168961292436,23.6779656875714,26.71673839668573
25.372940118820058,23.612669052096496,25.532350471658333,23.686945761567188,26.54157050039084
25.19245955694288,23.73242566271679,25.530759753978327,23.64672001282398,26.549423809324104
25.129465685179163,23.690199216459085,25.37618300689149,23.43206654875009,26.573693375614155
24.90986596940966,23.60426853571851,25.25056865311655,23.38697000879663,26.28296681981711
24.6183846409658,23.415186804334617,25.21322882680638,23.53328928849939,26.13173608296212
24.69076486392777,23.39789230604468,25.273073697435763,23.86985268161733,26.25227805050285
25.098374721800678,23.42340328142973,25.238535417848837,23.82166539816061,26.55361417537982
24.908246355738758,23.415724354165175,25.452805798898595,23.79451967740381,26.814279005888075
25.080131071759894,23.23119444208068,25.188772200564514,23.557922120039564,26.785959395434595
25.139519811967794,23.1522773148985,25.04346445369301,23.650504074147328,26.688593341982735
25.002143965952317,23.21701783087026,25.083203933982908,23.677952161443564,26.62020225109403
24.91482847941584,23.267705287139524,25.371378702361447,23.664982842191183,26.51906139860365
25.15994616101595,23.307150521977064,25.34713229825329,23.56018109326074,26.595139259528278
25.081702222226028,23.23034807803174,25.43444693550092,23.730889704101063,26.41294308600561
25.245757356049044,23.1195117087066,25.329299186154177,23.865115268338208,26.500444245198228
25.36779477241444,23.087655711062023,25.12519090775964,23.807527408637764,26.376788479537183
25.24756841089655,23.16063072566691,24.980206274283383,23.83434073585105,26.26326002054281
25.33543896563414,23.13873258492927,25.250012418504024,23.71504482907763,26.25267998493408
25.25406711134765,23.20524229814744,24.95830294020684,23.862866390399777,26.374031462423748
25.261418799009512,23.12289025917432,24.81696082200739,23.82647748277557,26.41647361575533
25.24102516443009,23.12183194328143,24.831028989616375,23.877907326093396,26.407791496443696
25.16276696691664,23.09131567128377,24.787931579085573,24.1193073423656,26.599113535891757
25.254464860237576,23.20293608646248,25.05262945068436,23.92794234801713,26.589789475233456
24.993521039742248,23.317387272098586,24.75665804644064,24.037712553766323,26.488968402589222
24.96845386351973,23.322462635842008,24.67365514677984,24.109495912737103,26.489690768984744
24.899419917719136,23.17097451359481,24.872226053334824,24.10104826790528,26.51850180724281
24.891162485018807,23.25019216330013,25.01075498095038,24.04626860855696,26.24291851581701
24.754920464835656,23.23876835756667,24.8793856454708,23.949363359418765,26.044833717784112
25.04380380101304,23.31982474727125,24.886763406923023,23.69808566753678,26.067574258103885
24.91255310258636,23.36733777377748,24.93370270940487,23.829194625260968,26.07482556677136
25.13103418757636,23.20898489883609,25.170175349260266,23.87331316977092,25.958654918883813
25.06436572510905,23.420621623737237,25.048486311748903,23.826963354004487,26.12250264698797
25.096051388310745,23.42520235989681,25.16183506201048,24.00554101244064,26.17645836759098
25.079526704120664,23.388298638811325,25.16401414213671,23.937338024199388,26.610320898665474
25.2468605915892,23.39463983816806,24.951640306424217,23.851403529203537,26.4655550279844
25.13968354058552,23.28474139588293,24.85301703596934,23.714547870607248,26.60960015576321
25.12070333663792,23.39801803558164,25.012103448128137,23.71317302248888,26.449621466786397
25.131964415249307,23.27943691260629,24.86720057883562,23.615154306375228,26.429637796362808
25.020018862885944,23.421385598615903,25.01271038548602,23.6942166919923,26.310607871525747
25.129929765641915,23.324464314318856,24.876877227906167,23.691723715140814,26.278482175729746
24.96697301155985,23.20087641388959,25.089895393857372,23.87976200160097,26.454427171546627
24.918511267824453,23.28217968228426,24.97815422404212,23.88987447201504,26.633961236345275
24.66704517226601,23.408563235804834,25.17962389282989,23.91930441323333,26.665922163216955
24.83943255100701,23.224529615878872,24.895981848488503,23.931161929290205,26.51544463524677
24.666522065678112,23.32456371906729,24.944692279053587,23.94543555480727,26.57413343369961
24.890207037271253,23.416054890734703,24.874408403756263,23.972703209817745,26.561879347304828
24.91829198352932,23.60815589707375,25.00974265681776,23.818233831286967,26.39862290677466
24.835241952524235,23.46617133057817,25.07987944415557,23.709541720826333,26.32471743462214
24.71355685951212,23.364883425229134,25.096555539114767,23.67188151276177,26.606942483075528
24.589921906112647,23.46700489205026,25.07523948792248,23.725523849028367,26.603844726865177
24.749903820958227,23.48713184114553,24.95783020922263,23.80441817067976,26.704654785087
24.774595619441925,23.403427373831946,25.205218232421736,23.95887681336299,26.661979884772983
24.82346966464682,23.360590137687904,25.315309698334485,23.75146235177465,26.663882703396137
25.175149000903456,23.30593433762054,25.325843213042894,23.92331832179424,26.87455024857389
25.27712453743151,23.29982933875878,25.20516437312769,23.77091226366592,26.72101523873079
25.04903450569358,23.098207568585146,25.36756608619102,23.88332550736027,26.577392297185167
25.108933112518823,23.24142323645536,25.47709623921573,23.73625060839905,26.581030124329477
25.1404828887418,23.15081448332472,25.204207726688143,23.92044409235164,26.396034305664998
25.20659639253132,23.11888263845961,25.227090211254183,23.842968872109243,26.495573557401304
25.225246296505137,23.18699420271398,25.297963076110943,23.679614365412174,26.35472928542813
25.13805729532193,23.41447944431012,25.27903576924407,23.669104312166624,26.45839769826908
24.98748249019082,23.66803559054944,25.23463862528926,23.69071432121773,26.48897275590617
24.94915396494242,23.537964416758893,25.267374204991377,23.850407788754666,26.42134171296444
25.084387127870308,23.52472728253787,25.112269541363315,23.85033056559329,26.245293918540646
25.22987232958497,23.624825899368883,25.15327590935445,23.72942674211714,26.710676160593945
24.80021245985562,23.56426401087212,25.01536731198514,23.90161175342885,26.674583140151665
24.85968905582352,23.52248920386848,25.098597217076787,23.843723245793868,26.861702086341182
25.014921366028137,23.51493789028193,25.07344251179497,24.06415162162869,26.652392104717823
24.933014683213123,23.355433568918965,25.10259022869215,23.79372728760558,26.29375428786817
24.92387730149029,23.180404419558,24.98339569670389,23.737368050702592,26.318999401069647
25.03147659210274,23.212799528973843,25.04977191841516,23.77790267290354,26.44572285518492
24.843613980016325,23.538005983979584,25.10246898039219,23.76399563226576,26.4756873478532
24.72603913718519,23.439927074933383,24.777684030516724,23.648621422395976,26.746793793091182
25.023367614563163,23.48179822308252,24.9229042897606,23.651037601826182,26.718905269246434
24.893974629604827,23.413792907883877,24.819122418986503,23.67828942636956,26.55187225704755
24.978395831009337,23.284243847693094,24.99778580851297,23.69278204001975,26.64635275091853
24.954118456515957,23.111846761906243,25.15156987294392,23.972203743421748,26.823683992467373
25.014532024409792,23.463916210839557,25.210835981551966,23.908277995141194,26.29672487567601
25.077624800194386,23.483861103826545,25.286814590697823,23.937864743620132,26.24825032358494
25.162817210587257,23.44450002661515,25.4547522095358,23.914959638949007,26.246934128930903
25.29497781204747,23.406321588631588,25.35478883273388,23.709515072110523,26.21570857383962
25.1755674405052,23.155292189683145,25.23794906303496,23.78630722993843,26.341656312832875
25.26186917727649,23.523820705674183,25.07491754588292,23.545293444528596,26.00355743655988
25.308026445538147,23.414993799471027,25.02607091997586,23.664571667793084,26.279338375537755
25.178466588571613,23.435883207431655,24.90014960851416,23.641209920559024,26.34112030161877
25.422721505166564,23.479532420618625,24.65035655942207,23.58507362777695,26.719853286023312
25.044465888481888,23.442966706323123,24.627794443190098,23.614235164952,26.702655705444386
25.05460536567501,23.36786676216592,24.4512237899484,23.665967785386687,26.88831941405261
24.98642377183856,23.510550408597524,24.62122203812593,23.71658925255252,26.605819106172927
25.112957215733168,23.6769165342184,24.36781777311803,23.72424059738413,26.869029968486583
24.956180330477245,23.588605494073978,24.63572742975542,23.764163360917703,26.61452441316413
25.010168938755356,23.570665645999156,24.771949611063565,23.73581941694448,26.467266469626484
24.70573475806605,23.64427572345509,24.644917567746774,23.62900545245708,26.492866753581936
24.697615349636287,23.60291442930494,24.54745695515352,23.620556879609374,26.396965775101183
24.72919421286264,23.542119645225423,24.683659436662825,23.46944789869284,26.147274610557147
24.646100568223435,23.441973995768965,24.53719972657837,23.408883182009617,26.217516896754866
24.730490251894576,23.28383734634953,24.940059237759247,23.23735535673362,26.424520393008788
24.54303929274726,23.53324028950157,25.18076598120287,23.038751989129587,26.27941829478621
24.465376228123077,23.781692779067654,25.49636705874529,23.119028245886263,26.09356802543019
24.484606996060062,23.61255913405395,25.3294857669036,22.88495372568852,26.00062007157747
24.658567232773976,23.686685474079702,25.575515953384027,22.92651943136997,25.934931896311717
24.54726633699171,23.839233932447424,25.49371045155437,23.070151891529008,25.92117705415409
24.782501725910148,23.88827653130112,25.36179768331596,23.06716429640537,25.856769268862905
24.63111293918908,23.62505138577286,25.433927494311803,23.215989077890285,25.964982788601294
24.614403890689857,23.52702520829979,25.76115783109273,23.172944229564745,25.815602687585034
24.42495977784011,23.443028238965717,25.63055689924515,23.089012539060025,25.79180169133375
24.59145045055796,23.477012113386124,25.8250789151303,23.151104308399542,25.61214329797842
24.6585306162414,23.40959376856065,25.662341711798945,23.122964390198128,25.36280463789437
24.714458020458085,23.31300107550805,25.723471645771767,23.044640340845564,25.18838277828332
24.7230646799533,23.36065835577194,25.85186369351426,23.18418489423449,25.129855187359457
24.848044440426868,23.32581341151095,25.645798724126227,23.331621389493822,25.23576784146304
24.617915783981317,23.379493558297188,25.64862480553697,23.234946282128387,25.263899005448483
24.42423885531112,23.584182186327,25.55267201905706,23.11668384900869,25.37423555398989
24.311556455884865,23.445609058498345,26.003009830789036,22.956804772706807,25.487349529854725
24.557645293225413,23.484258760053148,26.18385903328831,23.01309950198984,25.52243596991821
24.401592823333623,23.540960384999725,25.84180167234197,22.96896952818009,25.55307719928977
24.275263425132145,23.469250912349334,25.67035731801187,22.95219018323793,25.73112437695663
24.161568930610983,23.49132652754093,25.530104231111963,23.08582656041224,25.71326823707566
24.54092465671324,23.257525525995856,25.57374244011321,22.96440789021277,25.59881322047429
24.22271763929013,23.23464691862033,25.71049360936328,22.980231602979693,25.63685327193864
24.233040774858896,23.54054193253456,25.58020776390677,22.993343923876655,25.368194333728844
24.44150600287372,23.34125959760275,25.68723877580222,23.06006697386619,25.40029172819102
24.359125568508613,23.4521653216199,25.33211630403805,23.102834508111883,25.21997367149197
24.37723873968411,23.62887185153621,25.56274306177742,23.106785454407717,25.28586016285333
24.44633840639763,23.7714623608765,25.48834318457165,23.1392031779294,25.621452678578947
24.649055467296893,23.75442723600556,25.648571534897776,23.262545135948116,25.690385363824632
24.681302243225712,23.8155207618932,25.659652744145014,23.254329293734173,25.681407490353276
24.905978043933096,23.691106066306904,25.783888017127868,22.91610088445684,25.701613714695764
24.89676373209014,23.63795167804454,26.019548343571486,22.987333802442347,26.082392148092133
24.907782505281,23.673539566586825,25.961224452467544,22.7280219242541,26.188310112715527
24.97686137658368,23.649516962487617,26.20530348893413,22.746804319717157,26.068102021538586
24.876690186904,23.276741902210937,26.168561797982104,22.82619046251397,25.6750606441204
24.7595623108546,23.312923252158345,26.17760991310137,22.79050423446485,25.887845553327946
24.650532934913148,23.50718140143649,26.188172847836498,22.716578838864475,25.79845293835317
24.890172591063205,23.42150492277213,25.94099504778438,22.81984307799766,25.701396214199665
25.02502641415061,23.459885815893035,25.902502433795824,22.964258032151093,25.680878285379013
24.63027306231292,23.46069320604646,25.88272011378227,22.93822933706397,25.59497548998095
24.61465067876726,23.64581305876987,25.976767803067105,23.055908970768424,25.53075771637422
24.862007376273663,23.44902267684924,26.213413009178566,23.00381513075476,25.478919305410347
24.77071251806914,23.407435498686706,26.38329090741899,23.02931455978163,25.32524588785345
24.854362161509403,23.352057115690226,26.617714367492592,23.088518513287408,25.449911883901866
24.614327282957188,23.43427063021537,26.51848472075065,23.270815863554265,25.37561944843454
24.767013546979005,23.351657583321845,26.514090158461038,23.353654425780725,25.524506701982816
25.02668536379356,23.605259337761755,26.456193385970483,23.25263208761687,25.64418375167572
25.06646677955031,23.33925585666842,26.439922541287537,23.46785832931514,25.689144086407808
24.989497981751207,23.128997498082004,26.31472290954072,23.36868392884414,25.85936909921423
25.214651064961508,23.23416834495037,25.97293935830479,23.26183163466033,25.82745580297556
24.855303146464504,23.48799466955579,26.09194992278692,23.15524670708757,25.9442733145835
24.95472354796976,23.48762348485506,26.01369725960129,23.249529563034297,25.899451970427663
25.08184814163822,23.392281690069037,25.934493087035737,23.28513968518532,25.67366084001052
25.14791164934224,23.33914602399507,25.930105611618977,23.320526672705025,25.52343029657885
25.302828896224295,23.242247715709293,26.088601741348604,23.456711176570163,25.350397869541037
25.0350981653224,23.354665467617213,26.187370534833164,23.4343719205989,25.37318833377676
24.8811011834335,23.35770010770163,26.23351768084009,23.28659679200264,25.465312320859635
25.017781932604887,23.3053955364011,26.013688776260366,23.27039876309658,25.38537274936924
24.91009139107139,23.158607516647653,26.12650382995992,23.20987104601699,25.32795409892801
25.225340180259217,23.414932636631328,26.23198898566347,23.120502152305395,25.239482366829712
25.28356747637627,23.31433134381961,26.2746622889657,23.00925959159079,25.13748618063064
25.16222225531671,23.1784385666684,26.41454209981143,23.0908106244285,25.3301827053655
24.76616585496201,23.18667678990233,26.55420204809576,23.059561850307,25.128363351370822
25.015823730518644,23.298791341152903,26.68252634127516,23.104866446361264,25.129489851927325
25.266849925756464,23.3352853168658,26.513210299043013,23.10778250456276,25.18977631500341
25.2188975951701,23.28186938252455,26.51359236546187,23.15455636250147,25.270496580318405
25.32592987218242,23.40073440885384,26.42270348216558,23.0697851755588,25.019694207834046
25.109701508336084,23.528355513980426,26.21875184593166,23.40118737001412,24.890104196513644
25.41958107458692,23.40233046321943,26.247201524874285,23.211316275865315,25.2496072236373
25.079883049897376,23.41281880684968,26.1095599570438,23.21229350611412,25.210963494139637
24.81175839891788,23.305733979353864,26.31827001274686,23.32358229452267,25.337978088676984
24.95618438221778,23.352124176529276,26.141975682686173,23.453889176679372,25.367538537635937
24.81188321584929,23.34711053430612,26.10213587954705,23.26178358878257,25.55904094644607
24.532882944676096,23.3588834566618,26.262885316447463,23.517956113988017,25.490831270077383
24.367114358155952,23.20958968256036,26.49682381893481,23.580373547578013,25.56371757609276
24.430145814666023,23.34074205460139,26.22538719552003,23.688959496805644,25.72488902374441
24.24544724955105,23.419695162880803,25.917080106387218,23.705792291825308,25.534644989011063
24.15813004284645,23.27114285501608,25.901749938917668,23.62354633602059,25.27411945897811
24.183516566947333,23.3546734172273,25.710069358098465,23.320069285753128,25.179721137353567
24.410496127183592,23.409717305612904,25.392886091609917,23.448935322081425,25.20271177007633
24.581355525946066,23.31141588444703,25.44841924970587,23.67280651140112,25.403006020404064
24.440887178827808,23.232874654875367,25.514554910301246,23.65870850752151,25.27371586837998
24.227948472379907,23.44475852343097,25.438418169537503,23.784089840233555,25.05869379513768
24.302954682950837,23.488196273162632,25.295239808142014,23.58693962485389,25.080812422850784
24.16686707378919,23.38689931134644,25.19156620370873,23.70140762683982,24.98483717463476
23.951447099203897,23.37777848127351,25.030267085868136,23.38427818792756,25.17868221661528
24.10638751776017,23.16986520386376,25.144312896129637,23.676305305153107,25.343876575191107
23.975513247192666,23.27406954396048,25.367857683312764,23.70510748434337,25.222883615881557
23.893976699734623,23.28933524261871,25.54504828005782,23.73081113984913,25.308366726176377
23.98290913837487,23.262137435986418,25.346720606724013,23.56419599786901,24.847713487463547
23.938098884609808,23.16537891815356,25.482497928370105,23.71795129406075,24.68546247891752
24.05683319497659,23.45620788412357,25.625434472162283,23.66552098094941,24.88198725986445
24.29358539633141,23.6476236584634,25.62976207902337,23.634601440813697,24.738282900649686
24.0859652894956,23.38194962186456,25.545911403483824,23.65405351349129,25.00075522944066
23.86550679538498,23.336875268441933,25.44711340431984,23.56721004923729,25.184295278768637
24.172422290180872,23.12310444250725,25.296406575666577,23.40663844439899,24.77380450766489
24.26670037588038,23.18399023856277,25.542617342666357,23.68131668212577,24.704032086966976
24.588595237842675,23.324981890159275,25.33891897636523,23.630300342535893,24.7935445560512
24.648383301924085,23.311814337377168,25.37416131195541,23.62752365338984,24.642500227463284
24.418619593812988,23.24611514915555,25.028091300082323,23.41636767737204,24.59009239029761
24.519501378466508,23.44295841151368,25.26229699860553,23.69538631327128,24.47270762295336
24.634706317515345,23.2363074738736,25.48344500025389,23.48900490017281,24.46410872228299
24.550896114131803,23.386412842687253,25.46953593297785,23.481898222237955,24.42102572506703
24.151461748483168,23.263917911403254,25.167306857443133,23.48831606142928,24.577119832911546
24.30933118077033,23.254167120000368,25.105334749775597,23.465911613927187,24.72058343589481
24.242889812428466,23.376870715012828,24.995356268255893,23.478083971179984,24.902048915172184
24.07015966694088,23.411117207709783,25.257782554633625,23.46810621759176,24.88252024113859
24.091353103664375,23.652824756038196,25.15680580849179,23.340352744987207,24.81169116495486
23.983613061670628,23.50095574692744,25.09359106736028,23.371133957237635,24.50783522116184
24.05844161196625,23.38393091523553,24.9255721525108,23.25153780322472,24.320530635727167
24.15380653548253,23.379401804272945,24.824723212639032,23.174821291499157,24.369554031556653
24.18928338729973,23.364631921847263,24.80312531722045,23.24293940749725,24.368758177551737
24.211985602791863,23.402472381677978,25.12588477183917,23.291360087171483,24.195372121351458
24.150148756491653,23.293929496703992,25.051951605017432,23.321950288335096,24.35837890108569
24.21874097905535,23.40688647148332,25.074553253426195,23.256331215603694,24.452680125632096
24.37921977212188,23.322848085888506,24.77797112427761,23.315244359370443,24.40180039865456
24.487404526864392,23.33201123415565,24.84362256810703,23.377761840896355,24.39155459754794
24.48443568736763,23.27237361350335,24.90269373970048,23.263033519714963,24.276430075201716
24.68842402714381,23.240960812922133,25.050736403182277,23.464878832586933,24.498936507213138
24.840701259565098,23.33025240977131,25.16916889212945,23.403849364990855,24.269330706184235
24.83166323215596,23.519401123567047,25.140008300940355,23.46897198776526,24.312639872098696
24.839959843999203,23.497364285268155,24.92117603868884,23.47193697807941,24.347170062100133
24.85308090637704,23.345485801417247,24.671325237748253,23.56089683216788,24.286322679187307
24.92617700307031,23.29567509254152,24.86614992554842,23.6584603408796,24.351981968357336
24.86617190457744,23.407670356534403,24.63494865232416,23.73085025935347,24.2857341119768
24.736836741034374,23.41899880830382,24.868627256277875,23.711081435354785,24.351918592813902
24.78811936568401,23.60857172273694,24.928671248547506,23.630688227466703,24.495789663625736
24.760943830201665,23.399844884824194,24.957768138865845,23.60896473657636,24.437153516014384
24.507241827440563,23.354210623637748,24.77641641962559,23.5576595844349,24.30028223798684
24.386332052852172,23.456854170249247,24.82264606230933,23.569178221698326,24.289057762233423
24.25520914994431,23.319854985338434,24.59537518479707,23.2778560964398,24.009833133753663
23.967387685315398,23.261411831543395,24.564344419138457,23.58462516071428,24.195243332803464
24.124201830966488,23.34025654127545,24.349307776146244,23.873064491060475,24.124913345822566
24.01324547764264,23.440031602120616,24.16034748335979,23.81162018199888,24.11388182775989
24.1497312385963,23.56900616666805,24.447922540184983,23.68333274775565,24.16227832551432
24.382958720589333,23.718518549450277,24.53448935548023,23.973185797396983,24.147449419083127
24.019680464964065,23.71256956288692,24.53820349880005,23.73918938039754,23.909975771502797
24.05237054116034,23.88604988818332,24.505799056013444,23.71154525062958,24.055101805984076
24.21188382081246,23.7992121414645,24.50957759066575,23.674178596560385,24.0476693760945
24.29152228434633,23.884129161915315,24.327146725531016,23.659509307158256,24.048444391243077
24.231022298482845,23.68219472726819,24.343229261963742,23.446944800216315,24.06394690649491
24.11459988708878,23.67539396491326,24.273622061102824,23.449063292764627,23.94489906381143
24.184019507817418,23.75271380653325,24.071325941536863,23.39877855290096,23.876628851368327
24.136120573927737,24.05848692123407,24.265017486158925,23.26825336784968,23.82209185889432
24.14149583874596,24.208620334119136,24.17091928518316,23.182208854302548,23.95613383834892
24.31637778777549,23.983190265063318,24.130598081423905,23.323044695192973,23.83659367479597
24.295053567526143,23.941140722495867,23.83667648262428,23.18546604955532,24.00227897866688
24.53678886069049,24.03833672328744,23.85135624133539,23.31972315645672,24.00473246639228
24.532702424810548,24.082730796566118,24.293549100368377,23.35007404662027,24.065269839109057
24.51018231032363,24.077265261172933,24.442287035934516,23.325604617627985,24.204270795228428
24.30379837649324,23.950726065995127,24.454684683720355,23.12644251356026,24.260166993660583
24.16659701322752,23.62544389499207,24.263651562260563,23.20706296092754,24.151838242386773
24.24180061365853,23.641731592925478,24.547132602567302,23.216583507609982,24.00789985761064
24.15062119897981,23.41635429834619,24.63502902741852,23.33488516034697,23.929482800838983
24.383123340124254,23.34902910947033,24.519053397195385,23.360680725107315,23.802435202716342
24.64592008402764,23.426046376299794,24.593697459491803,23.379366406889176,23.816036286599317
24.666724807146093,23.37290797604281,24.557293684411498,23.217104865842277,24.024875327523187
24.59110131936851,23.411381340428527,24.56570019286174,23.17593027054377,24.1904439709922
24.446169288043883,23.46567328705944,24.300882059731094,23.382852011711638,24.35006082206675
24.45796862617851,23.304570960402284,24.479178877336818,23.20400931168256,24.29308260339969
24.54593647157496,23.16119287101061,24.46785688139793,23.306217547004056,24.220603094953105
24.572834323093893,23.429300351014057,24.663021295105278,23.22118106336643,24.240564573783416
24.48236753517616,23.208970951832228,24.655503763215545,23.3332321946326,24.045331589273616
24.52387896306828,23.26304715049144,24.73967783314849,23.29069391571144,24.122258240974357
24.406840776860665,23.30422174389547,24.626014311160688,23.2567131392635,24.10706718441453
24.498450289286,23.34104693165339,24.42458869244333,23.21480679969041,24.175149357282702
24.559842916960392,23.479849811075983,24.40675386775116,23.14308696727581,24.218770338466943
24.47493582413536,23.590776494630077,24.743824115567183,23.244058858205943,24.240665721496768
24.59316118153876,23.487039357028006,24.783557474971637,23.19335584434181,24.00645812139839
24.73556022863039,23.36498545051099,24.768135265528567,23.319019700722546,24.171389133507205
24.699660279229715,23.56811305543013,24.734197990531,23.33292243200833,24.27298070435189
24.80365247638246,23.64185879852328,24.87165381159169,23.28610122755201,24.1413011968073
24.759348886726407,23.62976681161208,25.032392888566324,23.262748192996085,24.318059867775947
24.924094930414203,23.892524931184106,24.682138439750425,23.237154703475408,24.277228109211656
24.810661449045224,23.73789830194742,24.851543076720876,23.225048348409,24.54848782141625
25.00678581574584,23.969433187787004,24.47364281143276,23.33168484342225,24.730236019659674
24.86759437142844,23.64990315492137,24.66817425721681,23.52978801325601,24.680697398037807
24.90472592016449,23.74544997911476,24.77964074434141,23.777426072648023,24.6730048003007
24.923636333390263,23.647715467024938,24.68368432420882,23.781073018180525,24.826009792350536
25.068486357043177,23.782471612838343,24.67760273263944,23.79237393191748,24.99998263656917
25.37261865966987,23.793299873682297,24.769668343643197,23.7069333095959,24.95889593721002
25.118721453497976,23.68283686415096,24.678749905119243,23.64249726229121,24.693601687464923
25.13740645450199,23.670993956113502,24.87527869899112,23.57724560839376,24.802187130883024
25.078952540541632,23.64664531425295,24.98639396144366,23.35448997318428,24.80424341056997
25.00907681812791,23.633367896262317,24.834928482479675,23.209519164699167,24.795832721548265
24.88008743427228,23.488730333931965,25.12890578671755,23.234755257036383,25.00287576580873
24.72518702951608,23.55985509719786,25.05044494297704,23.193392483139103,24.975382861043776
24.82820080061136,23.52969885476748,25.142956169192992,23.28616593767169,24.896050913239247
24.745123856592503,23.4508246222228,25.127673752708127,23.140033259335016,24.8652168236024
24.509496099190155,23.39904102619515,25.168420936172765,22.953642012251688,24.696863701401227
24.370465333121405,23.63951679029407,25.07964760473496,23.147291108168787,24.90237622154608
24.62042777469462,23.466123087337586,24.767474949366516,22.91113358813266,24.80418642354536
24.67025211608103,23.495254207585507,24.869270110425063,23.074908389208247,24.95640099215556
24.95927908315473,23.80187872049042,25.05728300383068,23.094383969661006,24.73003119552172
24.941314061458755,23.675077240489856,24.983394554254044,22.949418290074853,24.667620266877503
24.779129085519703,23.79447087697923,25.015423823418665,23.04594290793623,24.808085768625062
24.68761242950796,23.60490492996066,25.137191025156877,23.164051362031607,24.706104484798416
24.45196916483454,23.721066468853696,25.20857770518297,23.463659676968348,24.679409943230866
24.55420417761273,23.75308878048349,25.11159297075228,23.43631327954477,24.73565359941843
24.609931715325374,23.68506023204561,25.096738382074467,23.402597296092114,24.389504620885177
24.72707588876334,23.73069461390872,25.237886746675404,23.29284991483336,24.42123317951486
24.560644184593368,23.611491239109352,24.77719255072909,23.341283875042294,24.345747161401693
24.586631783018827,23.495548724977606,24.89869158929725,23.167015800725505,24.49947969824075
24.48576081383405,23.39035678624485,24.780995128523102,23.218301200902125,24.57594921680873
24.6258811038638,23.42404512138637,24.70224325802864,23.11992966186118,24.62962192436276
24.516013475112487,23.487299665986477,24.79262858996951,22.995689073167224,24.46360991484522
24.48256987246874,23.465563916845845,24.59941319404163,23.179912116924957,24.66937135358188
24.722710953101327,23.364475758775043,24.81009231343307,23.112166228155235,24.34755904002065
24.73797418344582,23.286197050441583,24.68937619416933,23.169700102875208,24.31044541039288
24.92788395439018,23.15893107755363,24.79784823501116,23.05563843332389,24.211153573980702
24.946462924959175,23.187918762339773,24.933388271873167,23.023984866205176,24.243367394541927
24.761823296553263,23.119354687583066,24.911705226955327,23.040991542934783,24.17469567636323
24.62413478588858,23.160143079591823,24.73298157248595,23.07307504480236,24.02399625841865
24.557015104162577,23.235945029405407,24.781580385098074,23.1445490846963,24.126474139837438
24.39946337089576,23.12401276399271,24.69837193726254,23.196663024307085,24.15906454888893
24.446008304192866,23.23766648648293,24.791364558942863,23.335088619361755,24.2070811928088
24.256152922943123,23.13226024437129,25.009569594305518,23.52192649669509,24.15776793454748
24.45261460176964,23.17959167651214,24.81690033803077,23.404159676401825,24.301214979764136
24.2531556172799,23.369796997543936,24.840949620849543,23.337429672527676,24.37180750756492
24.11821261404041,23.31689114735877,24.77361961591223,23.274178030363164,24.677513201985715
24.165141650769787,23.35965052602128,24.776333397740416,23.30951560588806,24.896391980926914
24.322654675109288,23.32875953033949,24.747326691165007,23.18581297773513,24.69902237783384
24.330845385800544,23.0943169109626,24.638848558245638,23.065815895840878,24.641763926730626
24.062900091006007,23.2413226025098,24.629667721853465,23.153809213435316,24.63500743123153
23.837474019424302,23.08408577176078,24.28441062709056,22.951323491225438,24.320096243138853
23.858850952247103,23.02487223769445,24.038539789035003,22.98005856230577,24.099637936411668
23.89835087353872,23.26123861978215,24.10778527646157,23.05625205579633,24.275463737099606
23.776870199736777,23.138593823996707,23.864285216597278,22.902534297813748,24.525130740245697
23.86560493213729,23.10354475183816,23.81987195473504,22.929029064123668,24.401552431654014
23.86131732105038,23.038289660407383,23.609351063652905,22.986930607877667,24.36882246224876
24.07291074387992,23.003126592546767,23.625180508464773,23.072060174837457,24.5525753753843
23.76989571143566,22.98365165094225,23.848621728635376,23.105673493615942,24.435483827756656
23.776230452873545,22.79206051045705,23.952527585512943,23.12875787880155,24.41017935527006
23.849213617539142,23.13899126101977,23.938795795271226,22.981720133396426,24.43935111960598
23.731985811337104,23.00491074529543,23.87326501568521,23.123852383274222,24.1194105256194
23.92953988490541,22.713931187447024,23.948101318657194,23.03888291521918,24.182409437602573
23.879941340827443,22.81423414459513,24.071792413095512,23.111800816641725,24.02846678036024
23.7937573638439,22.85601334337808,24.19559675128608,23.036019205882013,23.96383417996764
23.90216972744898,22.70069664775029,24.21604610032615,22.899913024902325,24.161113119484703
23.98712638035368,22.681875377535658,24.180801256158293,22.9348266094248,24.187536804498027
24.08284019811048,22.764388973944875,24.294991096941175,22.977196622155528,23.88690718081472
24.058938541308464,22.831328165287687,24.178931101810427,23.022947986579428,23.96168952628089
24.127906799746977,22.827839743304565,24.311012914025707,23.029665530104,23.665871304850967
24.175443552507925,22.8400464484208,24.376566796946523,23.014544959614117,23.673556019931667
24.259424105115457,22.96293239068876,24.1717966012506,23.117191745010107,23.75245184470664
24.08801269377928,22.940399009015337,24.34152927705054,23.239628947488114,23.738490083049747
24.23814566756956,22.97451494685685,24.216489603746755,23.20759182582562,23.68172998838468
24.307722982399632,23.00003953279999,24.521305196029378,22.831736310568417,23.727218105711845
24.21233670902724,22.977488535491208,24.526805495199152,22.93646568690032,23.690105026715507
24.283884708345404,23.022771882196224,24.591167830277072,23.05958661271329,23.62891030386448
24.242405337452123,23.183495463478987,24.54377119676978,23.191112658058167,23.520412041817792
24.269308998698733,23.05811039746426,24.50745099605332,23.392624487191217,23.361469243823368
24.40241196565698,23.05597346971312,24.34684128647116,23.409343317084225,23.46072897395888
24.413341790253323,22.948414899390613,24.252173242441856,23.26511983402019,23.240814781843827
24.60048024078212,23.038319591807596,24.26253518612249,23.369183869051263,23.167359982739445
24.6009759957202,23.05694027509584,24.307080261625657,23.233067238345924,23.178697629276357
24.974701898276724,23.116105286327876,24.48460345925382,23.22150173493141,23.21655493983066
24.945679087928777,22.926842499922667,24.391973729079197,23.058588991092044,23.33856271831701
24.841917479811897,22.92270506875036,24.273129939644097,23.039949435439585,23.480134293143237
24.79303777802684,22.931063539132904,23.999859930016115,23.3018608553672,23.710663227944323
24.49229287800086,23.225220214130964,23.91708776942735,23.236704824563795,23.661532499817383
24.45744472456845,23.41073956963668,23.955786421129467,23.192816830586658,23.638806563557505
24.428592876989736,23.314272780531013,24.016058813213952,23.241944242524927,23.35029268209216
24.65215565656806,23.214828224593184,24.08759352917544,23.19522160284855,23.553890617164768
24.529427841562136,23.240747323204094,24.21568080871428,23.249601305941333,23.57401300131668
24.47395589881152,23.232100408570084,24.27714136066245,23.445565449292285,23.663710538255337
24.283718226172454,23.429712240326563,24.447140888442547,23.19316369762741,23.460227103136678
24.21606471874789,23.4999690934322,24.42256896081079,23.21983857172353,23.4471600913746
24.34073875454219,23.513086223383866,24.32797964706268,23.02748567325081,23.33040584527054
24.27125297347697,23.56939405509401,24.434683876053185,23.114163286319048,23.2646257400041
24.214035986051808,23.430497133550187,24.427532507076823,23.235333632216932,23.302922307079672
24.34088409181277,23.390010092848588,24.383039495627006,23.113573931675525,23.33912603689639
24.538827458339043,23.30169137814943,24.21689256800083,23.157669177704545,23.417670314318634
24.80981449463684,23.2366949178526,24.274048552748727,23.19138827938744,23.42617578608525
24.43384998656231,23.179238048423628,24.45576515656,23.07564926941452,23.395108331572636
24.58458916136904,22.933957918929146,24.45938048570961,23.04281555022002,23.40782374109932
24.68982224695017,23.129559251556817,24.499662889470084,23.09422353427605,23.405822847942776
24.823370656418813,23.2353141583598,24.40834629106116,23.206722238961486,23.33658756297806
24.963172605567188,23.2425919593948,24.308613056077032,23.07352199340201,23.15644307786473
24.8343961689066,23.29617820239361,24.36954038237265,23.134235884101003,23.275545721949378
24.648182524348943,23.38288926972384,24.585209821106822,23.15869200496676,23.370505828465987
24.78534770092073,23.20859480223152,24.48668791012505,23.28078179460292,23.42855539674503
24.47760933979139,23.26963432498617,24.304344043631836,23.193231299342024,23.421235480099096
24.264391157103702,23.138877514452684,24.161715124828437,23.0930630308312,23.51113394106393
24.33758406256107,23.237751285194484,24.26405303523848,22.93250716073273,23.50696688856996
24.45200980575526,23.271532624409453,24.381817088454078,23.21616004900881,23.71834547219923
24.652980769903404,23.172549002230088,24.420122231071037,23.165662658359548,23.767835770279923
24.629426515606266,22.98765487300692,24.53678075798693,23.126129337762336,23.773380427964025
24.64886454068327,23.10376198259054,24.24252166928571,22.940115802734848,23.736356170045298
24.89140856716311,23.070302040656205,24.358042600212105,23.02686887661307,23.577262866725512
24.86574177531792,23.046866853501573,24.39626009465967,22.86467145698288,23.6449218804456
25.101108658827112,23.211855329078592,24.223657388641573,22.80391454450757,23.592337395233983
24.948215043968933,23.3007840423373,24.359633333192168,22.764591567928665,23.525505997008626
24.77113418870346,23.17502191711531,24.43510209912585,22.564042990671933,23.301195807832727
24.716804813016,23.457270684706025,24.336279590849628,22.58265777850045,23.04270982193704
24.732959535155867,23.372554948074747,24.388330914788128,22.624416693009437,23.262260573571098
24.6913227885912,23.48891834746118,24.423758145318256,22.86097843515645,23.23429219532338
24.508832027727376,23.448510577443148,24.46186288936933,22.71543703732845,23.40833316060254
24.592538461017988,23.478905822714005,24.59654463937244,22.688109181397078,23.648191265563792
24.409891241543413,23.44029228631536,24.756766789541167,22.710716403767677,23.501064247301954
24.297010171486004,23.66752380055802,24.569529478687507,22.839184506246006,23.616463283594904
24.378453398727657,23.570643170850733,24.518562682672503,22.70757073821052,23.29458855944982
24.27637420798384,23.73794444433372,24.22627725795799,22.783619360510105,23.238782657126983
24.230505630865064,23.872624827692324,24.057244923485484,22.857738548207024,23.378097027694626
24.31989494800869,23.989295515683427,24.256434022662784,22.759387145756115,23.39052141092891
24.1931291601094,23.74051546058352,24.312370677856418,22.930165969183804,23.427219191502704
24.50001336805808,23.71246943581726,24.45538175755217,22.87316411443423,23.57609710928192
24.290461927376477,23.920425745235253,24.59734399212685,22.86999111947453,23.65854913100208
24.398858186936117,24.06333620424192,24.411457192398007,22.96559005709128,23.66077517720325
24.421522797664927,24.023919674307702,24.68195935598504,22.990174265341125,23.42815245223241
24.436820879319274,24.086088013804567,24.52686157222585,22.953253940037875,23.64008926433676
24.372012392847743,23.82633004919667,24.718946171378107,22.845032731424915,23.56899861341785
24.4002976023709,23.865594111166697,24.59637948036948,22.62433701539621,23.590821296001955
24.266644832154206,23.66803482124423,24.383601089273387,22.82135017938988,23.567440272355988
24.324015388565588,23.58560966576612,24.198589562741663,22.779409132370105,23.407379323834103
24.769784428742334,23.51087515123507,24.303933165917982,22.785520556569576,23.546406150708428
24.876894731495945,23.410303024570545,24.25443847185426,22.74371122576061,23.559058813424556
24.99602498420599,23.436983938200378,24.228823642981475,22.522884646687224,23.58363073294917
25.087095938891657,23.230224733802263,24.41829069211055,22.585166444686703,23.43786243610526
24.687104464333608,23.577758916931614,24.571535703542512,22.560527507407443,23.407484586806454
24.56506080109061,23.480370093050706,24.6985419745279,22.653079691548623,23.506289377089665
24.47328984284356,23.598101916692915,24.858464073771163,22.589870983620752,23.409085942379
24.56690961931801,23.713424401681568,24.88355626588121,22.97997330238459,23.39681347944525
24.45268374561069,23.571739780790097,24.78116359893652,22.93969216901561,23.3583458541107
24.5116050806881,23.36775874040954,24.856905625281406,22.848949516488435,23.512558855640048
24.41310041351872,23.54516798647832,24.63413563950944,22.98718552408565,23.416372481548315
24.162368646227577,23.32165693055176,24.48899748584708,23.153681515128024,23.330536849973885
24.106769502329534,23.3058762296032,24.47396599368809,23.16593719189797,23.372499334748024
24.077884119209568,23.447714824856707,24.63415431188862,23.124088598093696,23.293898555326138
24.25403445476401,23.39701905842392,24.63636621965053,23.185430518644896,23.38452448041048
24.310709978857727,23.33728392874866,24.474323415379136,23.230693563923325,23.39417885932714
24.107240481419847,23.44552900246442,24.33074585107516,23.081058381571285,23.362863081138933
23.89756052886031,23.53253756391115,24.3212306119026,23.045740732030268,23.283913611775528
23.709836466072737,23.52383666258802,24.46154486252546,23.141385759353124,23.302379857792243
23.920819101669764,23.58184974221684,24.34755170651383,23.362268585735844,23.4179495676967
24.006071011761485,23.421038757011747,24.403342433653076,23.200912261567336,23.66155408865992
24.055158805790064,23.507112927310025,24.346086571910718,23.1857202513513,23.76494552770114
24.13189159777584,23.47925383261943,24.651121799905205,23.290829955551867,23.67759345344018
24.077808754356607,23.660140059544464,24.448315558311315,23.29445361821158,23.548552310449203
24.220493844015333,23.484008443294776,24.676546130350783,23.49434707715259,23.37844860313361
24.344567163194032,23.44603094511366,24.594915960311862,23.39931857044183,23.34458669252363
24.37760096253228,23.405308831583923,24.437443932873503,23.52868175160924,23.60620314920006
24.486308486788587,23.555464422713897,24.50593424350982,23.658084691020434,23.428523768450724
24.507746620173105,23.904835098165368,24.314286660992103,23.382522029328975,23.620164692594408
24.6399784742399,23.87110674537289,24.457767398732752,23.159554686491923,23.82105954042131
24.617777731722036,23.889848811474803,24.65518550899684,23.35773137985465,23.797284922035868
24.45612843747664,23.810800201299102,25.051487903494365,23.33006043628884,23.567512613785844
24.33478892583613,23.55181135366137,25.018702704186023,23.277951086324645,23.597490912279916
24.5231300274656,23.48950224090743,24.81674285984504,23.398013520366508,23.461177852301468
24.582859569638075,23.67342705903371,24.75002476636781,23.37279299151132,23.60583354139169
24.61845034235722,23.5381666473938,24.750869066210463,23.35773211142712,23.75341944230493
24.23482428372661,23.544088876360554,24.663985619841394,23.273570077352986,23.64420113538409
24.24926821663563,23.635789460425787,24.58577138561613,23.163722148480428,23.561525657693355
24.41380226498743,23.676704545583625,24.8032191581424,23.152419213473344,23.466645001475865
24.54707981004515,23.80466395953353,24.673203022033046,23.2652391573776,23.624788276676856
24.72333495742272,23.822080853290966,24.645655406972296,23.25284833172228,23.62955857460754
24.535479754643088,23.83792240580124,24.48081634012944,23.08416805960855,23.785780879781356
24.5378600455258,23.783972669489174,24.452651184218603,23.17657124001803,23.913648142992827
24.34239860147496,23.752937408083103,24.20983079499056,23.21667757757226,23.866005421419736
24.42082492021865,23.80944009228684,24.44176387533056,23.414164757560435,23.76114420087273
24.31695802185037,23.917859415412444,24.41617836947259,23.39373651767336,23.86108180735753
24.437837551280023,23.619169720042773,24.608221192704452,23.358737362504684,23.776558494005627
24.254629285613174,23.71925762850255,24.529065281768844,23.308640178720943,23.668704686079156
24.03453618703771,23.660437064890143,24.74149569198413,23.296371962918425,23.69596317530851
23.915949485913288,23.587902821657984,24.512756798964997,23.067568931173007,23.63629653564951
23.798549119394835,23.50483934108497,24.43417328535849,23.18900129485735,23.4325012776544
23.695549383945107,23.31096512808861,24.410718450492208,23.04737397193692,23.591978856591385
23.902088313005777,23.25370605182854,24.71304104379098,23.29960993215962,23.718521562919918
24.014645781581923,23.26637917793886,24.617322383036363,23.456345305146044,23.74278849700676
23.7899881993465,23.25544636667541,24.57652971244361,23.35957410109246,23.67201273150096
23.945464297033965,23.42717227760966,24.415399357360197,23.367818315902284,23.836094443502635
24.210848219287715,23.51374832066348,24.39912300947851,23.24533786433677,23.77942067933317
24.094017500636355,23.57596184599964,24.385809924613497,23.400875754450464,23.888535921210806
24.03568867014845,23.94748185502465,24.39056981008851,23.460690565057767,23.669848141573983
24.078088345910672,23.87762804763023,24.38730886698501,23.27787619984537,23.76681539579909
24.20565340935372,23.646882881008743,24.291805726103053,23.28415439959479,23.87813079280616
24.30285331182709,23.54040461172784,24.3244467232396,23.14425560602841,24.07041592565472
24.47447948305841,23.57596809412469,24.231457375634605,23.13849219471275,24.04559395062013
24.10526858785169,23.461956058139226,24.496784463449107,23.116914864101563,23.954960324210973
24.264031924748327,23.51030030945312,24.19143081305129,23.13146821886072,24.34462717643044
24.06414807937235,23.57418492660489,24.24208895482918,23.138108687374515,24.45918152545749
24.089538902514864,23.445980062613724,24.25729610239496,23.16004891530841,24.51300188022795
24.13501591941196,23.330566315997277,24.02433221643541,23.11170613791138,24.542843136765477
24.01781599027036,23.35954919640018,24.11742655758604,23.234291514580264,24.41615828341628
24.00130275831993,23.30084424858647,24.21931732225916,23.179001834111727,24.32303282947547
24.114883779846146,23.314050853766037,24.215177003352125,23.26423204446192,24.45651505690322
24.268193636979102,23.541130921424617,24.253942315624297,23.28871238028365,24.82652858943451
24.26096214906706,23.492979388880425,24.360898620552558,23.282347144829757,24.76753479058792
23.980383452489267,23.68978174355779,24.1988272519226,23.25509146381586,24.67812133670206
23.90368003471492,23.63914822176694,24.21263969867705,23.261972759934093,24.51552289722728
23.9153636961348,23.548808410177536,24.07281666862192,23.49123468092791,24.3871267708289
23.959696466840448,23.56666528459852,23.93860774381267,23.44056536498796,24.347246007393824
24.01740414670631,23.424413371163997,24.00810381968867,23.35980152490533,24.40129385200552
23.96408508727758,23.478580813292226,24.10602837906832,23.254478493845312,24.443722417205315
24.18792983426346,23.581672316795853,24.288055229088695,23.27943912230712,24.586038163072264
24.327850646239696,23.706377800990275,24.091048927783277,23.29131872673625,24.67083546462911
24.11213926427789,23.716198593139215,24.146938368572933,23.242457849822912,24.56596332621816
24.16455630453861,23.703592609529966,24.2197202874678,23.341461245592114,24.41131612123865
24.25150095263147,23.55369693678008,24.102221802108488,23.555005955645758,24.411076424246573
24.37236154087034,23.567238511420644,24.259616664391,23.392667630337584,24.344521509919183
24.34111353801712,23.510483373900524,24.26228997199499,23.480812768135088,24.35274614289938
24.60165754569914,23.63098101029782,24.178712058622036,23.275443770399573,24.4143865513311
24.49582383776192,23.65172443896069,24.119894505728787,23.18343318686296,24.418712906440827
24.50293664349526,23.85282010351566,24.191114588280428,23.26910420786136,24.58425195055837
24.582753471251134,23.80128756868902,24.424971093952767,23.264256547685925,24.799475522039657
24.98039585906577,23.81743648831357,24.665853325790547,23.293947579666398,24.745960228365195
24.87721199836357,23.884086719544225,24.572397475702687,23.319669607747176,24.713640067430312
24.74682544378963,23.977449931166053,24.729863581401407,23.352427139356024,24.602753740986884
24.78721926294926,24.05018348893873,24.619252407158907,23.476243968299723,24.64399774860104
24.87974610360876,24.103303520111147,24.223074315966294,23.515050512846265,24.78259609289277
24.95111841648212,23.857305054351432,23.99469038442867,23.793309365640617,24.70217956624901
25.052116161623022,23.73928146095642,23.92913494012028,23.42535336671108,24.77264323589637
24.99806962642376,23.64136957406579,24.18515420359011,23.408848023305623,24.729070837687548
24.97701361461242,23.789615204649845,24.05162499341797,23.613799021581386,24.85342396304822
25.13082044251681,23.734699683923765,24.14925090511809,23.53035196296937,24.97187888635373
24.96583158034121,23.623092838015115,24.25286562795939,23.5526180240639,24.969881831026605
24.952144838084056,23.539526376820756,24.398267223236683,23.55956718134169,25.377064315446297
25.102549248513,23.798791301153077,24.412866048801863,23.540179009289275,25.23152968340525
25.16591696549428,23.806245612744963,24.38021564713205,23.50997490981384,25.383935267742437
25.19006123940341,23.803683681713768,24.47757871219129,23.400678900196024,25.457462184395457
25.092020170939165,23.996774199986262,24.503990610002614,23.25132279641558,25.372609021837565
25.011087882230136,24.112575553673523,24.407161543691256,23.22736418476924,25.761782167625142
24.89130685402405,24.11124782768869,24.66674949669007,23.201380576363384,25.185114255501432
25.02405388126396,24.01684360130626,24.73799620700104,23.215342653977302,25.33731402301401
24.97411741444617,23.943685072477635,24.78834638626596,23.12054713082549,25.27708677664204
25.261128086174534,23.87564480985986,24.885758716034683,23.044280871536536,25.32575829510742
25.359311928932947,23.735213052978448,24.931790605030194,23.16435200694844,25.4202418790821
24.977240278037755,23.64784317904133,25.053774080504223,23.069789355185534,25.58520014793301
25.025786967767274,23.47349009855548,25.023841031640448,22.997601855525755,25.57287305274765
25.04448587156043,23.594950825176124,24.963837429345958,23.0523921820028,25.57675080939868
24.99553329845648,23.570680348767496,24.84522684420253,23.149363485286237,25.65515818777257
24.892337621281264,23.768687023349976,24.84561777220016,23.1851406569965,25.79023911839189
24.72427628905406,23.66162910662444,24.66045155037946,23.127822860314087,25.565637564081445
24.72364515560462,23.5017065803438,25.00672259122268,23.19621231142877,25.34766855713312
24.70564839165506,23.50326294992908,24.7548890090078,23.19209094225734,25.49233503248856
24.5542417168624,23.47768644070318,24.74948906921525,23.19165031341089,25.57394950800758
24.45246995523461,23.47534639919674,24.820299016847216,23.36805977379906,25.47355394385837
24.713731821996483,23.628261499620635,25.03310677845274,23.384231054411337,25.55887703634043
24.925200550499103,23.44145356321544,24.960607868181057,23.39135658817798,25.516189459117776
24.68041642824753,23.345447882364564,25.101085605129136,23.32203739594401,25.59453229321618
24.78102946944762,23.556436059240127,25.110852495511164,23.1438128060694,25.69813574373539
24.820385882575422,23.39260297328536,25.048512275258368,23.23110447165971,25.997223134579134
24.929188673482905,23.54013965486461,25.22041015536556,23.419845755201475,26.148509326353004
25.169251063119983,23.805240494604924,25.029079685086515,23.15291959679861,25.891077160724983
25.301099996174138,23.87296219561393,24.94616492234515,23.17291790897908,25.851614095703468
25.1864268422681,23.91924169281457,24.88971543481046,23.20275765840133,26.03953826720645
25.14587634920412,23.89291146662507,25.02043222116015,23.378162930530777,25.932599447452443
25.21916745639992,23.77707216382721,25.037267512819188,23.322280300212626,26.297874646640533
24.96447451138556,23.7503973273795,25.22715970995657,23.27889049600901,26.154027447362022
25.13322749043871,23.99433299187776,25.169859503792782,23.13991144163586,25.99565782856253
25.284371172815977,24.011854884233674,25.29335006630029,23.328841915263848,26.10524526899908
25.429904888464957,23.836143980774768,25.06148662455075,23.407302646252905,26.19570807157333
25.470184287618764,23.71084941213022,25.248219927278694,23.48574353551488,26.316125664799287
25.59456690720689,23.65454834620812,25.349395756102684,23.131704869194785,26.32727912757439
25.65010341040685,23.58854324374635,25.368245044790267,23.25993766252755,26.19226764587709
25.69530981334897,23.765622374375937,25.116551974213767,23.15515883544244,26.32798940159442
25.4820787052965,23.73127991473934,25.269324995845324,23.156373494565383,26.31563269456432
25.439383924261143,24.04984667218189,25.05018315268261,23.25366779951169,26.31117326183633
25.45730712412925,23.907656859713803,25.110457180396857,23.25005711385832,26.462866780969605
25.42772298317652,23.859792879507808,25.437818013371395,23.19287816086895,26.360031104086165
25.589664341652032,23.71047717961356,24.892574416758592,23.08242666781555,26.28919699234672
25.227545013383537,24.038503879926232,25.15889145840852,23.07008941796758,26.27499130040528
25.130252289851345,24.002198344367805,25.18836675857852,22.98298333796333,26.299539339894384
25.25827501430762,24.072844202880308,25.13780078502256,22.986823762461245,26.534446064078978
25.21101490682568,23.94747637993025,25.31632970459197,23.06706091339772,26.76744235263518
25.054991318450995,23.93545291379012,25.204390746337467,22.998874852360927,26.489828922412343
25.345305435383807,23.840039082287547,25.19369571750888,22.920484856594506,26.45136199436581
25.381103935762845,23.86258818630117,25.422122694584957,22.953959293498663,26.42866941269076
25.231880517543125,23.73318395787086,25.096339819007643,23.06688905451814,26.627219442217072
25.086478304619035,23.905605840725723,25.20813319415811,23.20703248897901,26.70316083100572
25.06009259444548,23.987898658610185,25.261172218987948,23.0303315344219,26.60576024736148
25.00873148657406,24.069509312449423,25.172682207800047,23.085941572283303,26.20835472414757
25.207449901642555,23.95614559438358,24.9045833520643,23.127210435353287,25.884141192026583
25.22591258431384,24.126659185981232,24.97060213605701,22.954699032043685,25.706904798214957
25.428359835145955,23.918099239293824,24.99244840199613,23.107543471429626,25.728930734606863
25.30974234652776,24.10878101061989,25.16343364692276,23.33757822597308,25.838502475209516
25.23897316915588,24.15585660995029,25.26005644966924,23.38283016857833,25.96410648767
25.426233670568028,24.14428570840833,25.396073939353435,23.143571754595083,25.9902625711962
25.42484344730198,24.32854838274001,25.088820535541203,23.290212199138363,25.950218693256925
25.34659240425437,24.12548774831885,25.46313199865389,23.265699573127343,25.898673621134485
25.23187451926285,24.263268578963707,25.49746890053289,23.31553940737207,25.91429649413105
24.82411571824719,24.39087007833619,25.611757723226404,23.519481256899525,25.96830991299519
24.900375810169248,24.2855374282674,25.614147083405157,23.689943727516543,25.804731537966124
24.714132385784648,24.054022912931263,25.247015462179213,23.505296498933543,25.883980960046834
24.7240030616471,24.14676475945709,25.398509950530297,23.501513811389103,25.748999264431244
24.43007725328205,24.30171204734668,25.285478249980734,23.448744906567235,25.93528853108647
24.473881023258933,24.132398053558443,25.30470004109746,23.61131112297433,25.75971052253521
24.562623624727696,24.13515064630739,25.322965983565204,23.55503840387698,25.52537048096568
24.58051978943356,24.26060653101888,25.36889223436102,23.39704222895176,25.45128739277452
24.50418320240475,24.22525098399912,25.244127173277946,23.476393026618624,25.64838390388193
24.583625817883355,24.365481905103746,25.261745052962603,23.583033524253946,25.68441086612159
24.62379619555301,24.307094943482024,25.36863479983532,23.78621345325401,25.47740297452523
24.82456057471537,24.296590759347826,25.237315107776723,23.570052372184072,25.700767552161157
25.093748551133736,24.60948030877158,25.155205267347096,23.74655798609541,26.200794884023896
25.02777501364041,24.407850615722037,25.24849066582563,23.76460644033405,26.023846068336727
24.906382727063782,24.21467035927144,25.045227561097853,23.828800596669627,26.263839230193952
25.01352226868754,23.96372394954906,25.175124935494782,23.68373418991852,26.343051127455723
25.441520351550796,23.917630067574454,25.36657290119896,23.638690281497837,26.27649663941292
25.041380416928885,23.986074213512,25.356900939767304,23.703258297658447,26.357824584047965
24.81312537472453,23.926220728501967,25.34080165432633,23.494719224591098,26.122354109152056
24.763174487154043,23.998677591454303,25.439959452420737,23.44861241512489,26.00253057766408
25.03675110946857,23.79563272905622,25.3462116477299,23.359067927857744,25.91380439026225
24.751276534253915,23.69819263990344,25.231016035465213,23.37926008650385,25.76239133850281
25.004041110407684,23.800280046093334,25.245846655791297,23.416805284585788,25.852128548105444
24.807841257938563,23.751444976064462,24.98363851888231,23.558821393156627,25.85620205544934
24.663810384387865,23.70723547372447,25.03232274847329,23.61927479581016,25.69478562366537
24.748641695607542,23.803385283181136,24.83778298868378,23.5086591382001,25.653474119560222
24.960290718562863,23.80513245910803,24.798018601885182,23.47530998288559,26.054373444717616
24.93695978094861,23.990631702716428,24.87675019455166,23.39185913263596,26.16840829391306
25.002687997687897,24.20038000008291,24.77249595453816,23.348309719828272,26.147108099057267
25.124472980270024,24.186472008075476,24.56051926549077,23.363790703245417,26.042126803206493
25.204632003890385,24.035657398659986,24.84344076106485,23.244822009409837,26.080393605967167
25.05562360631856,24.2087485638908,24.602761543453237,23.439024961950462,26.02932573232434
24.988445352171954,23.919878564024494,24.641662235532408,23.487857558675287,25.72282917651819
24.870773814929635,24.02270487717844,24.76183426330517,23.462843920597106,25.89013828346098
25.026885594435168,23.9128903514242,24.75827228304847,23.5100159269254,25.48696151115391
25.08344796017486,23.94344288989536,24.842379321208284,23.392017499928,25.518602414192845
25.212834857229858,23.60811565202078,24.652570016537386,23.25109798094568,25.867244170020843
25.50683846061344,23.67742177848385,24.62561784763068,23.37669245429738,25.91115448539633
25.393482139804703,23.859315785008636,24.641351248749437,23.461160866687813,25.860006784531446
25.52179163861397,23.977134052210584,24.752384761975268,23.313780904485792,26.06505665474032
25.453460577698745,23.813951437294005,24.639415402590725,23.387094973553747,26.1660328070231
25.4088067928266,23.89420259545781,24.58024934718643,23.44586486277592,26.26550285205246
25.254283777448983,23.825498983553643,24.710642421641,23.30072239138711,26.258651730238597
25.35042983860385,23.631993572039065,24.88066691546137,23.31457306787333,26.133700705291727
25.34050345175936,23.5006646049801,24.92025588185243,23.29472630719123,25.79896681865406
25.40375554850324,23.60529446824409,25.346097611295782,23.309159128727327,25.53821586250101
25.73029337502858,23.68247271547556,25.286859327886347,23.270300043735578,25.582677709294387
25.878033219551583,23.876443285152856,25.267191057197618,23.21389572479335,25.598958850049165
25.78733218454053,23.657727528621702,25.153814369923925,23.30358554728098,25.50475607988816
25.407655422013512,23.67600521336524,24.87219717247924,23.30032666073693,25.577470617516397
25.522517012767462,23.75122529142165,25.02318573913784,23.234552891578737,25.515249473047263
25.510068946380557,23.68557144913775,24.944966565940856,23.107785258175458,25.681540793097867
25.38178772261174,23.82239061292161,25.20106973972526,23.116973292938862,25.92211523829064
25.38606427004318,23.875956812116165,25.249539988120592,22.99804421978764,26.10961137098121
25.50958073861116,23.966542111394997,25.17156585556575,22.924731927413596,25.87088316078517
25.54140705361135,23.78248545007869,25.51088328321964,22.891372382284832,25.914159467288663
25.42326575012885,23.714094524118785,25.41670952017106,23.092071249463363,25.90593570753552
25.76740828511438,23.535465833827534,25.30621818095421,23.30683105572117,26.092723296411734
25.61166064642452,23.4859729136128,25.160278828269504,23.22457289433927,26.275890220919518
25.52756975251035,23.693121424022017,25.380416729157226,23.14842010448405,26.260910700863707
25.539624259321258,23.527322411258595,25.176121221793707,23.379802032122168,26.38688242997561
25.69653910058615,23.556750810834732,25.23550872893263,23.353014852681355,26.330269924577006
25.48606468144744,23.70259954543226,25.026638735142107,23.53956413954142,26.20173640194709
25.458376321457717,23.6767547407072,24.786337618674704,23.745007463880377,26.03077226956289
25.50566288462131,23.68962367970147,25.002550659162598,23.67553443448344,25.96981173100169
25.77432677133993,23.92111864577824,24.8190098369479,23.538843986676824,26.06435267045603
25.73123314567832,23.86457085624691,24.82059992813245,23.534761961636807,26.25670520142945
25.207578137035465,23.8763089308613,24.7354716465126,23.58755615052165,26.139828804651795
25.20610493487182,23.627415134971155,24.59268998559097,23.545654668508536,25.91391763613464
25.37757349272104,23.72706281267695,24.752861049020257,23.438359430974582,26.050281909044397
25.2988391853508,23.78295705004303,24.786484154580556,23.38614828637664,25.958457424219617
25.79618912509017,23.86154849318825,24.7431393070825,23.394951489265832,26.210220725157253
25.63127598331925,23.906625445846387,24.90686278243455,23.44726823663208,26.3935351865114
25.66296416081714,24.0232486748955,24.74464167228026,23.35691161631315,26.289237803371613
25.847824548686354,23.84438910360808,24.87519614951039,23.35254172047652,26.13588952600643
26.114063926090243,23.826901297107877,24.824761632383,23.304356973039933,26.19270260509784
26.066512693650488,23.899954389673464,24.760692512088312,23.216610476444043,26.38629988417197
26.00136193553732,23.570277808696787,24.743985729497744,23.17236672021753,26.74114765440269
26.22160935154906,23.545984194668907,24.775400588981835,23.09861650115625,26.663020387604785
26.22747209576758,23.49227555550222,24.95486721816996,23.302000073694376,26.593889362261717
26.275621334128108,23.71731141040574,25.065364023372616,23.39635412913816,26.718301496467948
26.24108997481552,23.727002656662147,25.10311106737249,23.35063442509651,26.89797367969213
26.439081113394625,23.53147070379359,25.11213858018208,23.25929756580161,26.69660544492107
26.808732052689383,23.60802971863392,24.82313914132681,23.48200270362666,26.816964957111864
26.69893469702705,23.76229798367943,24.94045306231193,23.515625212274045,26.816610911433624
26.44184521447744,23.627951979654235,24.895630588949796,23.43495111330428,26.85023205381317
26.534524713965467,23.587687245264316,24.7913705167457,23.43452047772441,26.74295766279568
26.74182355943841,23.62919973617461,24.881064670718168,23.38406081018466,26.93385914400509
26.51000273741308,23.620942696024247,24.775172170141538,23.334733172003688,26.943186986877127
26.87551576714582,23.77812739352058,24.78345130139541,23.4545728096306,27.08049603004596
26.867726657421876,23.68751691149103,24.91079056903475,23.46969170206673,26.80307662408365
27.098898914845137,23.548882102974417,24.57815697647436,23.3188634814365,26.65658422255333
27.031855361396687,23.543829549148143,24.49622882915388,23.281582422871622,26.759907857860743
26.89996229509996,23.585272820349804,24.72684074825567,23.24547770992353,26.88978043702104
26.67215417845523,23.55386877986206,24.471743655406566,23.026796995628068,26.93272955840145
26.79051087341722,23.53264421754829,24.179252424148785,23.32650964134152,26.8849937834921
26.863941799289293,23.380541346808982,24.174362333190004,23.184227776303445,26.595591061426163
26.57878813425747,23.483060925057234,24.10112226895706,23.25227754133301,26.6583381423081
26.55749141779689,23.64591137618221,23.891792670846986,23.154487468436685,26.72316220219421
26.25404811140134,23.621715454552277,23.79357236375897,23.119547936428823,26.8166592852934
26.099125580402248,23.567142679694864,24.19634679701528,23.098795840174184,26.456608306723574
26.343020725392137,23.558329069321516,24.0898509426986,22.970333303550994,26.60957157296971
26.062814744927795,23.57032960985752,23.937445301830884,23.06543256775864,26.53377263987742
25.98707669418718,23.59202290181201,24.087787798386508,22.96327579560713,26.19695113501844
26.161285513121765,23.621208026832367,24.08725776017005,23.00963413557356,26.37059138950936
26.07413545840895,23.59986726634949,23.91279002483156,23.0062772362814,26.469185366284663
26.150581747622144,23.640850692912576,24.042909799530207,23.05919562540869,26.40977210500784
25.965757623860565,23.70718393448964,24.162803603248,23.065301996446674,26.219228529694615
26.419689152237947,23.698236761386266,24.234202890202283,23.172086266419868,26.32159889989349
26.435604503382145,23.76329863051911,23.97173193245449,23.09509887686949,26.372463766506197
26.301997878034104,23.935390335782653,24.04670505872215,23.109993453010524,26.327974984443262
26.11429932343257,23.800302010805066,23.998318590703686,23.220079787775894,26.510967334832596
26.109491292286897,23.76693649063157,24.014849657818186,23.22411623064519,26.69339543824552
26.22190207259465,23.674104170764537,24.21411936075401,23.16296442887124,26.62322226860855
26.236623102407822,23.705384791512834,24.46769222195553,23.314741309211684,26.214435477654444
26.2096790995952,23.738234498889387,24.235428327087845,23.112825989092677,26.12114576564548
26.36667151569421,23.606142114338933,24.169221063765484,23.24961684880149,25.97941237378646
26.63285745020653,23.681637653245232,24.17510679945928,23.206844945415323,25.8546873509551
26.69920715076644,23.608990956933432,24.278988017031907,22.96277161837398,25.96744661663423
26.59250854617206,23.577744213012316,24.38339161176359,22.93860350868215,26.07079194325429
26.52839884706424,23.571066012945188,24.513174925622565,23.13511036209891,25.902339723329344
26.17727182325329,23.65919766010003,24.604099096308197,23.12594995585123,25.77639415641925
26.398627875336512,23.47638942125121,24.67728092965992,23.283972523941344,25.78898738227418
26.556654516108328,23.48233261460045,24.58718416136741,23.250368133546385,25.98937414269825
26.554653321950163,23.848099610943866,24.814520505053338,23.391676287327964,26.164448778688342
26.34275250721392,23.94684078638666,24.63161292979813,23.408268841227876,25.97398052193563
26.199896203212894,23.782394797064136,24.76910107367146,23.443454319446204,25.670065699418583
26.471328377036222,23.814827054345205,24.658192907040117,23.285145270214933,25.563009045459783
26.629409876760345,23.67467265177717,24.820734952932305,23.192847575780707,25.49581022827229
26.385011276697284,23.582354939338483,24.5972084151496,23.293016261443164,25.592574461498483
26.042573136403025,23.62470957218064,24.837012017466098,23.50463671008783,25.446773067009453
26.14154577470314,23.61621086419145,24.84876265146156,23.47375758727179,25.45845023675237
26.280570950588245,23.542363702073004,24.781680845645607,23.50596275975073,25.453705309041844
26.009709426147108,23.671916196323654,24.835724196618795,23.47278160873647,25.46778709055476
26.07692363063192,23.78501920300497,24.600626997113125,23.47984521434267,25.38407640997509
25.900722834981288,23.6208482188432,24.82534087147044,23.27116831539054,25.47891155359498
25.8130427017672,23.53559276372189,24.831293154402758,23.33256290121342,25.59615292923041
26.057767269913366,23.569661070123384,24.883467970462213,23.434640080752544,25.173851183109043
26.183330546057583,23.59555860192291,24.680088128681245,23.49532041874704,25.39273521092793
26.330252841629083,23.748809326194973,24.831498834713845,23.61911945860169,25.44407094763965
26.282791838843725,23.695685454231544,24.834322232021044,23.441895377388875,25.42424170851197
26.407188237093354,23.75702138365333,24.814922540627023,23.38296606319027,25.82204458690106
26.184620009541028,23.70945965385243,24.664274694865764,23.365062725378955,26.08566674840141
26.34991904966653,23.6908295138736,24.691323803979447,23.20995799390944,25.728228107325968
26.45758425963062,23.751716138538363,24.539833632118956,23.18023382744852,26.05630321011881
26.68016193500753,23.66117476230076,24.545025201510217,23.10915556571125,26.086022735268045
26.52362086063973,23.610607590994977,24.59005839507252,23.08267075844335,26.04679775044426
26.33501664319022,23.566324445549256,24.6276012572114,22.94582000212321,26.43168796983093
26.27382593010031,23.68204203695848,24.53733259652075,23.16539622271937,26.603930363049773
26.20856913283641,23.62355559036048,24.51974908851635,23.121537764938456,26.37715267188304
26.27125807930344,23.60911561619129,24.502727817405948,23.323257680962712,26.19684169517781
26.287038834469023,23.774971696824483,24.5784470775018,23.03455889270208,26.36847134701682
26.46114981362716,23.7634800369371,24.640503626979307,23.13073444946309,26.533246349337784
26.5773747577548,23.953930365289843,24.490077124501543,23.25570703744821,26.42781211207201
26.73398112122041,23.818450369099363,24.701757531440578,23.04507182431774,26.54313924386921
26.43059412377417,23.93437855854637,24.835582863922266,23.01361466954841,26.385675235854688
26.275536826953864,24.01794926439518,24.725491471815964,23.16528864226738,26.39753421243932
26.08899458414549,23.91430592631964,24.80347432506148,23.151345243909603,26.51745944765013
25.86225617283432,24.185802700162096,24.961605732101116,23.2994668690216,26.67766901734854
26.027522082218127,24.010551206576803,24.981036146436665,23.488918712945487,26.819168495137088
25.849182152438843,24.15525322941724,25.11069238006663,23.26079709897597,26.731683222773235
25.72988009226928,23.955876997850304,25.11830431036974,23.244706762219465,26.99912293555269
26.028177759300767,23.842082738057936,25.158022031003423,23.19555596616567,27.009842110209654
26.057715015694647,23.73414956190514,24.734124451490636,23.16561000820915,27.06880791691702
26.002087380158432,23.72749152260861,24.80577509097164,23.215418881615516,27.01053889959801
26.191867714982376,23.79850519367908,24.776063169349108,23.06310022456433,26.84934375807456
26.363588707591266,23.6758368236188,24.78130689978624,23.30815665101021,26.567704159696763
26.45791264600149,23.55028170597719,24.81294514323534,23.424486985900764,26.53014637854776
26.118193678499296,23.71801468331982,24.783790242999984,23.3115861558635,26.677227405216147
25.864180454876244,23.63895685685679,24.882672296582285,23.2668510204802,26.9862906088814
25.97011765361682,23.70668131109056,24.78896799041723,23.1371929690069,27.155705950468924
25.992716848682235,23.68079061354026,24.709813427918107,22.95615013166392,27.02384366514785
25.92978354401516,23.85128648131781,24.750272685126426,23.180396094142804,27.178448063881376
26.070728597759118,23.865286711515505,24.85971095421213,23.207012563716575,27.653494980529373
26.139303472206585,23.70242457816812,24.93072783004917,23.195638448951065,27.453578370356283
26.094967484859342,23.84002279743108,24.743201366146103,23.096768753146076,27.398542843791127
25.871057857758565,23.96021978237779,24.662856448178736,23.28799909100517,27.72745178510642
26.02978508891592,24.01997026576481,24.750039106259592,23.229201709173857,27.52677300078388
25.81120503251332,23.95566563176504,24.66150405091461,23.517277832459957,27.61411019573324
25.930414682903773,23.86166749087488,24.57821625410125,23.365956993923067,27.727086437056048
25.84190032030549,23.985407659552678,24.81488615962983,23.38132508942162,27.50876488807532
25.91251634498741,24.01545439496141,24.878098011824665,23.420303770831424,27.4961486359707
26.01043033341436,23.97339912056545,24.73106221983333,23.398520817448485,27.405450648144665
26.122638634799458,24.12481591884772,24.969746740826167,23.441235186584503,27.62987642635357
26.147474899516727,24.2396585528878,24.78948131717256,23.425246779161757,27.54781146753856
26.34529978102132,23.970850829109565,25.02628083679554,23.4259154569096,27.36682819341454
26.389657545404628,24.08011429265409,25.142129252911587,23.328901378481604,27.708624285780274
26.11528189946733,24.22851103759361,25.17356201131742,23.38204745414819,27.75146561911852
26.15826222802147,24.379752394834508,25.288088477297087,23.31082182521664,27.68352736641941
26.221101970361392,24.340140268322852,25.603206230596765,23.31605609072854,27.646523291176404
26.276586758095423,24.10050929440608,25.53686867361793,23.37800052950037,27.97577675266801
26.18175478739393,24.392922206827134,25.373568237967763,23.390479493823666,27.706471768413294
25.79685183626637,24.24400226568896,25.725584583904123,23.4252217303432,27.47699670379621
25.32878366454316,24.31977171551184,25.82117503603151,23.43836526940812,27.330753509894624
25.507369443123736,24.158956272067595,25.73536936804852,23.60507398839233,27.352482153400768
25.474154926308703,24.60691739094231,25.847844640705983,23.585457905379204,27.166294074818676
25.420609680832555,24.663581813791332,25.72269332080572,23.46754407914173,26.98422384301737
25.137724016308624,24.319902803513777,25.666448724813584,23.58653245991959,27.24966681896696
24.92640756698416,24.225682909456825,25.980490508949032,23.63090120078632,27.27157901340701
25.150134521649598,24.376183895910017,25.63349105429464,23.556582630772244,27.260111055471903
25.20271982748402,24.33128832503868,25.622824511815573,23.328934558417718,27.34110182768004
25.221496188946222,24.16498608596832,25.633248190655657,23.59455662218551,27.255471649746244
25.41795497611917,24.28758441127928,25.40361039589185,23.503857855389235,27.14289324405755
25.471014119091222,24.07480164594797,25.60541390637616,23.351497304421887,27.03072716685957
25.48656165517781,24.21918067770533,25.68335148440954,23.39745357770467,27.14842111219824
25.178481116519556,24.007003049539808,25.85259135160964,23.391447099224106,27.237403227372766
25.22635013542969,24.062845201966688,25.733990024365927,23.4993109036942,27.32724595015407
25.29478194751584,24.21642643426906,25.70356459903738,23.42249007339651,27.248931411541403
25.53204735818575,24.272965229470508,25.39130980813986,23.37668970744493,27.24244670642733
25.720786123291333,24.30159086504265,25.284513850539305,23.356407922703227,27.303105719300333
25.679721946636235,24.302659290652056,25.091242687462994,23.442546438144262,27.30545951228439
25.599715274406773,24.20074882392627,25.198517802937808,23.27439339465149,27.349005152131788
25.57853279171625,24.40027301242655,24.905385429355505,23.3652513917511,27.226293885475645
25.431018728689864,24.06208992322485,25.12162234869625,23.22836042497689,27.260909345350036
25.32715039966372,23.90965253931988,25.256997144741607,23.25426137163732,27.431821769898725
25.02113663392306,23.892481716342356,24.93889510460923,23.4662256693655,27.605968836618
25.145570306458616,23.89084785126925,25.02343660231748,23.542400459809,27.5906667793542
25.109646001563963,23.86582341743023,24.941312374721782,23.428739869430807,27.589050280844287
25.101216377848427,23.666867177973817,25.07794635786244,23.37064907672649,27.42454800357918
24.997752376891302,23.756184299783573,25.150512878591307,23.384243377211497,27.64703781094216
25.255927325976927,23.7518924588292,25.14755725103895,23.492988136925987,27.49386608489608
25.20085278429313,23.760118208499065,24.84348327807957,23.482969973245662,26.8661649056862
25.20219865924519,23.87403279797793,24.653467524677783,23.51461240811001,26.91741922067313
25.249732101207712,23.68753498303037,24.718877973162154,23.39515358132336,27.30941783387506
25.01236380828204,23.513060894007804,24.735210689749326,23.3928449996801,27.14181710496437
24.97192578775819,23.683259626440144,24.603332270276333,23.439393846475557,27.118723891876098
25.09831642278241,23.59935612015981,24.419687245692685,23.328397272444604,27.069688752214013
25.191070700948927,23.76611157660984,24.62166070849786,23.141029772926174,26.902706953594095
25.117760461741447,23.71744374470456,24.688195332319903,23.168573354724074,27.156852118503163
25.10898566663877,23.97003828146767,24.772327137704654,23.099439234419584,27.341822022400056
25.22758793807997,23.97158186232846,24.53461605608909,23.3566077827919,27.438103166315116
25.19804204123616,23.792317012678776,24.56458707278593,23.28626204161302,26.999684707213014
25.00926647757214,23.91259738741223,24.516052519296277,23.18029643493028,26.773090795683352
25.047787088958977,23.81649806391264,24.96498732463078,23.360490116459037,26.937905183454127
25.23551139915241,23.831918293520133,24.870873293453094,23.292632318101624,27.07447407769335
25.267221205893243,23.838593308037733,24.95446510932294,23.250555524649965,27.14131575929043
25.19928962835513,23.706602496329367,25.021207080926384,23.17239595171043,27.23486079143285
25.09363082037037,23.87501646525267,25.281892793617637,23.25874392145271,27.39859284714807
25.103906742773155,23.79935177794592,25.23533736708373,23.32962567510613,27.22310405505475
25.128632712789308,23.69999961482969,25.2943703790013,23.33711044790694,27.003633760339326
25.18795705820389,23.831185883674348,25.122840824986703,23.29296612492188,26.819120941570485
25.30261973960513,23.821740054404216,25.206990731700063,23.43501835326751,26.8284524881118
25.14236437741184,23.95210005899009,25.238788817414708,23.35503464898539,26.56226297761462
25.184294312306964,23.92424095379153,25.134652755461225,23.185887147435885,26.642660873851
25.439210311305093,23.96626457225508,24.938333047254623,23.164287504729117,26.767122294791868
25.27436307822588,23.79079175331453,25.22178291608524,23.33239549430529,26.452255173297115
25.32764580071941,23.96438232110607,25.139902959062145,23.22716389585492,26.659009656287
25.44594280575041,23.811238373822317,25.34414653693522,23.12213676128212,26.61629017383224
25.67981182449584,23.90445865918186,25.280505987640566,23.136388487604524,26.3179161026476
25.67020275614801,23.83591752440083,25.149321722314017,23.12759183991848,26.279849838292524
25.61882751587537,23.70731636300183,25.040482802085545,23.119267849108837,26.47373173331884
25.552753421706104,23.559305913435416,25.22683746098433,22.99866903747883,26.418796276537545
25.559736161289585,23.851548141878677,25.175158542351,23.10251968572029,26.607750026308143
25.62535877493093,23.91739567034485,25.24245950918441,23.092404246093373,26.21699627920307
25.778286680111,23.81409601789807,25.13380163370776,23.09570688335168,26.0851845096131
25.825993974909984,23.8268223021854,25.01138251110965,22.980214441935683,26.02250132512537
25.94605171689681,23.68784441013177,25.147603921109667,23.10258627559412,26.35478277576429
25.91084822219314,23.48424438143053,25.351933724613215,23.142972292906943,26.54057801278127
25.836192561689767,23.777572771259265,25.188513953498838,23.134505507142624,26.36997405342817
25.85797200279236,23.85745570994352,25.04366608334371,23.206527762539704,25.936513953530383
25.93357682215848,23.732287516819092,25.34493103008765,23.197431643388768,25.974877562035388
26.091322567214966,23.6596630326086,25.271181807171367,23.140549399098308,26.229441629564047
26.46044298722841,23.76715189406076,25.0356164850687,23.185839538002057,26.53129465927822
26.363496360625625,23.75129150656595,25.076001589697373,23.20027407197781,26.68759633225061
26.695441488341725,23.75164696225573,24.963023882432093,23.34346835686429,26.5552745766402
26.8045269576896,23.79551525818737,24.85916158818193,23.03413887970237,26.731515688377577
26.74545068692565,23.644680919862683,25.021624925431876,23.10179703716496,26.5838614320304
26.80602536383129,23.70708671576204,25.30030984306573,23.35429276959553,26.478778868244607
26.34248364789334,23.715744472946795,25.294726648158964,23.122218098387645,26.487145548188305
26.290156491235187,23.659047736694784,25.353379367843957,23.218142996489004,26.438056157946377
26.52827396664039,23.800339525533637,25.49480496533612,23.239698754333933,26.39628337913802
26.23197800657962,23.818649314034243,25.181667719213568,23.36382479963812,26.35466187623571
26.061915348643243,23.73051195267792,25.072956499310138,23.400718806478054,26.31892501686524
26.06389392945076,23.716583791972266,25.31465399716343,23.3121900379202,26.41469583423616
26.080716031715344,23.644009800951515,25.318325651834694,23.36202702941194,26.32497252365215
25.96649011709408,23.40823338834742,25.311451416640097,23.10348634793556,26.33720406696117
26.014966183899475,23.54941907441856,25.31267593100394,23.200650928712168,26.264379469636246
25.89398335657757,23.585226494943868,25.193677999420565,23.06760050026445,26.288838831581497
26.10193238249885,23.500206720957795,25.15971728178043,23.17840366088512,26.50816877613103
25.950271070012885,23.325763824140594,25.487287728957952,23.128029663753555,26.402791628721552
25.907528864138733,23.399295015395342,25.248009169128444,23.18027209409328,27.077833788519484
26.03762420575864,23.480280860170744,25.100391102619614,23.24550873903708,27.22181419744232
26.16873862264716,23.387377768846928,25.341027191261887,23.283491608139496,27.173136939673395
26.210913253625275,23.537393699524813,25.19588185218634,23.449252293920747,27.26317301736582
26.29565211903489,23.21960842046024,25.480015493589168,23.46149733983345,27.20222433426979
26.352874950535902,23.35359394569469,25.72837729650384,23.391492832826067,27.48627361501825
26.011418443593715,23.535194136752747,25.88695495737632,23.31666143064565,27.964534490814025
25.97481317222809,23.4339400404766,25.82902702168828,23.34489820483216,27.936436419344645
26.05773352768947,23.354575502033743,25.501815945956075,23.547326846327675,27.765717773098874
25.84852076170252,23.47083615215634,25.39221653407845,23.35581047412898,27.897126371033668
25.78531259181173,23.50015163958274,25.78681772393901,23.386088655740046,27.555627326577778
26.070545997884132,23.466768985827237,25.995171301772423,23.31567425134416,27.5802314723796
26.467340291459223,23.53751625353816,25.974848730655516,23.430140710500275,27.835752466454885
26.740886192229198,23.50855243146097,25.84954285318511,23.2922292333878,27.887062396566936
26.857516491749,23.492151423551515,25.777837770580344,23.405707483288648,27.829044481389428
26.79520154904358,23.74498602265286,25.50650437968022,23.27156952094928,28.043883991751112
26.65552569563102,23.855252362886024,25.516266315923144,23.43135969277546,28.06433495057633
26.7583268825912,23.719411443091836,25.63505342012547,23.49924960128144,28.239963655591083
26.583005945415177,23.54884906690238,25.71730800517573,23.646708012613008,28.46756315665727
26.78976295532667,23.776403367379874,25.832861192319456,23.43943729787636,28.179883915749752
26.754533172596577,23.538012754210303,25.38410543325563,23.43493597356768,27.990042553733044
26.78329432665186,23.60898469585586,25.677289165439365,23.351854606139494,27.972855345566067
26.564856271862958,23.58427368852559,25.55925243750047,23.210609522641757,27.52509617889571
26.51486823238233,23.55894568378377,25.61740043157975,23.2307611632376,27.330852521730428
26.79321425449357,23.55911342944408,25.601120242140908,23.293946996382573,27.280289099337367
26.69886384117561,23.632479563690147,25.75494851665361,23.405050267860407,27.254810358557048
26.59885700610877,23.620115455251327,25.417623756054976,23.20903416358147,27.40921970019201
26.73103765109565,23.67441186500313,25.441962699566428,23.34942740826336,27.60107505005482
26.594669746538543,23.754084378390683,25.555039792959786,23.034646151159198,27.878498390646303
26.7096031184266,23.79756526831051,25.43793148343775,23.23098904231066,27.86926744954522
26.68407371777581,23.815971157204213,25.48397025032341,23.543990597340063,27.782080097656426
26.749301253950783,23.63635435397613,25.371186095997707,23.30943413346606,27.64118640774085
26.68861165159624,23.723595488781957,25.625775745388623,23.284555108960888,27.68638473867121
26.434723278797584,23.5298797616622,25.326346117144183,23.43585700408727,27.75067783702634
26.194465665242195,23.8136533733479,25.534160906007248,23.445322727332904,27.59906862527405
26.004125318130228,23.570269086070372,25.501177994155373,23.438387040778217,27.55954463474893
26.0932798057926,23.61064501119045,25.27191196552408,23.377444465598156,27.75373187091799
26.06329078207624,23.62456678953322,25.36374620093242,23.356035381635632,27.82128362092166
26.065883951769333,23.702186655371268,25.077875072820685,23.470383293342387,27.717098721063365
26.185605604593924,23.75042163929584,24.98953659326171,23.35741667801174,27.956053976390383
26.34588510638628,23.61363795570901,24.84138328676383,23.448772452244476,27.868153790482776
26.5414304506571,23.504328244591772,24.77925370429988,23.47555993098971,27.806291163728908
26.28583568092591,23.603136487151424,24.621036127602476,23.41928159872175,27.51194898995458
26.21882604037502,23.63968970176353,24.77673018412304,23.600011239114952,27.32739830133444
26.38911370169237,23.52401951767737,24.791509612734213,23.41341253589737,27.15938069386616
26.789017176803696,23.160448188787743,24.84954047342812,23.411840155440792,26.83527522094639
27.23657199137973,23.34225512449872,24.827467661198376,23.215945305638087,26.794030481860617
27.29215214670114,23.410985665429905,24.77829500328067,23.47735952769793,26.562470982363106
27.33743422990669,23.597689861423618,24.660820465536595,23.39561503034972,26.626297297096883
27.52902142067132,23.52066969793502,24.867159691318957,23.39283339346164,26.634217391925063
27.38657415209132,23.645483426504985,24.79274921230694,23.19275101607871,26.212810307859137
27.199291167380306,23.499444781387663,24.620652213916127,23.31615063541371,26.372140598915408
26.81824663350326,23.5942246117809,24.165476191462638,23.270674958815896,26.292390444840944
26.58740395604662,23.76609648634525,24.23430979597676,23.38948202700424,25.71347663327756
26.52711263973224,23.79282509623452,24.06962538384676,23.34181135312596,25.785659802950185
26.46065611172407,23.94480477228291,24.25161583074252,23.406746311362227,25.560019880077537
26.22000412038774,23.86240880213416,24.429769540132803,23.21388183862258,25.4852148998113
26.366865629459788,23.85308614487929,24.42373099221323,23.11034757029242,25.59774452898008
26.63296364549821,23.80201335626305,24.41400913157508,23.022120437614827,25.50747563022306
26.284166892005548,23.411919316992748,24.551307713963165,22.98240178060998,25.709819776040064
26.764513492250515,23.41148832691364,24.70663445102319,23.11454536487743,25.79767498295943
26.746019942775856,23.65189346941404,24.88564785677541,23.143530982973623,25.824475858619135
26.95866609316713,23.64784939538284,24.871270225538407,23.288448324718104,25.70345062614324
27.260262342144504,23.48460883181176,24.978220484455093,23.257181875416745,25.61230198263547
27.253921650835903,23.574986317908845,24.657674022593906,23.396143820255496,25.270131380725218
27.40849681401493,23.46187642560676,24.80038975585269,23.63028473180566,25.349578946465325
27.29227640674061,23.51647291261924,24.632041522835294,23.49996899600704,25.46063856614267
27.472179594334506,23.54606368923289,24.57353278568563,23.572200065377256,25.45143160794727
27.1888132663193,23.548858742616947,24.68995339352541,23.514231175605605,25.78931856257249
26.960028228599388,23.61027724697116,24.59446447513052,23.544878835846816,25.73420459211064
26.78039541566952,23.646544229431655,24.521329920310677,23.556288197178446,25.46844969646642
26.92086639309723,23.45885228216396,24.46028039345126,23.500802414238983,25.542319230723603
27.21208367229546,23.404239716597168,24.548410369713668,23.389930415874858,25.214087683873696
27.203536970812014,23.328062427475697,24.350266542990475,23.334882378759985,25.188518741466385
27.17978733425867,23.18222569686238,24.47948261900895,23.378950162507635,25.01990528095857
27.311934406750808,23.488465229347455,24.57930099883185,23.431617974388985,25.097678178634983
27.198923289509747,23.176229386144172,24.79833469641041,23.492718628923598,25.117728947735884
27.31561307563878,23.189088032253185,24.705644729436877,23.496311372012464,24.7966990973502
27.046125540420174,23.248672117075355,24.747757768530093,23.45396595538193,25.168962183475667
26.9719134351722,23.343121647775813,24.87411388688768,23.55098949270493,25.035989097214685
27.068534702647067,23.470702065715276,24.766528116483997,23.31278276732385,25.00508361891873
27.457313548336973,23.332480671722276,24.547917012137034,23.5562506875175,25.24861432899672
27.33391898883967,23.188566526253783,24.65903317326229,23.53437330268542,24.95003259860805
27.462000437806005,23.286467885623512,24.66462989429241,23.518668209682712,25.20262358744337
27.28116382657618,23.302270731394383,24.807127800266496,23.375841889614343,24.919295384288905
27.350127271822156,23.244025395213097,24.91827431979045,23.40890668814906,24.598299680713826
27.61402072407545,23.259061468372487,24.886147737554687,23.45113687547895,24.20439734501849
27.465816506010555,23.24229884173688,24.740182398540583,23.23736166489558,24.214325816601946
27.357559800927927,23.310017133065124,24.61221094441009,23.34569630974373,24.13985926936476
27.065651988646568,23.41603688091645,24.656444509148145,23.339642004808468,24.07183282778132
26.81876909504381,23.282792604970123,24.687924618960142,23.472674382149837,24.197714113742062
26.60627846800389,23.22429192079996,24.3778767458969,23.50163398891573,24.291758727692716
26.59921924926929,23.198145956050254,24.403202911224287,23.478153397864865,24.483912465139973
26.40333843377776,23.12739574622327,24.459059762003942,23.370148214794888,24.3332248762471
26.7972279052288,23.1049149730571,24.67569161732977,23.507730505551187,24.31270313365975
26.55236581853997,23.31662193208929,24.86550401994546,23.440347137929407,24.39356667364304
26.769432899058472,23.486504366081952,24.801938513090825,23.36830165378685,24.412563518020185
26.93453417165087,23.52230336139033,24.77364743944056,23.262313571892133,24.418425379268
26.79845938584535,23.41798463584921,24.853807117955157,23.31774354391594,24.0767759062459
26.922963973521128,23.51824401416172,24.74791009876491,23.32689502543257,24.152735040247823
26.85112235998192,23.38707814535829,24.885478624504703,23.22848596309049,24.23514849267672
26.84851115395522,23.45628893071641,25.15831163108585,23.402404195364504,24.157887944074588
27.11597076727282,23.322926522868094,25.26569591617561,23.39457737696482,23.93030911536936
27.222038186577528,23.386716307948674,25.269786422050647,23.45441779608977,24.10480643361092
27.195851101205847,23.40567455306873,25.39445848567814,23.47224051665601,24.04180955559665
27.33140905304405,23.42774867921748,25.184602586241382,23.43638040345766,24.10768126215056
27.27873486802829,23.32860587496729,25.059445244190197,23.744978862348425,24.283943892935337
27.182042167698423,23.38575334966912,24.80460276110828,23.667940179721985,24.269332603547525
27.1983784350762,23.276362005040333,24.70017167756096,23.673077470029156,24.44677135407179
26.90742569495944,23.470499323745788,24.641298416714957,23.57808327573824,24.40362243351191
26.98854290787525,23.43459407037959,24.8022959760898,23.41105792072715,24.242768412643635
26.83397210436492,23.334077334589576,24.93415268962337,23.21698874425418,24.335529201409656
26.687257249352054,23.394298180065565,24.997040006325072,23.025487062022872,24.461618769442936
26.512573015679862,23.491918352862417,24.81158007996724,23.1538026828371,24.51143460397577
26.60989550073581,23.408609099637367,24.72005422910996,23.33818223125177,24.548764252321465
26.60817835388655,23.588484119501917,24.85464767433514,23.046398240709834,24.57252113805454
26.317021391164587,23.28835891103623,24.988161714143526,23.0694418082295,24.638013498903486
26.463493169751587,23.476255221035245,24.8035074446126,23.14513986531993,24.99914208757409
26.382327029603385,23.505811372451497,25.22355037954161,23.27743478592976,25.02229370725448
26.24909076505852,23.46556369410073,25.188366721490727,23.183178822635163,24.854479528269174
26.4302631916148,23.49643559453813,25.25324993819692,23.388064321236865,24.964402416861585
26.212935469274957,23.397295444139367,25.54709475624149,23.551450888189954,25.050926036419156
26.28394117954656,23.440376628298115,25.618373509981343,23.50184822957475,25.01158576991713
26.538366806644767,23.432622987012785,25.638469727545413,23.524073010748427,24.95260022274812
26.731531961990115,23.614247789402107,25.470387461723035,23.399972541724654,25.051949039763112
26.93201153914414,23.57458854377528,25.31314999743499,23.269154393874203,25.01651324727545
26.80805305359094,23.35977138002734,25.21334813497801,23.27950544663643,25.17858376844109
26.561959034564776,23.347249672138208,25.395574941071853,23.24599444977463,25.023817637025005
26.687308311224225,23.300660640839247,25.390702115661348,23.301356161124087,24.98552745316245
26.616408152628093,23.1815180452555,25.240209330571584,23.367926013193063,24.914158130955883
26.812932948220094,23.40385654997589,25.13027224950856,23.615228424682005,25.034696500436077
26.983504953495547,23.272645301277283,25.15024173656125,23.52688663725281,25.24847182821258
27.11998646389501,23.3673042901515,25.41013741273697,23.675901399016382,25.2877866167406
27.334234111327465,23.29722892946241,25.498795246613582,23.37873670122833,24.896409461231546
27.579193012637024,23.27561142878945,25.292221222916265,23.437189934301493,25.01536247989355
27.66939825299751,23.192952828974036,25.429990600480657,23.421097796410915,24.995231955881295
27.489389954173568,23.323976592000943,25.59284855453036,23.6711018480442,25.40881515078971
27.72313988405513,23.16378954527285,25.8171613260638,23.52549123134025,25.70450488178953
28.12295448923553,23.23597238334884,25.818976063437983,23.56789938814973,25.5148619725276
27.664002289167367,23.117491579093244,25.56488063190784,23.545619370253043,25.576348084122547
27.23346929426694,23.35682014989883,25.479236892300243,23.50700680689211,25.52745040638488
27.18274307973461,23.503953403070646,25.32976218356769,23.523366721883352,25.301013442633995
27.178943697960577,23.326306442493284,25.21185966742647,23.59619741433897,25.11596809665473
27.186856564078163,23.198025922535894,25.215946053316664,23.44716392856518,25.12787374344331
27.030623361659742,23.364730244727145,25.06163969255757,23.520543167123392,25.224343590067136
27.052979667912066,23.27831783833276,25.06496612168144,23.59110172211727,25.20250301355
26.86767205540537,23.316091688987115,25.14676342012981,23.639178604116903,25.271572183170395
26.79106351976169,23.29510711827406,25.463524058893416,23.547463772561358,25.299011190310903
26.866110946424,23.19046334448112,25.498022910987206,23.723761105628817,25.20451562282624
26.57979686610195,23.370993730221063,25.42307599858671,23.80283171488732,25.221032106923047
26.26421339100018,23.095994542787164,25.23621128655082,23.53956837369848,24.89583848889999
26.52202555413454,23.18541115640737,25.171550244042862,23.700799946936968,24.956875379814218
26.599771038247965,23.258623521611405,25.362367401154888,23.65789872310757,25.0489448698788
26.293711828737564,23.29872445198054,25.13629682234182,23.620160839497785,25.02428886156126
26.14939640543985,23.311388796285733,25.0865732366804,23.6401743516358,25.224038697002005
26.15171988168494,23.19823832398278,25.14501014585256,23.42944645393216,25.58663202106491
26.24443970830188,23.19082879251657,25.127367095007227,23.46757587425241,25.44000252245516
26.58847360169705,23.475900956782144,24.917233241081014,23.453819454928983,25.70503015006531
26.72561036048669,23.534254117842025,24.93155965549849,23.6053672694588,25.554427825056116
26.736325237708645,23.469285969755543,25.28052622396243,23.604605578846265,25.349669532482267
26.56123303161308,23.344051449300096,24.885364961541693,23.53427172411985,25.50899475343721
26.25976661355616,23.290283712511563,25.12951597520092,23.5545319327078,25.72217011900999
26.24333117520024,23.493986835210418,24.96816388413105,23.526900683935278,25.700467055592917
26.298314943001607,23.45710423399352,24.72891760433821,23.81315478522861,25.65022430774967
26.5929341273037,23.28708319314766,24.95755270446079,23.77318788273732,25.286973127794905
26.482069327878317,23.384663568913552,24.67247857206589,23.558416148140317,25.139943843585264
26.595270798599117,23.32292879606115,24.948856074210976,23.694572641336222,25.02073086358745
26.338621926602244,23.212101971751714,25.222158134335828,23.627932136406415,24.972339513817506
26.35070446687184,23.382174493053952,25.210798589017063,23.761389464477688,24.88883083543278
26.29563194283758,23.64575846494593,25.220510665701426,23.46052528504034,24.880936033780987
26.352073541416527,23.392816850012927,24.795514640510756,23.327890729182297,25.151861231382743
26.59143170141218,23.436972064033707,24.960268135629832,23.28076382039222,24.979251087883338
26.77606281908936,23.34077527625083,24.79631495326352,23.500132479910636,25.17169361121585
26.6026340267926,23.47980773385141,25.08154218125033,23.42780233553583,24.96706888965441
26.64312812848225,23.58248211940628,25.005141801056773,23.394207809706657,25.033203604547865
26.218875293859085,23.54250706275904,24.937770506470468,23.40526624343289,24.842506770074728
26.475925080095248,23.416000536271877,24.74134671498153,23.501879848881146,24.86836652892154
26.548612626791456,23.25498810615199,24.678649473180474,23.53846972233992,24.87619517492692
26.43254201696299,23.642280811890892,24.64445285579379,23.491319279398567,24.915896903749505
26.454910387227727,23.34497052532185,24.712121250145387,23.31033710393658,24.80422480015457
26.656362477329683,23.340781268886605,24.57199044857188,23.35005464809877,24.804656656926564
26.315048638477595,23.55486635118876,24.478934602670968,23.29904037385826,24.80412580137829
26.198260511916537,23.518843409598787,24.60938779119899,23.29332310074627,24.952986103657626
26.611298633034806,23.512444231097515,24.68283258775764,23.345509034319257,25.259426708705117
26.612540059316867,23.45391623523903,24.743559921364653,23.32613310433784,25.321687698397305
26.589402188435123,23.512661503643432,24.78211469162321,23.36829824673992,25.28124985083689
26.799508274433794,23.555569831943963,24.89328054615467,23.28235723782573,25.43923532286585
27.1425735281372,23.461004620759027,24.83501280538485,23.31554899443858,25.4686052888764
27.006345259831942,23.68642995006065,24.707518308610744,23.16552592200884,25.21753298253268
26.80672116612816,23.691141846851863,24.716219821535773,23.264135763565093,24.938430806882987
26.687942451988715,23.637969488790908,24.70940530921397,23.215913532653637,24.711180249978224
26.836540740330022,23.52863438392816,24.8064963565826,23.337675816544632,24.69096019549508
26.88483959588816,23.6236749482084,24.61480156143661,23.34336727709129,24.64164134509489
26.91655375052868,23.639798548494884,24.6538138952167,23.38964351851939,24.63758417266729
27.01105485376451,23.61759908684248,24.70164077604216,23.261224970422408,24.66060197277075
27.020199699023284,23.73265146290207,24.8181246652152,23.03789189571716,24.41564845117563
26.97466479005297,23.71880833750281,24.96845545548039,23.022582947237307,24.76199638696004
27.19770489241891,23.611935678275763,24.97949206980728,23.124734458701145,24.83211717661002
27.072670854111085,23.547550226722045,25.12139561645876,23.057248338857075,24.943963355748377
27.181908527662937,23.5612242065096,25.05823732466173,22.89603193774921,24.94572477516129
27.01279181894801,23.50786896259457,25.022427234502764,22.92177373985585,25.074398758913087
26.678586416998535,23.493936163887646,24.715892374528757,23.179181722391835,24.832822053523245
26.44435613088112,23.529587565941963,24.813196957907728,23.17520000940189,25.02841196063297
26.557246164728717,23.45069194682504,24.79519610214674,23.117765536791563,25.1832617414414
26.466338910947496,23.35096790448297,24.809577724899206,23.045937777212657,25.074889166496167
26.536155397932607,23.424354156402742,24.67886746028553,23.13856522558567,25.03039669519978
26.420702701122007,23.502875711309013,24.58572957450632,23.2497094209729,25.008349981539546
26.51979428885736,23.41605207450428,24.81858817031488,23.29610078006883,24.95898316841458
26.87224141321379,23.516639935787733,24.776969565476826,23.38904025648165,25.00544464078581
27.02880786694881,23.544169976342925,24.794534640538213,23.20783342733368,24.932104061046644
26.897415471634083,23.55202796879118,24.912374188898124,23.44738256275898,25.029529731587584
27.115378609099817,23.58363261374146,24.87572584054832,23.443631766572054,25.147602293434925
27.230072404230288,23.461390123695207,25.03835305336264,23.448015146204167,24.959055489110995
27.43119098465803,23.47363640283469,25.108094118322764,23.47470861749108,24.79711775604556
27.16560156780497,23.318133762868165,24.90390461691146,23.391471345193285,25.043942091456582
27.32016250297736,23.401368206987662,25.131897817887005,23.529546701393897,25.20830062103015
27.15075961857165,23.44340938002821,25.05947982582234,23.28344098133846,25.08909210118568
27.04507603504146,23.349079472349548,25.01264679975589,23.19853985816033,25.042692849699733
27.112284517884767,23.335058890916663,24.729912649251613,23.24444481420596,24.994505193780267
27.01359727108555,23.51278574066304,24.697084852003677,23.09500408576704,25.09026683739935
27.60684442665916,23.4995533624031,24.795156324968158,23.057486887272457,24.915548141307674
27.722310870127988,23.6011023850178,24.567346661048973,23.06496612406085,24.957900337282297
27.83775956095162,23.495347039541645,24.51380311569611,23.134635651070987,24.798002628428648
27.84954763606938,23.57431924059473,24.397743165526297,23.347863024100427,25.08304672032053
27.42866933665875,23.434307951411025,24.70940915362884,23.217818402310822,25.363355170336217
27.39053240881657,23.45758986610917,24.635492092050757,23.1286748197628,25.120162563683493
27.17298623837084,23.543992170427472,24.70526781452992,23.270242874911947,25.286222957030358
26.87458356802052,23.52475965905845,24.560954319730588,23.349185033624387,24.97933481084041
26.896559889375805,23.59392668177348,24.58241132677151,23.348042465754972,25.31224312545672
27.084644573151504,23.599170189247666,24.45913535296007,23.39816085036992,25.26241682547435
26.829652581743986,23.522943645456504,24.58043011807053,23.41928727144289,24.930159195340973
26.926011292015176,23.508224735499443,24.48854527636558,23.535885313567167,24.781469110961343
26.768400974572195,23.51483403080982,24.753291708683477,23.649673666302377,24.842603054527142
26.986209816968504,23.55486749422898,24.78287361697373,23.54524172450024,24.856059218430467
26.931632077408672,23.75916296561555,24.69316140648069,23.30669160832264,24.814048812878852
26.91598260380456,23.45319320241268,24.773217512801263,23.293079933186675,24.80934697780327
27.00276836032931,23.668593007330625,24.6866667603309,23.17185573503277,24.76669273020301
27.20786933146545,23.50633722800967,24.605826002484346,23.135368752020437,24.816085996383865
27.03260645085437,23.63109877171908,24.63257522068197,23.059817488879787,24.92235813651429
27.04709339918772,23.450923241579343,24.661374300755988,23.03043751823962,24.84140810882535
26.896190547513285,23.59307513914248,24.657868942771625,22.92735727904281,24.92085254744321
27.01127218856139,23.76923421286413,24.64118152693592,22.829069974040824,25.04177114515626
27.036711849677165,23.386051368505463,24.83178142097797,22.75471070009338,25.027244066488148
27.20541743205678,23.434745526534137,24.75372120652509,22.71454268177731,25.066003586190103
27.2709785485305,23.52692177224448,25.037862831922265,22.767054673802228,25.246210816666107
27.23197996097316,23.42385286604961,25.14950546127224,22.829447982863115,25.45107552326977
27.05675308274214,23.637681513520533,25.070257027810488,22.86784602619553,25.558424244476072
27.03724328963079,23.502922974798587,24.977377660206308,22.867465085855915,25.289760182821983
27.10859631924417,23.421661080746368,24.779493446900155,22.786949928172916,25.307112034655827
27.193326106830224,23.416173397448688,24.76983870813896,22.73791718777409,25.74564602568842
27.08278200839892,23.47672314557077,24.86862953661398,22.868532903029877,25.538731392340484
27.155387941206996,23.57444698694519,25.045443716114768,22.582673361502685,25.34678044585677
27.099491812234863,23.48050527208817,24.87229858303216,22.536946975640657,25.289500357964556
26.81349605570636,23.68090339829881,25.092891028483454,22.411783133854847,25.34516162780644
26.55717195491399,23.703731497990653,25.104099823699805,22.482562285936915,25.31377382056964
26.571524802530934,23.77061323656213,24.972630947556247,22.5242018303108,25.206193170193792
26.59571319345021,23.709244526285023,25.15969619815097,22.33706199607912,25.34921872297705
26.58440555635863,23.58920086009761,25.165754567018737,22.48580786017471,25.33577268205845
26.634666805428463,23.62929605639731,25.164889273003865,22.746747561754457,25.46300686249616
26.782864564977363,23.402515307233664,25.25532683749845,22.95503061949065,25.36606534657551
26.59043447140765,23.420210745990563,25.35809737341068,22.82882964959494,25.365345777511283
26.620985238909583,23.442647826232616,25.3239301886526,22.95885517860522,25.607931469082445
26.58834228076753,23.665416705707685,25.21616697628516,22.89067746782,25.613825561886237
26.67256745840205,23.58673408430741,25.308707158170417,22.82372325870789,25.651421748967746
26.53419757192833,23.558517302470744,25.57338615190107,22.93386017753028,25.74872013773337
26.42157480848752,23.614990147839045,25.609832495787764,22.91921359200702,25.576898207860552
26.51708958721012,23.587210590315927,25.58284283098572,23.07774573382733,25.33717732920572
26.59726275899985,23.548112491254493,25.65650245870038,23.08646801086225,25.363851129396554
26.51737197151337,23.635998944461928,25.62634034881532,23.328677460048425,25.27689061970384
26.50362473454388,23.718650633212608,25.39962917949481,23.330243484356355,25.22695306320072
26.382369688793556,23.77732678732395,25.50490616810503,23.183624752238725,25.633333418019696
26.60581511114138,23.784768664468157,25.32108876688226,23.2548147166844,25.44397660487361
26.711349587829247,23.74221925955964,25.46548152464296,23.12760002567944,25.74158668570769
26.914398942328315,23.6631587297636,25.737290068678835,23.1964297931897,25.871927380827632
26.56109142962364,23.62662220267213,25.752446045633437,23.26604030025638,25.80148292428376
26.79301326975537,23.50549009812802,25.694043845958284,23.326772345720656,25.843175162400097
27.164863869525497,23.46068907526852,25.619916588618928,23.230412699372007,25.61291680702212
26.988475689190437,23.29509680669592,25.56430320342669,23.410220560772814,25.60746209201674
27.1400207713864,23.327711961496064,25.716565738100226,23.53434627232785,25.579119013473537
27.16163297499595,23.33790476543149,25.700239600076635,23.535478575383674,25.549849324395566
27.202779799581347,23.528141530010235,25.82643363206565,23.67532049859121,25.38796081000231
27.25285039028719,23.562436281994355,25.953271564787062,23.49372350975283,25.51910924304101
26.711878239358263,23.41751898825818,25.85960565690349,23.575187808525964,25.685946542228724
26.40542462674293,23.351677641888397,25.95419260390192,23.199158516015096,25.441868448489643
26.54198475598373,23.39912842397076,25.91858930068148,23.286971860835624,25.67749363121386
26.421165449314977,23.56708626405517,26.055829875644918,23.26806399851919,25.542090134596428
26.3123266664174,23.652762916916803,26.016710780701835,23.15671988866737,25.610506127970883
26.29052024199697,23.42573627850153,26.305946773563083,23.06860672356529,25.74345448708767
26.55727938990551,23.467578601479225,26.18033256951524,22.93736275049614,25.722353776318418
26.212587202763107,23.56408266717346,26.048289281778175,22.961076131845783,25.77360815685309
26.161691679038537,23.556412598070573,26.06437884184557,23.081030917238905,25.57593203562009
26.145278503078785,23.54582100523765,26.03288153601276,23.312470837059877,25.64975994028566
26.33074115411216,23.678837430497857,25.906686956805103,23.07684604318417,25.62213410289909
26.514182013850096,23.66525224341044,25.86351394666629,23.25007185407289,25.473430224821414
26.355251921459985,23.6432019683604,25.74970772089031,23.250129362947387,25.59377785543583
26.33677151130444,23.475461601304254,25.79761491759253,23.40752988110744,25.501922972315825
26.46302561658164,23.598550198971594,25.740353856572707,23.37487331699146,25.704041357648933
26.784732319905395,23.454978685552422,25.662260007194725,23.317268159776944,26.10911218283002
26.83366280836543,23.369852372050072,25.611733393728187,23.427999262916533,25.959337236738836
27.19575740859329,23.46333995256188,25.94015040466749,23.32085198615785,25.984759305533032
27.540083037691613,23.46693608711892,26.09597264418512,23.466434289362912,25.83646888802412
27.641656584690637,23.387249413702783,26.017886464709843,23.32761392561667,26.03178773071837
27.720586467487447,23.31118517847944,26.0097339591576,23.1388545051426,25.87637440259674
27.869425198209345,23.374555217437152,26.068236484781377,23.04449302657514,26.072857446198856
27.445068542756925,23.33796883021532,26.10948966796329,23.22347904833876,26.124419703909496
27.6501935034109,23.555199568595665,25.92987914097172,23.38915267110836,26.01927834511377
27.66409897465845,23.30922317860813,25.892385124205024,23.3583145669582,26.173683276630136
27.362687273482734,23.31228136807519,26.001521884067287,23.36949781310075,25.79366029278796
27.36507348127635,23.266361679350474,26.095502756901023,23.45132860075637,26.015369059540426
27.1827200361696,23.202408257521693,25.917474580593087,23.39155907510196,25.684302275766
27.65352973914808,23.327069090214565,25.970065797156767,23.502746001812813,25.79912934471318
27.394576370985696,23.4335320242084,26.160409243650307,23.469197340060887,25.753843419816462
27.35138005486118,23.48262780972369,26.27822049701502,23.648521639924,25.425182798829
27.093878513313992,23.226879528245384,26.17382721709496,23.794696389464647,25.48057793471929
27.1389620579436,23.38067983541412,25.894590361574743,23.709266848457503,25.508777092899848
27.070020867042107,23.372527592754555,25.80791539209814,23.425980992662595,25.794127585590715
27.37433572393204,23.306630403959925,26.195430841571756,23.541781246159022,25.9291196990112
26.94925630223845,23.46245382102744,25.772225103670745,23.63821758487998,26.076206800857715
27.057675229010503,23.429152506023087,26.07847705446701,23.708696511434503,25.845350429428144
26.884161112696503,23.24244452411116,26.21013340550311,23.540556786442348,26.180239522418702
27.011434047553884,23.47457762294347,26.02350108254372,23.679822047072967,26.13364957110273
26.87301969120921,23.502141525654693,25.982640786850624,23.811562367688893,26.250946835267104
27.156175179304466,23.195621731127133,25.724577270482754,23.80627244395531,25.759702928294036
27.460545524098777,23.06617957789771,25.76854124182766,23.904236267767264,25.583384749274973
27.54725855288774,23.2905443994111,25.646533243029044,23.801639966707103,25.707207063890817
27.32271600586916,23.24470799818278,25.71632524666167,23.90858625210052,25.84608772400429
27.6301512532755,23.297213489285276,25.78280266073509,23.72456983176201,26.074795378992
27.24354724425801,23.28631726083815,25.73492087073261,23.74712100343005,25.973419256646476
27.09999700836408,23.37206312214794,25.73802959441139,23.763230489849192,25.75625165917531
27.284078876961832,23.341938355313072,25.866074294260432,23.869209121323024,26.062857379620336
27.397016879062654,23.349479760368272,25.847687868050905,23.69599842994806,26.286978212604375
27.395674443623378,23.17891012204886,25.791124316263737,23.712929100041297,26.05850751802397
27.17856931220261,23.13271297846276,25.69204734792229,23.857815551669297,26.07643085698868
27.108276028392517,23.28993703218694,25.77901196404517,23.693412720581648,25.930326051993216
27.42593058471822,23.486407966445803,25.718220506825933,23.539746413670585,25.93142712342102
27.468429300768303,23.400115231932748,25.978135759729568,23.85598331204236,25.87198806583389
27.476009216678865,23.466195930023165,25.90864521074801,23.76676178595512,25.78433280816956
27.409290915108645,23.64218081549084,25.857014350772584,23.640940042318373,25.570504543200613
27.92619508160471,23.374214680886496,25.91739577640703,23.638160743724328,25.51603618404722
27.91397411913073,23.450691336102278,25.84279646403909,23.586006362261703,25.77029131518733
27.974219234566323,23.30616541821877,25.87235458598461,23.524056471810976,25.533034236893087
28.157859872056928,23.528331126515614,26.059740096806493,23.51757535420448,25.349061419005157
28.35189912920376,23.53133166215625,25.968628983935435,23.50740504084415,25.68565145354739
28.22418268104473,23.44956522047003,26.425399160160737,23.36941848972105,25.669942117189876
28.139663602296014,23.546988655134417,26.444075478857854,23.417025500267428,25.554972045190883
28.30118076807449,23.59675062821596,26.62473918300286,23.56015404433628,25.230006781592916
28.149051850577894,23.6022713261466,26.35224946538385,23.706591282228946,25.277094878281456
28.116620954471376,23.484776478073297,26.3669653892412,23.770474909399244,25.049805904602085
27.82677627799147,23.616359916535988,26.61635398961721,23.80847857028035,24.818748766902868
27.846450548362885,23.715882743890617,26.59232602294069,23.836026639927805,25.17757210403805
27.70573015040675,23.896859624378017,26.50551404931702,23.86551157775273,25.171785351154004
27.77203850368697,23.72278308976924,26.531907897027686,23.84658954687553,25.201107726518018
27.65329378647388,23.838480090438463,26.64822971847413,23.8895408086969,24.80762005734092
27.427671295047467,23.776715505986743,26.832141061568034,23.83435397360241,24.749885141431506
27.70201314631128,23.570667293415305,26.62716202178276,23.94425395542459,24.935380463437895
27.880707904532,23.447617293186568,26.982809189837763,24.08201995453331,24.748549489320297
27.984597472256368,23.50711421769307,26.99258195786825,23.868041489414388,24.81130728249488
27.834821930403717,23.365312904659145,26.85358924705118,23.895914878372317,24.62159865837268
27.668474901841787,23.45240395372157,26.70009084980845,23.61295915267988,25.01035283148214
27.688171936153008,23.461071457161136,26.53273591348621,23.59971012185296,25.10464514799792
27.64810466428763,23.448203367123632,26.660667720857436,23.82438524464372,24.77661224029444
27.581301081332747,23.49714482568355,26.921307581101026,23.65842234356514,24.67813813858944
27.5172089922374,23.522809058523578,27.01968768336287,23.702035700137184,24.46573756042677
27.5307299755546,23.48904398115477,26.806411428967326,23.724002347451812,24.255132362372773
27.56946146112284,23.442628686823696,26.67486675677336,23.57019181349261,24.543800770052883
27.91855338014455,23.327909236325937,26.654588397120417,23.695507364789467,24.35225930033988
27.92396331930943,23.49284939905506,26.63313386748448,23.75136877171127,24.49219396397572
27.85531445706427,23.39678217498553,26.53317097717472,24.100381748439723,24.59818477523098
27.884538081716897,23.247769900032623,26.5205240730146,24.11067234122792,24.49192812490296
27.610501058792494,23.182152710417185,26.624981735084457,23.94336944761279,24.686103537754825
27.531312850964348,23.220588174567563,26.365919275486483,24.101483886701025,24.816457941803638
27.514297606770487,23.513635930346226,26.575102405685207,24.09861541974349,24.73096085126938
27.45896154850712,23.371187025447863,26.37315594871127,24.03060594631292,24.927499157714863
27.4934801878913,23.313990958850425,26.09033930474677,23.980383532599262,24.890874352876136
27.42374953731626,23.33738240781729,26.04601302821968,23.94509377233562,25.036369858053263
27.348566855256166,23.41754108957973,26.36360654851327,23.82244471832237,25.14472399060514
27.584999814247904,23.47407946725197,26.5019598235238,23.85687114405337,25.13644246913405
27.55149228066342,23.41736509103258,26.48563221990408,23.805349414499084,24.953849591552387
27.655985491161857,23.536277185029117,26.33479302505696,23.77789844593453,24.834039221120573
27.43274982793667,23.580494836289628,26.277380960795305,23.94074838819428,24.75510704568394
27.55334946541029,23.508056159449403,26.24876655093025,23.96989446364304,25.03249864930036
27.56321609580489,23.582291428282176,25.82934300173686,23.985392137240325,25.14067370738573
27.562066233841207,23.683644709249947,26.10680029403908,23.87372844218018,25.22738889911614
27.545296820532208,23.799475842052647,25.761451931259955,23.64770056510072,25.26338460828101
27.278270199279003,23.733935906138687,26.010646779380227,23.54037531327671,25.58733065783353
27.10987217364792,23.638022221167024,26.002364172429665,23.76066688114684,25.430819248031103
27.31099158717205,23.57978342627842,26.076949408078963,23.87616791370684,25.33980080660645
27.072927110852937,23.783710289751035,26.12179952969776,24.214731388306085,25.29167751894521
26.81846953192811,23.61473635436256,26.094746281507447,23.99977917112186,25.14579662340329
26.86410362712911,23.56595196678955,25.69961676372813,23.995808758908016,25.211558638449823
26.88148089575912,23.382904245241093,25.786114321388748,23.977616339369124,25.3443165224018
26.662167381950457,23.31771256325993,26.009328900163517,23.81329251917061,25.290165873200376
26.666216971685888,23.50015855697315,25.86113803893829,23.78554311493845,25.239301389076644
26.983722951676217,23.48479997401352,26.04835178685961,23.59266634511586,24.94285990233169
27.101362507305225,23.458971766883494,26.165039843218647,23.672166085221445,24.82564129876264
27.04404563657604,23.473377168414963,26.316650644092245,23.47423778565576,25.070244713636693
27.100762424777976,23.541094964017844,26.072051614356024,23.6172503838759,25.071391283602
27.31787447323736,23.61376656241221,26.13107364593827,23.68030309716408,24.9457704954903
27.061020008121872,23.664948679243317,26.179562555308134,23.9354034956787,25.014257026741216
27.1586333247358,23.62368391840301,25.99673644866464,23.76661682225577,25.028776321976817
27.03458063422396,23.57748213425996,25.72220969296652,24.008331232481737,25.10454984426904
27.39485636217168,23.73493670215256,25.923836360832198,24.05545000392911,25.00938281106548
27.7686280658768,23.734039335494256,25.920319825504023,23.94611913051601,25.14842028768467
27.201515463613,23.726190209348527,26.032391804733304,24.16167889884098,25.414909520135048
27.416728448121585,23.77037458970065,25.87265744850799,24.30911307870007,25.11336491353481
27.13213391086173,23.7752687655689,25.91606009510324,24.3437709265599,25.06486693160295
27.145775721667107,23.76242942027671,25.651211849673142,24.33410981630712,25.14173491631681
27.044849542599948,23.9011895967032,25.848138033317746,24.401304518684725,25.129500977354123
27.12817871682517,23.888678040257695,26.05903013653295,24.39758481386208,25.08361658617893
27.059724611999723,23.824991240595622,26.06882734852799,24.11108835748264,25.015333833768064
27.045633153304014,23.918036859721568,25.92203774110498,24.482435079085693,25.10208161345185
27.057215234476438,23.90618321912959,26.202522682462916,24.223857502055584,25.11922477428752
26.95330587974788,23.90600458557225,26.360022993114452,24.29819527060816,25.176783112956688
26.866096155005128,23.966602465604687,26.31659032461482,24.290105592430955,25.176622082960936
27.080171006411707,23.853816759785808,26.383769730261324,24.30852405162685,25.158196349583672
26.93851474591733,23.7847460440167,26.33950196013689,24.238890077578084,25.256355776096708
27.161403043062133,23.82372586242498,26.41628591746029,24.139253716457404,24.869612769082995
27.13423668216077,23.96984009549987,25.95347608389877,23.917440523770875,24.822549065967937
26.819540901335465,23.806547200019864,26.386767108262266,24.125680150396374,25.09761919225938
27.18653087906764,23.767764295776143,26.273097101130222,24.021259864867403,24.957723673279062
26.942964848287783,23.66776194164605,26.4390264499134,24.056259962765026,24.942943162792773
26.94288498619992,23.78532412754976,26.311339880086283,24.29567451234931,25.275472047588924
26.826618392526797,23.81208116367441,26.485577563871583,24.25517933928976,25.290197625632292
26.748823176828253,23.706252245047004,26.532227078613577,24.16820728898316,25.26474648700473
26.939138321417257,23.849685742704143,26.59258375331583,23.98823659979453,25.427260499029217
26.9872393451047,23.92544987332525,26.8600988268205,24.103854478237825,25.37493788484589
26.86913953670977,23.793511229020435,26.789596289825656,24.071919389378326,25.4856757788342
26.99649657572687,23.739060794703967,26.704356969917857,24.209685068224054,25.27224774049721
26.924039525618948,23.661558762062043,26.53101707561906,24.385516903128288,25.22232755959717
27.040797434888905,23.587152144655565,26.53478107911919,24.279452727046102,25.077278546753718
26.90083802958757,23.5685302693556,26.529429718664144,24.20288393739015,24.89774022546625
26.654400832968825,23.605691435848325,26.92359483908195,24.07108491083452,24.817671669017148
26.97175120034237,23.86475526199294,26.851853739540264,23.962354269855773,24.82831348215714
26.98227013341528,23.61621536708374,26.648391165150056,23.954328064695577,24.927054583062827
27.190105867806395,23.577897723076664,26.65459331571344,23.98839475742676,25.034670502689583
27.397380910312908,23.6223093874518,26.58256132424832,23.98623546689772,25.14905231901778
27.75271905206874,23.63913329715901,26.401130934950164,24.229496753367822,25.35219107684855
27.7219249556762,23.49653930418149,26.55116972546651,24.12702115845859,25.58306631922444
27.820688322122017,23.45852674758992,26.68634860788238,24.22236374011967,25.62088509257373
27.668777275170225,23.556356801022588,26.858817134684305,24.35407993509337,25.767828742075995
27.294278137079385,23.63426214506931,26.700440846738008,24.156600349114925,25.784482477802168
27.56981869432176,23.729438260822025,26.67076119865576,23.926323223927568,25.697071887058677
27.536047058365103,23.741719852250487,26.89219859879005,23.6930496028982,25.576926842690177
27.551245586406928,23.609117873343788,26.87516783120576,23.815653140674588,25.47816290656807
27.36615014667909,23.690172432216897,26.74541156113672,23.9285684487586,25.230378484016526
27.72669950618432,23.70094043231598,26.760975175088603,23.982277684732303,25.408820446772797
27.756678308125995,23.639998089104186,26.609338789106936,23.89458103674673,25.306124379005205
27.64839288283865,23.70672310842318,26.734760271271213,23.735167881925523,25.29376556521684
27.5272991993413,23.916083710346832,26.90927914878365,23.98774567594356,25.392465021564245
27.40608219520624,24.02551058793106,26.88062049023528,24.10649685479255,25.42448553939219
27.71159737804192,23.977718863197467,27.02053641795769,24.15248656519616,25.191560706859462
27.65239894786692,23.78878893257635,26.76594754721368,24.054839051123743,24.889013057002987
27.409031209343738,23.84152268611648,26.88539755506286,23.88869069432548,25.206975836140444
27.943679722285843,23.782598536466686,26.877046076886987,23.88301123902882,25.087998865334026
28.24945820662377,23.633563415511315,26.638194082141847,23.98976051829054,25.08428619028081
28.407780192381217,23.785499989572457,26.52492929664524,24.14812914884364,25.024340972215683
28.64122682604411,23.683456277142675,26.41904946945678,23.83672340632505,25.0529170800338
28.512117547809797,23.595591041837476,26.535719331393885,24.154939004821983,24.90226368579079
28.45675759704787,23.845914959900785,26.41865304688241,23.97961450651621,25.035477836466814
28.490882135906737,23.868863900065108,26.479565080481567,24.08523337298956,24.863783280763474
28.81323348504078,24.08591768353015,26.67892267422,24.09600307889248,24.719944689087324
28.39011518250144,23.98402860771332,26.690867968746428,24.066598094755975,24.598519057191044
28.354922237511754,23.988285683155677,26.804499314670764,23.970311906233288,24.63964346331323
28.17372741391604,23.89876997060929,26.62382908572337,23.865109797374984,24.448552058934265
28.035186735186645,24.01936798211774,26.827017130648883,23.967134654980978,24.37949341494364
27.79528179967143,23.865172321824275,26.63603365961085,23.96425032270033,24.71047050275048
27.45891455028313,23.83604478586973,26.8102417624842,24.21765234923205,24.673258400655897
27.61546049304922,23.72720390043047,26.681097152291255,24.228813975385247,24.89510971245051
27.49476426728849,23.430329459273796,26.535835410712085,24.13011868632745,25.0878852261608
27.36922208794239,23.674067406875626,26.586120675803112,24.22481368975283,24.91571397982517
27.10946181161017,23.85436374938628,26.74052868724442,24.296108719154883,24.788531952645283
27.0710665733138,23.911128473198428,26.88169633215642,24.301695269060808,24.90894060237001
26.62805620392689,23.89109837494176,26.94327378362549,24.3558789749209,24.73897240009476
26.5024092368619,23.77894355393951,26.570018226955654,24.272804215613657,24.83309061993108
26.5361815915448,23.73442046231195,26.71154395238692,24.54078268178704,24.909702084279072
26.168429336285968,23.915038070803703,26.41721511776249,24.326778648749485,24.86777700995333
25.940845956740336,23.73678181216796,26.632771571726884,24.583199130268785,24.890702244529084
25.99941825055505,23.738278129419204,26.904596955847676,24.567564447972792,24.814648915000667
25.999886141879777,23.60195166438413,27.0141245417225,24.71410364434803,25.035375330479997
25.89389955465625,23.7041547937733,27.006948169278598,24.71940111309137,25.00343767622876
25.948166433932947,23.48540104673055,26.94627606759276,24.759030934919867,25.245339140029632
26.220940473552854,23.72096846951164,26.965657125106304,24.843661606112995,25.15256040713424
26.16631170554132,23.788595559345108,26.90966797500559,24.785256615816927,25.187179361463944
26.42225754972933,23.822356260225465,26.95927512650216,24.417531726987097,25.219687281901933
26.420609741974413,23.730300649552305,26.617493906439737,24.662572945662838,25.0428445109583
26.46537725394952,23.70739559637455,26.77462937745417,24.70943732235505,25.10523677917813
26.70447850203971,23.541076239364106,26.577488595163377,24.79355391866351,25.295727549447435
26.32606895159244,23.66547892465641,26.734941460519547,24.401116966022983,25.45698920278791
26.31368242279348,23.721026968988408,26.44609392610565,24.61540991315092,25.59946564156917
26.20212288492691,23.82029999262062,26.630414842896528,24.51628628325689,26.038465548764837
26.2508984017154,23.68057025625554,26.82801892737553,24.55838074324807,26.09931775536298
26.129408832194063,23.76453326359284,26.71811973274968,24.40342929390388,26.03554049098781
26.025920961320885,23.578005632073463,26.97520012331305,24.41529879960164,25.908384220993835
26.06391561773301,23.64583026591509,26.714091179884804,24.452190021237467,25.702209654537
26.04114314008497,23.61076098706706,26.722471226306347,24.416512093706675,25.84204325067404
25.61163667210353,23.636785166175176,26.876390713949466,24.45087990170361,26.173787983620343
25.79181015978478,23.551202154772472,26.788916178409263,24.404779343861865,26.101905839698706
25.69399162053618,23.743490490601484,26.812399965500298,24.403430330611634,25.950336340519225
25.870517009240658,23.782581166901288,26.78106405231633,24.45271868640114,25.82231635472856
26.07010720594163,23.725069469431062,26.820568940011253,24.316584120029056,25.98368308655696
26.189195830358507,24.15379181017381,26.76573242555942,24.130936509832825,25.91670224826769
26.24003356624302,23.765599201239212,26.736113385123403,23.868999856533485,25.706367267126627
26.04645765004136,23.781073390400795,26.55583484977257,23.968673027524115,25.73355875733866
26.18127195188149,23.666736581924123,26.591393315128997,24.139078406183785,25.70451537570274
25.709896222859417,23.53861891455596,26.5111464928502,24.14888674037384,25.620790007254296
25.661143800714235,23.75774402554305,26.488216915369275,24.237637427845225,25.533044705312296
25.49864635682196,23.72140413157364,26.387721055890218,24.27748850312602,25.48478470041231
25.535789076516384,23.72664622736129,26.07450303778052,24.292457041610017,25.36249141675013
25.294220915646267,23.592987606423783,26.250298032137938,24.44934439573763,25.27566195568292
25.11848966696118,23.46920859439744,26.53441255483892,24.43267082385616,25.41649735476006
25.21550708762544,23.47704611986826,26.54070123823229,24.280579979157675,25.16070940201774
25.292707018873063,23.527616282762747,26.576125325691592,24.370985503315712,25.16136334231356
25.18904867709048,23.48149424951772,26.523211705125497,24.405013772034533,25.347339838749622
25.15980848191437,23.594998805840383,26.219337443688595,24.47232678944082,25.208104632534635
25.09620430917377,23.497905731703707,26.324941900820757,24.61863465995476,25.187727578499388
25.121406789557728,23.609596924903148,26.331917328798927,24.50078932762231,25.043358090916986
24.862982384067717,23.523809574365373,26.26438166454783,24.84451840795994,25.168877829672503
24.872911952699987,23.39696266546889,26.086785044811464,24.775552748356617,24.934427768721072
24.99878534799521,23.36688867002224,26.15885842557564,24.71660200928169,25.207286184532748
25.01716396587072,23.395090273043724,26.082344234637617,24.623940617354013,25.03477246248354
24.999491687181777,23.62497117564356,25.992178622519315,24.512293325316325,25.050315632579107
24.921750021596484,23.511668854095568,25.81953331741184,24.47152455812088,25.20888152018638
25.02976269390956,23.58195998971824,25.83197310008594,24.38625511803616,25.304410911504124
25.114101237012765,23.480740931552308,25.978043832528524,24.4320733196996,25.002494517977716
24.90645887324265,23.57375047389867,25.928332330373998,24.579541313752163,24.843698164032688
24.88910025516666,23.474597341185977,25.77187423740604,24.351698624708547,24.70373324620152
25.098275662980804,23.60314600855476,25.811638865290146,24.05573257963755,24.773524944232204
25.391531559520388,23.47964901237659,25.580618522531957,24.30576578066913,24.97871162504711
25.631750002632188,23.78051187630413,25.65862115486076,24.29377137871174,24.79981041112283
25.66763745580267,23.70433190129741,25.924055971769118,24.17577716234589,24.89348478666832
25.778318110133306,23.748038399285655,25.6689381094338,23.959753507999395,24.575796346857924
25.834328203847,23.799136468513417,25.65171291451496,23.891865914642505,24.57260006621488
25.572393437159054,23.94576293704161,25.80140085349329,23.983732590879324,24.49901743283049
25.717739060725854,23.70326793836453,25.533107261391432,24.08972053745769,24.57835465313506
26.10678592961388,23.61365426677918,25.479428337540764,24.10191531375944,24.50462190232533
25.96834256298425,23.959777376136625,25.430232890340974,24.036912178836666,24.49615565566553
26.37149470589473,23.7501577786558,25.455679212883688,24.204140160217147,24.353789423724304
26.456537436366943,23.86312389358443,25.40285146929619,24.223802928189112,24.742950632431352
26.219817393343828,23.71606772737092,25.535853702103065,23.835212579517965,24.6905062620185
26.272277242316232,23.836318613477072,25.73705412380152,24.017202297186728,24.69043074242263
26.385368092492723,23.64377648940855,25.768495634966484,23.95728394110943,24.792154055585637
26.08310156751306,23.74247541279311,25.7832325346258,23.873416249100917,25.03784844037639
26.01874934097199,23.636592836840293,25.46255683317676,23.869376093212864,25.010405067859512
25.87067286830041,23.63587301007688,25.256419268790616,23.977884573317915,25.11895872509102
26.078049846599875,23.63482337369789,25.319273898884667,24.01191741262845,24.839915572286788
26.046005807485344,23.64858249100262,25.47582972590086,24.14612877604772,25.025035371212542
26.119819965320744,23.624158270699148,25.298195192625965,24.201826890256115,25.08510567398972
26.21778616236519,23.614196619151134,25.138788376907254,24.087295801241734,24.882373651777844
26.339500074980048,23.51730929114702,24.88268509261905,24.021864045786053,25.05897460439025
26.44741305815227,23.485806321023112,24.842054866588448,23.86581976688835,25.019453812392555
26.82101967296638,23.551465996619537,24.88963371237876,24.110071836129144,24.85777654857248
27.17515546931475,23.516362749142573,24.84395109828868,23.969104074870703,25.151170010705485
26.940059461336187,23.51782941612691,24.966154223064905,23.96639267399091,25.01126501636029
27.17385183935013,23.58848818990804,24.762313107164868,24.00374995196745,24.66916822444157
27.284852780528794,23.419894516422342,24.738538606435775,23.87402862001189,24.66359329971391
27.25684765807065,23.29330063700178,24.746853184117697,23.82121638711591,24.694630294730352
27.113772997537676,23.55148081529961,25.06797834248714,23.9757899509776,24.58849559977046
27.225732620904587,23.53735539478721,24.766832842223558,23.70842392500125,24.68771460189098
26.928306313093763,23.54154594738716,24.612541198389064,23.703017096505157,24.65857651714632
27.102973357332136,23.6063882593799,24.652091732438382,23.732247786928628,24.605734897851026
27.36254370708693,23.771573464092334,24.640430895366062,23.8114490935938,24.708645970591533
27.58171320143796,23.62687190263388,24.5792086735924,23.718863423926987,24.827783202756947
27.47260597046977,23.620087377123006,24.682746368066688,23.71228595820352,24.8063070992583
27.349983783032968,23.454580945901007,24.658736415717726,23.852813596197677,24.88315145973901
27.451153398958397,23.626732889152056,24.759535659399805,23.816182946597973,24.58411645447798
27.580550241521323,23.48178582200316,24.605936555517868,23.7934039786121,24.611183409979795
27.41447589718128,23.64937868780283,24.625555900833664,24.029256969338714,24.592656460012503
27.54225969582761,23.691572203626794,24.76945843496976,24.080088858967283,24.764790105249585
27.327657901271447,23.598725178228744,25.11140517956266,23.9027470047138,24.64182395271254
27.372488737828373,23.760093000624664,24.88146831091692,23.670982379906583,24.69531602000504
27.212991414157724,23.786579765317608,25.08432933199912,23.75722191522935,24.797989528944008
26.90633103133648,23.6434469193356,24.945832164429827,23.552581094292872,24.87398270574604
27.13464116694357,23.72144557358114,24.991837458535876,23.632091318528595,24.735272033271915
27.63421676088584,23.71488263223763,25.11761424080472,23.666165127401037,24.747303995668556
27.615406711287985,23.83202603528148,25.048996289246716,23.53958339191044,24.888913276406303
27.751235873763868,24.00069803771473,24.987958300063443,23.649738987639985,24.681944956288277
27.40790616303125,23.94793802386414,24.709555987804013,23.965585807031196,24.63420746645245
27.56742687558924,23.7778941445632,24.713048245346226,23.981536328661768,24.595416087099988
27.55765918677026,23.82358417734104,24.750620979826184,23.91422581341406,24.383577647211723
27.57090145194877,23.8393031365911,24.805229491039736,23.51016673976588,24.4791785354751
27.428682887827502,23.758240199656303,24.766320860580183,23.67944076658303,24.397696702004325
27.636251562579275,23.736903699807826,24.84078597163784,23.518722205594827,24.3283671512311
27.632401006932568,23.682199670740943,24.80289233241068,23.85371065449478,24.299696888313505
27.64978949734958,23.59962018783796,24.94985047335697,23.72651329856775,24.423397063060843
27.566126823640744,23.6748369568015,24.908048438513365,23.669435049643447,24.25936905343442
27.361735078187166,23.7323490170196,24.97413433437952,23.471774281342096,24.29366554143361
27.493011421879125,23.820758717788983,24.905223762140924,23.37959987247604,24.30414864328156
27.45197087517873,23.57738878983028,24.58622569091896,23.4789954903128,24.35965872345364
27.278761460932035,23.62029822597328,24.5309773929566,23.41196674733679,24.356974761872195
27.289096235506168,24.00910429546279,24.668447750496096,23.45008097544196,24.351298058436814
27.25081924989265,23.98796055081201,24.720469549937885,23.335691598448744,24.25427374957425
27.239623149113253,23.83437131661524,24.83514900398025,23.39920824745268,24.48043272082902
27.15332763813499,23.805036286472,24.806171734826027,23.357553527889078,24.52252016302466
26.69872449698577,23.65456722406308,25.201895576293012,23.5433274183095,24.5329405427269
26.480805801345497,23.36776905697492,25.152398647986747,23.67323337352168,24.484710231300895
26.772570096239303,23.612550409394803,25.149287022420005,23.72339055657662,24.46585320050618
26.676656090367626,23.591720373499196,25.254003142272563,23.574293073578666,24.56123162427652
26.622631941603828,23.59468644168448,25.26850911437413,23.679961522570096,24.247214901591363
26.49393639598403,23.51822345651263,25.11043603572161,23.62863682693578,24.22876520186324
26.64416650810761,23.69311325379455,25.23298856511357,23.78255127376105,24.19809094342724
26.672003292925545,23.65180525444729,25.23225748238584,23.80331557762399,24.36672413290718
26.55474367741641,23.586778343049392,25.347851994265252,24.0316991402136,24.405449860147183
26.434218497570846,23.505496805219632,25.576355076530625,23.85203555802135,24.41422998702548
26.284433575278857,23.421546408870668,25.68534385129116,23.94161669323464,24.47216622165029
26.35954039164337,23.483150512174564,25.61672103239407,23.63740248398037,24.209090672520823
26.6586050039194,23.53101826984587,25.560444442144917,23.5771146726404,24.09244622282179
26.601451600993038,23.449124870216917,25.585579904994923,23.46659588734257,24.42613981042076
26.37743643739448,23.578378526021822,25.536930371237776,23.488354582380136,24.602205608533364
26.721520715379416,23.71444968614467,25.85424454675909,23.600631887775293,24.695635681821823
26.500897289889416,23.749528107660986,26.010616089430943,23.62219774836284,24.44849863810581
26.548652312583396,23.71472283468506,25.84018722564467,23.694641595963216,24.4418069923512
26.49107418722131,23.711387686318304,25.66251692482067,23.931660976604658,24.52155589719936
26.70459813290642,23.67088799934674,25.372254519168784,23.808279636943773,24.54084276062672
26.646009880611956,23.494581061554364,25.59315078766794,23.96539994007736,24.570527919737
26.706473162719902,23.485707558229947,25.62672784828163,24.045612022902112,24.6109597690622
26.8072395664612,23.475481198991957,25.51190238915194,23.93966840214404,24.75040193961524
26.956044812661997,23.47876905609075,25.26973961326269,23.902280775587453,24.431144657436164
26.825804197635826,23.65014058791384,25.139020938728315,23.987525070175337,24.26315006590773
26.744620113753747,23.455486214938396,24.80005576501895,24.022662540740225,24.36095422755894
26.74798488778009,23.38989508613537,24.907813889249702,24.073897996348467,24.315387375432127
26.779058432929077,23.53210215741436,24.769924267134616,23.96796596770401,24.325152329914477
26.83549503161949,23.404962217804755,24.71538914005091,23.984513268466262,24.386270421748712
26.71515107962661,23.728216150970127,24.786160052422808,24.03206374801678,24.3728984507875
26.582269613129498,23.65412824810888,24.69208801146161,23.857076652527542,24.421961061139964
26.540496340327685,23.81946627539326,24.57696117536712,23.70283519096206,24.308694044867096
26.706405426547143,23.849530707707213,24.50183248745242,23.837909089604747,24.32422367709392
26.62676829790693,23.85076416548732,24.50301692920428,23.82298618877292,24.298066814690007
26.534801826447893,23.82955408839187,24.518115588307143,24.023929051759325,24.270300420057165
26.64753196033177,23.84447923123953,24.363649353290587,23.861452551228545,24.374391932213182
26.54374168583116,23.70547807461393,24.582319940398133,23.93971567699736,24.55104636686633
26.415841677704915,23.73475554425364,24.758525307708357,23.962038947113225,24.513469489720404
26.328578457905355,23.55086228505831,24.951469024241003,24.18989966878876,24.44164666378755
26.419405388659307,23.639859880599,25.026390637380143,23.802137582938688,24.44498693985666
26.443822486001142,23.6986448156861,24.94503221721679,23.797107402114253,24.500207963776944
26.52071639328345,23.707723340374866,25.00581024169569,23.770535338454675,24.36793326424524
26.48429777969266,23.61864847655832,25.055873902021435,23.601925743664992,24.38020877163039
26.46618453067249,23.655077102128125,25.329042154300748,23.50054375057993,24.41764674412421
26.66429633335755,23.623483085142595,25.61250563517935,23.748415231978004,24.240660757031986
26.97332126566773,23.749130218992303,25.851436970773705,23.710150559299176,24.2520618589196
26.950839198440367,23.80392954297696,26.09599006568448,23.558157191915736,24.36872776151732
26.99639668410353,23.765545414373637,25.960795535501894,23.387467184486788,24.478121068055124
26.975780632801246,23.490630553321395,26.16152762108611,23.50978998179584,24.554628366421035
26.351009169027535,23.33807597238336,26.06045268748125,23.35570536495629,24.53151798030693
26.706822048255383,23.484196776398463,26.303562401240185,23.558133931881827,24.54409510626017
26.78914465035736,23.620868895088822,26.109272357502075,23.72439167866716,24.435019107397636
26.94236984173343,23.528870772604385,26.1220883455724,23.753413607727985,24.19811742175525
26.799585231489434,23.39311603588334,26.10179455869229,23.78379921111652,24.229020392968664
26.7056733837232,23.400892612727432,26.34973064807945,23.8016345745888,24.229336177594934
26.81908813006432,23.439434944606397,26.082485085753067,23.90728623802708,24.3857359896583
26.82338586799597,23.5349178422694,25.959420642743407,23.6601398576151,24.33532724316319
27.077740647790417,23.55191843818637,26.14611008349541,23.575153477041003,24.19039650825851
27.23921248445232,23.56151579215194,26.07483827765795,23.5461321523842,24.16738570325659
27.325543957559606,23.324753152483314,25.831947228468355,23.58222342587353,24.349237773542825
26.89871947639752,23.500466141671225,25.83511871029425,23.498102769744232,24.38283789990094
26.766958499642985,23.492649240134543,25.989226093724294,23.222689500788466,24.349175327175555
26.972577250791137,23.542261525393872,26.100394410387267,23.193682520302144,24.36297793573799
26.64003634943417,23.607070257687376,26.13688587326197,23.074022026440584,24.344072348778788
26.858970007033957,23.687215502605486,26.282356902289777,23.09632319299541,24.337019749517687
26.84943586423444,23.55491630472224,26.109164223935714,23.229306215269474,24.54414007497308
27.05857450270707,23.40733433635989,26.046677432131165,23.13736941495144,24.54880993622732
26.931997182563183,23.577943080422084,26.23455261541833,23.52425285752638,24.65500535331432
26.693308240547527,23.66066225708248,26.365980486836342,23.432847709662177,24.876947365026297
26.938721487520283,23.5943843613124,26.10210482445628,23.32773011283028,24.953070157427145
26.712181680368047,23.365148686433542,26.14873529430761,23.22345953937991,24.901324081583606
26.696595118474796,23.488706389567287,26.49812476187112,23.261929374697218,24.7343713455
26.758804203822557,23.52351616626027,26.11405212986912,23.27219726488785,24.781238853936102
26.679806268443908,23.553553734830945,26.040976647813,23.15908959821593,24.733498924711856
26.760186035983043,23.35098606273796,25.925124075988787,23.137689650646923,24.84880826435422
27.11239857130729,23.458735073571543,26.141771341895108,23.09995629891147,24.92071667540377
27.090579049294604,23.4088123567056,26.220507596358978,23.25191148952256,24.794543138017087
26.893770606204317,23.12703911153132,26.180587991775464,23.110820863246683,24.8105538996587
26.639545125380792,23.246079105037037,26.07283565358767,23.274401414860915,24.83235691421969
26.475583470892182,23.28312205088894,25.8724784388657,23.20372225346096,24.50063521899675
26.60232279285493,23.3140993605694,25.970070269944245,23.065401597985524,24.733863331314456
26.467797902191105,23.30051550581405,25.912189893400143,23.22809791405046,24.66571748897553
26.667124020368323,23.30000640401108,25.81361576825941,23.28410674235753,24.34239772871078
26.794021174515443,23.352603010150183,25.869812587894643,23.19430713444684,24.37278839869404
26.74724568999104,23.294033088976352,26.032477404569907,23.26702538891585,24.342891327324967
26.83289131782278,23.428281501091472,26.33943553723093,23.374455102911188,24.54043806395761
26.68802370774096,23.32070329073815,26.18228968005895,23.33796090774068,24.66150725485584
26.815265832280435,23.331996668600592,26.11291650848147,23.55608342001033,24.651241738336086
26.953421232809788,23.618645911261293,25.96447790735893,23.394549414568143,24.66758845658736
27.098864143134545,23.56374429390886,25.931812069811976,23.31848423146401,24.621118340746712
27.111881152504708,23.56266038704577,26.045573617123807,23.334015936338464,24.85038294670485
27.04153621434963,23.48686074224888,26.19100401636466,23.454328405468488,24.928910999376967
27.1154314004352,23.50054964018791,26.12927432533332,23.586374914036572,24.884079257806253
26.894186187376597,23.40265187094525,26.0316740063677,23.45476780839034,24.92691890637407
27.10803712152103,23.47682174774966,25.947109766234927,23.55070146803531,24.94158644080229
26.83356832777852,23.404152410480645,26.144937260698413,23.59032725825024,24.973048261335357
27.02175322287034,23.34652879959553,26.103513866327354,23.493663152848598,25.143400083707387
26.994062657710572,23.36551356990843,25.857299631992127,23.49826402005342,25.094127161929787
26.990823284688197,23.514610492997047,25.77674920055097,23.5489280132714,25.12765291236153
27.08187221409642,23.76174198746156,25.90751162191143,23.599744640025577,24.88694972813963
27.108570182221104,23.89373519046764,25.85979976989312,23.59827180801225,24.789605243143285
27.031811330742897,23.649567096255925,25.6773573288968,23.50343974306679,24.99857974301687
27.33846951557561,23.562679643753352,25.714036746359152,23.853019411527296,24.88331370505897
27.447124059002444,23.55503060079883,25.740398843511045,23.985350751506427,24.867871942997716
27.404612148550783,23.731060218862424,25.76055688489708,23.86861775523884,24.713121817364385
27.43221531273688,23.624832855115205,25.67159001449807,23.963417261084725,24.706193328932816
27.595257675313757,23.688521308593074,25.539050391577103,23.95977303222335,24.70770929235309
27.32048952953933,23.54507292066509,25.44378117458413,24.00996945182224,24.695360755672088
26.90136752659113,23.70319531706367,25.27228451802855,23.889409653229173,24.866064563471788
26.602358224286736,23.784179568266342,25.113346928822484,23.882370607462413,25.050189980497823
26.796228137484984,23.572247653793703,24.97265057741701,24.00082847510915,24.83067960559955
27.149242033903484,23.53070126342025,25.12914962609254,24.028029470457938,24.67778478626748
26.92369533301301,23.64855039871613,24.77166456882199,24.06095372038627,24.66783864188875
26.820349265345502,23.37887209530153,24.8316431962736,23.936015219545293,24.720432503273617
26.81200607848989,23.368736707502368,24.625511783459324,23.916243921675218,25.013834725640077
26.730123651329183,23.56860702264676,24.776144223027643,23.891007236060585,24.90764252927993
26.381730026733905,23.58354941952816,24.921415609673836,24.043205519976784,24.978515203206427
26.61946164065016,23.62173095074665,24.67090330734421,23.82312575422813,24.747323718148397
26.55732701304854,23.486585865471863,24.79369670782058,23.736644132648635,24.82123653798388
26.531339605481147,23.378232257666284,24.897486314290845,23.467634756086102,25.066992313116728
26.508371321687356,23.264828583361147,25.07945643151073,23.49760555215658,25.043104206520173
26.6596388305789,23.289232924124576,24.82854325776793,23.548319908932218,25.03440352776593
26.75737576321261,23.50661781662453,24.931244213359317,23.613873946579837,25.05915655263737
26.498980639672336,23.589651490468096,25.048697197377244,23.754858322672234,24.99365229810855
26.805829480142908,23.46826110180713,25.19302210790884,23.81463921720673,25.0682400798298
26.606434751017066,23.559559111221827,25.011100850603466,23.596372674273702,25.371484369553365
26.632135395376096,23.544775769631958,24.992844352766845,23.62552278128389,25.26353142032489
26.38254302893478,23.50892715866345,24.774299103883624,23.597685685408276,25.288923098047626
26.28561937719108,23.579499215964272,24.98025985779905,23.53917324963349,25.300934866134217
26.08222044420424,23.6497889909834,25.11093817490805,23.53423285795224,25.301146296767563
26.313000477220992,23.463372262982706,25.2162226878807,23.336168329599264,25.38751121496949
26.188936662560646,23.217195382201407,25.4758937849698,23.32729615327588,25.351535175540366
26.18915543776762,23.5690925917962,25.47183417906933,23.4735815887689,25.1654417046636
25.96887000820829,23.51127002320811,25.31860480386292,23.561495921334227,25.33088104230273
26.08842613944051,23.510896158761422,25.24935532126201,23.56984037940965,25.540398291386733
26.12176854433233,23.499197205604435,25.203202122234583,23.63276564845543,25.537840487187864
25.92765267507493,23.59535705207182,25.19184006165507,23.4781568932748,25.46985242485892
25.85603535978686,23.483311474998818,24.99826588399434,23.550238565083568,25.471429548075523
26.286187807628945,23.57062759315931,25.002806458342604,23.52279598288081,25.46476851542616
26.390597782234916,23.327754670218997,25.078944644283084,23.792710060513148,25.28198275488229
26.553878983913396,23.47016678762364,25.044244639830666,23.424123967280384,25.42368530491856
26.711188311930304,23.384642942566384,24.97343309754288,23.287429392366203,25.18009745143056
26.68356155448356,23.3327650548865,24.97527373229589,23.364492744482785,25.13416931558984
26.34019631563511,23.3499324032123,24.936797720128048,23.420992439519857,25.250964457289484
26.073786431391937,23.38819691129604,25.220322333073792,23.29346470436822,25.40609647188683
26.201966076063403,23.556629807893952,25.44476697656632,23.240846661347582,25.435536954324217
26.46569169696781,23.593483768366298,25.40665854860113,23.437293015998897,25.258532689050504
26.385749054937804,23.695840687197336,25.3132068011331,23.448797383848525,25.03723441548568
26.21796953753706,23.88502241857789,25.26106834102277,23.544816191847,24.915235005747714
26.27712438425756,23.64945495845969,25.22838019490302,23.45056934537467,24.896326883338624
26.34338799105306,23.61469524766161,25.20518312901542,23.214005757153707,24.652795705020324
26.03011848724723,23.552258118897097,25.149431389635517,23.19002817151536,24.559937775538017
26.093813103569765,23.59138724502914,25.07654018862596,23.129483880938047,24.27547495647066
26.285612081875417,23.52012420044485,25.127116836388197,23.258873841897845,24.20843348566148
26.166209419264824,23.69791092869369,25.091576788387883,23.42263922359988,24.419555153162296
26.445719240100853,23.56634720896297,25.189987801163067,23.308384630920028,24.509744877925083
26.73465135241406,23.300562194283884,25.04177335077124,23.23208887355545,24.599413707596145
26.687388853214635,23.555607987240787,25.0083056879727,23.264597911002515,24.68756472135884
26.49790408147793,23.511999202300284,25.023963570558166,23.12161582749721,24.68624300065837
26.73523285745481,23.48236708894429,25.002546617168985,23.16837701726607,24.705464712973217
26.712068072563937,23.458380751857064,25.08925220879909,22.969462197778263,24.450743976425507
26.687488754790916,23.43125191385743,25.132691420410747,22.81209760357839,24.707861216965977
26.630539707912565,23.501209903778,25.10165733429785,22.834738078125444,24.671910289061334
26.5879720284538,23.47861337726105,25.296695626107475,22.674794534252868,24.57475465895986
26.397047582254856,23.72550219696327,25.20283892573325,22.77874958854289,24.66278691655867
26.2890596190389,23.55079812491337,25.04501954222164,22.789060264022112,24.827535303072302
26.246825094530557,23.540425893884446,24.819899901996447,22.69095878469574,24.58608426662653
26.41829876668242,23.620103490804603,24.994503906720546,22.895844754891687,24.569030631036945
26.403905816843395,23.552412105861578,25.28275556032633,22.982608545227887,24.66352888487787
26.053621208326906,23.485704660870127,25.22528251328152,22.901041070956392,24.89648828969372
26.11344185715525,23.422070229268133,25.2368217883802,22.97656349704153,24.84201252315264
25.832711067196165,23.53562437605845,24.930747953498532,23.07912141526157,25.104225107333452
25.820768839708364,23.65293842818653,25.05510890092938,23.093306103839115,25.146219203787712
25.96757644323774,23.57883572350073,25.16007055994821,22.874136656308963,24.86095350455632
26.159671064757404,23.56425895772435,25.29722093946865,22.967176171930905,24.9477914350626
26.269685969833137,23.65295721215201,25.444566918657067,23.1469493041778,24.72829969440804
26.17478923873496,23.4735363248184,25.420930182979696,23.068048896405656,24.91918111664785
26.27316396377387,23.507909748665348,25.051998706337805,23.23934409162205,24.906633051194785
26.482077252660783,23.307815471858447,25.00408298292559,23.497607126054604,24.908881106741852
26.51051707767176,23.37992906718201,25.2375666955344,23.46680904135795,24.95114405393156
26.09812927997424,23.40930384111565,25.414875326462337,23.450379646611182,24.800396417635945
25.990704438810244,23.38231939615421,25.62469273230282,23.427680007285776,24.636328037567772
26.107675230422423,23.574762667921014,25.669155503538217,23.37643193985869,24.688519138985324
25.71229715770406,23.637623408449496,25.530194247380727,23.698043747205077,24.584951543670822
26.12920367239251,23.73417484761152,25.78227548515612,23.37824353593527,24.520018297329297
26.391910229876373,23.55770737591949,25.88968365917244,23.38347446365771,24.425455964111457
26.47194186380641,23.644404422718623,25.89251054057057,23.371554648604928,24.34039869843488
26.570651767808595,23.726761531115155,25.79194088738725,23.39487679628729,24.1723321797608
26.464637764875494,23.741548381148917,25.66703314529977,23.485977248220472,24.26195782612864
26.473664376898064,24.00264728842909,25.473367751725004,23.45077544944205,24.237096377457988
26.84701316816884,23.731770538338868,25.636961429017997,23.51489648344333,24.26005211623406
27.24928738954385,23.786156392541333,25.56009102479181,23.592287722414945,24.163440590592906
27.041922549120216,23.66442295841306,25.70588259845521,23.677978556480497,24.221654386374738
26.79143758687095,23.818861564458004,25.62288942357913,23.51603771696159,24.14928442771646
26.600334929448728,23.672059885953768,25.54824482553217,23.726180708191716,24.25459013084922
26.87301271737945,23.892585771695764,25.536174282127583,23.747246888685464,24.31824535403534
26.897378552931396,23.87923208475113,25.63635922662976,23.81503064767853,24.367665718969956
26.780195625891903,23.878715658786746,25.65449499819863,23.708999703116984,24.241371845760813
26.653203662238525,23.88848960117449,25.803037157527733,23.604669273843708,24.316917175894257
26.93746158874482,23.705687663590577,25.547905337451716,23.563629437724643,24.216424419132224
26.82662065180884,23.97983761256405,25.5404105576946,23.56041647229573,24.254941682959736
26.84566835634688,24.003638621470262,25.33159291281639,23.46778704931745,24.1779310149799
26.734463204555126,23.872117672056696,25.214132433727112,23.664724703410364,24.177189142309395
26.78114398852975,23.846850832805917,25.151349956354657,23.471371010585028,24.15673126517613
26.701207887912712,23.926292191579087,25.410429061956616,23.442253284819927,24.02498039967069
26.89712108704877,23.79204344648643,25.502671334965463,23.40809637594598,23.937441071202112
27.036618596851994,23.603708768269115,25.254258804345437,23.25679139556433,23.901491244408643
26.727166664507187,23.71541920646789,25.18490302188414,23.25883702305013,24.107238594790196
26.67519191364291,23.786298881512906,25.265891698625182,23.28005307418112,24.09415623062362
26.62373245301849,23.62554201870131,25.19953296023652,23.2111821000251,24.003688257539363
26.844113421634624,23.58355606908646,25.05230348343113,23.23195859336656,24.01531517543888
27.03315399700393,23.90806689426445,25.02511541394946,23.175655112234,23.88516584996456
27.207325327862414,23.815698351338835,24.829273203907672,23.090961261047195,24.03058195591951
27.295340623326783,23.6921744617088,24.5394218548897,22.94141759161061,24.03235116157827
27.43962374801033,24.04484442023461,24.597495922133724,23.03298229967156,24.028173666109232
27.476123539553917,23.860424758381708,24.532056321555174,23.092961041107543,24.10348902528813
27.438383804591552,23.79279250044628,24.65992917341732,23.014753468724123,24.28546312404688
27.600619492395456,23.700703243081733,24.584417005383685,22.898779315872257,24.34046142059358
27.78336526248765,24.03704464536028,24.88562219603348,23.09166771841844,24.142708075525256
27.977215262738888,23.871101720801214,24.90063825696196,23.184723789932143,24.014959071644203
27.890119448927912,23.82689421985012,24.56958181372904,23.08045783823275,24.15496014749649
27.67144121111242,23.875333561799376,24.562842742803237,23.06152298709067,24.11110039045381
27.362302957575352,23.688216882486586,24.219244803871938,23.16120536026073,24.029570681891347
27.48009813071262,23.46466175490277,24.21616844631595,23.193831826161333,24.06992910316848
27.39166658101893,23.78010453037405,24.526593065358806,23.191308028739773,23.983682588026955
27.78036152802907,23.88068421011069,24.62460678367475,23.14115981539417,23.858268770104083
27.67564567124568,24.02767208860321,24.70773073250274,23.08074170810184,23.928726228703823
27.694628756050797,24.154344032051583,24.801671364646687,23.12167064699033,24.03970901429478
27.75480607522147,23.945688481051054,24.841066337443365,22.915879326726955,24.0121389647082
27.67018711699829,24.09169458019428,24.971095904281167,23.052626230149954,23.917792795019825
27.739843088130144,24.030595159830835,24.55554807219709,22.970212591919328,24.119754871441227
27.8573273758307,24.250249611543158,24.656637071754503,23.00928295376119,24.068567267585347
27.60368692601772,24.03481257075869,24.720029775562157,22.836791372814357,24.12300200344841
27.50954189127016,24.10630510094752,24.696366949691612,23.11472386662382,24.232095558434324
27.378990492610647,24.077000517349894,24.67421010367085,23.063534745798187,24.269552577205705
27.546295833585518,24.04603217777468,24.720131084776263,22.903422090914127,24.143784537017403
27.737749586657923,23.97727099113848,24.734287218056046,22.784015071748225,24.373050013713527
27.59277849607001,23.94516458863846,24.77812893137116,22.86510014376807,24.452451062553187
27.844007105304545,23.879829935320046,24.439693022187942,22.65169729581346,24.388189082621995
27.837627643733946,24.0886898160136,24.17847800815339,22.94837058965188,24.369739942882635
27.92154001613988,23.86982922485692,24.23235547307385,22.910952635153127,24.289552968850288
27.854475530445423,23.97130744513635,24.26302075443846,22.7385509792251,24.128639165013663
27.76626345883212,23.735034271712838,24.101995248287498,22.821340463261304,24.114956541588608
27.770249649010044,23.773139605876185,24.104835037441987,22.877648404314957,23.993142580701576
27.48504734456364,23.85430580451927,23.952269989911045,22.969562238644382,23.9782717025577
27.42989874223389,23.82534941836728,24.106638002904656,22.96637055680485,24.005176727981617
27.622566843519323,23.58381406689212,24.16528896818895,22.96511778503435,23.9851864409994
27.65403382119947,23.40571612311436,24.158262304074626,22.772466163532872,24.124656768947226
27.79037790915297,23.53942042556949,24.2922394769851,22.92024655824052,24.124082694907667
27.85997558009128,23.486202164974053,24.107150895489205,22.907152361364385,24.221882059370625
27.689843634649275,23.509973494787896,24.060287990684188,22.86158276903029,24.106657868695983
27.450887759890406,23.49838547549638,23.966646974579785,22.96858798205,24.24070278292419
27.32817136499066,23.56760500316047,23.981405069727916,23.043195127723514,24.23548773467263
27.54172077598129,23.53079402016265,23.686907572523264,23.159973917189777,24.38958811027426
27.62273613820676,23.62298279906985,23.78846850868861,23.16600369457452,24.40667251578533
27.773959582641627,23.738887574830137,24.004984381873918,23.18273129128845,24.58473084494676
27.54026449332117,23.628679426194967,23.927198921250444,23.17484528672881,24.48608079841834
27.599319822507884,23.658711176166197,23.64832378626852,23.24498376556546,24.649519002446883
27.930555648606504,23.77126320809961,23.669504453346025,23.27449627950511,24.886411272636643
27.57184527370553,23.680801827305167,23.909946654202237,23.24890897151053,24.95376995835813
27.84643761764852,23.869729540988555,24.02309442535224,23.297006230161365,24.871312131884853
27.887901389306197,24.10330344508691,24.198984677522294,23.280498252919152,25.00352252903348
27.74592633604611,23.88693187458329,24.23181011917895,23.241065933210024,25.09760722862816
27.49417423416693,23.923991799865465,23.93716388070514,23.32836523308122,25.04546063313064
27.501187589576467,23.927268683764616,23.86359769433807,23.26843944267545,25.043506289181547
27.44425851061416,23.89087401019331,23.940138535996955,23.318694967068502,25.333262707054512
27.56172553564556,24.04900082222175,23.974447775039764,23.363205111422072,25.163864896156948
27.3298652718633,23.89349788638183,24.012430242620752,23.336275824159948,25.127739141000475
27.12453920823102,23.78119975643708,23.92787060651339,23.35952854873612,25.10530293468729
27.11003363207616,23.82514043174329,23.84410145867245,23.168903299621945,24.864596601379983
27.653072780078965,23.724146485696497,23.782512201768903,23.36503421038329,25.04383429278616
27.59807350863984,23.80458832551521,23.731439517830857,23.009170164489696,25.02273105364468
27.412012464543803,23.89885741358032,23.92736826722985,23.16651563035009,24.937514922825407
27.47819561024646,23.865194025172528,23.95379277933245,23.26219031627081,24.932155975512465
27.316284581142835,23.89399083595915,23.931207953453477,23.26585723285572,24.94447125557861
27.037004907211312,23.84858690486453,23.86654260896388,23.135115231681443,25.06947084157028
27.307599619625517,24.058199347645942,23.879533007830183,22.972197103802152,25.04716127753841
27.34961064713533,23.91858761892308,23.82520371391807,23.021240241526534,24.68911872848051
27.3740081072234,23.971409649564357,23.836200365018847,23.26260631392853,24.738350749092174
27.237637500157348,23.843358487688267,23.848484931831493,23.25797008403575,24.78100711422124
27.41997226589036,23.902258341912077,23.931055384508245,23.291197473367127,24.897603457091183
27.30876138264956,23.951682861675984,24.109057201376352,23.336007980633493,24.86404870270925
26.907542185851835,23.590833876835227,23.99762446243264,23.41922746875516,24.913457152788123
27.172976979429016,23.529532298214036,24.01493137094376,23.37791344891477,24.84385646919099
27.026911696595043,23.60956529370874,23.872519890250416,23.40655857973993,25.162269422701144
27.047101468454144,23.593897157584028,23.94243792363906,23.57658051312121,24.83815880221028
26.969881485518066,23.61108206820975,23.968553972443395,23.642434501148717,24.91990146717812
27.07037387295238,23.61203220969503,23.91366616586027,23.643233901254032,24.974002006572302
27.038750170242604,23.62020363043704,23.9292791154086,23.785666065467534,24.974218113495542
26.92356120598555,23.512070505081,24.149866983519267,23.597028463611423,24.909771087033693
26.879399816577312,23.61207388181692,24.050277524581283,23.38811399618785,24.793717404253
26.67298615632336,23.738071027157822,24.13111274497339,23.404860534878896,24.74529331731457
26.86677144972316,23.576217232179783,24.259874519698823,23.50144686738725,24.820419346326556
27.026340370555936,23.47468490013741,23.94223420647661,23.43653938201936,25.05317521800108
27.079470855078124,23.982457987888218,24.08446604786387,23.24494074173776,24.718407311792458
27.183370198485484,24.01316607850572,24.198627289921788,23.2620037201086,24.89579099908568
27.02357232455277,23.943338692697164,24.308377263076697,23.23815369984008,24.90392374997806
26.82545555357113,23.86198439471717,24.336997515953296,23.127280942355373,24.865577008283932
26.763363898739765,23.868793088801866,24.32734293073708,23.025031373730933,24.69697436072153
26.476817757119345,23.96662861117198,24.05592899304892,23.075634911384537,24.805441448968804
26.504000300565185,23.56574316662441,24.0314645804254,23.24318571448036,24.75949367315088
26.632294615538555,23.668339652520423,23.98091308817885,23.35390595768736,24.71961161632715
27.01218657577291,23.934116335661813,24.13720803761809,23.18522417375372,24.521823300960666
26.719237324026977,23.662486283638348,24.033912319325093,23.20106689006321,24.48130388297269
26.75132999587825,23.69703812189954,24.10031097652649,23.0297238944224,24.373821532434047
26.98509030895705,23.898308659338817,23.997445778883822,23.327483450681296,24.3601651086002
26.92543986097953,23.948886050767644,23.73228484759057,23.32448660881532,24.4658106740143
26.8085392849278,23.862719746731965,23.80935182196393,23.13631202098546,24.42841172693182
26.94466770909991,23.698321088667736,23.834098062456423,23.049401412299662,24.336906610264272
26.72903806954726,23.960185802260387,23.736558456472853,23.061504451628466,24.39621823006369
26.821927731642607,23.678324531885,23.68931045725897,23.104185144155636,24.30048989242611
27.01926109154737,23.62920018312538,23.62763328274324,23.14678339423256,24.366370129427185
26.95241671180759,23.36163918505988,23.383158065722924,22.988758738602865,24.36937624203012
27.080499479399307,23.275774180191224,23.51340310441292,22.79028451142018,24.237051563553035
26.99700326305806,23.241598728346972,23.49997343290115,22.60837104437544,24.242288142756745
26.99209140044042,23.383927028464885,23.422419279497078,22.68412727512091,24.38747365668512
27.0123998775852,23.53992530259618,23.479779029516664,22.8545024802814,23.891617831852432
27.068372761785373,23.56727041504197,23.517365124518445,22.91558768082288,24.07482138106074
26.89966128683709,23.407752508362982,23.744895933883807,22.83138662928724,24.065649446305606
27.05178085828514,23.41882211657508,23.873070815230257,22.92745272774393,23.793202945816606
27.20983495591264,23.624746378097303,24.095285214820848,23.135456946948477,23.89407824563254
27.29540189548077,23.41745998414237,24.13488825121573,23.0132143293867,23.97403739430959
27.07699104629248,23.63796102679576,23.923864444413983,22.90908804575013,24.039227218635887
27.08050676643098,23.49833182162046,24.20633522172595,22.66550680935971,23.907575630246782
26.82804219637244,23.7842969728992,24.468345385240944,22.800624337715696,23.877514689460774
26.968568299814223,23.62896439403396,24.35475867963582,22.78113800549809,23.92742406904829
27.095969271421925,23.536144821114547,24.4016707824837,22.75502040445751,23.90954320421765
27.21586621640255,23.63700400458319,24.192651932017217,22.823377030185245,23.802300132809865
27.191352743614694,23.82230546899624,24.18108545364444,22.728646587023125,24.061148742336567
27.222149857474484,23.516402877863488,24.095836312536765,22.86408320281781,23.98867535165446
27.08536963303303,23.4776151853222,23.64207339485321,22.897468093722114,23.97728414381415
27.244964794602808,23.396933942026017,23.563656502652723,22.991584362480133,24.35021364533908
27.39626226562356,23.46831253866897,23.54758179468975,22.97414306897445,24.27051541809828
27.31717921960376,23.338661619317943,23.71718905712542,23.09900198283488,24.302777304792983
27.4131113791043,23.440588897999277,23.605798985743764,23.100991829307645,24.104817123460005
27.550637063109008,23.813294393492026,23.64648085286828,23.221458495649845,24.297794659209934
27.20578867394731,23.658753992048304,23.8204102953452,23.033726782668367,24.354554367033494
27.4151197164296,23.846565769364517,24.09820326854088,23.263077039309525,24.29611862221335
27.395837024499247,23.72141509433297,24.24842886320155,23.328808159265364,24.484409370636094
27.27391849080025,23.830908149276908,24.3803560398461,23.4935897568398,24.4047805988987
27.03486610632176,23.63977206887117,24.47468106756501,23.18731178386837,24.242628166975678
27.254464044603825,23.5532661353253,24.407301759992265,23.196687504657184,24.168848401164546
27.195329165825637,23.592864946439423,24.20303748259117,23.42217833039136,24.151898981053016
27.15459843138616,23.550272042137035,24.17442731753622,23.34061262716519,24.44617382724935
27.18742747091605,23.47187637138897,24.2697391825445,23.419146866793103,24.244706688494865
27.28648582183893,23.209437158144205,24.161826570890124,23.390983137569528,24.200225126218733
27.28008357983578,23.23771640361648,23.922906931980325,23.46023639705393,24.148751453225174
27.116724885555023,23.301114384054067,24.12602006076669,23.482611600152847,23.97870810121293
27.159475619514144,23.28600169381933,23.91736656078032,23.3531690364375,23.898219379402345
27.122491802230048,23.27395450270415,23.75872592198425,23.560642984743986,23.9635029877488
27.348588969973424,23.43789006594656,23.95774755173344,23.359986034340626,24.08216003260644
27.19058600878486,23.257648374359093,24.004709829201644,23.344925409578277,24.028569961194982
27.19072817819289,23.232364043432952,23.804049296621237,23.057760156459555,24.02586991108822
27.22213560519274,23.259588062867,23.603404840025025,23.06375951689344,24.18835416306115
27.24405093948948,23.207445387978023,23.873067232195883,23.4261985630278,24.114283138514637
27.05061518127978,23.31374502331544,23.765739760738395,23.416358155906494,24.168706829986224
26.915811398721637,23.236566564180954,23.99484304868192,23.393546589714735,24.045817209012075
27.17460188664471,23.424673932478303,24.302229683446857,23.287192336049102,24.23487920607547
27.04930957310176,23.65512327942845,24.184819458197147,23.47469506765773,24.1475229424558
26.926272445763534,23.438617252110944,23.86839119145108,23.33600630109028,24.190497745675323
27.08286202488953,23.435212237333555,23.72400892789181,23.47828524356404,24.083420015576223
27.158592060256677,23.58797183375173,23.829840040673016,23.52899587388061,24.168524659828247
27.16974434197291,23.486223697046203,23.87313581638544,23.419333413413792,24.155291694646127
27.08995082815003,23.56196498779793,23.90707831917954,23.283993451443084,24.223318582235677
26.988419378451887,23.34860481203197,23.742380593015252,23.295657909637765,24.196474683329853
27.18913993489971,23.570336672256847,24.001608630984347,23.29754443160179,23.978278759150413
27.21036374136772,23.502668223815245,23.92009028537021,23.05052920705453,23.97280514444612
27.19801465931184,23.605129038725003,24.00171307972011,23.15177789931,24.136047002068192
27.009681075918103,23.4215153357235,23.98273366448461,23.30919315243901,24.331709850366305
27.106900741708845,23.4196331422068,23.83188020066673,23.234292118393512,24.295631253113747
27.26653661193218,23.26779736421156,23.929202475907125,23.161657427370987,24.045346718955784
27.35088696417837,23.45994083975324,24.082214721443773,23.13345357050522,24.070282846715223
27.40529200669721,23.56522229407648,24.012693225149963,23.15652183251201,23.996367606896303
27.499869112591817,23.56170913609718,24.065086389445177,23.10852192968217,24.12867053335139
27.831979977085275,23.822531519927185,24.08294404175141,23.025525936093764,24.22540945266491
27.49388899715359,23.68118719359675,24.075720699806304,23.060263651797268,24.155809524657084
27.210897988996177,23.744703131634846,24.057445892415725,23.167355432773125,24.013246992984676
27.207152063117984,23.763197523841185,24.06574893917905,23.165764003196777,24.20763593978785
27.397076768367363,23.722249864832914,24.084080338980737,23.19432882268656,24.238607108448168
27.317316526934484,23.69815763802757,24.00822348666912,23.04086958404938,24.171107607028222
27.0682454817443,23.7813178813718,23.899393347001634,23.151486718791148,24.127850505930887
27.171774859606032,23.73781914289032,23.91381734910521,23.23967080802073,24.186588806623742
27.27996965165761,23.677898308380158,23.59703565491176,23.390516603107656,24.025723591875263
26.970481823599084,23.74760518799516,23.535094158202536,23.487206867632505,24.27174578300442
27.05982773731372,23.74004308461312,23.844580825361703,23.354879091171654,24.293403754622386
26.97133741476259,23.877132573234945,24.088522989509222,23.276690154802345,24.23279818939601
26.754812059117217,23.738501352595737,24.40526181867713,23.535174447292885,24.201075283121103
26.432435401500086,23.91739202643146,24.314550225426764,23.63965084990544,24.241002693788257
26.297738941550666,23.953737132938805,24.195473150769217,23.682782051940595,24.10200375788734
26.223660434295294,23.87810539724149,24.15546290886579,23.464231561069752,24.27284383254492
26.40118559166048,23.76996982441042,24.09531912153279,23.40360726175197,24.46238554224237
26.64010882161904,23.62472281825842,23.96310913088468,23.31386005917008,24.534379039759585
26.78686572472559,23.526003285041227,23.90057333993084,23.62007420250218,24.39902111052802
27.188091267506863,23.60794657469409,24.11624235539924,23.52491590870637,24.46988805428756
26.86045126569116,23.539153956960163,24.123972855236293,23.479400479721964,24.45551110301064
26.630392953471624,23.60457457165001,24.0954615273522,23.653564982483992,24.38072268055616
26.731578105929177,23.671000566490413,24.040114197970745,23.495623910369076,24.33800370399832
26.7662338552147,23.74534841287169,23.85410373078197,23.641805850456205,24.23483892643741
26.841692234381465,23.80703127903197,23.684014042534628,23.453796152723942,24.259538655726825
26.778038250658188,23.637059399447324,23.81112960787456,23.65680072038011,24.46373945110935
26.81715977802834,23.69878297601768,23.603558160464974,23.44516028491635,24.486882446890736
27.009582664010946,23.81382197586914,23.6044937275716,23.457857690220123,24.585913402231267
27.064062754297243,23.65394668473253,23.54754616652881,23.299534904314235,24.287799515478405
27.267758350860216,23.650570638873265,23.43838959958921,23.380528455376545,24.274522830846887
27.34663822871497,23.598818697215734,23.424979523151716,23.402938394559467,24.002121771379155
27.35699438511356,23.829798113932814,23.788746231593112,23.4174450901505,24.1374756336299
27.516381332141748,23.723711796176158,23.68628923170228,23.49050606158724,24.15677735437844
27.079093432428515,23.65480539833572,23.759836738088925,23.542579801523523,24.140805464742968
26.98361200522081,23.735220970024223,23.650447863053028,23.621208131054573,24.307615314747117
26.88493212916834,23.678680224750867,23.62239091604241,23.55383149569885,24.22169109362405
26.759091709746777,23.44247621357398,23.42582440117657,23.482109456933564,24.262274408287748
26.85096380946878,23.331594976005167,23.54620567829338,23.384792029077136,24.28336787662377
26.949849296015906,23.390438158424924,23.48729551864021,23.475170344352684,24.14840684305503
26.9388530471855,23.486481412002924,23.353891006401547,23.17277619634772,24.02565988532709
26.883562940872945,23.33580983328174,23.29357647462873,23.24886651808094,24.19951843552628
26.79310377324674,23.464740723708985,23.280654876730715,23.34027479884338,24.03774204107569
26.649415273122184,23.20523981660335,23.25750773922389,23.608237598675192,24.14585319766813
26.74228102151472,23.43486987827341,23.42214194448408,23.522072843105992,23.982844574908874
26.73542230469446,23.48286932735607,23.78459364926936,23.479377795388565,23.88652162104432
26.59783293053528,23.473525967974,23.58255304750925,23.49298236435028,23.89937612164432
26.582874642994053,23.52192514233935,23.751954822583432,23.346457696932823,23.840294696186927
26.43291478407418,23.471993748129453,23.46773297618184,23.417130006875883,24.02438958178878
26.52005036650074,23.44683381398771,23.421451662770508,23.14317632205482,23.84150051701013
26.377444417916976,23.44015261975985,23.46638006336788,23.19648854974739,23.731011986463617
26.502944297341426,23.52670094935192,23.5726214217783,23.136167451479743,23.737004500075276
26.65746310548307,23.48431283281977,23.85959670741149,23.1993071508032,23.74423480916436
26.73884179093633,23.4140943295364,24.240692857428424,23.30956674935185,23.93651937861129
27.13691162861248,23.474602468021484,24.287000375382004,23.420167541018987,23.924368380141008
26.604925031450595,23.54464359480189,24.185202444868853,23.39191679116037,23.9957038469256
26.833988468697285,23.53930064716689,24.201521769467035,23.442819638181057,23.701899164650456
26.64334006859705,23.703937977321065,24.157075996228222,23.44079298605476,23.92638559162336
26.552593639079657,23.86201905577211,24.151971213746897,23.485566780571585,23.780521700461367
26.592665166380893,23.748329066294254,24.234116564596107,23.42663991271265,23.752217757480185
26.510344184659523,23.586990620379463,24.020823170096914,23.63211356287461,23.77524024191599
26.344785896743005,23.850060714376774,23.928193200203648,23.66579275693256,23.56558435745112
26.215926091783945,23.928857430021328,23.920329771358578,23.456050060539653,23.64729186842306
26.206013033512853,23.873096118515186,23.891766411652533,23.46833153442806,23.851565850878533
26.371571627383464,23.78153105830434,23.886051534588304,23.341673352308835,23.77515756956769
26.557781626814208,23.84382089595997,24.006483014979636,23.41393882124265,23.62816074331911
26.500642463676595,23.70348584411029,24.15762049020552,23.12673686908402,23.811233584047493
26.616967610265164,23.832423027301324,24.158162414647112,23.12737907742779,23.955744372454284
26.975501732547052,23.846664999076808,24.121027890161702,23.006010917162698,23.98617676926497
26.78350085550406,23.88536460279582,24.067494367680897,23.04016823941789,23.93126356640901
26.671651253380222,23.944719454102625,23.966050675655527,23.17886621632183,23.957269523745616
26.689685588167453,24.065411044305776,23.978243232264333,23.10792046270383,23.96954030459913
26.62801913873509,23.916125328301945,23.875073148997444,23.218770067362136,23.906928082544177
26.84724396169084,23.88173254494376,23.96663015510499,23.28586622318848,23.999418134609755
26.561706840281893,23.77312966790345,23.86576398707171,23.31791865581744,23.94167859766057
26.616459111177843,23.76512682236952,23.815382230750195,23.360239938855543,23.80267206500264
26.795427264036142,23.76171085469996,23.60198582259314,23.37055525492401,23.844771387603245
26.706558723077794,23.71834967669851,23.701747850963734,23.163911706278157,23.87273083649737
26.73257794498493,23.8759699049917,23.497593946120045,23.126453340320303,23.719954782826
26.653655130853824,24.06462540049008,23.424687859035178,22.895217019853604,23.90778678894071
26.89555271382089,23.828478438363053,23.550630463302795,23.06710547995321,23.84440181267442
26.60541858029764,23.908063017198863,23.70367438933444,23.31843445916207,23.75219848930606
26.846729938673224,24.016656357003683,23.70468124499027,23.205078472815536,23.73958983047466
26.618170302819667,23.93547928438269,23.57672664012781,23.254976634153504,23.71154319384181
26.58882992270093,23.90298047401029,23.63819928066784,23.117868866003384,23.95376007158129
26.73787526995192,23.90556300016249,23.445931577544272,22.903085505682345,23.88598788155532
26.464449334861907,23.848960108177195,23.45421442703205,22.97969393896075,23.938310770883863
26.386158193997005,23.91518249994768,23.59551940587647,23.028294625863765,24.10543192745844
26.315785194068976,23.77495059466763,23.512052631831423,22.992332399607776,24.05595595319135
26.340494570088897,23.88329009693213,23.739490211760785,22.99677342483749,24.262147210140714
26.45693580459445,24.056476804807843,23.70513007686272,23.32129276147679,24.15865283987618
26.632448067685434,24.13725378334816,23.65757664167237,23.1083823992298,24.112793285571783
26.864677296261537,24.12551362216567,23.65515344788723,23.205942229348977,23.884843786772848
27.01825280726433,24.025047624150023,23.835193521562584,23.10912230725599,23.630713169805844
27.24776036474628,23.97589375557211,23.927898237798605,23.008882311734087,23.836938274798563
26.99865622687568,24.116429327056203,23.74267294768517,23.188916213449723,23.744481380313832
27.00381161209478,24.045733499924854,23.67350698331476,22.99118559381243,23.73842207111324
27.18102550853407,24.08754590017636,23.882822762992816,22.786593762804493,23.882327885770547
27.11379000319563,23.81854407786071,24.10245903696044,22.96354057798785,23.98140604363948
27.078803771381025,23.884463013894315,24.15123606471585,22.950420130829524,24.03494359465088
27.04872715689848,23.99965646441844,23.894609578063857,22.971050004574487,23.991355496769
26.843559031097165,24.00655352433456,23.772511250176372,22.978192842546303,23.955523752198378
26.918912294084105,24.1002443722274,23.95866407729465,23.16301609086169,24.02592021084389
27.09539517766948,24.11928400983778,24.042458128992763,22.99529293158073,24.149053503444392
27.046213411645954,24.181927912945703,24.049960350138427,23.001599995861387,24.07478872174508
27.26040722674152,24.154853146869847,24.025018215749085,22.9443028377544,24.14082477140268
27.01502748905724,24.100873143212457,24.32813548399304,23.15777251252506,24.268293865045496
26.99873879817453,24.1426571413074,24.385613761052483,23.12633355045854,24.25452397852999
27.06434464323446,24.086323436103385,24.421063792931392,23.04930962456242,24.395604812128468
26.868599788318782,23.979427395399867,24.457487481201447,23.189741437900096,24.439501694859235
26.775340746096628,23.842641407929577,24.491292890605337,23.3038634726812,24.451907523520884
26.591408975631907,23.88602334370348,24.42350865448507,23.29078010608062,24.41160025130803
26.867822107995195,23.807219976127712,24.49420028612268,23.16811606284725,24.395626336024023
26.92589599402736,23.765283061184487,24.31925967572814,23.370886466423617,24.27323775771069
27.07100037590849,23.773664843214465,24.492582650096715,23.473229344228336,24.094086553279418
26.88293544660516,23.788015580176022,24.755852105982783,23.330235571397345,24.34714355161784
27.04761050641344,23.65548250162508,24.7056225519648,23.400680186990023,24.23981716629992
27.34354907717401,23.764742562456384,24.401658493870688,23.469459977976104,24.22418978800865
27.334275695783656,24.083673935572445,24.19860123366352,23.398280959122523,24.407999803504225
26.915383427074563,23.76161575695429,24.108366494609832,23.45617014598245,24.27430514257099
26.91434237619911,23.79766498904767,23.94558642126341,23.660866616111047,24.156970820777936
26.617850903735636,24.009025765506525,24.023226708125872,23.329761521007637,24.22863020131837
26.93683835520552,24.012323476405975,24.258152692613702,23.135496285771456,24.334230452182204
26.63604044130725,23.818350572704567,23.825147882133923,23.34749724132246,24.454620267302527
26.655002676418395,23.79509642993696,24.001016674710872,23.449580237992446,24.41606044307408
27.127193881655963,23.832710778528934,23.94016653277772,23.468415902411728,24.225722998506765
27.01492104220351,23.610943770316,23.92360217781937,23.40274436876685,24.290643262115744
27.11859577168534,23.65214181593542,23.9411609781385,23.538357265192307,24.17498252707969
26.954998120491428,23.63462551826178,23.878919972499084,23.536242712903835,24.017921392940547
27.159235707618254,23.605501725410097,23.82595364300011,23.362742007292617,24.072325034968884
26.91509761460836,23.421880702341728,23.84284237182904,23.347970938713207,24.227337523519264
27.169209514991717,23.451353562868768,23.785145770785448,23.048485461397316,24.056845940746157
27.21514092009371,23.563224542289497,23.73954282812884,23.318745507559047,24.10216827925009
26.67952100031373,23.568893705670487,23.57916681445708,23.44787249385524,24.277556137771537
26.69933114108708,23.86073016334132,23.770589104255823,23.550739161091485,24.32236765883604
26.75472451275983,23.924619592853304,23.833676164086107,23.5032805262826,24.21674025098556
26.746422134296004,23.9917919344359,23.69894196739764,23.522648561104663,24.37530618970127
26.787107278880534,23.77070278482039,23.66077690155698,23.196724515725403,24.405576512238
26.815744338924283,23.813956486562283,23.492213229590018,23.110714329276853,24.33805040008901
26.788567039216687,23.944086502019967,23.74338158625156,23.25406477167487,24.238722255770156
26.509394952037844,23.79721707177777,23.74994705730288,23.26661614384293,24.17672590554215
26.29184360578445,23.829686956880717,23.607104444999045,23.36457116478044,24.12601944688309
26.318783879510036,23.519962007098894,23.732050147045527,23.46995753082289,23.95961580687543
26.21637321722304,23.75268464894178,23.628148585442556,23.34622005450377,24.062299173178072
26.279664050632693,23.806953921605125,23.68103969280273,23.367709053531428,24.059560836711427
26.4796717168498,23.969616372017036,23.8184406830792,23.186894078643835,24.1388746216305
26.38200780275733,23.99047278279004,23.859354118410483,23.41623798246109,24.24442791624137
26.106088436724463,23.902138153105117,23.887246673806736,23.214523163290583,24.23248511558937
26.01779932063597,23.983647309353223,23.699795519975197,23.10457282548169,24.28329438302097
26.23936130680985,23.899199110129256,23.84007048693288,23.104347326692512,24.313960904426004
26.61908108298443,23.951660351228167,23.628066793713007,23.074176459308934,24.128708562785267
26.796784057007404,23.80583267495096,23.728137958275568,22.923904784681465,24.082204560366264
26.48407420614656,23.64308872155152,23.827154579576696,23.022706830037997,24.31785913936824
26.48095014350803,23.846860726081037,23.59262560609825,23.2101791021259,24.207142688130453
26.459865333523123,23.83926341394308,23.49757452636526,23.17965728889023,24.363742635812823
26.62814787610154,23.82336051079633,23.48843747090315,23.46261221818565,24.33180704892063
26.60098017346435,23.91094194255606,23.724750519083077,23.38898113717317,24.311491454098924
26.971318353034487,23.897747436662343,23.806392967340603,23.1819488186764,24.47497355761445
26.95255488859428,23.91103793403226,23.83348396996155,23.203062487805777,24.38817051972745
27.09979942505753,23.84676542680455,23.960665941684056,23.474317096749424,24.30281223561818
27.13035092640286,23.799435620978738,24.030661283200065,23.240482206028133,24.38198683068873
27.00421229696984,23.76890897852484,23.948982766721624,23.18404310085177,24.37374534928187
26.760741781356028,23.982567237793948,24.00473357808219,23.171942450379508,24.299807357243903
26.737741898267597,23.727324869937515,23.9548850279276,23.288666003124177,24.31548350279868
26.735289036815576,23.702494819151543,23.792289439373143,23.18071508089533,24.12890147873631
26.72821609397708,23.68393775079245,23.86989820002524,23.066292403032627,24.11910989815439
26.53242338933487,23.665547189474776,23.74156819966321,23.183234385165804,24.21725937874808
26.96858541492078,23.6176955013692,23.888850092821805,23.16816306546565,24.002669253135736
27.10520614225212,23.50023342106849,23.699482497174124,23.3170897265772,23.98628649950784
27.471403008800007,23.502407556000257,23.814178967806097,23.270027336565835,23.97470156717564
27.10521511981143,23.389367387342645,23.862300110718152,23.407358884337683,24.02299535967157
27.202370900857776,23.33343945121263,23.83006646655148,23.491907866794563,24.184464119157745
27.18150755362446,23.32599043676767,23.9578956423743,23.75894021350335,24.21773359098764
27.034247541095763,23.467286603244272,24.027635112763964,23.37053749514559,24.244981524965866
26.66999397502198,23.61866495360512,23.84867424246282,23.36610301423979,24.154843713677558
27.04427791782143,23.61550108411765,24.03092731974742,23.107165788299053,24.38321202042408
27.57871868606067,23.65394828964866,24.044336833241022,23.267499483628196,24.48885070265217
27.356873895090462,23.45344011150881,24.160006947947878,23.180907094082944,24.414920852298334
27.41690792031429,23.573597101647216,23.973482759776807,23.29170365568561,24.566475434496702
27.26393476237222,23.37126709372152,23.80931399948652,23.03479502227645,24.477024984765624
26.92685559358145,23.24161495245431,23.696546987160577,23.04121034848544,24.56786793440617
26.884144263152308,23.113430890052143,23.766678468768912,23.100577675736897,24.462679543776424
26.748936116775432,23.249719532969184,24.191976538655545,23.102400389903764,24.601597985884982
26.898650401107385,23.08969832440146,24.447361617751056,23.219239813652266,24.55478969803627
26.74895653413212,23.14461146226851,24.449633714061928,23.160088427554125,24.5393315727066
26.56958351970548,23.207281696598105,24.617992346270093,23.14263041012074,24.421506889520256
26.632758908104087,23.07894495410697,24.72837257260597,23.22079136963057,24.310931255947764
26.71824891352909,23.15455643669945,24.91429057442087,23.112744184129607,24.280472003068283
26.565738372332905,23.410511784598903,25.19477640114889,23.0821808117924,24.207055205627714
26.416471951285,23.330691251642687,24.875588886160223,23.01994176987564,24.240205669486883
26.641971401719875,23.443655784428373,24.8094871473892,23.136748744306686,24.24379218640103
26.7402337899388,23.353266895227343,25.06521878465835,23.34124040440401,24.2403831435364
26.663183487775136,23.639664203691368,24.916073307607885,23.19819109088121,24.140739030667905
26.78015580431837,23.413975991197148,25.201476096056822,23.214929734203487,24.13194415664424
26.94697764398266,23.46168091595088,25.272824607523432,23.278538850038803,24.11347455932891
27.02291372234656,23.29985410193691,25.30048128112675,23.03795424144889,24.22779511819193
26.96234932864015,23.34107329693762,24.87273853956458,22.93863180112064,24.14819669564809
26.912282636762622,23.600769062992647,24.64592114664386,22.814830165517044,24.27023590256163
26.55461847812569,23.68949657075604,24.66643159223061,23.019737176225192,24.38922295658409
26.6864493303602,23.544472888209693,24.579499394663696,22.90383243309198,24.20235153133448
27.068630754880083,23.49676298991949,24.50708202530264,22.89410218189757,24.49079232753945
27.015894411524226,23.505753020876472,24.648838438007747,22.67288818170715,24.40381118838461
26.782886410358817,23.524787206392062,24.556436435820054,22.862195398443102,24.65873422509822
26.822593754761293,23.662136707964937,24.71121024238881,22.79914813654716,24.44232033077784
26.6841704935402,23.561723052677543,24.57679883436698,22.788007967976213,24.58465052515342
26.965506631215757,23.82309758068024,24.643637754692403,22.67892745456004,24.68324958940036
27.076149560651277,23.618776234491268,24.81552954181595,22.81569729957945,24.440272053461623
27.17006625979546,23.48511243277186,25.192941748824573,22.7267950802754,24.585698950562254
27.2138952968968,23.56341629616552,25.2654984931911,22.923156483611034,24.59339584313775
27.123250261807737,23.49661279448543,25.3799476768157,22.91839955722529,24.293296603501087
27.34050222768859,23.639438175368134,25.42800090015774,22.865405298277317,24.437869689906275
27.09589469685108,23.39365690853261,25.649769638606656,22.83756759395358,24.44628022764413
27.22010429735565,23.52218498736891,25.59774762036493,22.8406060603654,24.49985478059535
27.24062476935849,23.658065416167315,25.63633421610252,22.78998561062267,24.36979217696517
27.29822298799258,23.44367293356196,25.561180328695805,22.77188535562393,24.590483011398845
27.53660914366261,23.47577666469185,25.4997861037563,22.873529129747396,24.521380615627045
27.67796480924737,23.570259102744,25.55981486012564,22.78601459467408,24.40052076735893
27.37669672789045,23.53672668365535,25.606525586177305,22.78598272049594,24.50697246382421
27.142026679467133,23.55256712807537,25.569588857768217,22.905577085253903,24.48268992452353
26.916288407711846,23.42275810364561,25.579236703638088,22.80623517644306,24.64988336120624
26.75909946324124,23.400310482818156,25.63643524955634,22.78679807777285,24.845300672716387
27.095816895509483,23.35930376336181,25.6121083995901,22.925763566342408,24.875452290510506
26.74019232654699,23.515790990110457,25.62357066579345,23.01738649777678,24.709357224097808
27.063898063347917,23.47648303818759,25.51465504351186,22.7789797584425,24.6778801671427
27.051394318090512,23.52786180469037,25.152336104292733,23.04974048599624,24.858001866842574
27.00589237523934,23.47360733199257,25.256345985609844,22.91463061596865,24.93768328725024
26.83804055962276,23.506021266321603,25.383584724197632,22.90194162548401,24.839881373764616
27.11640383465611,23.423036889914496,25.260630827017103,23.04876321197466,25.00606280848448
27.037988219769503,23.427988232032035,25.310281230419918,23.049481491445228,25.10531484720212
27.088604092223733,23.4190221135688,25.268358358473083,23.081099168976756,24.84708575104062
27.48577823065796,23.486915695426696,25.3158996033325,22.892045262100748,24.839771331724595
27.192370752719683,23.39572988397173,25.35113090938738,23.12458413992476,24.720778453498525
27.01737334456868,23.60141762141197,25.20069142127452,23.083147624892437,24.54033057805904
27.1355070047378,23.547335930591863,25.382379664316662,23.192699748296448,24.520128909214257
27.282080904449533,23.49147832386192,25.379336321397496,23.326663645978183,24.611592331095807
27.23376169748437,23.58893163314244,25.27685918432489,23.162424648131275,24.6773479343944
27.23479736072575,23.163192637617424,25.348442496333995,23.114614095053064,24.58372772686472
27.36363577483593,23.24734483949853,25.40113754834948,22.961904201498378,24.773096004911658
27.21438678994113,23.115877211770503,25.65246432880036,22.80021417751095,24.85668560096284
27.184127604122523,23.328699960087896,25.710831807065077,22.748835506814448,25.267076969443423
27.466258338469824,23.289825240828037,25.828962907652357,22.940900162059894,24.916632836650017
27.32141962038361,23.44424575740296,25.521258817138506,23.022319338914954,24.85450223319918
27.030703562793352,23.419142134798104,25.199751075850138,23.13775942999673,24.97203027775588
26.96287006978956,23.364899754509025,24.994981705441536,23.042254622960893,24.550488149487293
27.02576381969613,23.54023676912732,24.80803029058305,22.903585835030988,24.48077047275447
26.95042408428934,23.422847112113782,24.773772976291717,23.045793611193663,24.55666313445229
27.11772028523355,23.37121647537412,24.55373306608472,23.23984631040018,24.57978536835413
26.929331515381147,23.30823534527412,24.8319247104208,23.377280331776696,24.37192764965181
26.998803902483715,23.29910451115876,24.8983387441424,23.335452595781145,24.448194047370222
26.928153909659173,23.39690840327622,24.953016641842854,23.27696066105036,24.522334666639352
27.107454259829083,23.41309426176404,24.71987180734832,23.35045824937377,24.605405533888103
27.261562444689787,23.44209303053418,24.730613676000228,23.05551266583216,24.653000692839736
26.88619482536309,23.300487679964053,25.094523711040576,23.050604184096507,24.64572379648437
26.898869130157063,23.491704025224447,25.10575781009238,23.21124080121391,24.864727385573687
26.793514207954438,23.220713228941047,25.12842293666841,23.212989686718306,25.035239506268365
26.738556899349447,23.20968124672604,25.0098626682352,23.14434259459163,24.787739797870486
26.80503679782788,23.160104974719545,24.70644876681144,23.3339045352426,24.772197649465205
26.810316236038453,23.22859187133123,24.557447681939657,23.33340128176608,24.93271863553127
26.535428577963167,23.074163946497308,24.416668136126443,23.250385265563764,24.75706981513341
26.57526764432314,23.163934586613248,24.37125969124238,23.2416298298714,24.855051561334005
26.83218252115072,23.137380600079307,24.29407692186973,23.44382451099317,24.67806054474732
26.91100184638484,23.1611490730196,24.377877132884706,23.422682622512355,24.67308055809825
26.91585631453437,23.31518566965527,24.57497627158012,23.34629979118284,24.608660613000517
26.761113264194588,23.297655223678134,24.324992958141,23.39299032589642,24.76902523842786
26.7853374222361,23.342590589348667,24.37302892515813,23.4465168713345,24.814401497066832
26.873917364292385,23.399341417762077,24.27078794327112,23.368048625542496,24.656469619509437
26.64232649745083,23.460764926148247,24.255896991205752,23.350088446834214,24.758739584599077
27.07002915314881,23.22115895386251,24.012283963898117,23.341712121311645,24.666900168280357
27.309703679883317,23.20948261099146,24.13321598319053,23.35996725237821,24.50306392575045
27.021016248018874,23.18459775264354,24.11472081568313,23.427763290032185,24.574748375631803
27.30637258611055,23.070606828304868,24.16413082400992,23.426647291267287,24.608196811031924
27.44558957295057,23.065272957860103,24.19943050507711,23.223587344645715,24.565696505407168
27.427499299069297,23.18918390008916,23.976650560370103,23.336309839138128,24.617479164320414
27.63323243499553,23.116357933679826,23.85776145450501,23.4174162544064,24.672722545761697
27.545819305654256,23.22347701112436,23.780268915759525,23.325659860095065,24.73457886034368
27.51186407462528,23.24195607521232,23.782260028254584,23.44741793517941,24.73793370235805
27.341022650584,23.286967391204627,23.859379498566916,23.33461639556186,24.659671114975552
27.43647806752604,23.229849366553918,24.025746369617245,23.446505966197783,24.528257056950004
27.47094374585833,23.29651877314094,23.979266761602133,23.42096233723918,24.551178143737346
27.403869359233823,23.285545041377222,23.88507853702479,23.26149942693276,24.747950843264363
27.58447759610528,23.26970699708173,23.877447024148086,23.2320984137588,24.50001091888777
27.580670777041853,23.397372365138303,23.9449812477716,23.12081050314006,24.52454267186768
27.94814905039912,23.19716292271476,23.90538650039173,23.112050502144573,24.648282173953355
27.430323921658385,23.24745031748372,23.921470306539742,23.208577288755144,24.57503738567604
27.446669473168654,23.18531289114567,23.89505794619464,23.2740931488815,24.553906389947823
27.463521417984804,23.366616287026783,23.664043171918884,23.104132853895308,24.53566310299171
27.528015803701823,23.38799768245501,23.96852861043678,23.091567236225394,24.62290124397152
27.350419677715696,23.43993621020235,24.178939559199836,23.056088580304152,24.729918667603258
27.454598183016888,23.22308051374509,24.2714833006515,23.34164214533514,24.851800404029294
26.956894287706675,23.341868492705974,24.59494200789775,23.311587221274724,24.93740063213082
26.907734083460618,23.3171636931592,24.639496407081207,23.398150787465557,25.28016872696067
26.732410207247693,23.406567514382047,24.305694299091517,23.412541553385825,25.267320558880463
26.767343953672803,23.355732753825844,24.19044558055592,23.24162794903842,25.33612936685064
26.81235608691089,23.424199130656817,24.210723189676933,23.281391538432477,25.373143446161496
26.71346633894981,23.32426991750703,23.955060878112853,23.19616546076484,25.251052345798254
26.820599723627435,23.285226037403515,24.15007376506988,23.19561528066188,25.17344972866992
26.84976795933561,23.079997846785027,24.20706375589576,23.175407718659557,25.41318868115193
26.67452927260734,23.13691764333973,24.170875914657067,23.181099924899,25.246597094842777
26.745468479758703,23.25505219643849,24.42363042263495,23.13345415686186,25.232765635812854
26.99564042997054,23.103331593580695,24.544202848257054,23.021360636888183,25.127822583324253
26.86004375331174,23.20828985862972,24.20194841710614,23.19790548945829,25.273184947664024
26.801135194721454,23.15256417275552,24.255261863148583,23.288232341142805,25.34310786493236
26.8120773593944,23.02060843926185,24.392195000996463,23.214846240332943,25.23069666243188
26.908162408626136,23.030293829822572,24.235179971579964,23.31891001047625,25.237760249103296
26.50392742436601,23.1430574417278,24.225296886929247,23.277782475443544,25.1654924639112
26.39880285145609,23.21181668708767,24.27907508306137,23.32291224915172,25.209666814455858
26.356052296695587,23.30078201654337,24.223143603966964,23.184582813736807,25.448898845451986
26.50632818206281,23.303288672069858,24.08918716457008,23.22874114451549,25.34636536821636
26.41943756163785,23.38622718738509,24.23307380822999,23.38529864045711,25.457543453629288
26.289289697004488,23.22945305651056,24.10218552973233,22.96691891687865,25.657796355521725
26.22076958816007,23.260335097283026,23.87177029960153,22.86391347540521,25.765354909596923
26.429195717446174,23.361005688754958,23.80930337169621,22.91345829458545,26.005806412515952
26.33651789745296,23.34495965039883,23.743773828222697,23.011040247783598,26.25006573537653
26.639428431583397,23.30279736018703,23.49631063903052,23.00636541613627,25.982151715603223
26.542227258497896,23.376490284311,23.67898624372756,23.113754718684397,26.056842643774267
26.713263043654457,23.42536922783086,23.77904648236779,22.909116285673488,25.831439494499225
26.461134688950168,23.41553732022177,23.718520266980857,23.059670491882446,25.867901269566808
26.394183309838827,23.47845824205769,23.87039336580867,23.166383841252664,25.83818490026225
26.261894685876836,23.25596601312215,23.84409064741221,23.16036966581536,25.693196343354003
26.45854583324984,23.181731058219288,23.800410307899018,23.26702972068568,25.88189202460823
26.81855118557916,23.339044842225643,24.10974276514148,23.14131948063212,25.892151577566512
26.614797551786303,23.291770777728985,23.860679650484045,23.33248846108839,25.92678771464788
26.779985270283778,23.2925807953948,23.871866552783462,23.32846136559648,25.701407497153976
26.845920990415816,23.10134478295638,23.797197880305895,23.47338946179725,25.646134378344414
26.969035288781217,23.067649749584483,23.844527547735613,23.43211495402126,25.50358964967522
26.74297935527996,23.267959640303083,23.762299087545628,23.252404982993983,25.653636714649423
26.703425065004687,23.483267867974565,23.86466254668569,22.937645079741305,25.517381959458262
26.6040151426724,23.45844890720204,23.946797658767725,23.070475127157515,25.39455444280546
26.57190465788232,23.37499706865988,23.94154476725648,22.99290790830779,25.699212127726533
26.56252329028473,23.352260003090343,23.77840708470085,22.984468603810388,25.41740720306261
26.917829746268826,23.246079225001484,23.74721268530089,22.88082130046836,25.44829074117555
27.049993703672477,23.209146919067017,23.668831187632723,22.947492146012745,25.51978613406837
27.029329455332803,23.33021328571819,23.68693712333816,22.98008259276315,25.712024513909636
27.601271121784254,23.283101513396304,23.6394055838135,22.869032234444905,25.537043914058906
27.523115496270712,23.189980896480204,23.661558521122497,22.81656088547645,25.55007812967981
27.49323825910589,23.263911686897437,23.692479854993916,22.700864711309453,25.329060181907536
27.520451553686968,23.127358443569968,23.56836790716388,22.8770381206722,25.213558153956445
27.490316195637543,23.09394512972888,23.44704417605317,22.74393862969875,25.363496796343
27.55192815889849,23.132627439091248,23.238951322236296,22.8755631577033,25.43703485636125
27.568953101569445,23.26768224531458,23.37414248894936,22.79041295923445,25.349280289193683
27.26937841015456,23.244532209961,23.4345802844241,22.608273069463404,25.414075346121543
27.555678066493936,23.306409251126297,23.57002344627442,22.622775310811363,25.377900912199745
27.559013284917672,23.188300438981827,23.57433065259888,22.76675933146028,25.53050376012033
27.71010787698641,23.089455235099944,23.28448950206353,22.531029812550702,25.748478084768443
27.677419416422385,23.07115710378449,23.385668975665464,22.65311135881016,25.51577413865482
27.853886545742352,22.978248442978835,23.378434430894867,22.601055744979263,25.67704344152432
27.487283656359832,23.00637414491432,23.42917388572085,22.759425117969023,25.71133409104105
27.41413173417326,23.23760017927064,23.421161684806112,22.78115863451428,25.68020536548495
27.614212898205675,23.247091813778766,23.422022860544143,22.79717895970285,25.47797004897628
27.67235407191645,23.076598915824405,23.232425215269224,23.02307104977514,25.776989432257366
27.343645191124704,23.22487015849596,23.33434686421461,22.988418380401832,26.14077690218709
26.97518636865359,23.093109278146013,23.327306180782983,22.66642541008021,26.103662164335024
26.90238827280745,23.33871046368587,23.457412634316057,22.61695587854326,26.17779817028946
26.623468673005657,23.304796174639065,23.42984699369424,22.53768731642885,25.913953470201225
26.83360361704573,23.09292286166054,23.368795801571174,22.6266424096057,26.06998175523764
26.4577885100612,23.06503346737536,23.65774875537871,22.643504201079928,25.985182666868045
26.36896306349024,23.098613426181245,23.69006732582736,22.57744592067999,25.83796087760024
26.800402333377605,23.190601182456827,23.69167907279722,22.507949712505543,26.04543492153716
26.4298463326093,23.206589921617766,23.889629904426727,22.578674274931476,25.90367245388543
26.750049173076416,23.258884104533607,23.777251606462265,22.584278724594327,25.815133098082725
26.72189618740856,23.171660738280288,23.99881814693594,22.621063170953125,25.536622263361416
26.79221277009949,23.4389924547626,24.00221942854328,22.45877105007253,25.49524256120714
26.845881528629832,23.379736334425974,23.978227077846668,22.698888158995217,25.379453566239864
27.12699009554544,23.32007800375754,24.28291770976305,22.650731290344275,25.410362315963088
26.87679394779665,23.37843885650371,24.57868889942704,22.622680656047013,25.53337486370281
26.94358492803333,23.499688037063525,24.43732092369005,22.724907820980967,25.69031117015469
27.11623466085041,23.40541007906957,24.31221630297477,22.54102612989255,25.43195603207914
26.969993849883508,23.226843077847345,24.06355324163886,22.66101415466916,25.581695228708043
26.69945699173313,23.39179316372548,24.15134371056669,22.633260725621334,25.486210739809188
26.95187067971015,23.28419536120496,23.73422234476978,22.76780014723045,25.335120699505275
26.817181407590745,23.498091359940062,24.04840530683466,22.78008131118403,25.472534831384703
27.207145717564536,23.55632682456122,23.695238088024904,22.71983433130371,25.46102588934184
27.027049708363936,23.436426391093296,23.54844373021757,22.811003751909688,25.575505748279145
27.047272204009985,23.408113064817915,23.78226660352229,22.852547238540613,25.91780819219677
26.940771325108468,23.394958566001616,23.652250178574462,23.05701868271308,25.88716039499036
27.091571588161248,23.374228765780757,23.56061319826668,23.023280841712936,26.180691052840096
26.94124009149234,23.705172887285517,23.44052843115492,22.889224447281517,26.196471021657413
27.29275430536817,23.485378825155447,23.642531266556748,22.74399632544271,26.52136594517479
27.339209246452832,23.841943271118165,23.74939718509609,22.792275107013744,26.62301354348055
27.528698505038093,23.77571719384336,24.072402706723203,22.9112763138172,26.493552573334025
27.46377830038344,23.650139782917854,24.06353736934282,22.964354447662608,26.521425231249637
27.196466951155827,23.666601273734827,24.024541502398574,22.94937131671109,26.83136083909508
27.02536106844539,23.57848863551515,23.974884535684364,23.00386292952948,26.959600053422253
26.88915988955495,23.58113108782821,23.998962203060817,22.93598579952674,26.776124171463128
26.9585437370822,23.38999583344132,24.14586003102797,22.927234686476694,26.68178121519322
26.69283443997285,23.34005889497267,24.22026673936001,22.921171549376066,26.62976865765716
27.07413146817705,23.581350213870213,24.366994231334683,22.9059641409171,26.685525646254334
27.10204018452511,23.567121837887644,24.10851305743905,22.87980540070936,26.615888380476928
26.81841153497952,23.497979512448683,24.35052824293403,22.7527607740752,26.58561211984861
26.92019535104558,23.61786823759899,24.270614511718456,22.96172187322459,26.433803494550197
26.61416898515999,23.49407341873397,24.29820081554186,22.97669868475347,26.267642883203116
26.68421881255133,23.50760470475192,24.27344898472435,22.836887452960397,26.044850930197043
26.5361850023272,23.666402940558257,24.242945857975062,22.981979927809224,26.0447198457825
26.70171093294799,23.547080359219283,24.4798212415239,22.74714869586021,26.0885133070318
26.80698390315405,23.635472459306246,24.37128409670551,22.955861497265595,26.150729669896556
26.34908312560176,23.553286754615414,24.419690405496457,22.84052396643556,25.96452034505796
26.65632686467155,23.456846835354188,24.327891154899397,22.810969654136173,25.980011977906948
26.815128390083792,23.571680138538028,24.27800657840888,22.65818176440559,25.91297057520504
26.69553808108456,23.7780481782764,24.750846734491358,22.56260146456904,26.059223959191456
26.615004555794474,23.88446691227478,24.79137723694576,22.441509137844758,25.72383374215701
26.800004574088877,23.695318105110367,24.757849779418216,22.63231834055124,25.802338882232373
27.002615762832704,23.763965637986185,24.64084921624937,22.447857719017744,25.775398297107955
26.96949562715264,23.872930945924143,24.61315565408069,22.65828746895543,25.55927609451051
26.72783269759807,23.70561855467795,24.82402386959446,22.60867185135105,25.59465161159982
26.99801282863949,23.73228904163333,24.743161471589737,22.50772550401762,25.55869986014656
26.86929656018488,23.861575773375325,24.38782849759911,22.59237141763951,25.554063196291352
26.95771563346283,23.73648102962928,24.3690604912353,22.51231338243901,25.687597546052366
26.914049170690976,23.522583417927617,24.20467812313877,22.518462690508017,25.91805599564395
27.014760241169828,23.549820983411276,24.225491536763176,22.562761096031803,25.803309407017064
27.189286189047436,23.461252611006945,24.119349505005648,22.66803653245718,25.94570768117467
27.439170221144117,23.493524296895306,24.13369911476461,22.79966809521769,25.866509761547672
27.823107019039607,23.52341642438129,24.33405767654088,22.93680190599659,25.964287428577013
27.431701493653957,23.726454114045357,24.34319967497685,22.91590088074038,26.193404326774832
27.340785048136794,23.84812506911819,24.501364736768963,22.80404991127412,26.22406600782369
27.775066700101355,23.876873195093307,24.454793482560223,22.839579599202217,26.490421055712357
27.820418782841305,23.709463817534115,24.29933237757897,22.68574467517225,26.378676196104944
27.578286251170848,23.86738510859924,24.24755282086925,22.689886808332627,26.611959760170755
27.825459793164555,23.826674934721005,24.12465858839997,22.807623658415576,26.86520820111915
27.781427602074853,23.62533574432084,23.972759399151343,22.79303958971373,26.905079667251705
27.650621938803067,23.548829417659512,23.99996536353595,22.79254159914329,26.813363178854694
27.732774407963998,23.451747120783743,23.971059767099806,22.72029953578532,26.409762115327457
27.654273426420787,23.590232969633814,23.751813329629524,22.807944618173075,26.52561003760972
27.58587413669365,23.390160993608717,23.88221508968522,22.884335901228567,26.76353636449737
27.87371189482386,23.571201405387235,23.809576162380303,22.85971638264852,26.962863957888977
27.85458832789422,23.48485897270164,23.83828331318645,22.83534454647856,26.89109460146376
27.625665507931405,23.460203827366342,24.04449158858818,22.75017366899373,26.87834005162621
27.441211454749038,23.314619486582853,23.979950634243743,22.767385676098897,27.11798909749168
27.40035265344605,23.276619670016117,24.130282555871364,22.61285651583015,27.190149140757345
27.11185832697699,23.33491891174292,24.0481423729023,22.565350760902515,27.239496211111486
27.31077238599065,23.365972737323485,24.30541939473001,22.69315201289026,27.170558916847916
27.11658916424645,23.41630748985232,24.35555454100828,22.646212797110277,26.975734699392024
27.36182401981745,23.50989172157076,24.33643071852173,22.680061584352185,26.84938870195021
27.325193394311217,23.397096029595488,24.223210669256336,22.633273401649937,26.803960340497696
27.297924752374097,23.475060424281278,24.34402516052669,22.55502377902159,26.635777746851726
27.22947266743745,23.6249567454806,24.18536403658153,22.54264032018052,26.866864595729165
26.96314389088091,23.470909439018087,24.16225551360841,22.72772481995928,27.03983176016309
26.67458850890768,23.641460306971904,24.03151499756945,22.718369360052783,26.98354983093461
26.656565207791665,23.69440857122157,23.965131175475385,22.74847990560964,26.949624834376166
26.64884817859346,23.613365242033417,24.03686939181262,22.79837727123549,26.726320620199903
26.68436594761098,23.78310081037073,23.8998606970254,22.80153482956384,26.806252958613964
26.910214847205584,23.579508301777057,23.742710096037055,22.767340401643835,26.71268699939579
26.90188597304358,23.603818581457908,23.774774721908106,22.68743296892782,26.56887668256988
26.83825201384369,23.417764533929216,23.637429000038203,22.70772754384817,26.621369049599917
26.94955961260645,23.54278344675158,23.66966912958269,22.71909821615769,27.055409234200464
26.9114741547439,23.25612519941672,23.82057119764017,22.58249002159509,27.154527228376047
26.93999862585068,23.42249272181043,23.537406416888057,22.817111765676145,27.386316614958425
26.85808158071592,23.427144285341782,23.800640967480625,22.72558622939264,27.39907103483385
26.91248978935942,23.511116105470656,24.02410743171969,22.7993629840225,27.2852215719384
26.909780135615517,23.454710682614337,23.72023861689964,22.698676172396063,26.87704888856355
26.970551637794618,23.45151451187309,23.803660268759234,22.757848927997586,27.28255733925431
27.05203734224014,23.532040286685355,23.88899945993704,22.97551623326164,27.515152357874246
27.42329528794621,23.548869904937906,23.85845163128546,22.9020902770334,27.277866085903163
27.236623706809148,23.350307244949683,23.88162588824773,22.71014319308792,27.316989797292383
27.39180696250736,23.3543096039552,23.912499508446658,22.600381847460408,27.52259934814624
27.08279031426548,23.36362764895211,23.82596462136802,22.67886466574364,27.424682788467265
27.459526572663197,23.16294069598464,23.670565591907387,22.75165743161548,27.972387684159056
27.42440124790042,23.28664305544856,23.916275678475557,22.87039790121054,28.07445049540694
27.44616760992268,23.305897227803747,24.043526061853253,23.062968394105663,28.065538290012118
27.74291758371264,23.48643473753928,23.890920428417296,23.04907400273684,28.30943643908115
27.91719465802192,23.40956518313676,23.691782628211907,22.92766449807584,28.5315298536606
27.997352752320207,23.357044802785683,24.01327813450471,23.034961208385607,28.198908047216797
27.99961740236407,23.201358113665183,24.083865953353115,23.0701647673452,28.38096807420384
28.11984473538864,23.27227148133676,24.08316067205905,22.91457613013625,28.066938426351008
27.949566013470346,23.68010038071341,24.18170890659745,22.85849185005289,28.23235363687744
27.97761078182891,23.53570788558567,24.21588996214685,22.81122710873015,28.28942303675976
27.73002832484234,23.66750212353585,23.991724347733346,22.776365608746428,28.53441020992308
27.938600108950236,23.43812650944001,23.73547575734169,22.63211984352987,28.72251881665516
27.590687657752653,23.779765863230374,23.73343401922813,22.6055543968144,28.484290083566197
27.282221252130498,23.56789625151629,24.10412711618233,22.845519090084707,28.415371118455592
27.35112633228609,23.47389765156333,24.047981089752785,22.730506004807676,28.335525019281988
27.2434950352737,23.27527325573635,23.975919691218404,22.823214441968588,28.2414846558431
27.236392553709592,23.182405542795777,23.713125675610645,22.826666842634147,28.06952992817865
27.227719257994924,23.24493259886552,23.73097316232809,22.81673684296321,28.069605664626412
27.136974061656566,23.3428899058297,23.658724067266025,22.76983299394214,28.144019015809395
27.50657276854429,23.344724117315742,23.67112243839115,22.86340946357864,27.898272071982667
27.41782249946362,23.528965901115043,23.79893819020503,22.703243099909976,28.006595323279807
27.555782027162223,23.19170392161928,23.798977437321856,22.900331696061603,28.1503702695768
27.16205286153584,23.344620221331823,23.897659021938196,22.892181499279776,28.0289898140302
26.8213230528992,23.25662059658144,24.0084112116526,22.986050796503225,28.2663302159052
27.148489016165566,23.282789426781235,23.77082292107928,23.06578247853689,28.18050016470766
27.13447534725312,23.328076446548422,23.846111904197784,23.19399855602709,27.92079289319896
27.40606565974844,23.377581614206225,23.92714290627617,23.24622084474481,27.750805425578523
27.338492357943647,23.36254928191872,23.919256017268747,23.19427374251771,27.68437646844013
27.38369716597697,23.45501676084197,23.763486875503595,23.47949731793931,28.100790285628577
27.51400608257743,23.464281483155425,23.56898298406559,23.187593065764577,28.03580250029528
27.16252987091592,23.416458481529265,23.384612188678634,22.92767203719108,27.972616780706616
27.069170283304725,23.35851830309695,23.25911138773116,22.7601117659756,28.14977220650159
26.9432252703647,23.3986971667374,23.16819766748126,22.94660594785616,28.17825103197644
27.14910435312796,23.49840252452797,23.192263228580376,23.02875804450812,28.40756561751134
27.226757252237046,23.33678969184681,23.18428476144715,23.061381402933968,28.03132846852046
27.074645160124437,23.24232501330454,23.280878467230785,22.860453768092057,27.991227853317373
27.113571860185896,23.39888130308207,23.209129842938555,22.960149551959468,27.54538659009486
26.997958994112984,23.748232871726003,23.28691382882247,22.86037812991363,27.374973073606675
26.876357453497803,23.50475564903253,23.336008175915268,22.846171651469497,27.38738487698427
26.83895485873977,23.5239326935702,23.33899448992659,23.14955525245273,27.26918871220506
26.779117765296185,23.42933076369984,23.512025783942224,23.09634680212868,27.309415302724403
26.989785319890984,23.43229831257526,23.56838901303608,22.97278715992646,27.13193643832938
27.32335643795813,23.39598316670334,23.626303630736828,22.97110249229727,27.070037316499374
27.263771046767417,23.42185719416315,23.3225398466745,22.882807579041103,27.001284268605687
27.41790786303492,23.548363542062685,23.450995634514776,22.80423692581248,26.94963413401281
27.54585730651728,23.368755304997293,23.319532985379787,22.7811798942484,26.88027073982391
27.164833232780023,23.32105197264528,23.23025923968833,22.805255529200565,26.82108941635428
27.120248667764432,23.43681667479616,23.14291744284916,22.714163499171896,26.796533180709083
26.95260245515144,23.477656498219982,23.03653551044721,22.820650667123356,27.049183772931823
26.61449754206903,23.471080164000217,23.056292188325624,22.93705379775005,26.68999981305112
26.910152989277485,23.66046529409712,22.721273252126007,22.82115979042292,26.94035783091577
26.896349936172367,23.60488174899771,22.93743522288494,22.76046426172572,26.836157159378267
26.966272715384477,23.76298887046088,22.81563822630668,22.86565220590956,26.506438686158344
27.11929466543445,23.60384766187552,22.65235656791495,22.719384295145066,26.679771115402517
27.04900543997262,23.54525558277844,22.646112774621308,22.733207852792983,26.91878776557274
27.07326282174061,23.528061704311224,22.80052428001274,22.74013546599202,27.031631321368945
26.98014002172533,23.655956641029,22.84952059479876,22.67728478433545,26.916973950983845
27.252492863914185,23.55745160235982,22.72015511261777,22.831829358563315,27.05588528999893
27.254325939357745,23.74388602186762,22.86721287028702,22.696388906448785,26.96432964224425
27.307719479402586,23.638933794298367,23.12172643394473,22.69785939379701,26.508652816800925
27.094534120304235,23.757219645301078,22.913803042251068,22.91441424533405,26.649094441939127
27.12675119143012,23.757387328907548,22.769073933197383,22.88681713590756,26.85517868060388
27.246479295436632,23.61813232479013,22.70920933785912,22.904923388235986,26.87905244136669
27.15073116001257,23.743143469115008,22.75446877923777,22.81744310651753,27.148084148245086
27.168618481269743,23.679225623163468,22.820792792448117,22.81832592433432,27.18424696253145
27.35097494471593,23.71032930904393,22.98411185024798,22.868309757766745,27.19983321754469
27.512445258891542,23.68012955290635,22.751099334441392,22.904274624386304,27.135010596303275
27.79318961905814,23.7877457625348,22.732192870070342,22.740349856444155,27.187249965087805
28.02481782102363,23.79625796033385,22.848499760298974,22.922961873435654,27.242163642509286
28.011421461237088,23.99452129553935,22.847014551861616,22.751358416836226,27.12509926018019
27.786169550001333,24.06746338343512,23.239352988205024,22.90325140137323,27.186736062331864
27.87452607475314,24.09930797318742,22.93276263597672,22.8220597029353,27.02666976756432
27.75794513199258,24.045995566658075,23.194870846642385,22.847348995014165,27.15839751154899
27.79177421785577,23.98422283949533,23.172731129938487,23.094934075466263,27.195197391574908
27.6852265522049,23.695698369424512,23.2795737878266,23.104083724101177,26.73388930741004
27.852728333089058,23.94754273673294,23.07527880992655,23.12302747841217,27.112242385105056
27.94190359929069,23.73722622504662,23.00675083252945,23.26042171846182,27.033597269901644
27.7319714680204,23.80097852767019,23.0458867632612,23.21000112407261,27.136186091945504
27.960407865917794,23.877214630000328,22.70828909003901,23.244190580505677,27.22915484706661
27.7444017455346,23.84529526072696,22.95983797840452,23.195671471022443,27.498700544649765
27.626668006166287,23.527428445241345,22.819355922955168,23.416882146968003,27.39836856650481
27.633388106787887,23.715944786517174,22.70323994009225,23.30945924169545,27.33753999772688
27.890514162970582,23.908665398029576,22.77925972788941,23.45820385562705,27.459876579395956
27.86045361729191,23.55719695208345,22.718612466957374,23.2489760361808,27.12252993257085
27.529588314414035,23.61926768118261,22.868961895543755,23.18966909248341,27.162616915900983
27.602533633934836,23.76351329687192,22.77516409333441,23.283452123571443,26.86464902144418
27.483575546808208,23.694028511152545,22.763787468921432,23.31824770687426,26.89232165646641
27.674453273356097,23.38662213016958,22.78729033468696,23.443653667898552,26.89123055989136
27.91827741068643,23.67768651360354,22.83724955138399,23.42820152856916,26.99577049953585
28.3237963873954,23.502754229013338,22.70214242571681,23.5200690452544,26.75465967042805
28.38752299644101,23.389023937708195,22.63604387453396,23.376498046662448,27.13076917406356
28.127811002953308,23.5503963696858,22.715330655831934,23.26286217629002,27.08103381349061
27.822302078331138,23.61767224083664,22.894081724180307,23.16807424894539,27.069580805530283
28.027802610877128,23.547798936380104,22.93495764264838,23.14450010755244,27.028567532627942
28.047391164212307,23.4173471054643,22.911506470097184,23.143516409449116,26.74843417617485
28.141122638935755,23.33570672034873,22.928900002532508,23.15156846291617,26.79469656202843
28.180768109164184,23.53777836799201,22.69495032748408,23.07897561681104,26.647528246475183
28.35330490329808,23.36045573178758,22.70912538090482,23.080142704445272,26.79229809573401
28.25217570058878,23.43606391401388,22.81989757208951,23.01772516541979,26.664049488152383
28.2999386988574,23.569339428541493,22.740882013351687,23.00904703197802,26.738146326735897
28.12005808874119,23.53809660856433,22.77633661101064,22.949404515864277,26.52974915040376
28.412058298163693,23.616527339062223,22.875692021895137,23.00928119902669,26.53065706831633
28.199859439374286,23.38658746751028,22.94757746556117,23.102123046787675,26.516956877022498
28.014617735935012,23.533617846768195,22.863153640176275,22.9391394689854,26.52928764183105
27.730211414538267,23.55272388396804,22.791305380622813,22.85925716901427,26.73399691501393
27.61071483206908,23.62596515735836,22.68325714477041,23.00839638788125,26.82629261966633
27.514452942123366,23.67944867551363,22.728650741801967,22.87834952773509,26.83193397756158
27.60214969950601,23.72227424688313,22.793011109024548,23.150951673289317,26.79821939608785
27.74784925070155,23.8082409051514,22.65609378088348,23.141711154177163,26.898020796995876
27.87685527684729,23.83775225927772,22.74423824365244,23.2673458970133,26.87199876028816
28.4376920336562,23.61548757316835,22.79659425964029,23.37897338386585,26.69681458672916
28.181265163340623,23.63456600399576,22.846942777109724,23.24870314292211,26.82733406218301
28.23159975178782,23.638656047824995,22.855894692929414,23.19699931961544,26.65785357014241
28.12367607396981,23.59548490929001,22.8871018734907,23.238674028987155,26.63090302117011
28.103589233483213,23.473905496680903,22.771274063495596,23.104243168841844,26.756601516428464
28.162058695832723,23.47327670938178,22.94664378036508,23.24214316475769,26.585908866434792
28.168324401358287,23.214508824073487,22.89563983342184,22.975331569179417,26.1696552426441
28.14609584732753,23.23835141544777,22.839573921524035,23.20236708550915,26.09449352538441
28.298550105714632,23.209522467293443,22.822336825764573,23.20306856207208,26.104982490809014
28.340083894752272,23.095833405950657,22.704065806489645,23.1364509005026,26.33322077164771
28.230839295970902,23.22886941985916,22.829312138019844,23.186831508872476,26.48746383722145
28.043672469556675,23.337499410852875,22.647488452299317,23.12909599069741,26.4579323493474
28.166694365570933,23.35385213241127,22.66790208301716,23.110915840888023,26.09976982680145
28.17652320684809,23.286305669222465,22.601957739409293,22.96864155042057,26.17227402489654
28.11632322838979,23.18294052559627,22.7273388308602,22.962081751792617,25.993110817864025
28.229986427757257,23.21843053718589,22.5340668428837,23.227117233286556,26.07534524936955
28.175420869760185,23.416508410501827,22.735902762953245,23.08078033948125,26.161956750742927
28.26459717586764,23.668569159807447,22.750618751966496,23.083033973590396,26.358508525634665
28.444537001697967,23.722052364582023,22.706663508401565,23.120559918485828,26.214393081729835
28.027922933412643,23.669809520606904,22.75236907534849,23.32598913385739,26.16813265703774
28.15618116120096,23.658944619431235,22.776188441469973,23.28873739672782,26.290704956027877
28.11888798528855,23.552227835225573,22.89935762038076,23.067475696703625,26.154928464150576
28.1304036097909,23.622448119649608,22.920923485337788,23.23170733456412,26.263511839192404
28.140074456113837,23.439935531953594,22.61744785369435,23.089229027972056,26.284327994290837
27.958579298688125,23.50512596206909,22.761875744157734,23.267206480641736,26.257287204713936
27.66498589783423,23.433769572978694,22.706233885250654,23.095931593507355,26.08643073938345
27.617753826394523,23.361948790879364,22.644199552653397,23.213962613107025,26.11369549471901
27.62229974274274,23.279814173939275,22.77770577743592,23.253373359003863,26.21789256345101
27.89245867106616,23.45478959265085,22.80517892372907,23.34937182779916,26.61883954358192
28.08211981954718,23.48682496417397,22.94285042059663,23.50934943239776,26.82069142035577
27.99631208055573,23.265586427523512,22.994105686949087,23.25438551604065,26.71829670119005
27.92508429562739,23.470528925969937,23.05141011523018,23.315290494899145,26.61035472010312
28.106211883997528,23.477815431548937,22.666084694820693,23.315046819162948,26.328910029717598
28.11366885867324,23.52718611034658,22.90666082364568,23.18968761918893,26.235343067400944
28.047473835344796,23.518257740901863,22.785983488391125,23.13400836322545,26.51709617827632
27.950780108202583,23.518928113285124,22.893366388320388,23.115275505212267,26.39633221444796
27.928835974792264,23.426738919124023,22.9602592895848,23.2510776951712,26.562569171392425
27.65774333800572,23.641470112029975,22.99295737201948,23.283615331532243,26.62264395793949
27.74475784701211,23.597744853205278,23.005809304971827,23.39095557677446,26.35528222058307
27.5329074817586,23.60557207067296,23.17383402386871,23.301412163875792,26.33058748270704
27.531818075323294,23.47748071284112,23.134753519208974,23.10901005093785,26.18926104493004
27.661344348019835,23.47048106229622,23.20803061240952,23.117748000461265,26.31445090512461
27.734156897978227,23.468092153341967,23.10707802750904,23.153814318845257,26.50157291144985
27.87233425974925,23.504039929548764,22.92754911552636,23.243619906390435,26.61858491816753
28.076782577544385,23.79014428622269,23.055981738966857,23.24242225990137,26.652747243602253
27.925099987657475,23.81571401417788,22.9109891084628,23.11475727069321,26.652217614007974
27.473383615796248,23.77398251194863,22.92342112725332,23.00429275834435,26.554620894295
27.747644779191816,23.84545875892663,22.722410532366464,23.15798915550611,26.7930614745919
27.56488592875925,23.70631439598694,22.620932253989377,23.1133720071616,26.63808433846456
27.351509707437707,23.705871845145403,22.60118113047229,23.04021518974813,26.748761573387
27.228179028198856,23.71223641705805,22.84224111131626,23.2020065154228,26.683530057125186
27.634541231511985,23.64025510554569,22.79884861597887,23.00020489509276,26.99424848718794
27.84719667316556,23.633860315174005,22.61498335593913,22.91786251253468,27.26272070672022
27.412254666761196,23.54223846209589,22.669632919397102,22.9431041537654,27.10621254410989
27.14122560909778,23.597033831535228,22.6055444189418,23.15993780027036,27.07103381140092
27.28334506773577,23.6247557543926,22.721759758010887,23.04086234452269,27.11492976407099
27.367926612507844,23.473531780182125,22.704424052320324,22.884280624784303,27.164021916582765
27.238786391988505,23.435277333828417,22.644153099888538,22.97787979827508,26.868208488777285
27.671687806710608,23.560681218802,22.592857103127525,23.047240750018517,27.49933252056343
28.073248947602067,23.37129875797917,22.58060110080324,23.030483489716637,27.37094752833033
28.2869656390608,23.366939949163044,22.857098236117363,22.945696923905157,27.091864369413837
27.916172941632546,23.384103877981296,22.97715115402865,22.73523258793686,27.075539597379912
28.067279001282653,23.194984502820745,22.99753978731628,22.702218381050912,27.034694699601143
27.82377215678304,23.34676535041212,23.016243195606027,22.812174913953875,26.96133164131356
27.70541371632321,23.30527576783913,23.03410618721986,22.981839854832003,27.0011326206548
27.47783452974545,23.538231652410172,23.085215563270296,22.747381398743094,26.760199537204297
27.73410277866245,23.480697865741654,23.02650046522021,22.79070492993395,26.98499677471832
28.07241037386964,23.32820256812132,23.09683278512028,22.90123567281913,26.837523095872594
28.2464382749525,23.302586247683838,23.17091103716139,22.849820820164204,26.762029635559053
27.96699488477749,23.391391917497792,23.12108787976084,22.92582392242867,26.5665198759494
28.029225616066228,23.212477113467568,23.16613377054105,23.04690316971628,26.56263365677955
28.021498926908947,23.231857026732403,23.351314634505048,22.73860281943229,26.719201180940143
27.934622051166397,23.292654281522537,23.20200036845556,22.806133872018297,26.385299340730825
27.86232164717301,23.29405727977415,23.307560616142368,22.81788132605253,26.20833622930158
28.01210979556074,23.413266440582262,23.38275369050974,23.09250274718637,25.97846780569423
28.001142485821536,23.467421165531498,23.380763411343,22.858435521105665,25.94281072611625
27.83176579923949,23.51223243514504,23.59019425400764,22.94427116656215,25.81362705836436
28.039637864270446,23.436501118080567,23.627237659208493,22.81160180536829,26.13739702856587
28.3067335735022,23.592847231859505,23.366567480771447,22.917413447354097,25.95582235625353
28.203467262507377,23.536588228271174,23.41961510660758,23.111731626435656,25.91517961699674
28.221612165435776,23.496349864703497,23.486803392762432,23.006599949883512,26.371474971391947
28.11842885285744,23.46938681670826,23.70770972071423,23.01949852150621,26.40695922596424
27.927339737666856,23.515211077828717,23.610722778113303,23.07657539259001,26.254404322279733
28.35510815904658,23.62053107751367,23.63790198624167,23.01651878053668,26.58091503896141
28.47509326973836,23.48017249263492,23.62757982545965,23.16656203225071,26.36526803448845
28.48034575904737,23.553293196960933,23.797584037505,23.07576602776821,26.11763135641758
28.327566691565146,23.41904274242139,23.7225937511344,23.08289787579831,26.11077890834405
28.45889508672325,23.57591225375592,23.632363172050532,22.96491977405329,26.135562367516886
28.72763360885003,23.71824485861492,23.270121898613507,22.98929629750743,26.228069657760837
28.75807969594091,23.622126232119296,23.33735367017125,22.961182487402876,26.42369079462459
28.717487870571382,23.539136411393716,23.2462803871002,23.121108157164542,26.5126551876936
28.15326256423809,23.412941660934266,23.1849475580552,23.162481128543927,26.577151948468742
28.25905754744647,23.48841530364713,23.209012644474285,22.99542088422881,26.297106242486137
27.98089290072771,23.418648882523303,23.135662403584256,22.98294883028227,26.384871534634627
27.66289768318856,23.343496429206358,23.191242055110184,22.909695925429077,26.40830154611005
27.85800154272695,23.415358209933945,23.18567425342088,22.989801588930728,26.422220291944413
27.52822369935357,23.64855476074871,23.1695989182618,23.004983513941458,26.36222305346512
27.72380935865653,23.512810676672697,23.079046211770063,23.014945733873105,26.24146869463572
27.633899137110262,23.43016773964642,22.943818637323314,23.086664908887656,26.104312681945576
27.757315326614417,23.21744771345816,22.76172330497771,22.968580001577728,26.22349734945761
27.56104711434495,23.40416115951482,22.81905202505078,23.056226018759897,26.20461735540541
27.62181100347652,23.26859277149506,22.900072881974616,23.159773227622075,26.05855600433354
27.24849331950514,23.27809914419053,22.85249373537546,23.12957365584903,25.873611554212346
27.249627711571627,23.17214765219293,22.797602474636975,23.12502973588758,26.307029681168604
27.11454375719577,23.539592598648472,22.92930866851332,23.069018474149143,26.48648245656683
27.38280274706834,23.379809222530355,22.970281799382168,23.178483256331024,26.677679425299743
27.02727114744207,23.42262656773699,22.940161224013,23.186374419409976,26.77546366510505
26.98734848379064,23.5233867998309,22.72408524360166,23.09710595466001,26.811379074808464
27.382658727843765,23.432588427864605,22.77282280574192,23.121205842790165,26.84498474465752
27.396669041477264,23.26658785668911,22.69876641874381,23.13149798622357,26.865687948317703
27.402913887841493,23.394153209877743,22.67076112763358,23.15776955929326,26.884585362498
27.20798943802,23.287139468754788,22.91207998580224,23.168039299056705,27.16059946758057
27.23799329191068,23.24924051373992,22.77664942562499,23.13076658682805,26.783176384007977
27.344139661062364,23.276135206489037,22.659730169528878,23.055699736857907,26.77678121352872
27.291207644796987,23.24109736858573,22.49498994787476,22.925586903074617,26.732753883423385
27.568185504541024,23.33163742367049,22.666385534674134,23.145149169936637,26.657151125877093
27.133995507137502,23.242345482826483,22.66424378656366,22.997654409692544,26.87262142504741
27.063770637781232,23.27253683981772,22.69558974160585,23.23194082676953,26.82509899027519
27.133470267740908,23.552351311366127,22.57198011500604,23.166026556477803,26.849894036749856
27.21078535291757,23.52921373386762,22.408092514722043,23.094827697375027,27.07360578292726
27.113045937794418,23.550361897956325,22.49415017703712,23.14011579955168,26.94789581361771
27.241215199960653,23.388849346646268,22.74955409151346,23.037510952868164,26.82977973913418
27.179734692645063,23.45808354196612,22.598350792319675,23.13430475345132,26.71048844616654
27.22344324692594,23.63256974963755,22.57942973003497,23.15974265274217,26.885094004669515
27.09307462559769,23.645149289689154,22.513806335729942,23.30518697353704,26.906508622480125
27.07587821771561,23.638258496228907,22.62390840187211,23.41795867583995,26.97798856725285
27.098224521794062,23.547210421791515,22.813882379655528,23.292768350957303,26.95695903808148
27.247776883336694,23.532542210746826,22.980643229569925,23.343849277998466,26.976896385832006
27.21370885184724,23.473736748785136,23.049968462663813,23.24666064012483,26.84404598623458
27.471820021243776,23.539617260095664,23.123634637220466,23.11572076553922,26.80269303788504
27.399170791693173,23.75567990745401,23.103242911653147,23.077468521780624,26.67681679397734
27.48931376474364,23.61418577423026,23.06084296700833,23.113577575022852,26.51937396102824
27.48973590123145,23.81568980942672,23.07681504111241,23.134271557922567,26.495031512474323
27.57950439615705,23.63621119554824,23.00836138828789,23.145989630798063,26.534060019323924
27.6646851237591,23.55462175708428,23.11670386629424,23.222553672688534,26.694313425151638
27.57886089342531,23.62539462613643,23.089724361158865,23.13664133346662,26.72339970328776
27.395047554421293,23.4525331493476,23.062414903437983,23.19239852788294,26.684083865934664
27.64110718115479,23.61336684055939,22.997541497845337,23.119475417367397,26.824742901162782
27.64319469026521,23.563562649164822,23.149855250924404,23.020338627854592,26.810420021167285
27.442058460015417,23.552992474068294,23.05235708645127,23.17667996719195,26.60174087377608
27.42916945125273,23.46878372098793,23.0646393372746,23.22574032628027,26.421660383452707
27.19810555260013,23.44927882800284,22.95593650776047,23.202080462989816,26.42113951485129
27.36601024278262,23.289289985366946,23.092843459522467,23.256152441597425,26.44321206120062
27.659517444049083,23.153766229944985,23.25496365016792,23.2073712740237,26.59497363460445
27.771308934804324,23.231010079224355,23.20879287159479,23.090971196788622,26.655033646315307
27.7070484531706,23.51454822358013,23.09416621109967,23.03863610127626,26.923997411229507
27.78341590144231,23.530400794123576,23.27434404874753,23.29465355268536,26.9948895291516
27.68270998835897,23.52344847414247,23.39312104025678,23.198243597277894,27.097484792283865
27.383052717922144,23.51019957573332,23.449225967811746,23.275340470883197,27.1138680099858
27.651909691900272,23.56018334342009,23.428952125332525,23.436801083308143,26.92730965508252
27.75295329969997,23.35946776226705,23.16089574488433,23.536135516132816,27.049657307572502
28.01401528902395,23.43359241864565,23.080732877666662,23.585223749812428,27.10401593894864
27.991102079710448,23.358202079949702,23.28818740783164,23.664641164324586,27.283964981618684
28.00611346446062,23.38088391859541,23.215597408505857,23.54603188741607,27.523011541687215
27.993086117876132,23.34679580367496,23.30146296836711,23.528749482258156,27.507394474399245
27.73117956235299,23.583755592169364,23.290301583589955,23.647427646093934,27.719046010363694
27.57381134612313,23.49019094656984,23.25457426254792,23.51248568301989,28.040690836719573
27.477016256108875,23.64907198764074,23.31291612760448,23.495068932162223,28.2228525798226
27.209908239884264,23.55230288678553,23.116685874352918,23.68998210983962,28.347651531770964
27.138129619263587,23.4413124623003,23.104959142305106,23.58723972029246,28.336657621473197
27.024893316538183,23.549359593108136,23.227875202536858,23.53088951743388,28.3952711125098
27.217790918302963,23.41511537355035,23.08969102554576,23.54206230893019,27.85532308905872
26.88683285182661,23.417269519759373,23.00139428444261,23.32832485281189,27.797151933826576
27.015932117254227,23.475437360778464,23.144957067483823,23.1145448777529,27.728808674615053
27.13389005920469,23.433455295564265,23.220657730651943,23.15792896648382,27.91769980565868
27.13943032036121,23.462990078303484,23.145014292158503,23.28767699716694,28.018011442996496
27.39948858748622,23.44197298734027,23.211058595281163,23.30987977622117,28.13743590618489
27.14590217226233,23.5991797153011,23.27653003466716,23.133833606263103,28.065802387349272
27.03856257564396,23.64587104162826,23.320253808845724,23.24231186995556,28.196468070031795
26.89794544204642,23.70653438508967,23.203007336527044,23.149576016153663,28.25798274283845
26.708427359227183,23.66331087175161,23.181460832166067,23.168311641258185,28.07004156575604
26.77569240672703,23.814769556707,23.036942280111774,23.198190958462103,28.294845676462096
26.905268762253968,23.64953421778299,23.241662004137385,22.9934382923945,28.41959837060124
27.07429808240228,23.417326561382588,23.114139624300343,23.01402538697345,28.222372385279748
27.030550192379398,23.602123684799334,22.92942883820107,22.97742336237591,28.37799786728843
27.225217604609803,23.81139362856154,23.04023651282288,22.820937509387296,28.232975767131585
27.32983858168273,23.66222058660929,23.06489169933201,23.00555956760819,28.13005577316788
27.204563532964475,23.81113399759411,23.09601756317532,22.948652346536857,28.24126937996525
27.2952266937006,23.80943427237705,23.27662358866994,23.05700404408951,28.4949725831758
27.52796098081981,23.809080155694744,23.28587038513906,23.13404162046968,28.102666637726973
27.235041745910102,23.83550843470727,23.3297941777118,23.125940482974137,28.32873399840174
27.326665755561717,23.845277834608265,23.17095149942824,23.147640320251543,28.335466454250973
27.030787664611093,23.925973198438644,23.14185037665592,22.999289160757083,28.946391936927284
26.97247454004787,23.782674154263574,23.225585127336466,23.03743943640331,28.63270541380146
26.931093679405368,23.792155006009647,23.300620855506278,23.00276624766826,28.36638338822664
26.79162204778216,23.804183085484254,23.16130077787404,23.06905566020046,28.28612162327764
27.15999783065337,23.868532271818157,23.185416132782656,23.12964344689372,28.20765727288156
27.45863180167993,23.88098012227462,23.077182357415445,23.310564669599707,27.840136277681147
27.48076028673696,23.745845421295915,23.076489704364715,23.31091239785534,28.01839782831249
27.579417818641613,23.87032796778844,22.914416747084964,23.331437335761848,28.118997634203843
27.699302933386555,23.722725280100494,22.86156816582216,23.471401358677557,27.871360737367688
27.6827675455356,23.7827808701722,23.18960064371316,23.43969053068966,28.263971039947176
27.916184134104626,23.59127005924797,23.20177139956259,23.426957448921307,28.34241398389684
27.731710987056143,23.730397897798778,23.069852796030013,23.20455303401356,28.82070375563939
27.430007759925832,23.729883247976243,23.27952362453504,23.176696039743383,29.10083303444389
27.57702377830529,23.829243385784693,23.296147276294214,23.252521262464946,29.283933160459352
27.173308432855503,23.786622080774,23.29686026377188,23.15308257470697,29.17697001348388
27.31124291729706,23.72417795240292,23.21435616125164,23.244270773082828,29.239256721726345
27.321676076732945,23.749043205173813,23.18044908611256,23.20514862502474,29.0135527448003
27.64810924654353,23.68815723656152,23.10601778400665,23.12900938327931,28.917861777171165
27.113995090028656,23.807874617923677,23.196867305435152,23.3416148740314,28.954328450005065
27.304090059012527,23.98933921116776,23.17686305262974,23.334184829417545,28.69851787001982
27.232928491672865,23.91194927241576,23.00730372596212,23.182685432452026,28.765448737092637
27.02217165009761,23.789302732899397,23.06067489048584,23.2280635224108,28.77047274915513
27.072401176940268,23.91012961015652,22.86456682147154,23.43371888648339,28.797679879849923
27.005278985051397,23.95111533217184,22.563734885257368,23.354994076648065,28.701968778360943
27.15171929409156,23.848648935805176,22.877941350228824,23.420194151965344,28.68555180159755
27.259009354274504,23.45349774441284,22.91750653974225,23.457426327164832,28.89237474651464
27.023936503448468,23.49847891081907,23.17401347354155,23.17986120095968,29.031227450946563
26.724906445555177,23.449091716288077,23.108475034380003,23.31698101368232,29.19799643895271
26.69132816345192,23.580034505677443,23.02378217956453,23.350969571580947,29.48765518330368
26.44172629878689,23.497699361572263,22.884782671141195,23.297889195278916,29.619021037402103
26.38527172533516,23.4055073736817,22.882114986244524,23.454044810368234,29.535516587118536
26.23766514027153,23.561080304563937,22.76417247327557,23.32529584862503,29.775904281776565
26.301676226332237,23.485466205934426,22.82769865204115,23.25039744966512,29.659659178819904
26.20290803008877,23.543771850233853,22.820681629252334,23.310341548093337,29.922335593795125
26.203325117004155,23.578986510776847,22.69459918941596,23.334837541517015,29.72339676998069
26.0634913509467,23.68594932283995,22.77217062194498,23.38496005858092,29.847818578978373
26.33641055857392,23.591603337321278,22.882251149105095,23.20581828514298,29.777300441522584
26.51430984280339,23.408041170287124,22.98786258037544,23.21800336949362,29.76009756957497
26.377157269361454,23.275143514060776,22.944916344810128,23.332218004728432,29.808120571489543
26.540960173198197,23.250770393318508,23.01252256209115,23.619871761900637,29.91297007558644
26.595152381785745,23.50604029065412,23.243945867336414,23.46639111367874,29.96423954803885
26.72921501670571,23.537180122152662,23.109332325538677,23.626937026876863,30.037947747702468
26.520114379258803,23.65012886542184,23.36889262683141,23.49321094268629,29.954222985466487
26.38823631260311,23.54088621914798,23.35063150690088,23.409805322826703,29.92590173987274
26.25226431923539,23.474439123636703,23.206838897823005,23.4084854157123,30.043187325425134
26.46647592342253,23.629639050140728,23.462974621643497,23.46869533650448,29.8346979054682
26.508154642857495,23.56723571321248,23.34646752818917,23.38886032915693,29.87727846816157
26.6747436630397,23.6287100264407,23.421609514911125,23.459757673682116,29.8063357478958
26.746609492304053,23.47416982590478,23.30616186700832,23.380613853566263,29.76891738702041
26.93854095160173,23.39703355620925,23.518802845339795,23.21469655183814,29.79843701805889
26.83486712507666,23.52846761192542,23.535617003887083,23.227733716727013,29.813182870309067
26.60582618343812,23.49621754001012,23.524247774274325,23.05160678491992,29.677531115031
26.763112131890697,23.319514297127636,23.593639531967906,22.89890362478044,29.601670367933306
26.4602386667844,23.535461718703875,23.45858886024017,22.96412741237928,29.583729115340308
26.79391242222944,23.65498395844652,23.59465960938742,23.169207123908045,29.62240198037213
26.725951198354423,23.50352627978184,23.68712380327268,23.093661499060836,29.573745976188107
27.11907506445789,23.67461358639623,23.71230108032949,22.933305298737665,29.94653392358137
27.255459043743684,23.49395986407509,23.74570954550201,23.08082157197797,29.686658783467827
27.008584805210447,23.5446746109286,23.92555440077592,23.270376125522056,29.90234394323051
27.12247524885629,23.48046389831399,24.00303294068189,23.30170703800764,30.303573140087646
26.95747534417572,23.38283356584444,24.04911834397071,23.384343972574307,30.15530252179108
27.15928000883108,23.43400981640965,24.044513725623027,23.48456820655852,30.364414882995472
27.231712571677846,23.41817866809198,23.994919482751133,23.424470344182097,30.20337070071988
27.10774620696121,23.47953172064772,24.02344346355852,23.43549588591405,30.350836299541065
26.88109177479492,23.3290557960848,23.958259709415447,23.40535395883685,30.205868201883188
27.17856929059152,23.485778953719905,23.928575693739784,23.11813880905011,30.075488883858924
27.161204004307272,23.78806767606278,23.98595594936956,23.34439511640012,30.22000142813354
27.513363340869866,23.70233672429749,24.053414828906785,23.56091901471253,30.3891366171414
27.33514565382309,23.746272072465164,24.038778968910957,23.46126582436638,30.272262638453327
27.292087657536133,23.81497284803079,23.998133585455268,23.51790537437573,30.28465147938745
27.378757912459715,23.892186970962825,23.915644480290343,23.34239302821616,30.18874688430568
27.34457205885416,23.757077879787374,23.98033734372856,23.444504668952224,30.385212722070754
27.60788673071809,23.749425295333925,23.944897301151958,23.354895957366928,30.55127877215157
27.248501959215258,23.66393088931655,23.65385235151507,23.396492096632684,30.415218388037005
27.45801040699828,23.536872931331725,23.838060258267983,23.5280117522715,30.385248764429942
27.28315126130504,23.49990728937553,24.004083858955106,23.471485240607823,29.970215560010452
27.382424530198936,23.713956176605677,23.996910434413163,23.42778334039792,30.02375821778848
27.545513495393926,23.58690495113564,24.10823545155432,23.67928838664296,30.333869697491263
27.392556591891815,23.77666846451933,24.03933457368452,23.5786619785468,30.39947988525917
27.072429335485523,23.620343672516373,23.990434157458346,23.63619659278752,30.032048828283894
27.14416570777583,23.62906077885833,23.99732190561782,23.63671707603136,30.49626182769733
27.083572716149213,23.61533834478748,24.12088591105065,23.78503622464917,30.277417383261334
27.28644128725125,23.77171902577381,24.1313604449629,23.635443324741384,30.00120322387002
27.084877373825805,23.709515114254643,24.189494668156133,23.54166190000896,29.782302842883134
27.176446642715376,23.654882489606877,24.143351887433525,23.56970513576307,29.911015033543677
26.920748738016723,23.571620052839,24.10255057957939,23.49808961008565,29.889510484000155
26.942959333654795,23.37657404144167,24.098576861983872,23.614500125655688,30.049221863747007
26.90629008925904,23.52948266031198,23.88251049527436,23.45263959174015,30.119752667219103
27.095092962782072,23.49243256431099,23.80210448420197,23.327788215170823,30.240026669973723
26.79464295546536,23.47137838419232,23.678404576148445,23.16182539790864,30.26367785829093
27.020019538515143,23.683623537129456,23.646164066105342,23.359713459593248,29.9460425029224
26.881101631731102,23.571376815914785,23.671583693081928,23.4639731715268,30.116199563758997
26.71615971545361,23.694163787538116,23.62749897779363,23.645932715830696,29.985443419118635
26.92325937578827,23.64316342736161,23.523790677733185,23.480215276568043,29.98652627274957
26.70041842858203,23.539626940837948,23.488425939123594,23.539599934668527,29.89104652876292
26.5535102460777,23.876958065631804,23.172188585700763,23.39145204653578,30.308510849422937
26.662824237849257,23.950451435216987,23.231728166889138,23.36567174991071,30.4630182194733
26.863101168889266,23.66927414849955,23.28207048250804,23.48856574044718,30.25223291945648
27.057381470050405,23.67159946309945,23.485936176296548,23.461242528200653,29.91409088327499
27.259021607278047,23.617833496722145,23.59065271364641,23.481698626841503,29.95960626330722
27.148658268227653,23.60065734930394,23.611672854332216,23.44387035062664,29.97744147227946
27.24779996320139,23.59909809103142,23.66674952713593,23.53304550904175,30.08051045506004
27.142295908534408,23.56681548106833,23.913849897577563,23.375539696287884,30.59260208891557
27.337942453777693,23.490231031389698,23.90923730175768,23.587037663856243,30.2906348797374
27.33920579037836,23.714041309951924,23.881659576799997,23.613035951083397,30.343225685765898
27.23780933686833,23.740209490077326,24.03421497568153,23.51509818837344,30.177762386626497
27.17118030081846,23.588602378960108,24.293431696040894,23.383814067734203,30.259373032392865
27.0111977176362,23.52890215752343,24.376222703819856,23.343265648014597,30.110788432842448
27.31120686734015,23.66989678471683,24.257750349013307,23.462982442653317,29.879170241134045
27.092156995314514,23.67614499288977,24.245335347475265,23.40637334587638,29.71277304353861
27.31730478348501,23.7104199074291,24.18029506461112,23.387546113509327,29.400622075168283
27.572649811931093,23.56334482021242,24.344945889569367,23.362540309620183,29.47231196502868
27.544708499955117,23.646899115232376,24.215777308546187,23.499913424585984,29.602716113564156
27.242058083988645,23.792797049287586,24.195618334115768,23.34203110130148,29.507536578221625
27.03417538724712,23.614045197399808,24.27923318537449,23.388330546086287,29.78479235958681
27.11471070593679,23.54936456288316,24.33197285421148,23.33958457815227,29.622569649049247
27.035548962926622,23.69055647626724,24.677520175094354,23.284096606133417,29.28309734466318
27.282392996945923,23.600077238009785,24.839229817807592,23.430302007021,29.408119846065876
27.007455415043275,23.555233641669528,24.75496823514109,23.40907076092486,29.75592193992716
26.92866562737809,23.680783699279047,24.89637781425241,23.44808701583346,29.66507289764075
26.999145349275853,23.51732301067791,24.48993741879497,23.39321125646536,29.453450481108188
27.001474276246334,23.560820162234837,24.38425193321438,23.398812109244624,29.7085559185664
26.77687664496272,23.694589737721124,24.34925808899889,23.387028152244778,29.77790062448268
26.593321991846317,23.734462796769613,24.27661758127558,23.280899711822546,29.61924691326981
26.43323466944846,23.794162961698596,24.240389373636763,23.36801513864477,29.60350466546054
26.620347443683915,23.588435276887225,24.60438097989016,23.23093790576795,29.48090524282673
26.801080101380663,23.749672124146787,24.62750219647508,23.488876877228083,29.597768288514224
26.73466558598404,23.497756141726565,24.69920770546555,23.36871297510768,29.526198882927176
26.650019374643325,23.5566948222547,24.941563775259883,23.30369685933491,29.627177118567
26.532113525115168,23.54905948347302,24.807135559028204,23.29862192379605,29.60990488834897
26.704882706067643,23.78437689768682,24.518937889452918,23.4375440951605,29.616373669593585
26.52944809707393,23.658121884282213,24.518836918726105,23.275027421735384,29.70440404254721
26.698290431034778,23.580065753814573,24.783563958127093,23.21292734715806,29.367647712712277
27.0886482520992,23.57710904075022,24.84083218164291,23.22094961439787,29.360847674369072
26.985851653904184,23.42436437184004,24.777576712671976,23.272005171045805,29.517600962765435
26.932742267512168,23.282482292309464,24.92151267735295,23.070460500339617,29.321877158978005
27.043217792704738,23.33723357453335,25.134699407349903,23.22251759174587,29.076184064171525
27.01389921675831,23.512858656285687,25.304246161437128,23.0648598700175,28.907559583098237
27.07349948504956,23.70175887355202,25.256547957481104,23.1187481062361,29.21470725646176
27.159616267800708,23.752575625549163,25.230527365720437,23.179943708914028,29.20103062773116
26.994506623847958,23.59267027351753,25.05776987070888,23.18236323227513,29.173417162088803
27.379322092588737,23.82205731362983,24.94880730552019,23.003613638730556,28.92705224438653
27.024262406174785,24.001448219081706,24.885006321936267,23.26374724886375,29.10254947566727
27.043769756693933,23.917880671928412,24.97756347079728,23.31267377909617,29.212303751529
26.87258389158693,23.62307511238958,25.105900364638693,23.296116814344,29.012281132672303
26.77774848863184,23.821061136370616,24.89100578730097,23.36790397970685,29.252703380308407
26.97401488151964,23.863984627866344,25.10294667547933,23.36674938885068,29.20709732019623
26.74177450828749,23.910776080759817,25.172865105180197,23.38751630957641,29.400252901719742
26.814819747822096,23.789485527117616,25.151700832366576,23.11229803537475,29.31001299820787
26.886764582193823,23.924127434483548,25.37351896464895,23.070793655245147,29.40679422006425
26.552369995133372,23.79673831057981,25.08134055818753,23.05321077634263,29.59535317033181
26.5146961610816,23.723732817587685,24.889453149265357,23.07643151379835,29.277490286137084
26.475954884540293,23.83954977309161,24.56427810265488,23.050164439680096,29.06313433103697
26.5557710603126,23.769628272641736,24.67559572449766,23.18677383630906,29.233773212242703
26.54041821850652,23.69040234276417,24.79746798499177,23.28098989092207,29.17551836579108
26.20935588207083,24.010559639958284,24.721985760080248,23.12936925545261,29.07994759010114
26.230092115595465,24.12091248133923,24.767123916992325,23.01459497399629,28.668718687725047
26.55623194470725,23.972292921137253,24.639116659528494,23.157577354908003,28.69043715528626
26.572570681996652,23.85473982564682,24.860013130932437,23.266271830012144,28.554971153773806
26.58718930322348,23.75137647454527,24.8575437631471,23.22511552348451,28.465930365304093
26.57187784762593,23.907572534234856,24.764118574901374,23.25217967744871,28.37738694892176
26.529186559532384,23.869069037444984,24.832417299995942,23.25034278866364,28.5720485120148
26.60163172496491,24.11241996049672,24.900492125733656,23.104195373144023,28.619441062438533
26.87782316146764,24.13143454674952,24.74826606446537,23.287814003449864,28.49599273392592
26.823157059701725,23.956247117048427,24.83963514995559,23.22655447627106,28.331925234926928
26.87382993362792,23.84201206289576,24.846779581447795,23.39955333207796,28.19608251136133
26.746304455768147,23.8231060806254,24.66972773809851,23.254688773116,28.70321832218146
26.562498357412544,23.90102904670426,25.0047746919513,23.06900561753237,28.895241449059174
26.36139941379937,23.94356354652809,25.22653746399357,23.20279552519844,28.995100686369884
26.57624033010006,23.983084109513964,25.209103952000444,23.292754139682675,28.87964504621517
26.79081735300789,23.939268404176463,25.20014853538684,23.348891390676684,28.96081924440472
26.87034911792144,23.937774057989127,25.170666370585668,23.335821344062456,28.865156466559142
26.72999964175434,23.827938251523243,25.437798707864356,23.48408622753112,28.689858428583957
26.59978394041601,23.91516003315688,25.61304252807104,23.518040945103536,28.90536936308057
26.388718964622885,23.74767859557433,25.94585010297943,23.5149671376817,29.10452875662589
26.304207154206104,23.6992771162048,26.03121030890833,23.56534093537777,29.119605247206025
26.276313076751595,23.83668105391661,25.6572957294904,23.576101307904544,29.11399564262086
26.35192100892456,23.707403203114744,25.65064006501457,23.39425377724499,28.90099243413741
26.480019184298865,23.591866510181365,25.774499950775205,23.5550998280295,28.58779543721196
26.204025368411862,23.70265189975809,25.61255345033637,23.574173712920576,28.75516805497055
26.23568773666534,23.58983205456987,25.903856441641743,23.718704578892595,28.878338636215226
26.28525557830906,23.618430661298103,26.23218538397865,23.619785788529317,28.807486911299044
26.33309526546373,23.54895809116554,26.135755836658355,23.5178938127918,28.88801289342265
26.35757862439341,23.70623936653238,26.083498501123515,23.240169492069928,29.23707778924823
26.706142120933148,23.650554031403463,25.792279015169964,23.299984601516343,28.859695899728084
26.522564982983024,23.61323108073142,26.00919431503685,23.426641473330875,28.86509251556997
26.898188886608168,23.47232427759089,26.035911331167405,23.255405663947947,28.74333263333021
26.799695783233297,23.48831989922702,26.091330108566037,23.424457404192736,28.252093122316406
26.683649094401783,23.48656778638421,25.93142894074469,23.28094501069254,28.86727128756567
26.66251124631987,23.558721743396863,25.944530074633253,23.23744876035236,28.78047980400769
26.603444161761384,23.69738157833699,26.200589201154425,23.11502219747424,28.89936162470608
26.767478007350807,23.5995097566088,26.388442137611165,23.219594866979868,29.169446677994983
26.884050035524524,23.721415591754774,26.15020236568517,23.23844368450729,29.554791021103476
26.94007739549988,23.647699214077708,25.878224398882026,23.336362394648084,29.878472936016585
27.111771935248644,23.725457350072404,25.92686057788549,23.189239320758272,29.94049943421335
27.49448604478301,23.7136913242598,25.947158563124223,23.2266690174502,29.808725345580694
27.412955558243382,23.70018816642557,25.767222675536317,23.20117518973526,29.93431503213232
27.248506419870736,23.72677314249273,25.896073633409877,23.243667851240488,29.90188974714268
27.21218605058851,23.73416094966219,25.91859776881141,23.24900913645493,30.086463818741105
27.26947509058596,23.79857082896676,25.5273565449648,23.3721257494259,30.11281485542089
27.290552571211176,23.784735657986563,25.372458111439027,23.376390832593813,30.04997042047816
26.63676339491208,23.64190220473857,25.400379693005696,23.472034252531994,29.82924260621158
27.018929767228585,23.60671132930371,25.54781524028825,23.33366231410377,29.824470177429284
27.068556131166368,23.796798199621417,25.673920820343152,23.48337960169913,30.01312115308912
27.071871051601917,23.814268720061538,25.73264949275513,23.385262962990232,30.09482555969332
26.85500395650159,23.50751909480523,25.417392800269884,23.37742739608085,29.977832197550065
27.16289603431366,23.375317230909737,25.56786405307717,23.435751406252365,30.377983347079507
27.15209241057572,23.43395778182108,25.33575904684347,23.45263057551161,30.238096390319424
27.109563304723064,23.23495805451998,25.31287599365519,23.73687215014741,30.33569260122075
26.994827150167332,23.46748414373524,25.37027759787544,23.70699770277406,30.34805098331665
26.679138343709468,23.40164760890984,25.063114555189745,23.812866877490517,30.346641099286195
26.812654872458204,23.488456018569117,24.79162855576923,23.62344371698196,30.49504993597652
26.858025774728784,23.5619727985524,24.64257039914739,23.736400293125534,30.347908548281158
27.45121894597064,23.6072298198887,24.67750289227181,23.538850255257625,30.44442078564951
27.357030091945862,23.46185619383835,24.6568185397658,23.528557399233303,30.613615363344657
27.21504817894618,23.39416124447837,24.69050030025168,23.55036366659852,30.593730273573403
27.18813724122724,23.45355525451951,24.795719181752364,23.54443574501924,30.5760786159303
27.00362388486468,23.43888439983421,24.63923070213896,23.37406129537447,30.60787911441297
27.150570296638342,23.29210613702243,24.840020181997705,23.317091604891196,30.32407460323559
26.983074404425185,23.508701982012404,24.82720076721385,23.212297369690443,30.351286632728755
26.820703681051857,23.59277452308929,24.68292102423763,23.37039083590747,30.463958159718626
27.0376297590311,23.685622136712,24.85530877865583,23.38096172911072,30.75108789896215
26.95026267705373,23.491323950911035,24.813626172317925,23.45792989695905,30.79485681611786
26.93479532899962,23.49893225647203,24.849378620754816,23.35758670481164,30.6376206829538
26.987308249673376,23.53492619110417,24.67386239630917,23.33387243163073,30.58999372293267
26.719399789517382,23.83200418188192,24.91248521675085,23.328531864109884,30.534899573798704
26.870411695744977,23.782263770362167,24.95307344022185,23.359654765027127,30.26142476820677
26.77701479465925,23.576425893742083,24.682829604902683,23.41891150581588,29.98766487655894
26.80726114610118,23.641900240952637,24.74650339110019,23.293106838406835,30.07122401490216
27.02207210390188,23.73608428629448,24.725883080160568,23.312208569005303,30.05638181682448
27.071178025483047,23.670211141467146,24.469078485646392,23.31262616871443,29.83404034134747
26.98235317000322,23.57685941265621,24.417322916708613,23.396466557885137,29.94161134734757
26.72589003760666,23.377187789132314,24.406705598451524,23.350897484176794,29.67164879553769
26.6403868523807,23.60480896051425,24.465091290083944,23.218952368884327,30.0220237406164
26.56360135578849,23.538021171450584,24.25343885619426,23.430557866830583,30.255138579216556
26.50560046367167,23.464480617329134,24.304739232292707,23.50243723940627,30.19455806075548
26.670624984979685,23.581011516144503,24.27964376080667,23.49621228821348,30.06850668674397
26.661477665651287,23.680559572397986,24.175696695758987,23.498152418700425,30.0379082068972
26.78412565489305,23.619297584371928,24.258056390104816,23.470018000293944,29.73948766229774
26.562246114711463,23.590651693479035,23.98645979194585,23.46162153377565,29.681024387802243
26.239355227977907,23.684709901769637,23.77364950560876,23.4550574824918,29.54132681918709
26.324677405243825,23.699464276765685,24.07067748277844,23.360915081003103,29.490367850507884
26.534583014275537,23.557600037492552,24.04369714106118,23.356221500604978,29.57544679086959
26.507282204369087,23.497193359034235,23.78501330703241,23.47980407025376,29.30645473769327
26.73002660693731,23.355454427428672,23.937863337634123,23.60410750969269,29.24621769700325
26.828839370034306,23.29492696709148,23.727458883310995,23.501608999994875,29.31756071410717
26.63237751500668,23.44375083942168,23.674547009924,23.48303389839249,29.29545179769676
26.54775578793313,23.358046237475143,23.87696084413828,23.39003269493476,29.79798663095227
26.45534805811081,23.17912417253359,23.84604363667124,23.48468719522221,30.225840478681384
26.64329691046857,23.059465811307103,23.832683032301876,23.26774111265681,30.1576169585936
26.8088648686358,23.363844039524142,23.80129392525223,23.382310782524875,30.161657217676776
26.74604166656729,23.317384252773955,23.68071130259734,23.24488920321281,30.252205425053315
26.557000050679484,23.272335483687204,23.698434675181318,23.3603955899087,30.547372764857183
26.49928839917858,23.460089402229062,23.779550358536817,23.45527781555824,30.2990609392946
26.78813309508992,23.47424062946436,23.749212189543517,23.38230871266753,30.57797317197617
26.68790073494908,23.495424226113663,23.93366128429486,23.39592275579733,30.616837724297017
26.760835120275438,23.466199906899885,23.53294447688036,23.24576149485594,30.943843919516464
26.76800979993663,23.35276263539909,23.466363260065236,23.391295457173754,30.90678743718512
26.845565716822644,23.523986729106056,23.69757871885158,23.24576261523092,30.69915238711541
26.84770244154544,23.66629917437371,23.893475112326925,23.233474002145023,30.517226203502545
26.708423629508328,23.72243487815177,23.86762587073393,23.359001311225573,30.531104821755115
26.828801902965093,23.417234074111462,23.929371580237053,23.34647826171353,30.59939440747766
27.281092793062285,23.412395651480796,24.20631970081521,23.376176766845536,30.11849093905204
27.073433492165083,23.692793078632334,24.133204928748064,23.346416809026003,30.26684001176463
26.969358848307422,23.951310518000767,24.36881327199212,23.269456450557783,30.50497193837037
27.045342911416995,23.810388437216915,24.36701124883552,23.092930690533155,30.577622281611
26.698084123109183,23.71279806108992,24.4399675124259,23.18236252101137,30.429523750346966
26.757936737192257,23.795867060617464,24.510750465652684,23.116050170033237,30.87134781114121
26.669961099355486,23.69869185783313,24.086593451139283,23.095077907035908,31.13796494250356
26.53906705334332,23.604904112411603,24.070451160457644,23.118313159093404,30.78008181713372
26.48745327120681,23.77777758987251,23.759996489422925,23.05249506324861,30.616491082076497
26.47864885166288,23.762524032694017,23.827551232047973,23.18711678541032,30.677197045866308
26.234075867561614,23.714318710260983,23.78192263338381,23.179662615030875,30.77913586837887
26.27531553230941,23.55959582409172,23.89566500421265,23.23548632257449,30.82928319107262
26.13101478858119,23.53251474764784,23.721153194473768,23.28494656110491,30.89639229267028
26.322395817559293,23.60184716594315,23.525179364326934,23.30276874146881,30.92241014698564
26.211193025471392,23.598376070025218,23.57734127852382,23.435047106379645,30.832996186191373
26.07693726748572,23.70043395178447,23.594414090273773,23.36578865479761,30.6814621128552
25.89994811180653,23.711237851826617,23.62603522669911,23.43812898413865,30.343682786547557
25.86878178353936,23.680729264723997,23.74551588997916,23.53812089511513,30.426047047467804
25.93635037198302,23.730090198930974,23.878255099109897,23.507367285290144,30.31455617828677
25.832774885583422,23.765089009222866,23.85469336012205,23.442220640619286,30.228288465826136
25.566685628438105,23.74358402298765,23.8221072062886,23.43116686516166,30.609773506904496
25.57595199012338,23.775507682160637,23.886801623765365,23.52062906789909,30.82288356035346
25.87136652983544,23.65127877183516,23.8670981287319,23.366306725553155,30.707741365982
25.69741515184014,23.72553359736575,23.848811723591464,23.154813157180747,31.04869131820413
25.631179741945797,23.61231695357791,23.84780124317137,23.29666180433967,31.080042151508326
25.950793527574373,23.55770463608755,24.054791530365986,23.617629371171432,31.00025391030725
25.978910546507905,23.43411080056964,23.965920009059467,23.44182036646049,30.850446268707643
25.87573259498977,23.442134876300177,24.050195100795385,23.5765987204811,30.62837083030193
25.80694734117535,23.35970470943816,24.165412590131744,23.49526426577097,30.717676056730607
26.04523062595147,23.52232816814052,24.2089865395211,23.389570206290728,30.68561541043332
25.935054561221406,23.58138533842964,24.108630852008123,23.22167039295917,30.56483456729297
25.75958330311889,23.496393508524303,23.786784316980125,23.1463056245293,30.942720390945613
25.6752542411718,23.470130063467373,23.90725338486024,23.271286647468635,30.716438772744056
25.474990001721054,23.48933654572849,23.863060972839897,23.116993447188527,30.82160479084519
25.24155068974884,23.3614613581161,23.82465877820809,23.089027694075902,30.689700160877585
25.650920111100923,23.45145345652473,23.600400135830878,23.13732431985856,30.48916487537004
25.79662168031496,23.467963900542134,23.707621011980976,23.205887891556635,30.629115518364667
25.811211294576843,23.616045549634205,23.657485990044652,23.20769026137432,30.56149383573337
25.782340772954534,23.5126685205433,23.50386202551866,23.25380847661801,30.73932368613116
25.87585607275966,23.39852603067416,23.674938667231828,23.234720774657735,30.468210099438192
25.74619125946248,23.59684546352648,23.707027905829783,23.222143996728303,30.12252737617726
25.91483222212383,23.423527393062397,23.911853225464032,23.40419880340013,29.94601711808477
25.77364816103048,23.534744998841983,23.95333862111326,23.46304420942609,29.88377977711477
25.69209491902903,23.551772378191316,24.096752938735303,23.45259775225568,29.897899350732743
25.681578477653137,23.5840700716512,24.07682802114865,23.37480364640979,29.90641274606001
25.467144104641164,23.59502505656325,24.103248293059583,23.16747620700018,29.99112261064753
25.41485537479554,23.529758990032644,24.14423683457767,23.31635134942429,29.72030338746585
25.21947126919334,23.520650380109537,24.345973767045976,23.218302979268277,29.796792933379365
25.041893629131923,23.64199065467949,24.2006215938509,23.319130039814773,29.63176905201627
25.260646561772827,23.65028573534541,24.51855598604608,23.288866517826182,29.895814967468898
25.272127709837584,23.84829364411318,24.66297096152116,23.186430238751825,29.378170026226588
25.08444481612428,23.77206319295703,24.845423995262657,23.250738790767222,29.407207059783065
25.2032769138305,23.76056205958328,24.557971666013422,23.17187731610881,29.047086909951936
25.1406343369334,23.78551606536808,24.425238275524396,23.023604393086263,29.44977350666525
25.14583051027568,23.60301295173441,24.330379716486775,23.11310783663319,29.44974290509165
25.28631214836293,23.513351789494084,24.42551006047636,23.24909969724646,29.32285139914005
25.23823256623402,23.618859090945303,24.443194527214576,23.211683751745028,29.55292571590694
25.604677248420384,23.472132364311108,24.316325855218807,23.154408078620524,29.93074155882733
25.392977167307272,23.48462381055368,24.176241961511305,23.143708718309107,30.0153155688895
25.447323462926377,23.50347894772872,24.16211234656826,23.20605639174019,29.651646162029014
25.422976740763183,23.51612946301541,24.31382883240164,23.25291065230488,29.7945498319995
25.194655089634136,23.55130151777355,24.26152575588668,23.346733916273006,29.74932002907788
25.22000813114188,23.53548728063561,24.066521766415782,23.362477147616087,29.97496947544486
25.368770130912992,23.501313504267127,23.757551393182563,23.340015588489905,29.69594558736834
25.57067218370061,23.580146756747595,23.7626148667286,23.36557301696649,29.754357610291372
25.724336777066807,23.470090369572414,23.852001022334065,23.464986430307004,29.822613529108
25.62018489175392,23.53673602340664,23.902055234165037,23.53533613453102,30.03584392159791
25.662227001032782,23.68869738539014,23.81763496822784,23.49594152324172,29.98365879300361
25.3786538743295,23.50590389740402,23.958437010496805,23.389255735372277,29.645351553921984
25.281523551715267,23.47030027238827,23.853511639208847,23.35668808036292,29.88208296575434
25.47542507294526,23.50607989378214,23.95889152974139,23.32156865482953,29.898597851980863
25.817311560034437,23.50874457580112,23.90205651622528,23.312855190182805,29.607301377735872
25.65305074615961,23.726668865080637,23.662313285780908,23.41036324926541,29.57601445621394
25.61734172829917,23.717542093908545,23.87396971645945,23.371099950276182,29.523348925541075
25.46516280283328,23.796675987073744,23.633852675532417,23.29384531942097,29.58327778324707
25.02391668158296,23.769921731212197,23.56574277286493,23.126728237417858,29.83664005076592
25.22076718062854,23.76874955106716,23.65851682459088,23.042945138905573,30.116191341739288
25.209340208783527,23.6850470932214,23.547197694126883,22.91149253136535,30.12043609626192
25.274121947651054,23.876102066979843,23.705543960879854,22.95659073984396,29.96706087743757
25.155347398952493,23.743913612156877,23.793877199156817,22.931143108893657,29.95622862398142
25.205471377299112,23.76734086445769,23.81970779206684,23.167963375002056,30.20460155118568
25.17359139433861,23.59221889780326,23.69816324995383,23.15681963578206,30.52890820343149
25.29877686879824,23.724732978576235,23.51464842745874,22.99365844003448,29.85936009627612
25.223155883892865,23.64009118380882,23.67006316475532,23.172886705893912,29.721561886002785
25.15754240040053,23.654401058255143,23.86950338062399,23.17940304847485,29.757438445506768
25.2915945563238,23.65956408220814,24.03024139643489,23.30785840846284,29.73411871171508
25.34470655680288,23.50372593191885,24.124411794497806,23.485014297597345,29.81832802471098
25.32530854550636,23.43842979759414,24.131276300343696,23.394621220750498,29.801708589314487
25.548410290776456,23.63669234121547,24.226660575879112,23.59550936919542,29.878271077570712
25.5634135464364,23.381185130169527,24.34787044300364,23.51909140333865,29.981115494880573
25.39160350590122,23.383677858031792,24.38692047660511,23.496666221641807,29.96621942475521
25.55654942108627,23.50928190473612,24.19707997178091,23.391674202340187,29.84545203311831
25.286736698478947,23.54754345196094,23.926810867349253,23.224420906454075,29.88840668561747
25.325076833982745,23.41483942999592,23.926434436821644,23.283682888133683,29.76937434765998
25.58280991433983,23.44775416588382,23.7368557962028,23.089245671649017,29.9385190192266
25.36045369239137,23.34285314199926,23.567211435162594,23.268424652116742,30.088296246805896
25.622229245323325,23.616011501672293,23.76930344710419,23.05088492268681,29.87323202815653
25.787434097140288,23.541684987575152,23.74417071776095,23.21595535803968,29.60926999244577
25.66907245329907,23.499566839575465,23.693296988501668,23.33838089093797,29.29851558526474
25.44347922467268,23.68356260017454,23.76081364649018,23.36262530036295,29.563016960212988
25.353431551362103,23.730304504521744,23.806311432439788,23.415173708257257,29.87987238482941
25.345969399809704,23.76661669094997,23.903948596636468,23.5112396115073,30.091369210110575
25.319342774755054,23.743781864791845,23.84547294580359,23.566293267591654,29.87445847924727
25.1656884046356,23.74323391083383,23.681291784204323,23.623070935721657,29.82635335590789
25.19760613786312,23.670602729964152,23.765780886729694,23.558670609781544,29.91981280671036
25.29195994994828,23.89256107774652,23.79908218758909,23.63912635687849,30.28332981035146
25.523909540505603,23.85983295171056,23.891997095485618,23.852183091315982,30.556658629745613
25.351974182548435,23.658905740208013,23.77044409337901,23.67152745763458,30.44881815097882
25.49019592949761,23.584528596935005,23.863963471782597,23.51232521583396,30.358224103488663
25.46147253201663,23.60312104595797,24.1380571534168,23.4534115533556,30.3497571627316
25.47651176793784,23.76639447453659,24.23796536647737,23.5365800313461,30.64401524390396
25.243365091521245,23.5257567910385,24.23933251279233,23.55724796256288,30.72692839841301
25.532806801942936,23.54121198354216,24.30931779643469,23.628726250940478,30.508135309808903
25.862087980647807,23.60414648385345,23.80303505773937,23.57684592373759,30.58373236756501
25.65323165889842,23.6790467691152,23.948827099256157,23.63316492140666,30.645177605478096
25.785383123400624,23.434695477689296,24.1118930645012,23.591588752827747,30.30498797833432
25.64208062296579,23.46285381559612,24.16650787135224,23.541417251556307,30.1480787339334
25.73698929568189,23.42433246957455,24.092343900628084,23.410282627887383,30.389407189020748
25.648972182741943,23.621271608461694,24.15709841124785,23.40511577791699,30.29959761533068
25.442728854340917,23.556982833152155,24.219741844656085,23.433947225547872,29.85895224955177
25.761805091089222,23.480440583592586,24.220100471251072,23.33932632963841,29.56459923251277
25.55757601449748,23.473107338945866,24.22547085261704,23.19115261201666,29.56795061336324
25.4366184739179,23.70998005445688,24.09921632655567,23.264153991099366,29.74816327432808
25.16882337379144,23.615874991421,24.08437356584161,23.378600834091117,29.93894697148633
25.11226984077553,23.583194811879466,24.10539330990533,23.40770169571116,29.4348413512082
25.110786023393143,23.691330495916045,24.09175657082693,23.29842687491027,28.880973004973622
24.806398068464155,23.603451741658485,23.99247800699061,23.556637653987863,29.07685744703508
24.9184924429026,23.503309414618585,24.09909404955481,23.59650281011336,29.18600625100907
25.010638715492995,23.61773650697633,24.16476596712388,23.379311164298954,28.997177207909747
25.1377575941625,23.56804494611704,23.972423023113933,23.29670585799519,28.942607208702967
25.06887476541228,23.348901091782103,23.949471967586295,23.179965962073545,28.98758746123331
25.170868440020584,23.442344869706677,24.086881172929395,23.20337281766156,28.87582624658572
25.003828246190537,23.54426566150112,24.12433396687114,23.29708234929359,29.21784845055373
25.0356989664583,23.296015383961365,23.823774415596574,23.32574071702586,28.994444535149047
25.039033456849843,23.460864766446964,24.17038923702145,23.249782796945368,29.06410589897556
24.98485581070372,23.29583242298035,23.925933585540804,23.20914894155732,28.931089944736
24.97646347931897,23.213733713090107,24.172902051607288,23.07497177457376,28.683521402500027
24.945846581288404,23.02285236758265,24.02211602493436,23.175412697427134,28.91534782712125
25.142441671215785,23.15935370355153,23.951594844708136,23.32910918047245,28.77752360214132
25.31603521080117,23.240552461611266,23.849751808065488,23.15481777571861,28.97597137791712
25.251786545626683,23.44463755619001,23.671623285187213,23.193685536574204,28.95329109304869
25.180112352918183,23.24617779919729,23.8527839271394,23.29189966314728,28.56264548509732
25.0083486868278,23.237434345099143,23.74071956164048,23.419427712163344,28.59811447538359
25.040458431392555,23.23106275972482,23.59288329796414,23.46170321947095,28.322881813082343
24.97030285369572,23.329321205942524,23.471334793800587,23.426041843179892,28.46429385588995
25.010357155920644,23.287235317105225,23.4535072321998,23.19653729725062,28.31869173098301
24.957444999631228,23.51986783118426,23.48482189507936,23.312620063772947,28.373310719318464
25.29191431656224,23.559995092721817,23.67176051881907,23.23012377076132,28.31205105319828
25.13611437377084,23.57738573716732,23.46387298378229,23.331477354426667,28.370690315485703
25.30081823277544,23.448975405795,23.687932394350906,23.069197494883444,28.608269599386063
25.594028684219115,23.48479404476527,23.779678022296576,23.050701117767755,28.418359798881955
25.732507378130304,23.46808635398112,23.706576300491804,23.060891369724573,28.744258684494632
25.59339042794589,23.412649275040906,23.573639210339195,22.94833351309386,28.743588349451585
25.487451340880156,23.4897904272366,23.708316071222928,23.140077753129336,28.975174537143648
25.287360506559075,23.27549539015738,23.906516620352956,23.2349863427936,28.97340391106073
24.9300928309384,23.30100614209992,24.052128901926224,23.14715092551972,28.62894690833099
24.85377383408288,23.3445523023752,23.932032378308215,23.277887694973327,28.917117997103297
24.75942260221621,23.480766862101312,23.86966847276181,23.23537552781594,28.92217386498565
24.941050598725617,23.491263536534923,23.891003500320995,22.924824471890748,29.219770424292864
25.11777613160405,23.441330419339785,23.959171303533623,23.026903301231624,29.13775776847427
25.3165259197781,23.723528957515835,23.96588930206709,22.987389015921615,28.975268233827865
25.214623483750124,23.49924407562157,23.915901255017356,23.033868290956963,28.877444250725453
25.115726293453932,23.6980664116721,24.195140195317077,23.067148151083547,28.97142792408269
25.009804094062044,23.518837683284534,24.180854795813715,22.952132492711197,29.14729638611628
25.261638249066333,23.33875296630997,24.2022871067214,22.86213884281249,29.493865548414597
25.111506050377383,23.30212556458872,24.247840998842552,23.08419138368965,29.457037116977222
25.01841154938263,23.528279826863358,24.150114844159816,23.13577995324427,29.408292316363006
24.784837754765967,23.56021884269748,24.42808162942451,23.06576592112869,28.89259112076295
24.873532287150148,23.510007947456813,24.16643546946319,23.066050550227175,28.87047878570164
24.834183646558078,23.4017802984788,24.305059487466973,23.16158619597792,28.551366873297276
24.786121287598085,23.371078530733712,24.213283521420564,23.1481563512216,28.830425200639493
24.83289344368028,23.58301548105371,24.12137114800712,23.06528034239209,28.84750023575697
24.999430989820024,23.44802239748113,23.752447312298976,23.056902365002767,29.24184828283164
25.10038159970049,23.6270898882038,23.83520454553861,23.1289060982552,29.57581108251728
25.073239671941376,23.67638275383971,23.86198308071592,23.22238961590151,29.481727998982468
25.01294592085901,23.69380062598025,24.06396042326241,23.21870570729117,29.669594951734258
24.836370551488,23.757243465451207,24.00536951865634,23.14126026379492,29.95031154778803
24.706507648584587,23.55421313216184,23.789728494606997,23.124978111191343,29.684285174961392
24.69304544510361,23.42311398018759,23.83114790489619,23.20553090135892,29.260093238187736
24.759785602832608,23.54281834552872,23.70426010308216,23.015394988119933,29.22140250991744
24.39202513441839,23.557773216066188,23.806364820254736,22.978454060266408,29.41521433098921
24.120329880249407,23.375573941544488,24.00646723724053,22.8532684966239,29.262771731969625
24.13081687157108,23.452624255770736,23.97541900984677,22.96286210779548,29.11835449074385
24.223171627443147,23.54108483450749,23.99004107614595,22.87062846837769,28.965806299930563
24.36940835560062,23.482625132495485,23.999671090389864,23.01817315434618,28.94982320954876
24.449675639732494,23.31376710224103,23.877280373022188,23.01875602241135,29.321212490756512
24.275718705059816,23.46903636142476,24.000872819253512,22.85632166036144,29.297509337635336
24.353824070648518,23.55526300075052,23.91222432612144,22.83581271509029,29.375822219071047
24.3837279843856,23.516978867442376,23.81651304702593,22.946324984837805,29.22147401439771
24.33705339676564,23.427973906242705,23.70496235277058,22.86948237655736,29.58943084212924
24.374422690415894,23.561823480589187,24.03452413714449,22.940150137547853,29.38009096918531
24.558101167893675,23.49000392536557,23.96989233340682,23.06397740883008,29.310524264010628
24.21159185826128,23.54943706024283,24.09360554913659,23.09510633141967,29.27506278618017
24.288429425986397,23.45906521220997,24.12429379690005,23.05615369713339,29.048561533220152
24.306844906861706,23.53924923710221,24.232580594916683,23.108892052297826,28.91909484859188
24.38253236097813,23.391673643747204,24.05907510192388,23.213902600547662,28.792904330221997
24.399882639347936,23.38812554429625,24.17375540171161,23.278469643589343,28.96575052182526
24.366574691738325,23.581689735311915,24.133996818137145,23.40694566040284,29.15446282052087
24.36456124180355,23.510800554889947,23.993224680600548,23.093435837927554,28.94479561541094
24.37425697856715,23.484450690697265,24.45543565265795,23.200105681584244,28.86810265786557
24.52328612734836,23.51843144823399,24.344889192596245,23.20964816002084,29.00531872088684
24.46397042912051,23.744970011199136,24.28449404874745,23.04021805387012,29.089300214533942
24.480788871805515,23.56625798709207,24.409459971276487,22.894004040235867,29.174793529616487
24.510048968015823,23.65053033168359,24.554742423797567,22.8871088017671,29.485480893441046
24.14100528066153,23.55311952940866,24.52735457096793,22.830462758900463,29.43387746028776
24.20768973982889,23.58707082289134,24.356616913348557,23.00247957886,29.36867908280289
24.233003149893317,23.680762548280818,24.310642546569024,22.98506291551042,29.300806836283453
24.241347019427028,23.516204492604626,24.11506546589624,23.011604735962248,29.156919109893664
24.46621422145397,23.639601037990047,24.290441791130057,23.23243092774999,29.429748323345017
24.347824791302912,23.59339303661736,24.50301228401403,23.122781752903823,29.791065170138243
24.28481927810728,23.634051818888576,24.695458397155345,23.186799875600943,30.036330143747527
24.10323544800974,23.53620912533549,24.44214986695767,23.341574667991857,29.794942027866533
24.24405870963193,23.64947404838869,24.477219752091955,23.224336505890264,29.49938620143173
24.55683479893544,23.491413099692945,24.164069353720617,23.10283047405373,29.69706674923
24.5800340708525,23.559609972418144,24.16645398871767,23.26566165149959,29.818162149094626
24.46233154430036,23.655566068445477,24.167748465378896,23.089509078936636,29.695022060551057
24.591694840449332,23.52276236567563,24.19981820084936,23.013180860610348,29.66993450637119
24.424745323522508,23.439345328969505,24.372026251818586,23.07861204246816,29.742383273579662
24.468008031302062,23.522172061162237,24.49346951373137,23.15349793255261,29.956043203828692
24.21565661275981,23.60950688358005,24.52927173786307,22.899663651411075,29.474241667551823
24.374215888262544,23.580866257819636,24.294773129292125,22.77401914099258,29.4411544026145
24.24401124950184,23.50515088111034,24.207859877462685,22.753453238043992,29.626212499511205
24.22422216171169,23.43329464174215,24.1770233817992,22.8835912038748,29.611764040403816
24.296458306956985,23.32178160464809,24.311477418197512,22.99935696875096,29.244383530084438
24.443772561326394,23.54094356734734,24.518688169794537,22.914707574468217,29.42909955425329
24.399467824201327,23.513909078704945,24.254640605592037,22.79484675333132,29.6949310485549
24.57234135428827,23.74907683942848,24.3041474683654,22.8322500055811,30.065170072037283
24.79631475169852,23.665328274155776,24.413588382524495,22.90775017735456,29.890397432980755
24.72422133720542,23.55947113649972,24.435981407675648,23.03644716309466,29.825406429631563
24.75593314614272,23.71801186604452,24.43313991973452,23.12280451635916,29.535177938067207
24.66215855714958,23.6086182818091,24.66495759203484,23.02700403707944,29.834691538937424
24.71568356328152,23.76825839878748,24.551986475862808,23.04271641863722,29.629926350512136
24.75743133571379,23.620838825955005,24.679913846767526,22.898276503425866,29.704563721957825
24.648664750979545,23.480387416456463,24.68884829847956,22.831624248905147,29.769439297058323
24.655198508661,23.63533012137645,24.44895678507623,22.79859256383315,29.32658761448825
24.85062958313041,23.652691009341744,24.71138959933885,22.761551261009878,29.376119829790063
24.72131071490417,23.736967159562504,24.914469165779348,22.802976669961787,29.72358453162941
24.50266719908183,23.55565299728303,24.849250276835956,23.00539892543769,30.299406876857937
24.53243632364311,23.448720504650748,24.98539399938702,22.869731235627736,29.92415269740817
24.693251956138557,23.475833106641748,24.9199761121627,22.88449802467743,29.993541731513005
24.708583265710374,23.459831496585696,24.878741816593152,22.73601075245753,29.776614922545747
24.729649070143388,23.510093283318547,24.942239926262285,23.02761836273441,29.667139365877915
24.420891041901257,23.451608667103752,24.751914476973024,23.022254529496216,30.041170549120395
24.334753499074864,23.40854697712125,24.73142702117443,23.164673161454925,29.96347878966339
24.184379728462293,23.46229986274956,24.88512276171438,23.03368164947611,29.924706580657343
24.22085428602468,23.43315971913657,24.942103750863403,23.059866059382507,29.918057955363025
24.19217016308195,23.53620208049452,24.68536118177359,22.843981683780257,30.23731911265229
24.4028880760472,23.55199115926266,24.67810731913004,22.802736215653496,30.332027205285325
24.633776888445112,23.65787034149357,24.875797893462675,22.950296035838917,30.27861814935506
24.57179756087704,23.679035607672123,24.59859868268521,22.86768526681479,30.305099971225985
24.65955390489016,23.83501188627924,24.78796853889235,22.89896463406412,30.50723631069225
24.45869258878998,23.685563606858032,24.82842464286728,23.021107364911757,30.497179198689658
24.13038201030724,23.701327719512168,24.87086497706247,23.0626715390195,30.521688628393623
24.40466818520621,23.86784491544628,24.947391508848657,23.049572717252573,30.79913089672935
24.366796015998727,23.96283627342145,24.86371433992509,22.950709922088954,30.66292319977949
24.59604439845609,23.79365546269704,24.82277328976127,22.973321189736332,30.70033305503154
24.699241646499907,23.77245134806745,24.691567019362243,23.140807412924406,30.939546373380715
24.63469738627532,23.81226161520044,24.69057402469209,23.13505506024107,31.04469932326108
24.77962033748232,23.82556063873181,24.639297734810004,23.207330844617697,31.485152382406216
24.966158387149147,23.76357989751117,24.63200666780642,23.02484764100113,31.426709845791464
24.93070219926604,23.72179914809981,24.510332574614612,23.0802236148848,31.496284366176702
25.10902575601223,23.776780672175565,24.53343675926084,23.1635643927554,31.5487378051882
24.9355990665002,23.91717650833487,24.50903822604212,23.012736013807103,31.54016211228051
25.410685285126,23.967756012246458,24.63265200168185,23.103586759196077,31.663875418127716
25.42185105006941,23.91631578138263,24.688490399776576,23.05855616831693,31.889204188239948
25.179441224702163,24.01274092256183,24.6107505567217,23.2730435845089,32.05403624328032
25.12498482425477,23.968266698142397,24.49226218216548,23.08538664406392,31.96625716203305
24.912713879125945,24.023023917799065,24.51440571844678,23.044645667121188,31.830306003853725
24.685210495045222,23.755387141189324,24.42163076646533,23.109773912161792,32.149888339876114
24.65438841883175,23.834815771858118,24.58300554549504,23.026741453632383,32.073427953258246
24.821194938525853,23.85396913787845,24.66463052776812,23.192773415472693,31.61279354513765
24.808837539705756,23.732300679555905,24.762794631265468,23.16399116293475,31.43858292301108
25.01988136779104,23.646115368960597,24.849099211475338,23.22148242255481,31.026199802006147
24.860419494355217,23.67413104613024,25.08397968171945,23.10498675885236,31.0353937663594
25.159538175019755,23.62678742122844,25.17298811473667,23.192417616745374,31.09316906945558
25.07425790847787,23.519132655511143,25.20613985941456,23.2407973635041,31.25757853137168
25.047124040415348,23.5458184643838,25.096080867496564,23.15297303763146,31.031413388451917
24.742543814833144,23.2838266700519,25.165620565484435,23.159142742226766,31.07638567501138
24.759568582488296,23.319415098988507,25.070927112019845,23.30764799991416,30.883701073136308
24.867724525365237,23.456416740898785,25.30097559289653,23.4433271543101,31.358483020202744
24.81468599105609,23.507607763660825,24.864371888875127,23.51343653322203,31.600956643794184
25.06943517006344,23.665030233183288,24.950937672839387,23.414815385307826,31.217208157425
25.19231001045043,23.659020584310348,24.95484289901693,23.33429290864316,31.266796633266285
25.422356011913696,23.57256952408565,25.02089842175949,23.35698909820784,31.295536476855887
25.362544878467745,23.603826302659385,24.92342258010037,23.20919417510475,31.123693732319325
25.01203514508059,23.644490609167363,25.0395002612659,23.204531467272755,30.98343450912665
24.77918484164797,23.626729885613575,25.14936970427108,23.35284392979936,31.232334186933024
24.65880272020057,23.42086406078673,24.998957904510885,23.300098364831804,30.80785902978445
24.58448962492105,23.679992477984847,25.031452430442595,23.110821575005364,30.909643285036093
24.78631138442625,23.88436635805793,25.17586287155088,23.215113020176847,30.928117612760737
24.70635873369304,23.797005628564836,25.39294919696132,23.243269227568184,31.02715360893925
24.75245880281516,23.65543616234369,25.24097619102488,23.33584215435546,30.957255313817605
24.60260820803317,23.62479751427272,25.274411647064888,23.19484852983546,31.0992454190658
25.025804319839686,23.583499063038964,25.35583237580051,23.08727044539583,30.66647076145465
24.9907139745369,23.578384750622632,25.186673304650103,23.04304489706928,30.531357000343665
25.095266023982163,23.799260632936072,25.104749076897896,22.959711404021565,30.85072170002016
25.019834504834336,23.481665554459,25.08038508935704,23.006366050830785,30.661186000246317
24.917573441877217,23.55596403612498,25.24923949490825,23.05659362222724,30.50916134362696
24.91157440449023,23.477388428306,25.11672946210535,23.145414753931338,30.50733177254977
24.815698499537945,23.516782805240567,25.187281104192454,23.15146749874209,30.35368873731274
24.74208493797464,23.517874006190542,25.231210568482823,23.17523476323892,30.74533542405887
24.718393981878023,23.46564340816644,25.19566101805307,23.165268099487854,30.522593575043263
24.811528148844147,23.601378675018942,25.550740554371416,23.098713690793943,30.5228992112652
24.68185178209924,23.66559740051875,25.7100573952781,23.160048766899173,30.289077664912565
24.874258299679614,23.754067012017508,25.86142860672861,23.081570177842377,30.38553741701306
24.962218424922305,23.6765650940156,25.99791169969331,23.106933800365315,30.398352220808302
25.1778747996458,23.332882669554717,25.736463654528315,22.941451770188163,30.613902185808985
25.02285538119125,23.53387677737984,25.81720040583503,22.823247202019346,30.436916117763776
25.185720471083176,23.484756716715097,25.875916260457934,23.002081361678805,30.377033863473475
25.065713501728037,23.524037616166268,25.847328376308564,23.008759612205253,30.25661644412439
25.001015690527357,23.67618650724789,26.004855009266592,23.14137996530464,30.27668150006329
24.890713022891006,23.607633735233367,25.7776134606716,23.0584214918707,30.201693944720144
24.78059360302124,23.54603144064154,25.534586371845943,23.11481360804685,30.385828209098356
24.85172155603115,23.60272424732354,25.538088688621883,23.03935749713334,30.52212985416249
24.59388340456716,23.61060677703584,25.69052119298986,22.982931799898356,30.480756081221077
24.35832091775828,23.700117495218265,25.72397958857013,22.92603982046996,29.97407428337112
24.259941490033704,23.5173606200076,25.758952857061427,22.79517253536684,29.77936866208305
24.42237849053553,23.66993607145294,25.598303083040516,22.858217996385303,29.87987854649382
24.953297635332493,23.8994039858607,25.693472285759324,22.940628415447726,29.787057173341204
25.225878110192603,23.73359736673788,25.600955412462795,22.905703729062964,29.67653828227841
24.922510374834783,23.78391130705976,25.732292693866547,22.93188518062968,29.649666319849967
25.0834455843627,23.576881356097857,26.005474920846048,22.914388237280622,29.754276192319985
24.897420287596205,23.74052086204779,25.80220492494948,23.032820922366184,29.99007607154304
24.837647460357296,23.732752486230325,25.65159187717969,23.0738193817183,29.77977870143
24.89714021507702,23.673937306382637,25.6061614151092,22.995416592467294,30.26621721189482
25.05360497640092,23.7576792251134,25.691352963881645,22.85911434244564,30.41874941348325
24.8845344503414,23.62368556922341,25.51020357690506,22.76672544762821,30.62347944873791
24.85080140022531,23.64765854286951,25.48085845149013,22.84791658667454,30.586479740935587
25.00883704628798,23.60711843705976,25.49258574565928,22.83297874549668,30.467509383458943
25.180116638413025,23.63222383119043,25.54110031754972,23.03989495032433,30.83054172648429
25.123313733959712,23.77416910587517,25.774148500325897,22.974715566411817,30.919924682472157
25.13083975259514,23.633142454641813,25.69442191988617,22.91474901346397,30.68389756724631
25.08477181722255,23.688801408828606,25.477144431622044,22.855143383202854,30.72332304176189
25.06582648363321,23.606630599426275,25.51339077289308,22.814708622551677,30.75328972100464
25.157933224305665,23.64613060340061,25.769906218043303,22.870983456023502,30.40596876375074
25.32281256563792,23.49707938236281,25.464373518767975,22.89611965691173,30.49893906653574
25.383674532705463,23.77342368649575,25.211289591514987,22.95164745944677,30.31807211535792
25.34106634772332,23.64865352446053,25.186006404736485,23.081297092094896,30.298642683356245
25.11729957848296,23.60152205024606,25.33095813867118,23.081110685656693,30.547236710333465
25.246868228807035,23.77103782274248,25.258852376495756,22.99527030282304,30.454168046726576
25.324109254034067,23.73625507874492,25.17501862998802,23.208816006424943,30.084377350383352
24.816022436382305,23.57120926066455,24.976729537818137,23.408263294306558,30.129508887348457
24.910474725182706,23.59255072972285,25.152106624565214,23.322338885192067,30.188685160738373
25.167124390287224,23.660089113528368,25.018798825485497,23.240341452749693,30.093837100614945
25.295254895250547,23.65284467779881,25.04399175144504,23.23828967457556,30.18527308037173
25.34909459802569,23.68170980902034,24.915067533696718,23.0962089009024,30.235880930302407
25.19851487051609,23.865084434298044,25.159679847567865,23.0890710720988,30.053462205425348
25.34827150897384,23.84983411674025,24.929927398582453,23.306706240592177,29.917111890491924
25.27475498297904,23.83895492463884,25.045450444489614,23.28793192262809,29.924019049268477
25.13345279372738,23.944771413804496,25.07574928252559,23.277968958360542,30.103365519760647
25.00770820564741,23.76492011516626,25.18044529138885,23.38140882134463,29.951390670206106
25.07495665396136,24.048429611894644,25.36381044739125,23.192594670995863,29.969420058678875
24.9849130389334,23.94506041618087,25.27139926779309,23.34402945056549,30.0175840814754
24.757452659283548,23.89883059582046,24.980337319457725,23.41372039348511,30.00018304815453
24.69705682840998,23.83212594801569,24.91741734560164,23.46550650762165,29.89658631830609
24.71426871187178,23.93569778500645,25.08355987915016,23.370410293996617,29.603971054871234
24.75287335373188,23.96137520786659,25.232299252919866,23.37409748141665,29.61595607366656
24.978693770975845,24.012114285458622,25.118343164764404,23.28553421629825,29.85379234375895
25.00769760562337,24.02518248465817,25.263770622074546,23.262090877703887,29.707509053197565
25.118330380980872,23.72849708538451,25.11227680403944,23.230143827796155,29.81701718901968
25.07566011192287,23.793878695304368,25.06474559854087,23.21756228581249,29.735232163975677
24.856930925340265,23.725376778945417,25.20297638233928,23.280796368682328,29.586238698794848
24.68320632943988,23.68727694416132,25.16396844077836,23.34268876739621,29.38534876913774
24.56899315130845,23.61517315418139,25.096740564280683,23.179018459604237,29.333048957592485
24.58678995059174,23.638546335306305,25.173164546197714,23.17141952448809,29.15802552112405
24.416760763106044,23.541206330253445,25.0328974144053,23.221208412461927,28.97673562614533
24.37152039359728,23.4428603654008,24.992193667005107,23.238002825220327,29.26488305090384
24.33576840460268,23.591262518662063,24.93936156940724,23.2394700170052,29.54269900811959
24.66083482769362,23.55607913877931,25.01729930519,23.04663937519493,29.81724791637797
24.98170123348995,23.495255536719053,25.036303261484957,23.14849154071053,29.61240890299395
24.71260639918437,23.539347250837828,25.044133833226745,23.33134622606742,29.706755633588813
24.617549780399514,23.536756182787983,25.193804699462383,23.03175503284745,29.414788218660423
24.59291099519672,23.587368620158102,25.33327842251485,22.92329909027299,29.09841262854647
24.879814382089013,23.56428917011217,25.080401285798672,22.8749292346104,29.12351389521644
24.55664891546576,23.407677964251626,25.116191434725707,22.9396531429251,29.55504728903681
24.645766855946334,23.46368711062262,25.271824582240104,22.97058548789429,29.673738918429237
24.470092750529503,23.611432067564568,25.214130413130253,23.06539564576931,29.67117885933912
24.47898955953668,23.440218783737624,24.99559913733828,23.012782856625726,29.739607009769397
24.550621915745054,23.597087541350508,25.201756844221567,23.017309613890134,29.96854679901297
24.407683133491965,23.72321973022008,25.118257383673047,23.1372818369328,30.14499134361792
24.530344192510874,23.734105347385167,25.111734480677747,23.1173026273142,30.121943375276032
24.69287771503808,23.60136667671544,24.95558067765609,23.232424695567627,30.092215307298364
24.71404876158116,23.73977009787835,24.930918834235907,23.328489726449984,30.18138728727305
24.61421450469224,23.63510721658692,24.95231430576277,22.991906162827327,30.18606900675797
24.609480705640667,23.557956693286663,24.834001147115824,23.1827690935637,30.14530721227168
24.47606035153667,23.5007236932406,24.57161462791657,23.221915149623225,30.08607405158772
24.50153874294173,23.63434018198704,24.79369382666128,23.003425211167382,30.103967214710792
24.553677740228743,23.71083446285722,24.796047013832148,22.97130268967924,30.191999978789223
24.81661207689132,23.79807087043317,25.140506813918982,23.181455301485094,30.303598186753145
24.879812438504377,23.72583959319744,25.227724834054197,22.96811268751007,30.381453716877427
24.74960812364081,23.63423022543997,25.19958207669157,23.07243141884386,30.43797734077398
24.69216492337484,23.814130793288268,25.115756841065004,23.144054370522404,30.665593273166763
24.596328868298528,23.823612931496356,25.05591943199192,23.208900407843363,30.439524562925964
24.790970685158257,23.72296300828785,25.078502503281733,23.028018929184093,30.067065261916795
24.8735848345823,23.84889409600705,25.15229409348461,22.89162189303413,30.36317226518592
24.873209104787875,23.778268701752232,24.984249113543257,23.20571770014556,30.307288106545982
24.9466060414097,23.794167420243294,25.06421279744461,23.13896660347757,30.33556291554797
24.931043607122557,23.877407977966616,25.2515585621236,23.032081218987948,30.49337469076608
24.987278634545557,23.923247393986127,24.957549077019177,23.03745425898514,30.372798951556927
25.179430752958183,23.88124132220689,25.085853480577704,23.122691706650613,30.266849986309943
25.46519415911975,23.8604762074239,25.21825240949381,23.064430976461374,30.30351588336796
25.388552993593407,23.826791609227342,25.16016251280865,23.007526578825875,30.290706925575535
25.104065855577424,23.891587072301785,25.25622694445349,23.21783291794595,30.194632914578904
25.0993688792869,23.801388857128757,25.16049288982254,23.131705469494687,29.85859008604333
25.06176802536051,23.889911767064955,24.90323206027467,23.232968055960548,29.84413858979188
25.251653954770465,23.64805327303845,24.89074603614092,23.39253138359137,29.89017738584443
25.569999503286216,23.81242972559572,24.979061316952137,23.12804194914324,29.657984835524523
25.363316890612428,23.631511397642083,24.84764975864696,22.97524106917096,29.790999866770527
25.30674203306476,23.872932561384854,25.09120203780754,23.11627883294785,29.543265516070463
25.137713678629,23.879058407717068,24.921798149511936,23.012914723874736,29.720774873277747
25.19493767803984,23.95752775266569,25.1162493618562,23.217497620439296,29.91703280131892
25.12493234585141,23.836963196753192,24.8504839820584,23.13175750925,30.017928689665464
25.304238808504127,23.592364442173444,25.21678382060851,23.17941883265792,30.12122728721868
25.41867520026764,23.803448643829167,25.13161507738404,23.493934985581944,30.184768871701007
25.50776254325746,23.8048232497386,25.422243658808146,23.489797015234085,29.832438507531847
25.47495667984483,23.667388268552084,25.13278698109233,23.448000538318063,29.969560509641283
25.7083295210103,23.786292545156865,25.299468955098387,23.74875024843197,29.98133007033039
25.46885827472052,23.91352875353464,25.21241418080707,23.60642773426059,30.22500442961015
25.669591986560064,23.81091706693509,25.317478150968483,23.479581100255174,30.16330317055698
25.86688190363496,23.71622226193821,25.49502963168011,23.57013267589717,30.03956162501033
25.71277739604831,23.73770102515425,25.48622944124302,23.155748827550823,30.193046136994536
25.766235371476576,23.83911772920849,25.38636708273244,23.182965409663524,30.12752741455105
25.94623550559342,23.940491401020548,25.52743000456535,23.2402963681722,29.91461623292794
25.91497094030295,23.731503559900663,25.586674171450703,23.34276081744404,29.93782176946404
26.04114665656117,23.83223189529497,25.372661218853697,23.31053516351276,30.09238183913202
25.740944030778746,23.9529740998975,25.41370499389416,23.448507466485783,30.185067032940708
25.963903985208454,23.783933190112965,25.603149316314763,23.473401976443835,30.012701815517264
25.745751941694557,23.840941241182257,25.62133568470024,23.517686227169392,30.10771605616713
25.665919887922566,23.870571835097945,25.52796067282784,23.399015690585877,30.243801778609647
25.58153457796822,23.870498091462416,25.58482892923966,23.629486198212447,29.93795246703096
25.617086873864757,23.7845827585705,25.42092639156372,23.395830724077445,29.781390132804063
25.37929864401149,23.623059138204287,25.24757502296181,23.47996016397432,30.02611824685625
25.65288675054104,23.5882846084377,25.491731403067877,23.50760163615567,30.545239932079728
25.547409049776487,23.73083429779655,25.39194774921667,23.486949080323186,30.41291854826238
25.49532950446387,23.533929107800297,25.55464237380685,23.395154492100836,30.559124468186607
25.59905377977365,23.61515153784575,25.14479090004251,23.408932195091246,30.286648908276792
25.82836382674191,23.48479834373128,25.12625107997169,23.238001984621143,30.554042720231703
25.97092785761089,23.56788754416834,25.273198085478,23.141200193729148,30.51983090365174
25.805896219586707,23.489922491840275,25.138924005457035,23.33747433098825,30.74100202054995
25.67207369254657,23.534684216681363,25.344777306678345,23.190070813742743,30.880034362274483
25.4974790183459,23.475659992699825,25.29965506245964,23.323892590040597,30.823023883437788
25.449851537991822,23.5085136308341,25.551789780199258,23.25811994102657,30.695163098635877
25.437285603576044,23.63588407158673,25.23783424854353,23.284794447196987,30.70825715049905
25.491772659834343,23.56020740702886,25.299429124002028,23.463060048882628,30.513388025255143
25.48140301385637,23.59034821415969,25.2843931072804,23.30855289160163,30.45737837287504
25.667607670920223,23.540253062498326,25.5184635520385,23.2333645424396,30.234250937852035
25.673263470276,23.60997664200383,25.43649125585096,23.30303084220126,30.50727793006553
25.359074519930964,23.511231105971916,25.41443092957713,23.233208797620257,30.453140517378785
25.478480915625507,23.61289148421997,25.440921224058417,23.14359564144283,30.6180459936813
25.629331723326235,23.62199623061179,25.323820848371632,23.449586819023395,30.71550419018909
25.38139721287744,23.66062470659176,25.42715750697233,23.487985407427963,30.809129527550876
25.395340193979163,23.570706649124748,25.370677706159643,23.536071777334566,31.01941126695385
25.36576041060988,23.3189647325212,25.268981924350545,23.363728907740324,30.950608824843155
25.737809179686906,23.504167507949,25.34772765027697,23.48237579777608,31.06940306510221
25.773559637917383,23.49115442299625,25.46965898950293,23.475016182986344,31.273763174022008
25.486848636104853,23.478678048082607,25.431075149842336,23.317557601419704,30.751289376817372
25.53193533609675,23.662654694150348,25.45071937804641,23.328196032518097,30.54213018029867
25.328257111084284,23.625848547428124,25.533918499665603,23.29781283174376,30.670101249696504
25.316922482405623,23.574069715163407,25.55681496907291,23.25296266185485,30.37179792893094
25.45990036034264,23.399353017597413,25.366320555202524,23.378115149518344,30.713036387493144
25.54221015965107,23.48251175092288,25.2923239835699,23.38778170017198,30.79869145727321
25.6241989876526,23.53511630015084,25.349885091545417,23.36401253036134,30.422764829002965
25.641837091418644,23.225066639772464,25.60264581570275,23.309467729165647,30.545211407850463
25.210692525938157,23.46975569385429,25.35610148320952,23.295023010060863,30.72204338176073
25.3695664481756,23.422054169312275,25.24342661556019,23.30527856914977,30.178691463477065
25.332989047366823,23.28600111965809,25.31512668254348,23.105911619912284,30.10068802071033
25.286705290337025,23.17373606993711,25.13013232179461,23.04537789511781,30.620375131034866
25.207891912063545,23.36059430535653,25.341206714946715,23.291418185262263,30.24310918695264
25.467366072949563,23.369354602287107,25.42484754272349,23.11049049038733,30.42258755576676
25.34164216552335,23.46751247538012,25.317312857326897,23.314014256786987,30.667620514040184
24.971216382153845,23.37343432061641,25.28869411217182,23.23281457560314,30.27689892405788
25.098050873963828,23.36883343148202,25.47040443820687,23.366210810184462,30.763224445139468
25.31743783592845,23.43329116262108,25.471507794854634,23.32695274760877,30.79489166244572
25.17882526539637,23.361640958779063,25.52561101035635,23.396662964730616,30.3963550359209
25.23036491822221,23.328088546230983,25.57326783346624,23.079663089264265,30.434984428202117
25.296128000670947,23.618700123869843,25.71724139990144,23.205362130154903,30.57499622816635
25.46717862063076,23.37806929978773,25.57006334898233,23.02101661744764,30.64330826211492
25.258633611469044,23.3649142656767,25.729358757226063,23.108733868372607,30.672905997144703
25.193887648528744,23.41882311132641,25.62485449837659,23.299650061338983,30.677885299708556
24.975767563219275,23.44661879463364,25.67393264285,23.379620805749614,30.480324594960603
24.886214231565425,23.373373213231275,25.69008507572512,23.22518471403313,30.5949812721869
24.998470954616405,23.19190090518554,25.71610201747182,23.335997023337487,30.525014935097182
25.10871354691489,23.347775665933327,25.67521052190046,23.16926805989446,30.630215965959657
25.131250313900924,23.649084018002384,25.808242517369905,23.263917770537645,30.659818239181966
24.95126867828624,23.562588186751544,25.71136770664441,23.52810780294001,30.83356848552853
24.951759544104,23.43202825215381,25.74425755684189,23.592714187693755,30.84781238076772
24.76464824103606,23.448187742624327,25.619511981710584,23.44596629314697,30.627102502844423
24.836689260210434,23.381440572187213,25.684592559403637,23.441580294712224,30.896218578204657
25.16427453816968,23.371176499380294,25.637261352844742,23.396098565953785,31.119767073650923
25.2193251736814,23.24310123582421,25.70100993399063,23.293139130818503,30.95006627348169
25.35096361069649,23.26729186142291,25.8975034147374,23.43912159926863,31.31915970979584
25.31679557838765,23.05915229785283,25.82968825670401,23.431454324701438,30.9523549178384
25.188108034962987,23.27929913710874,25.633986500489023,23.647118657932623,30.65525703413204
25.226596311438872,23.259158737365592,25.59763980721264,23.57125406786268,30.467001222990262
25.19550891888344,23.39528109550252,25.63599920618538,23.460952955172395,30.216627395987285
25.419102002894117,23.57394879237328,25.66930303576515,23.420791205154288,30.1693088163584
25.51936708794023,23.683856109352373,25.583271089472195,23.398012769880225,30.3883086833641
25.341449352046645,23.796916396421,25.56820994610103,23.287791945543127,30.402082273537346
25.17806913313956,23.805892610471552,25.52297098718096,23.435370027515862,30.607777728057453
25.334884294309926,23.859902696798663,25.516364998063807,23.57293211442393,30.67023148803586
25.131180322365136,23.894956902196327,25.720382165852037,23.456395292208896,30.660546068877903
24.945814778036244,23.839544931974768,25.71982094705626,23.509129873810974,30.518885449728977
24.97814632842806,23.657826235391397,25.83532524858798,23.67269680210527,30.62832882887988
25.08919367781075,23.70455001268462,25.68287794434649,23.79367478747576,30.377364529999262
24.92125385807876,23.64868001669688,25.66437706729616,23.96626004283751,30.929591910496494
24.79029740994205,23.63203607011617,25.805902949957733,23.73453090520933,31.007142985336625
24.71039200771695,23.59807404451592,25.64018896642495,23.65727249768036,30.95124195712635
24.35634024307137,23.64957839589691,25.82894469620436,23.482783424443056,31.25318584834892
24.408615654486717,23.682577167518225,25.758045140289585,23.428946553293585,31.18811982845962
24.533171052231737,23.75440145178849,25.838834379507237,23.450852237265945,30.886449517625152
24.45844492173002,23.486017589046583,25.774159735405732,23.47335924183095,30.32870837996548
24.525448717160685,23.59930481858633,25.71620923199692,23.512003648526463,30.383089674370584
24.22026369988561,23.78689588798414,25.73804182215952,23.536802573469537,30.525151667256363
24.300974035039943,23.568400822493395,25.679978925823267,23.62982498805002,30.443940194247556
24.47060594241969,23.68812986818449,26.078377311415625,23.65865189235297,29.82744787109327
24.514500486363524,23.60965485463125,25.88439932390391,23.70161203581409,30.006614943246426
24.659746827209453,23.617410799450013,25.854570222610963,23.632925147518232,30.15617486552937
24.514159535638356,23.66014860353335,25.81067458635348,23.769320434634658,29.91055176432176
24.383870304814543,23.66278224627693,25.83108877313152,23.66603202757174,29.9924660605698
24.424415389182585,23.838275410250144,25.749412979809083,23.54968135732737,30.04738067842636
24.593349173533756,23.770657238879075,25.532542587753248,23.641559420066876,29.91273092652079
24.554045339686617,23.629023418643897,25.49825243981662,23.88794455565368,29.739493226931145
24.58798816848194,23.726341755682864,25.29099999744039,23.82248769995406,29.53227160440815
24.58837701347944,23.89209716545702,25.70815433566448,23.70809662059249,29.85932489779954
24.773356648475744,23.989386298065632,25.42467270865249,23.73029359980717,29.76329295344464
24.638308945582978,24.162003866563825,25.560112318293196,23.743594095021024,29.88209243911904
24.680511023316384,24.06227976934408,25.68028557588604,23.67154882804955,29.905094038839
24.881584042516103,23.832785567287985,25.78600650742581,23.51615229236899,29.749409441434327
24.852241463928884,24.00342550261926,25.58084175206641,23.48547758884756,30.088056754595545
24.885425387528517,23.80572812790133,25.485923703526005,23.532765498873434,29.885039656970967
24.935646153460283,24.000651713973987,25.47547690458273,23.551121214851324,29.649236436311227
24.96705645951717,24.00351850001101,25.595054115043187,23.370236900354435,29.769260685793625
24.932702837953503,24.028621656443512,25.40777140240148,23.184398882556025,29.58534921027808
24.70121586099655,24.10731556210068,25.41518641286553,23.218843911865523,29.878035765799144
24.93624130171249,24.35433534348349,25.268839703618006,23.545370499295696,29.75199246617703
24.814891352680867,24.33075876843344,25.47243766417045,23.604786416025927,29.745067132584463
24.787299845287016,24.29028389223889,25.34434783408271,23.55587504853888,29.97914108375679
24.669050236129657,24.33966103017221,25.276158301002106,23.60345951001724,29.560003889885625
24.58026807973293,24.10185583270644,25.300824137420395,23.74659931313157,29.59834958413361
24.38550007276087,24.084200611000472,25.14420287658041,23.65000630601328,29.37616688104143
24.45083137475265,24.077852607621548,24.791927838878596,23.718108571154588,29.074993127490163
24.530047690091187,23.80812551946033,25.068503681560426,23.57830442906653,28.9823307758812
24.284934106255044,23.791831410944532,24.9297031377096,23.61270373726842,29.406640644321723
24.38124620337381,23.69771413864642,25.20956147318548,23.611902575084507,29.647482237923423
24.35454996645458,23.83442518050434,25.352109259060395,23.51781733814977,29.60244925785368
24.343456615446108,23.98592932310353,25.332391774799945,23.201405755069462,29.350697731154867
24.49851470798624,24.03446588367635,25.22684493615542,23.356939639135213,29.49138035916133
24.691843101225885,23.89041485418297,25.30226689728835,23.47763229833173,29.55191210939735
24.59809464922695,24.054001833620543,25.28951700192424,23.55348777087914,29.64728877407361
24.481032229315744,24.291394961603626,25.470641829791163,23.482162669411665,29.931704924689985
24.282285364482945,24.11102815266827,25.2418083090163,23.58735340984044,29.685533660472448
24.562838627220547,24.126447793375988,25.466181275784592,23.255462906280982,29.85518545040486
24.581588375719484,24.00072848438691,25.49682801452718,23.4209331101684,30.276210853370728
24.555526124472337,24.21964516689385,25.65738108049269,23.46870554784949,29.95527852860829
24.31258049952937,23.987636827984357,25.634125138484677,23.474164079977356,29.884451497260454
24.38125824325825,23.9344912994588,25.300065927466967,23.61399775844742,29.68913669624056
24.37107148077336,24.180481971997903,25.52198065655177,23.502842036497977,29.50954033502744
24.27739940674426,24.16064302442018,25.454403687812125,23.40267631846279,29.590150565307237
24.285564766831083,23.91778657108365,25.417096605218536,23.59881079618383,29.556574864763768
24.322839261632375,23.961654195998403,25.431364837862866,23.445179746364,29.895632974382806
24.35620285849887,24.147366005253826,25.408796495187246,23.52076866484693,30.21981201827988
24.47517111842248,23.992158532874942,25.38848475749587,23.58615675306901,30.272591434422665
24.65240379990697,24.101238762050603,25.37977201420298,23.345644654842523,30.1062113853271
24.668309243462744,24.05422412224129,25.30366491859192,23.39727426570277,30.43179942723769
24.5044534498593,23.92972214838884,25.452613149079507,23.383836570633918,30.39026723381985
24.19002077229553,23.97384274561893,25.61385716355772,23.43177978424909,30.64195697975823
24.528861734983916,24.0751862036766,25.66114660478541,23.33523980726366,30.63857531651978
24.386095661259343,23.788020352940737,25.5398105497963,23.1862134258208,30.79913638269667
24.447833301444412,23.99831770384125,25.464093005411623,23.31528759228232,30.71340061711343
24.477253213225747,23.988650852517644,25.33859729498347,23.324906045570405,30.778588236786984
24.23580971583096,23.97113249421967,25.35334050744663,23.59071284026166,30.51926685856513
24.140409611315977,23.85740953101758,25.21589168000977,23.66226545378454,30.696767362012515
24.171238793842956,23.951911278653963,25.43408788003632,23.673808135300444,30.63317466008933
24.314138158516176,23.88492978280641,25.21464213748983,23.40660263111908,30.923618917703013
24.03877739878414,24.0292122376856,25.191820415904967,23.28729850845881,30.298903182843727
24.26147371892908,24.007562169465267,25.14685207647589,23.24355033733844,30.430213737907525
24.25538754346798,24.050532784575115,25.011594021522534,23.19429163880349,30.74108898434144
24.37281925066449,24.04319001264713,24.88078324989881,23.23010291509858,30.805727942179125
24.39800503328628,24.08398376239877,25.07910921270268,23.230045424902105,31.04936873444329
24.525929240343395,23.94951225398732,25.266398016174488,23.427387550464537,31.18221801918192
24.423328573515835,23.97769191014234,24.94321686613816,23.23101763647617,31.12327874677917
24.166105200169284,24.098637534149656,25.03107225529777,23.269719856450955,31.03545092957502
24.215265384453627,24.087931572869472,25.18110632699592,23.41586368013978,30.803651627511808
24.176322702714035,23.967212711523526,25.0198327913459,23.29968851835241,30.96652542084371
23.95809860097576,24.05110588000062,25.48041306383685,23.40645338293314,30.53256864440669
23.859441348049355,24.01744129515522,25.70753342948573,23.410781370826687,30.876831704561194
24.09811543824296,23.93090530804535,25.44636433149015,23.422668366695948,30.96327573198687
24.026759668616027,23.844798912507745,25.28576566293642,23.37283538302412,31.17971823076145
24.22917112820704,23.9671252567877,25.34089157812901,23.348795816617685,31.098927636049357
24.188351399965235,23.732371408931105,25.556331850628776,23.319376153772367,31.20950562773822
24.474440410427285,23.812386124620403,25.515775525329936,23.431346963028076,31.30956667595741
24.66509515470505,23.677300909735504,25.53430873201257,23.562596967613384,31.248610584631
24.47651245004468,23.820673336422637,25.979281404772987,23.57436736970121,31.395199149788635
24.63658841436588,23.871036485618376,25.8703259475408,23.41486441701045,30.994500952518816
24.50441360258843,23.95811015782259,25.593137313889866,23.41285433480093,30.52876362079009
24.275533873615977,24.018321046412968,25.7454461027289,23.36113088740261,30.763670265113657
24.38043466404929,23.96912617135245,25.637299559244564,23.48173869176586,31.13780377086675
24.505108313865883,23.94194428124052,25.58091711975253,23.3905802224034,30.903617782425588
24.30108313039366,23.887916433386096,25.78190745964552,23.40246400576799,30.670815941849536
24.50187510933687,24.00820794629358,25.546884027173185,23.30763306996589,30.685542668704677
24.6292012987059,23.867432295370516,25.33244217731716,23.201900385252188,30.613082128450586
24.52500490005804,23.99737181399168,25.647694728699307,23.15203319703309,30.717421167747236
24.363129764355364,24.176038697057336,25.632027999332355,23.24762535534063,30.6984211957516
24.488114335603,23.92141237137165,25.77559345587369,23.32812767402389,31.00032952022865
24.541631071865886,23.8998425522404,25.64507971613268,23.45748852433164,31.220126615612195
24.503341198260166,23.84481013408845,25.52322311298847,23.3387353804667,31.316049652898663
24.4574574149168,23.862489218129834,25.62275743091185,23.29922302089544,31.208625084754253
24.70146550248681,24.019145920503718,25.76578334117757,23.245475190457576,31.073012166458035
24.675492196473375,23.804062058445187,25.712437949609736,23.313412768305657,31.107342158425396
24.63313660167863,23.986130677471262,25.86280939112672,23.35066512119092,31.351964178308243
24.512762972939864,24.08340804548436,25.61435668513824,23.37229691637053,31.48845624396462
24.88653867319729,24.178488787762923,25.55143213645767,23.475600971276343,31.19263978086469
24.88559666699193,24.1075666913316,25.51319427777216,23.57157374229203,30.69544733297326
24.84621955700975,23.963712102596563,25.623766639057312,23.51491366072943,30.28505634012072
24.798133328875394,23.83818927200299,25.58954225033284,23.66871830294548,30.11074138960514
24.874755732205408,24.020171692522563,25.612096196986887,23.721548831213187,30.08690791660228
24.971097722054964,23.9259268884029,25.5859175180406,23.78543335091973,29.929284454079813
24.897147198783216,23.822059417457357,25.67208467727209,23.607070062510665,30.10697569866102
25.07954644817054,23.72529078185264,25.69801011804147,23.768323109054705,29.91253532776198
24.894710279944,23.70325242899042,25.65749838425377,23.70804393112447,30.12449779987996
25.09695112169908,23.73639683072029,25.674004181394917,23.49882974006352,30.446557498230057
24.920904514076405,23.74497837915732,25.66627412731193,23.79888198077843,30.72135399254769
25.059409963536623,23.4941331334341,25.9168171906887,23.734394667674263,30.45556058708049
25.043387817623383,23.81728251118025,25.75836569468273,23.805208756432005,30.449898294205926
25.16429701883964,23.68287082621869,25.755915816677877,23.66764525209859,30.34847912564364
25.063456828426325,23.61711626256268,25.74433935097335,23.83182785247469,30.226720791354364
24.97362456314587,23.68979746835992,25.445990928327447,23.819644477080512,30.032298017868
24.79105881119176,23.50495196445675,25.892769876737205,23.79086029901713,30.322023121496507
24.7457749196862,23.63249892554748,25.95101099217677,23.76449383936755,30.651209959740115
24.580923963089027,23.60313839046951,25.71077719599997,23.61282656679384,30.35938173344752
24.57405578796979,23.560700619566607,25.89186025369142,23.490768176280035,30.1927906952462
24.923800432446612,23.47199995661097,25.936780407547307,23.51253323078065,30.139741488150523
24.87307550316832,23.818392715406304,25.992743024923268,23.51759713587736,30.32545328063488
24.994407894078627,23.793156131509697,26.086997644560626,23.507502650323723,30.34613491587401
25.10362021870707,23.74893919764166,25.95750874623664,23.49627654208314,30.525085810760075
25.274013359324915,23.778702441602626,26.010081604716373,23.461982401703608,30.527016088319726
25.426200431878627,23.661695829422506,25.973482840030893,23.569758623753103,30.430975916982955
25.547841064528555,23.625850108773907,26.11601853459084,23.32575217258607,30.31464824085064
25.3128280459304,23.586383841642757,25.96046734853189,23.263154117838184,30.27443611538063
25.34319729156056,23.587839472407417,26.18006585987363,23.34059623871148,30.17448216132886
25.28250064751807,23.88229107576476,26.154280096058965,23.2580297354156,30.495558889578373
25.226525099630837,23.801169739587685,25.99050298846881,23.362887325851908,30.78021781068575
25.01232376732008,23.85493927067898,26.16506537916271,23.194902789254552,30.767728306959235
24.946973774244533,23.631411409463745,26.485631179826772,23.335057068689924,30.850946234067496
24.94025355744909,23.67259059679988,26.31973456720879,23.20324371459561,30.6462746620238
24.812969658919545,23.61355094412908,26.19808805516029,23.28371597634949,30.48752191430732
24.98048701663208,23.53061975150304,26.15900169716495,23.142456792767057,30.755798981221325
25.128897234429907,23.56586392393095,26.34080856667969,22.96834677419702,30.903723454117383
25.256680124151806,23.60639704849312,26.07374235950206,22.969211055582843,30.656470486876643
25.284044234205844,23.584286916729024,26.261344512546938,23.05276455577837,30.93167810684573
24.970900662609584,23.59511467545845,26.07293124325816,23.099214290844493,30.874378367368923
24.957979885532943,23.539439258880936,26.06751913767035,23.008658325328646,30.971383387253173
24.9004906971889,23.52600826673382,26.05433378654129,23.13952164706631,31.26554101194701
24.892738204664337,23.796479985486176,26.31775439833921,23.034713039952063,31.203762032063203
24.80506812596648,23.8155079068574,26.135563452394308,23.14930489676868,31.64487105443202
24.950075770693044,23.8022444047052,26.10720857112366,23.20397955569456,31.46963409212438
25.171166270544703,23.926542116468063,26.19625239358199,23.139111143819,31.67384127787165
25.228666245075942,23.645611378287423,26.149178190746905,23.15698157140147,31.507491159986564
25.07358876220449,23.733606775889548,26.171693511637315,22.870288584536844,31.554572165921428
24.95802443766996,23.713886236015707,26.05010467786289,23.04365961128356,31.89096196769629
24.98589410216776,23.582851020178737,26.37054639593822,23.08210686614389,31.81929494282516
24.68897952296502,23.67314418407604,26.045228562244382,23.12239871765623,31.80900817852544
24.802330954353803,23.70500465568643,26.06937986647385,23.089973545206743,31.437014226022523
25.21347533706671,23.75441295236904,25.921051252270697,23.05251732072924,31.68754469843538
25.073327207870875,23.68560276523612,25.920607151739883,22.893031965313376,31.57343824557283
24.897929341205696,23.735284072893585,26.081363455140696,23.05884582390755,31.330801349675223
24.75391256640308,23.659067911069105,25.94644857781503,22.95625169792658,31.366369656030745
24.4728048518139,23.58718905656716,25.881946197985744,23.031981273409173,31.29543286594256
24.53803335169636,23.546378076531564,26.004932803723797,23.14049421316961,31.483862985143737
24.367677025356684,23.60061341058057,25.925788882931432,23.06312047591097,31.38477447278764
24.33133480423209,23.597631180653877,26.078194027223734,23.05953794393664,30.976926155482
24.29487962693804,23.423579669331485,25.932436677195795,23.01807641454475,31.026741134957597
24.29000445585068,23.474320817582186,25.88460981771,22.94630122141933,31.22722026628885
24.20377922796664,23.51091576607017,25.87945826135325,22.944204870212605,31.225361414017307
24.328896925289264,23.39758636979085,25.69831276115938,23.140922907101537,31.121679181781023
24.468643015497864,23.53487999532806,25.816394858759004,23.03903614791396,31.08183316984534
24.463006637145828,23.53417191044841,25.76363481035764,23.02097282785237,30.778984498892854
24.41326672544864,23.698748950372917,25.77853714509148,22.96993173958188,30.295911617696785
24.528402779836927,23.53638641266742,25.9441961670445,23.08793737788884,30.03589964508877
24.562683060988917,23.35695527157932,26.056673275992523,22.974577743220028,30.121658388992643
24.33062938689469,23.31693070755926,25.95821747314076,22.902592218642525,30.231877148003395
24.30448948954777,23.50410361897547,26.151966080197944,22.983889276792905,30.43073358807523
24.394544548669813,23.397658152318343,26.08496194611746,22.96249013974084,30.600058373628748
24.416212833925208,23.39493912562224,26.085988330448703,22.93630418451581,30.21855233009297
24.610852544977995,23.27607958483945,26.1023722120845,22.91094797661134,29.876577807061658
24.670854070454755,23.33306115311308,26.01889993301441,22.97677486447528,30.090214719315924
24.693592927217715,23.380239948399986,25.79318129782149,23.004775431747365,30.04930503767335
24.63148503528336,23.350388596887964,25.70757530621029,22.79985608036071,29.897827037143845
24.80775810625013,23.322766339555017,25.80618361708182,22.865977656200084,29.847641592939507
24.89928580647195,23.419852486700904,26.08992128508106,22.87835157358186,29.90217727885416
24.778431767379576,23.413742577583104,26.159346411791734,23.196591884180133,29.83404086472759
24.76834193608364,23.337019025940894,25.83842487501089,23.03972501298578,30.02525394248587
24.582994796645547,23.498234817887774,26.012321671850437,23.13146701123649,30.18082853299265
24.75739328011643,23.51845005519972,25.835198279675183,23.20081498998121,30.080975048093503
24.42126858492584,23.419426608210888,25.86297735101373,23.208197179385973,30.231975438372277
24.57828040937861,23.439071842332005,26.18239762109348,23.131212764839304,30.225710633170884
24.501856218862194,23.41793468712271,26.06785901757153,23.15447634253468,30.266240842939848
24.796098114542048,23.54460527037947,26.002037239842554,23.247143262652447,30.30065539558789
24.86310590218725,23.346797191421476,26.02550083308708,23.340755320528626,30.27561550145068
24.86411214214242,23.65163427254308,25.79577330979395,23.32083419148675,30.11316234005013
24.82478588189256,23.515875130761756,25.82257002992983,23.43810973453414,29.8519509133054
25.004004694117548,23.513838744012777,26.230857114746076,23.329634412519983,29.73381954533192
24.90364385894464,23.563597297113212,26.127428556490987,23.278516864073325,29.599370028708183
24.65811313236496,23.51916868634317,26.186488977280632,23.186155515070453,29.61602139714976
24.742191379305968,23.566473786878632,26.077331520581367,23.30041752177405,29.24558602846772
24.640322292323283,23.710765628228696,26.123898608110647,23.2733978669239,28.740847071538152
24.6663449956682,23.729798103069204,26.27395572131953,23.249506689076057,29.18712045586325
24.55609569847353,23.638831825764623,26.02283077269786,23.220001815467157,29.17906644857861
24.56522522132111,23.589382560673616,25.846574574947844,23.285201769483887,29.15661155509593
24.45565144347137,23.838933640741114,25.94009719614192,23.410338460874843,29.18966911294319
24.446324347791982,23.814295973448846,25.841276090953457,23.48917365391431,29.482981336606723
24.521980390153388,23.882224882946574,25.747791905255397,23.318385522207414,29.5348736138726
24.41453706090269,23.719206263005464,25.75307721936415,23.465184976402284,29.511484462318787
24.405216032805995,24.00370122886133,25.603278828635997,23.58162984053547,29.725812927101384
24.456200573096417,23.792138238066013,26.02040894107622,23.242672952655536,29.285542871013785
24.78982418872193,23.780092070913085,26.00816655138693,23.2746727514652,29.330145486741745
24.970249216437864,23.95703169217411,25.75323275234512,23.43696217401797,29.53410674421772
25.1145033884633,23.977275486258097,25.65257967329201,23.246189237775106,29.545824794352384
25.340889683159062,24.11317025636659,25.510386051822078,23.30397802733442,29.50763308653775
25.071964857065574,23.887307201752957,25.806293711477945,23.29522381757158,29.76009585034531
25.08401252056511,24.064558257492425,25.73436050942585,23.22685256173555,29.482196796144954
25.242313675215108,23.594440290598413,25.71483523164621,23.119925588767096,29.691065082926418
25.037556353086103,23.78457718055191,25.745215822334888,23.269674270355623,29.816017790008896
25.000828558930746,23.81074630470588,25.951043877028077,23.20629326628577,29.87291024276313
25.04207560763307,23.908585784700744,25.89405719397717,23.309203383338776,29.686560981242543
24.90253834918547,23.767567270890247,25.800171178286632,23.258716253386535,29.912761456503723
24.99817280596004,23.577804520198537,25.969038792382253,23.31723276751024,29.74437717640001
24.914557066915183,23.56725643891225,25.77028376461723,23.23935072603885,29.50265688164614
24.73656255877518,23.754027007066565,25.84962527024463,22.99989721286792,29.843612108567424
24.51660980242453,23.68754555476423,25.80734910037228,23.14366303937919,29.65335907847217
24.34989220235069,23.64348241457404,26.07275868344435,23.373838793117244,29.814710122730972
24.388994724341085,23.681711753068345,25.770567473048335,23.365175818530368,29.941763675806754
24.75891486086122,23.916963950833644,25.62820943473713,23.53329976401557,30.148075738535248
24.656504133360947,23.615113372294715,25.34286265713403,23.314321787937946,30.10169879469928
24.57932144936401,23.64554207834828,25.416904337624896,23.464926123460835,30.04472848376916
24.847544399635435,24.001588579217813,25.63402985072156,23.27673490139153,29.967848779974094
24.79665694995725,24.03245773705121,25.672223271073957,23.2285597279488,29.70144502968477
24.772085671286074,24.04834591124663,25.656347984169948,23.332837679542585,29.41489219730912
24.95036127391789,24.081995122526852,25.72699878465257,23.45547278410176,29.763790156978462
25.23488141245026,23.868543571189225,25.51730617392625,23.28164664329849,29.636812810344036
25.13798200766818,23.91510256671937,25.45390999957832,23.16259152522422,29.892790207089845
24.880471508674344,23.85634289936284,25.529260314040577,23.23668497272905,29.847927046423838
25.00821182095643,23.932024781911263,25.532444552584824,23.327193025991928,29.80829237963105
25.01577427295212,23.88216265868417,25.47082426735781,23.230228288729887,29.645491129490065
25.186789562516797,23.94393656874704,25.559726478090013,23.24190396969836,30.039507437215047
25.17596853748712,24.08182482378308,25.40334994865524,23.260613786774485,29.953770831391797
25.388668709166467,23.89470452337292,25.318132035395795,23.281719797141623,30.07192094451864
25.098245834387964,23.871838488431365,25.36404413355467,23.41822659788534,30.04472325185329
25.10352378190286,23.887254157904337,25.327224192452704,23.386194529212823,30.053560710660214
25.032338110158207,23.924160268024792,25.233704046043297,23.34381416648222,30.03668967602654
24.87960771118723,23.83464521578124,25.25375085712176,23.218298617170746,30.42140742856136
24.831086428942985,23.83516297697941,25.00941771825865,23.10376817417744,30.345562356738927
24.727235262586383,24.085892991546576,24.9972529899002,23.21749268584625,30.048645202307707
24.71658014018016,23.934458226549303,24.917296158390677,23.42947328496825,30.281097624516008
24.685072374201773,23.915318841440705,24.90308656520038,23.43830235551468,29.91389129075595
24.729266719840457,23.837101007994317,24.7592390509048,23.34805868914177,29.75435487645819
24.46269538659279,23.774324062992704,24.84044665652592,23.310780809806563,29.935843889465765
24.6649717675399,23.464875761994342,24.978798455672703,23.24040184755763,29.878752976451786
24.60441397368511,23.63572838575087,25.096537358197587,23.26658503761006,29.249029640956728
24.611742513148613,23.572232202810365,25.081465875492583,23.253915657388887,29.253606846911364
24.609683661889505,23.760022891490213,24.98690532754264,23.48324920044389,29.71006571882116
24.983892014400265,23.73421288599634,24.785859633253956,23.59429553902162,29.83157575601045
25.099662544313382,23.68253658253235,24.952775357392916,23.559748907632,29.68037495118642
24.87375839497245,23.84751420556348,25.035815474657987,23.599106019081045,29.47065057665808
24.83185741033851,23.758548875578267,24.907025775062564,23.63684337674028,29.374425603780416
25.03731980665053,23.69616451916577,25.21906494219392,23.398376437978094,29.616449500090017
24.87766977171435,23.7650379682494,25.234637742442203,23.509693833585025,29.61733812319126
25.004098902102104,23.89032985769857,25.2876539375874,23.52571558925514,29.502684209502227
25.033305388182463,23.61990776815636,25.282523051650248,23.467703750628807,29.481436251677376
25.209575558713293,23.597177853795326,25.365643463085355,23.52609288009066,29.50357704450717
25.294585600002105,23.681913242936517,25.30454161977504,23.33456000154714,29.59134332102168
25.277307675330064,23.63793696326373,25.38987511261856,23.460858072937206,29.65377222282505
25.091640766612763,23.66433809907328,25.53195667535924,23.664653900788437,29.609338161751904
25.15436023292347,23.708908965825884,25.508355744820214,23.61616483650769,29.74024417403415
24.873729135190484,23.74018437805907,25.499020366481503,23.661585611091365,29.91310983474433
24.910612730239706,23.616829043425977,25.209091347384746,23.624696157705053,29.58323070708582
25.06254398372768,23.4146188370389,25.529296171038755,23.803056375073247,29.68907398543049
24.94483428804796,23.43833409331562,25.69781752797632,23.71675455854671,29.37604554824293
24.870096848061717,23.55204001268374,25.926485789835983,23.817807992915835,29.58308831483676
24.84933581828407,23.50100535035315,25.83531764996656,23.85206396528021,29.70333524464964
24.95614204166153,23.485514006647325,25.993961111912338,23.78480710208867,29.57010970103213
24.94643302573276,23.669528126871757,25.807423011080598,23.71141328271704,29.575504026861974
24.711784004734813,23.626580767307257,25.96741777937892,23.64257963117551,29.841345197021845
24.654928568068136,23.744765074029903,26.028397265949376,23.94119411926466,29.786777649201337
24.838177414638423,23.552535763899563,25.954650333335078,23.69555509145697,29.758471274689143
24.59877724467335,23.742996295533988,26.13524319969788,23.660844802994443,29.814001557694876
24.77711324060043,23.800307278508622,26.11224200618657,23.73284436213164,29.69558164734333
24.73221876584703,23.794919457791597,26.12463237021768,23.603455702898277,29.707010399664945
24.695541973523845,23.90662928374845,26.07681576930605,23.611807504120325,29.314528463140405
24.509954738680417,23.91666662634165,25.903860794929287,23.60506531823261,29.446921612581946
24.513894822280083,23.86380039956113,25.889554841025365,23.461761852627493,29.46295672719292
24.732001584058757,23.773961037366902,25.920630845903258,23.405741900838954,29.70435224693457
24.82775101229649,23.759884873059065,25.87603869452086,23.421595345388543,29.646971845303145
24.84488099757068,23.866289869299283,26.1174749752853,23.364439836736388,29.64044054735941
24.783505241450356,23.782427235423757,26.18503266824687,23.390933550440703,29.59019157395194
24.63238914529361,23.898733629387326,26.404048412160105,23.437467537064663,29.58222666609313
24.871228742228407,23.771135909451456,26.183608361917383,23.499081822489128,29.354818360133176
24.831063511924263,23.895576286761557,26.455409717653247,23.357442197697758,29.191722988853392
25.048545921657613,23.88385859082372,26.66252856186575,23.61907495042559,29.74522447439927
25.09902300762639,23.87697796504848,26.86848287615494,23.526670357253938,29.295142556480847
25.058504841077777,24.02862998361872,26.58981724129531,23.418699129652197,29.51902535405597
25.134925570307477,23.980197704127857,26.675283187336987,23.48357303169894,29.543558706252643
25.030229796487795,24.107102257596026,26.680833182534474,23.435899211192137,29.689060545011017
25.000165210384463,24.042345890165645,26.63698808887305,23.41991850299263,29.303264600126496
25.050472812207826,24.0817202001355,26.77784744121568,23.38623390887619,29.554645937440977
25.065060834045063,23.949970260213394,27.10230213609004,23.295084203036463,29.668834325253453
24.902582937355803,24.00646126418308,27.13742009548837,23.31043611607483,29.4834065139748
24.994592724126587,24.052357398797383,27.425610065627037,23.479367951578,29.36275026207884
25.203329895429725,23.81513925783748,27.505408509221223,23.33897328384259,29.17862716907778
24.94470636405347,23.824756192330216,27.398130675655413,23.3998443373995,29.055391903176726
24.99613670834873,24.05673226736712,27.305651734412507,23.344330627467357,29.2104495781837
24.96990367050725,23.98083323519649,27.43750269792665,23.139759814527597,29.690648717435565
24.82635790726967,24.17524493199201,27.465031927485065,23.19705486191119,29.92687666734553
24.86243779846276,24.037508898047303,27.321086886126157,23.34433888848735,30.006020287314367
24.88457810726929,24.03407616733493,27.54499791049512,23.35591111514722,29.69862576125344
24.96253786234474,24.079344801292976,27.246706498721075,23.432369511032334,29.634810589733103
24.836143570114565,24.19551891223842,27.463240854545603,23.48766906038432,29.83065870287981
24.810030280059102,24.013524605833243,27.627969656791887,23.391692585300124,30.208117128927725
24.790614897558825,23.89104491111875,27.52614431669479,23.41010847474394,30.155178227870067
24.87985040257166,23.86959417275377,27.60201258242424,23.35178183477306,29.94816313083266
24.89246040490058,23.88809622453573,27.3216786181044,23.323124634910027,29.585359565324424
24.864581104678734,24.01138929219601,27.66065767812624,23.65119069939156,29.56496658934033
24.899247885095395,23.80649083056981,27.31449957367427,23.668334344813207,29.70938467490451
24.648912427769023,23.891154820140883,27.126728597910507,23.69628563870532,29.792187912757484
24.715672813857413,23.90594694948514,26.983485606024438,23.787523592036816,29.778794584687404
24.576593540706742,24.058579721562296,26.760973896792414,23.767808612562696,29.834657336316027
24.65702949462846,23.94606099682003,26.514115885128287,23.741005882010217,30.20518488480592
24.638453124378252,24.017159836343904,26.168757540425943,23.74884743324611,30.728898614356183
24.34400240762155,24.08808386083623,26.38090312785023,23.83846480670463,30.71928139438226
24.304530890722404,24.2102323276366,26.654455204382117,23.64954184695041,30.42187071715368
24.096484966099013,24.179832006044336,26.315335447153668,23.712608266837737,30.457370975695945
23.91644922216025,24.08158848273083,26.30291834416392,23.74147947995383,30.26881133910511
24.09196533182459,24.01848654346794,26.535354627321595,23.661054439929718,30.03331350032705
24.25492164838594,24.076332466511293,26.442786804036366,23.85322421988631,30.534170454412592
24.29176274890021,23.888243573646296,26.82281012000433,23.762955590087905,30.525290685217374
24.343141320144163,23.83321312721277,26.62247970159469,23.73129853726522,30.540837495634843
24.35761631190307,23.932881879746,26.56304629212189,23.61418925252893,30.636754918831723
24.28245592735985,23.973680140123417,26.15791717031159,23.726829356374147,30.19114870950096
24.244738335443177,23.810531670522803,26.18577132791274,23.609908379446424,30.24307378597964
24.258973110785245,23.961950981923557,26.40313323421993,23.660327711138255,30.458502753695267
24.27336133940417,24.10457868814631,26.5580851622262,23.78248268994125,30.548712910533258
24.09130289040516,24.10635574368045,26.229575649385545,23.696061325316244,30.54858778587065
24.206476344793742,24.22121719323492,26.21792504246305,23.6540242867621,30.44647481794785
24.26427173941845,24.140459157308715,25.98417523942689,23.66548417255461,30.190240537888418
24.562035415425772,24.02477127500298,25.72254636017587,23.683201889624424,30.23110459390564
24.63841284057985,23.909362079198797,25.6203144332822,23.71639595844121,30.449663249764505
24.458535645622547,23.921448528699468,25.59780460033489,23.512272209663383,30.45164150729991
24.416216341365605,23.93350640499997,25.408485604366398,23.672355499665805,30.36588342300071
24.339564016634814,23.919365595400013,25.50653444730321,23.57687027597837,30.271998533308334
24.438719255234584,24.155353523102995,25.75861854627292,23.669069008998537,30.50575175217441
24.402561940133108,24.128366970011157,25.86102351477865,23.589748367025425,31.04573072676148
24.3820311938272,24.049556524770736,25.75674590847625,23.60080478869446,30.658634711214056
24.503195398546687,23.939644132822725,25.80542159170148,23.61165581203208,30.751100926970317
24.309139269894725,23.778359651681587,26.009454631081898,23.630821996521902,30.620539137160357
24.32155538273337,23.662806692402278,26.034789540624164,23.51154317077915,30.535769273224105
24.707110991969262,23.59233748372639,25.942280801183028,23.573017475296368,30.38202712712459
24.818297477219485,23.77524380332984,26.034959341157855,23.53094835905381,30.40109311514261
24.67075025305919,23.804380446957776,26.12564739429905,23.40267252433988,30.27097321645407
24.825987037044516,23.513191050374733,26.17491273643678,23.52929602641716,30.384002410814645
24.65978490466253,23.837507026018187,26.028808426680182,23.45887582627001,30.243943588793275
24.768558038319483,23.80980095313564,25.98075321471897,23.4445586129322,30.33680988080304
24.71360025794129,23.744905476672887,26.10321030757387,23.402353439768117,30.12767968316933
25.083129810834414,23.80265599678563,26.14103206270296,23.41303513112453,30.382834207327043
24.95056724641561,23.88820399408165,25.904484892767748,23.558484014705428,30.6375229107412
24.848297911426787,24.014156508670887,25.98996318980471,23.670327666658736,30.768743809840856
25.09383958612433,24.028755804387583,26.07553012198956,23.791330992375347,30.854036082012147
25.206834538707717,23.979851865990597,25.84274078049571,23.71248636484072,30.752580761688243
25.25505766092415,24.059261845531186,25.647904974526817,23.63407428635653,30.767621938338337
25.18340144596523,23.904671016800428,25.95762125553226,23.486919014467656,30.49317800740961
25.350717510435462,23.997458067928427,25.512567566388125,23.53506439932484,30.45291349897597
25.60017346971648,23.871713114893414,25.42621074217592,23.3557708343317,30.447181227531324
25.58929290388749,23.85917177683976,25.50255516645182,23.514689860369312,30.384918470867063
25.62493231302924,23.695761266553976,25.640860275489835,23.31163486910524,30.409066110927416
25.543588949741693,23.68623696807828,25.93998431860429,23.38040260771473,30.144619071533302
25.730824117475283,23.809536192174857,25.80906936996369,23.700938116133944,30.472679832609646
25.56066040290398,23.719014660708712,25.939266637766803,23.736575539548767,30.398181054907525
25.24947085548864,23.60392701428891,25.74761871293698,23.665833814470744,30.42841209321248
25.26360463402132,23.70284383348843,25.931592147785786,23.70532345002681,30.204953131177056
25.526541379732365,23.805241530085077,25.818168007545776,23.80546949565868,29.88302794843673
25.882793704182305,23.8215120557645,25.812223704638097,23.58940834125731,29.99359331680921
25.929437530610016,24.03386764152527,25.70048343570185,23.819054366046277,29.99902462108477
26.056326972116825,24.12834000124381,25.663446839934743,23.87752629484391,30.12808641122581
25.74750524989858,23.988404110179427,25.86677486415257,23.818690124461675,30.58943381383737
25.49024929575633,23.93426130642246,25.808245286235685,23.78682546650889,30.303822481605383
25.479909244280783,24.051863115048867,25.695759886513283,23.64575599420551,30.429005499482816
25.202733161395116,23.910607270049702,25.855603818955757,23.648592541858036,30.563862397135782
25.551084250393053,24.022027964298417,25.70992622847104,23.767670263337838,30.619023215633973
25.187328233614306,23.84342559470693,26.01788510771537,23.83630967628089,30.53532899852881
25.256285452423104,23.72097784502076,26.04603585704288,23.85591450300177,29.966884495963058
25.05002030581082,23.72165879814478,25.70371430324096,23.647380495596348,30.21874072428694
25.13332707284718,23.772278339581117,25.496839144682397,23.765104683943253,30.17043958162169
25.204660198186705,23.839901987040083,25.6226269228906,23.632988295142336,30.381650408187685
25.118892900443157,23.74217466526404,25.680704286036423,23.873392242817477,30.38125640578354
24.975847229612956,23.399024367579266,25.981329495942543,23.790680240940645,30.316342697432912
24.84684716699178,23.637001749940698,26.10812250550042,23.53968960626885,30.35580392704784
24.939183393368104,23.69709868040275,25.950607551275564,23.65871421169914,30.481489274979214
25.283543952073003,23.625696505518167,25.952662849795185,23.57109187774086,30.29163022606997
25.634185620240743,23.41784257536778,25.89913127556265,23.57798257919174,30.2731041111099
25.412107378752584,23.45979237878876,26.121970936597386,23.851638759677662,30.49865858336705
25.462547610282463,23.694190966258333,25.996717830749027,24.054927398633133,30.46240541309225
25.467999164223286,23.776321110095186,26.23484624243026,24.041031607863047,30.080504045413058
25.14265296771852,23.883046466624556,26.159464976967865,23.976489234842443,29.989908300852747
25.034153609539903,23.940503792552494,26.23575798320264,24.00994479373887,29.70716169575017
25.060609513660527,23.80082319603156,26.03492086017459,24.084767963582262,29.802198760451905
25.23419583560023,23.89913500673629,25.92856603105918,23.82684579612164,30.031781778534768
25.45353144236161,23.873603081796183,25.928624046882454,23.79975259196516,30.0195916449344
25.422326170222064,23.85272596537656,26.00463727884276,23.674652412141103,30.205353383285868
25.26231322169568,23.910730437946217,26.085294949551944,23.582722691556373,30.706861877124556
25.383473496314892,24.027187216196623,26.120026960644637,23.947929361088036,30.56132141624353
25.456735377024383,23.99666789055548,26.260225782941436,23.933333899043816,30.34955044036394
25.68623037404152,24.081777686066747,25.876947917691243,23.767698120686983,29.82070742305054
25.864124095575423,23.83700810570817,26.326596257941567,23.75812367598955,30.018795055860256
26.08212462188978,23.96056981645051,26.18322974869635,23.48880966939672,30.358098650256636
25.837773531615845,23.90800620566185,26.08563169059038,23.89363868226672,30.147315475294118
25.710625877016064,24.133101879560087,26.139321456859527,23.958185850628585,30.0224475720872
25.810924126821945,24.254460562758734,26.21351902127381,23.99627467012241,30.016878975264103
25.44839492859241,23.83937167007694,26.172351867759723,24.063617435941246,29.95712402266613
25.81774542462131,23.91038463426565,26.03106871745582,24.09962641685849,29.74608889973291
25.635796562362486,24.033029786028106,26.047918741053756,24.07478367190878,29.64496791218588
25.6095779506796,23.986329423795706,26.02968881172494,23.850402526113125,29.630980045684893
25.32239512640272,24.045842625900654,26.31913956609377,23.91381603374538,29.67560785395628
25.33687936661776,24.222711109603804,26.307128932682332,23.91999565061857,29.851669030538293
25.23499344480848,24.14455170206068,26.090260217695963,23.836993620948057,29.779602879699013
25.209721930092503,24.09142901926869,26.120187780404176,23.858128942673915,29.963109352033403
25.13072669187593,24.085019985723672,26.078859909487985,23.9478283985419,29.870345459860523
25.419793940728283,24.210650471712388,26.116583027313386,23.79577345391128,29.75283651011881
25.47166979650436,24.06062653961302,25.887433276184414,23.876916105217315,29.750998677614444
25.196065468931597,23.97984817108292,25.88080817141373,23.876754970601745,29.75299611993281
25.14662396178951,23.812120924458974,25.97071952780457,23.751925147054337,29.97871229624063
25.43122056356276,24.076874519367017,25.97713961173401,23.837883916020623,30.047426022992163
25.354177224162864,23.90185873290044,25.84663756205132,23.992180388588263,30.37073812893829
25.23415165139932,24.089301143867807,25.8856624029938,23.90101012191932,30.557117992548974
25.288903797125126,24.08384910269109,25.81294814912337,23.806218055224708,30.552697297094102
25.35825244614084,24.034802537563756,25.99516960193584,23.78486344567354,30.533846500491308
25.332190677080742,24.009519206651408,25.966014127319745,23.85794359546458,30.162051048848756
25.32483601426443,23.96649955624767,25.737732678125063,23.78967676216959,30.48486973770057
25.29132496064275,23.901525367968507,26.195830521596665,23.91476444029827,30.612296304363397
25.086622472798293,23.88765000160405,26.32457888967515,23.95852618143311,30.598802734635893
24.97126827777544,23.947441467826263,25.84407701246325,23.982400368575,30.46228027753066
25.05924289656589,23.835870037517733,26.230404083285936,23.802720629328206,30.245910376673404
25.227013975935275,23.963515313890987,26.496329936296487,23.952777209086022,29.65173766920953
25.03846798939568,23.99859337651118,26.35797741257028,23.94291979464184,29.51544892477739
25.215491574634587,24.031109711726906,26.291766669507588,23.87164997170144,29.59366191266135
25.212281777506856,24.009542633178903,26.231404197876696,23.742559787772397,30.031525136831924
25.26071764900502,23.80545415481064,26.232222265957056,23.877606238240663,29.997640115267597
25.318832120363854,23.83545265065961,25.93806785670876,23.684967566057864,29.945519210349545
25.3660550994894,23.8606054027424,25.65729515800848,23.809761521062185,30.01015538283408
25.38891106981494,23.8687369447368,25.76218779275704,23.880234902620955,30.324616115169693
25.39069543218976,23.902891179500934,25.630614338844584,23.688185877494877,30.52475251840984
25.467772287845065,23.74598699164532,25.64393038166067,23.735101881956417,30.097059727548864
25.43502862365068,23.77886767207281,25.33610663140045,23.768495856433365,30.116361721824436
25.64267575608921,23.689869070830245,25.663879153143306,23.80352144684211,29.89091250765649
25.548661128071483,23.79872680437869,25.698525880915454,23.71861434292587,30.14652111305198
25.450337352038357,23.87248596203183,25.664161748070967,23.673128481585096,30.299698680864147
25.52395441599967,23.90386549903045,25.62383360572137,23.731765505484283,30.16502744590265
25.55380237953185,23.797985927268098,25.6022719125256,23.70313567423063,29.800776378031436
25.873815882447538,24.009585035588405,26.037522523129173,23.77016617546404,29.914353767213427
25.65402714479773,24.012684327202827,26.133738138963587,23.68635521932181,30.08405003279952
25.63772940748754,24.15705328717005,25.83040691931384,23.680202773726844,29.720078897813785
25.50467003914707,23.920181375753334,25.863563190661843,23.660125326387085,29.58087163682313
25.693105079939684,24.03771797042051,25.993606255831043,23.774303349548703,29.54176250481472
25.73435425714122,24.19662819441884,26.07978832795913,23.712010720796915,29.380833629545357
25.76012766634757,23.994248373172457,25.95022860217154,23.676869455626143,29.29370373815716
25.53838758266691,23.901439624868036,25.95763990664908,23.5513229087347,29.37104724529237
25.3597896405294,23.852073760418705,25.92923881586496,23.685410030142812,29.68813314757878
25.360831946261207,23.975936944625424,25.81751341680462,23.861656252137426,29.838138694681604
25.542376244632127,23.73269041658608,26.17112521600905,23.8421957253762,29.756909606865573
25.450675073894885,24.078540369675657,26.31948153029028,23.87650875846845,29.596805217015085
25.344305218465067,23.784788249213317,26.31110439207365,23.87067129033986,30.05547209880697
25.2635546067971,23.953305025917604,26.50777197701435,23.83158126955049,30.06331351773628
25.420427868284897,24.039810703880587,26.463646171313272,23.864474244100983,30.252869181529785
25.585362510930512,24.1081000561757,26.56120512932562,24.02206392033592,29.981594077249436
25.452394064813102,23.871301542900078,26.75170043787373,23.724816378608622,30.111157526583856
25.719566547906137,23.958987583194524,26.957530198394437,23.73618003842009,30.133058294815747
25.574640561292888,23.926405178508592,26.70169581057321,23.7555284119628,30.307470407410698
25.293834546258385,24.053645941611567,26.61387117097994,23.653380264593757,30.31212930288794
25.15863192603838,23.84725547159657,26.63899217526801,23.66968833262556,30.247605104234225
25.218387293295866,24.121307156614424,26.483878694082843,23.768135099601466,30.0791274914458
25.60504464767672,23.813041692553128,26.724255241993507,23.71256169334539,30.21305040745717
25.51035775137662,24.007445545373653,26.82933817172962,23.711707070995384,30.45640560034633
25.34531603963053,24.03223301459101,27.12292796530496,23.988907441768244,30.591845609002544
25.75691741332781,24.26546791752837,26.891705151140894,24.156108448679003,30.938059124065436
25.720683967240657,24.245883797311905,26.699139795685063,24.069264163108404,30.95845814521272
25.633752661864275,23.99473489958863,26.713342700934025,24.216145643985293,31.07828034055205
25.63360772830894,24.027506864363623,26.48899966747877,23.93409257956909,31.011126815229
25.630422739161293,23.87846873387505,26.209763415133747,23.93861221276959,30.70710701147616
25.539323518298666,23.990920268369464,26.144954881141864,23.921160652076185,30.641345844414893
25.304535921728284,23.96166084844359,26.141246157848556,23.97716921500315,30.771649282942192
25.405549855218663,23.939756785067928,26.319763837143537,23.70066427358777,30.27507939795548
25.67391806923668,23.946542473599703,26.226363830500155,23.676902680499207,30.2907882836267
25.60620987356236,23.84663326789556,26.14783866922555,24.04398588181118,30.266819074902376
25.53414701561552,23.93370476916277,26.30019291155003,23.94317850785078,30.321664350769005
25.42965006068155,23.81050311580803,26.233511955460397,23.90744446617145,30.35003974750282
25.608438179956885,23.97223822666465,26.243637654534705,23.98818267390424,30.58968956611887
25.288000509013163,23.89728023528988,26.23666665550197,24.216760132644584,30.511991823675505
25.38681103406641,24.21705573572605,26.34999324356369,24.231865128952105,30.49391087448608
25.60114769411891,24.18170859955303,26.48658424394566,24.114267498822414,30.4789682787982
25.560249956646118,24.15323073807992,26.66196831980029,24.054386476762005,30.483093172612303
25.55150335138284,24.181538663742455,26.54533130450602,24.048063664286804,30.61583053490787
25.470490514398996,24.233412461713677,26.68582119983268,24.038840657121867,30.55903096699392
25.24389112898192,24.061981257550794,26.61495260172389,23.863229607814613,30.240550472140637
24.99315621513428,24.03954784935292,26.473774147310294,23.9771581777544,30.319573893428476
24.990500512881752,24.200652148257458,26.097289422008306,23.969637357707946,30.38974280865269
24.87088392568299,24.25631768545978,26.1560811942822,23.83433192101028,30.34478590652084
24.606778725790186,24.109840980203536,26.25562850902657,23.84299220955018,30.12258071262588
24.635891229236307,24.218547819127107,26.28459947335849,23.86387014053496,29.769226969252173
24.839363987923203,24.240274673861595,26.113950952021177,23.82509668347487,29.89024010078681
25.057623578644808,24.287925851190508,26.076336731231866,24.08699210162445,30.242996027699224
25.158231491186108,24.104657661451547,26.014661945503832,23.97000881184324,30.51003334507735
25.025697138694294,24.198747935963,26.261480139088164,23.81075827507853,30.34390715747082
25.106510877253665,24.009239230767065,26.530565568348116,23.78757524932603,30.22871230978432
25.072948191916392,24.16148560440321,26.478258226164208,23.93765884882705,29.77560702523724
25.256620659860992,24.080535996312477,26.36190003104668,23.72800114690851,30.12869241912553
24.831900560395542,24.295767246175977,26.343824768304547,23.60477948102826,30.755385524691672
24.92947805766451,24.484526721471557,26.136525415282897,23.690408151480057,30.48875697265312
25.113565731188363,24.34984726516933,26.15263371613635,23.773942192018797,30.10758702494136
25.232265612792578,24.32189257378533,25.780402735097223,23.660067388878737,30.120323069392438
25.52843916327088,24.30214903019234,25.639681493250805,23.72123534072717,30.128684217258343
25.41071538254446,24.14714399237287,25.63801277828864,23.503021243313466,30.0095758884414
25.339915526432826,24.21549506324327,25.908943815868263,23.37450000877679,30.08235694943757
25.2305174295801,24.26132410194648,25.679136668163867,23.563119123059906,30.19955698046712
25.67061299389885,24.242009165525168,25.68713974873157,23.47516530174662,30.01531973770307
25.677286192397816,24.18396985653916,25.88048202131448,23.454513836594543,29.65869191184132
25.533208092737848,24.070564749663525,25.875119936753293,23.621111707219228,29.742259370553864
25.37499457824386,23.96307924288158,26.018316548142263,23.68777095522007,29.939187643670262
25.028285538397697,24.202478130858896,26.038261626286364,23.69716540543142,29.75630697152761
25.14169527975893,24.087939568318223,26.29910720651091,23.66909857594464,29.73216081095901
25.04685268593837,24.12914893831705,26.147081411613573,23.512184796453585,29.84126393966184
24.985876915196823,24.042748977384075,26.253033320572776,23.62553694528536,29.925217221861367
24.84431407308417,24.044924922360565,26.25651519873923,23.880949507006303,30.13637459522121
24.79418712507421,24.0476855482106,26.06674768653105,23.71325982327084,30.04165975418086
24.345921291437428,24.01235514233833,26.083915539553896,23.815007530828343,30.01308675209772
24.315225472095,23.976844042247755,25.978510731776904,23.90328786085111,30.33526123471516
24.641332064921667,23.94850023003034,26.325914996772728,23.758627493985024,30.37054164064581
24.64400915042671,24.227631410233485,26.56264180380598,23.52871979438096,30.53792635786286
24.677013643708072,23.900568886679487,26.784968621391805,23.854727802981927,30.318784255203607
24.84985962491897,24.048880664357466,26.82430611694495,23.75651575787817,30.164764720451608
24.793109594623512,24.139274734913545,26.4951437737896,23.596176920383755,30.32406648308825
24.97620069223469,24.112579482874523,26.50388006669004,23.55971431758503,30.641169744290583
24.801759493392343,24.029863061456695,26.40268600717774,23.5118583560524,30.51707676581363
24.93527356755777,23.77186575313197,26.34412401854121,23.591387373428628,30.208417125824887
25.1248129563367,24.04170703806929,26.34461662625368,23.517767411120207,30.531907367249143
25.21346098403168,23.901413297091967,26.345737683759303,23.479749648042507,30.628082157641707
25.25598579470065,23.77676333666661,26.259475621497028,23.81062027384711,30.3743542789158
25.073952178003584,23.806580491575712,26.13942662898769,23.635629224631398,30.3248289451086
25.30519964393664,23.933296736744524,26.140426076594007,23.677212680993453,30.309133368161305
24.99577635067433,23.871824822511403,26.165085960212043,23.609572603163144,30.030493673415645
25.02931883145872,23.886846494394305,26.12484333050807,23.61960152357894,30.07006773485739
25.13157254095732,23.803508178396203,26.05820203371356,23.316231862084045,30.356741825374968
25.04457122760965,23.83475073644008,26.22278132884034,23.65477188161658,30.51574748357821
25.059874620841075,23.59125855523445,26.42303623643958,23.64617996073339,30.6959574754053
24.830112819238227,23.70875200403957,26.53923394744178,23.561632825217888,30.77586681480663
24.806937159596703,23.98061296695774,26.4322373683904,23.635633949644504,30.5556292443224
24.83314766389739,23.871427726378947,26.80301133327859,23.44993999042531,30.654350771593965
24.87799330373633,23.85189547104548,27.063276483830258,23.61214000317754,30.67363476265444
24.75960696845867,23.703733398900862,26.840208538415947,23.47103102031233,30.49508491922186
24.721508222376453,23.893280555933718,26.493547870336105,23.533461083750318,30.55777264369252
24.80768794345816,23.817459482884303,26.566346217531045,23.595322627037746,30.69182916879449
24.7812035512118,23.88969842201389,26.56806007374172,23.61424868924868,30.48294975109011
24.571050617163,23.720246387714365,26.309851027159816,23.72733258788949,30.6725811339132
24.441633364528585,23.7003586402302,26.156986856890654,23.57497840546605,30.348613782456585
24.62615478849819,23.632663194218807,26.197961687784225,23.61580511127828,30.56565044952342
24.86599979082904,23.667178304481183,25.91236306543261,23.45987213829889,30.405601047167814
24.785594811443566,23.56467480839321,26.358761158213564,23.764911430081742,30.34418885790849
24.99300760723526,23.73259133031811,26.43498909143257,23.59377743442038,29.96207169376428
24.863905619389488,23.873979193411436,26.277477967771347,23.573178584784515,29.96641835547181
24.9623147098964,23.724867800952403,26.21206650168455,23.664908982130907,30.32451377218039
25.020196164501797,23.809819183712488,26.079215921247524,23.748902597153567,30.353649179658102
25.03242636673919,23.85001559918708,25.828583706926477,23.565001454112515,30.268203226202505
25.03393629509358,23.8118266431854,25.659221490866614,23.52596015512452,30.211069038197817
24.910826230998257,23.80887548649323,25.98609796432521,23.58589492539853,30.507528073847165
25.179083686118936,23.83752666891802,26.09363166592292,23.35802915949712,30.476209682613128
25.25753490428461,23.71581941365944,26.261525740558945,23.288182495144863,30.138876872376837
25.315916952869493,23.823740196428883,26.07456321667326,23.58104303006078,30.092668073694966
25.214107783618125,23.92236130777908,26.48084490211035,23.267837146185958,30.375408913520875
24.818249769927007,23.68189850158664,26.39699572232183,23.264969513472,30.25072781548939
24.8654123982978,23.74053599322298,26.406348405262904,23.20931671433937,30.15891677499088
25.044052805046142,23.64556332258053,26.589497972876845,23.47505241556041,29.704743167922217
25.060772674877807,23.810570464214557,26.40309688194969,23.326942372188267,29.510028440822293
24.894250978035245,23.71237206605933,26.52524444229235,23.37504395486583,29.400066659580748
25.300801622166848,23.68838399797761,26.326045288564707,23.354518118292813,29.22489437787293
25.4625698977082,23.853503874940017,26.22897745923411,23.454131357242087,29.3600332577464
25.29859492889722,23.893473131041507,26.24321676867785,23.400499925719377,29.22379950729306
25.461547585084272,23.928412375561663,26.344745766809112,23.26344654680093,29.110956112183597
25.639190488637777,24.08840309889973,26.453716594981845,23.29170285460366,28.78845536455933
25.446448192285988,23.81543696267319,26.28610750065895,23.42328773962408,29.02152962427932
25.38113938590312,23.766758276128638,26.465828854100742,23.44293732398902,29.211810281395717
25.64401220529567,23.648333103524465,26.1332163000544,23.17146047631864,29.31438928875248
25.64119004001893,23.72799108548201,26.59293992744486,23.029106837890883,29.04426108867697
25.8368948061911,23.848255235155968,26.22281146935807,23.10230641200888,29.17617190443652
25.543913794688272,23.58719447146404,26.008902899804585,23.06096572074263,29.28728277211819
25.62499878514526,23.667437881292177,26.184697176811927,23.15950182631714,29.178498763211053
25.572781970054063,23.76093545771091,26.260741295737105,23.301277051727524,29.101529369217342
25.738855536209,23.667914032753067,26.64054541085472,23.206251079387755,28.95990373823713
25.689906897986425,23.632353943904796,26.62748063687659,23.05760230218513,29.095276267245765
25.494985884600517,23.631418565639503,26.24814410241097,23.072972979836987,29.259493053568026
25.48371116534342,23.693474980772034,26.74399081481178,23.122559413373978,29.02320646675817
25.69894092027235,23.74441224396814,27.12429913821465,23.01292880094557,28.97736741388374
25.77168897055874,23.508958996202647,27.133120933291416,23.16141176983641,28.84758496197449
26.034526526574684,23.487152987093094,27.30417639073136,23.17952284356111,28.88855698757546
25.962498427361908,23.525497726595667,27.05053664281417,23.274319283183488,28.908077457195887
26.044104517021143,23.658226907968277,27.26634132273684,23.174601186196902,28.6937479319894
25.934143491410996,23.65015974348789,27.22810420049516,23.32112306340052,28.5047943920767
26.108721527585296,23.766114645469344,27.23471299989913,23.105514781778886,28.859084179215355
26.29782571002663,23.873954387258426,27.046616890369705,23.34974597255388,28.97304228343009
26.583806397751417,23.89896356963569,26.77609648953727,23.26291326341902,29.07445124709529
26.565852360861665,23.702613017211128,26.91816336742952,23.03843212663988,29.230903471658323
27.021113388231907,23.71133431093671,27.27622206498958,23.14884993756449,29.38477510695717
26.692177688300635,23.589123860517844,27.36890350595913,23.109980480669623,29.150441749951657
26.4654036057524,23.99537200098517,26.996500062255187,23.22402804951497,28.66372446229016
26.70448040405073,24.01606646407479,26.72298453668326,23.321839456038227,28.45615575839776
26.81353720865676,24.18560585886727,26.74883023386149,23.05547082837639,28.3067626757682
26.7447956510086,23.94443578207987,26.757075086284463,23.002973414459863,28.60030133706199
26.541888584587557,23.85382028595436,27.010723086837327,23.029610316438923,28.65637088978348
26.271049770196885,23.99277115543717,27.034601927880903,22.818919879650498,28.82257169845935
26.382605868158134,24.012938836383757,27.40343662192624,22.9076295353073,29.016005354272483
26.49332076662635,23.985336130039464,27.495563891580865,23.02157733610587,28.63314503207172
26.2205597817788,24.07111337917103,27.434055603754043,23.12815108098458,28.790354122804352
26.23746873746254,23.967519085384573,27.435735240825487,23.025669000345747,28.852862832638912
26.05115893897272,24.09239148829302,27.45484841706305,23.053813766077266,28.91826011689522
25.84813468242866,24.19325248660606,27.468754819692645,23.052253497946317,29.07089076448608
25.876862380033224,23.90193746163788,27.377576975389275,22.92747472193438,28.985481498220462
26.15857310918754,24.16248546012027,27.355808044400405,22.903439502412542,28.878818006420943
26.45422874313079,24.0262876763578,27.105442998812183,22.880321320628987,28.93932817107464
26.32051720791121,24.18439918661156,27.202693843034737,22.72974388250555,29.156088466369845
26.44808063168982,23.956480232239468,27.314411350673925,22.743956769810094,29.094040967616223
26.297818787379228,23.807422238594118,27.402643971611912,22.907336628388208,28.902591948579374
26.59377620264146,24.044507421739283,27.115834766077604,22.77294537432972,28.596753636212544
26.435643198745847,24.053725550815876,27.2889997540776,22.798596897777912,28.93834596574273
26.274678729948374,24.127432459881163,27.39275715286008,23.07591007049769,29.027545751684865
26.11414538085126,23.895462381160225,27.22085234598037,23.022048084348096,29.09560094934788
25.755531156309345,23.69164026850408,26.930486944662373,22.959583313498023,28.996748434190398
25.918835685312168,23.77311830603062,26.903893304554,22.94176597383365,28.89685308113861
25.751059964305437,23.63458174228004,26.71054376817932,22.71729263420788,28.98862632509943
26.05208987356334,23.752996662623737,26.793224289809444,22.693081069616422,28.628967056062884
25.954762383974906,23.852905939078937,26.73193579148097,22.66526857744019,28.84390802853713
26.040672691719827,23.77039289622133,26.78654502957752,22.87277870502534,29.018782238445485
25.83236593556442,23.80052089939631,27.077404431661897,23.08770099224741,28.93542725948492
25.8908957776438,23.828710897669048,26.95055428726922,23.086747079475604,28.96415495429005
26.030311897598857,23.97173240787408,27.155867491702143,22.998542549556497,29.347866688822453
25.897055459020137,23.94358031410517,27.259238378925048,22.96762555499946,29.651225334939976
25.82438435762073,23.92443412769436,27.244153220911063,23.148816238178046,29.44193097027774
25.51030769825729,24.20710155431122,27.17946103637671,23.361436747487808,29.28872959598843
25.266237029530004,24.13293342654451,27.11098330071538,23.1390572067504,29.390358687607684
25.83194115589544,24.204303560569397,27.207887344019493,23.24596310374304,29.07387912886468
25.763844289302543,24.10699412485218,27.15895581387776,23.299641995975005,29.034590394188267
25.554453333313777,24.032840544430996,27.061817717024454,23.09324487222749,29.26184185221133
25.387399844336716,24.17865067604892,27.24255214954099,23.12840718281356,29.16629896732404
25.477856487502613,24.092369526904285,27.295051019112783,23.06321310388255,28.95855138457732
25.47675392367006,23.95940872298998,27.414067273313083,23.12058466034375,29.016264127526803
25.514691562845197,24.13986957198113,27.54236492971901,23.283215034205902,28.76321377486213
25.734550078245388,24.022833907104825,27.41957947987561,23.02716948258097,28.46525423642928
25.98680162463681,24.05993669660352,27.215917710998745,23.10306620260319,28.529366804903425
25.774641905183238,23.97183947533044,27.091365249232854,23.14114598436324,28.33765124351088
25.584129997938447,24.03906679570614,27.151161346600404,23.174120408633517,28.64737092380338
25.49775441762175,23.9589207675299,27.158450978407608,23.254722831604084,28.630029744361988
25.823531220303437,23.92948995291827,26.983320179038827,23.290480919774264,28.388451124807943
25.68695656329131,23.92551969554076,26.919330066055963,23.413537171970763,28.53962390268797
25.37839126996989,23.93329447337552,26.931666950173536,23.132514260816382,28.44133914705056
25.197386967354724,23.97362121844722,26.875756990315605,23.158710399030586,28.56543891638538
25.056243076931533,23.9682007279291,26.85774268729203,23.031099711507142,28.77456634581169
25.17962134858556,24.125654798997413,27.04269360047556,22.859222457090365,28.80054866521793
25.12834723334502,23.9671490423597,27.20214587803751,22.85322598750208,28.701167466531647
25.06339489155906,24.119511727193636,26.98706009410593,22.98767276637067,28.750713655473906
25.351963050210287,24.22622026373544,26.942444793655135,22.88046019576242,29.209197372522286
25.353950768197414,24.34045741717777,27.01810831399545,22.72919113341349,29.06252811239113
25.313278972769528,24.41918229014568,27.13385410864209,22.682126539145923,28.842220242326867
25.18919330531858,24.34530371452269,27.11519563506707,22.87236465395672,29.030474279493017
25.27373354584517,24.37865876104303,27.35929801289448,23.00802020602219,29.13472242550809
25.30112987892616,24.283181009656197,27.38568958197841,23.103282045683255,28.81886071968188
25.417345722609245,24.254420740299,27.264355479149067,23.228949426431686,28.73117354336016
25.705535808009863,24.16800526905596,27.16156058235292,23.032889485620213,29.09185081390689
25.777989934090574,24.23139770544453,27.0125585311666,23.051588315283865,28.99201715936497
25.882791408694384,24.183159671265464,27.387285172895407,23.215417967231712,29.097522199369894
25.81260525750572,24.1960767184108,27.252861923253764,23.21781696296154,29.00331785162744
26.15777686158698,24.27771284109912,27.01759678860375,23.421450104216238,29.066640971687267
25.914208100818225,24.01245070574068,26.98612649400725,23.308366677230904,29.61592860711585
25.754962422887115,24.159346990844423,26.84393973326877,23.21240009909001,29.28931050761036
25.73503273119412,24.17964044831161,26.651179986222026,23.20520721911023,29.043348052296
25.594047933918084,23.941759232541468,26.373729888384105,23.28554944550276,29.55111780929116
25.70690521402826,24.069333764285357,26.456386284664056,23.07589440193053,29.40110882027882
25.740076052870112,24.098293803227136,26.46619975256317,23.19743562852125,29.08366162981397
25.80462102980337,24.000294263271083,26.512136918766124,23.283685250676506,29.4497964316503
25.715220007677463,24.082677978582325,26.42439405275465,23.41432172125132,29.3421314209412
26.018369667939854,23.9213454293229,26.49530712998249,23.2958453369996,29.30651326882385
25.794021098172976,23.87909077821374,26.54482286606053,23.221289137939635,29.39399508557408
25.39811770001444,23.966885866721245,26.93255716588924,23.18464456706952,29.17097964871496
25.11067169654701,24.25242965856676,26.79364437789252,23.174809907176023,28.862490580346385
24.91497089625713,24.265619830756386,26.98818269254575,23.50129590179985,28.87014075239452
25.14616609755621,24.33785011162589,27.10666545827768,23.44944332888727,28.875562157866067
25.010699665956817,24.214241806121,27.33417903374478,23.483162210610956,28.876310164447837
25.104789785066146,24.35123550785683,27.029314412780103,23.249929240606203,28.667389223589748
25.17182389517338,24.27758284052294,27.16457625467448,23.220263542234942,28.696897700540013
25.00867740389168,24.18221623939601,27.231166227847577,23.112538576626843,28.567064899275152
25.191811725853725,24.12275205111423,27.21463100843333,22.96514698877899,28.690580131089384
25.36075880045426,23.8935105876783,27.37877319451562,23.171163317675408,28.7899222026048
25.454612710426343,23.84316599568644,27.168833511496903,23.222594760023217,28.92125764278328
25.522484950794208,23.867521006631097,27.111041264308675,23.17277511863265,28.593308163820485
25.45286902017103,23.93736414375045,27.13546982240252,23.238820095151784,28.935187138910777
25.608218362534387,24.04918769290695,27.521472826131177,23.01981805859153,29.382987161853727
25.587922473656334,24.06796249338316,27.3521021797784,23.060070302349363,29.40543660380728
25.47664138461509,23.99121532790304,27.242580123146908,23.194882803229884,29.52504170293113
25.361183757283005,24.067659534100727,27.610913300301064,23.147724619757778,30.002799220557023
25.40989966509948,24.21856928623748,27.48173398118021,23.433471182926407,29.733559594085214
25.18593036506139,24.068360135473224,27.514915644870506,23.37952740750706,29.971369267687898
25.151827504738844,23.91403977355026,27.37554830845807,23.36339831726154,29.943963312955272
25.259264619617475,23.772528391797863,27.31476174617337,23.54598433090745,29.91126186656245
25.13951976738045,23.90281572802984,27.232023043837405,23.528830347484003,29.68942863766837
25.05175545340581,23.993904984348458,27.51845117914848,23.48726048149692,29.58374508639901
24.716162991207064,24.013424420335323,27.37302840542859,23.63144014598545,29.543977911855706
25.007954957572945,24.055905015200253,27.274882399559957,23.87358775883752,29.913185791032625
24.928539233597185,24.049272483432667,27.691952918689427,23.7446490561222,29.89073525585937
24.7209353250796,23.996677107918103,27.87305972917026,23.759708670414582,29.920357624646694
24.764790603869265,24.042946479414056,27.88610170451429,23.62463243999738,29.7771088144847
24.627752259559745,24.35815880854239,28.096781930402187,23.62529381539982,29.612525082325774
24.508839877856197,24.27104864400176,27.99971051840976,23.827755545680954,29.224665717293597
24.769174736346333,24.12964089568265,28.105943146416944,23.76909436231249,28.95012219321377
24.50817789526498,24.123424318927007,27.82372362752504,23.67728091613485,28.86976948155158
24.7158618927168,24.13155837851652,27.959681822651703,23.630675710430197,28.688595438688477
24.942895533495754,23.986015499185548,27.853847335370983,23.71362392325106,28.663466217958383
24.670330384615507,24.010191872734616,28.15402708960312,23.79313185546213,29.12131068641749
24.656759211159105,23.937530476962426,27.950304740142258,23.868326770491866,29.24368093222331
24.88652245705832,23.915535640102217,28.02644545810213,23.80711945990592,29.54048708242126
24.900098329720382,24.01844525007758,27.945779395398255,23.7204665021925,29.855871926685797
24.84069464310929,23.89394259885418,28.148065007421888,23.666193375651744,29.81228335918152
25.22279504137644,24.140485676553297,27.904522323357632,23.63836135440692,29.41275208806613
25.11349360925967,24.450077563455995,27.50877162851531,23.856853732671983,29.585134817894904
25.02202593605556,24.36054855032346,27.3407065026393,23.674914036883333,29.464676736881746
25.024121708205858,24.343147584813043,27.370380671907373,23.51351003775058,29.407793229072254
24.93876168633189,24.123406580851057,27.060404273085243,23.62147411365278,29.713005602757207
25.29153490151917,24.028741054540266,26.87942859281842,23.58484304015559,29.873653252522825
25.483749946199328,23.949012097922797,26.92335903520441,23.293998773982647,29.75152002819394
25.4035253184268,24.22385649529461,27.369303389740782,23.293155361975543,29.24385352727632
24.961265088022195,24.35643085406053,27.188314288109336,23.633003670512423,29.154704261965403
25.11571663715901,24.22991452847367,27.44559251090953,23.53137377381169,29.291132175146764
25.168624467853988,24.39614314926404,27.256095626159333,23.511210011265657,29.1972423275499
24.84324614456013,24.252365001130045,27.459836171162745,23.58687655188752,29.315581156231744
24.8493607736756,23.947273220292985,27.394657710338453,23.6063883854458,29.37077209870514
24.910737101675178,23.913263825170443,27.289764714151616,23.53106362462048,29.368735995267773
24.762492431566116,24.017863840672582,27.54971830330865,23.62734085754649,29.371279154460385
25.038240937442534,23.908449239649148,27.530378844242417,23.715416558708768,29.06173221760761
24.858590749235287,24.01662953828888,27.16081402457137,23.623668101802803,29.17154908287345
24.77008926345538,24.353691281271377,26.967789849383355,23.751135387993077,29.339256514870755
24.833624174677333,24.32188519929894,26.82468819239371,23.53686430585988,29.40203066362072
25.16331521794478,24.024673745826927,26.64040011554892,23.69864217273413,29.19805415475621
25.268880676511216,24.118613743506053,26.45510853125509,23.68723253284052,29.39506128728864
25.30668814873823,23.997420314999975,26.63933017602762,23.39267578084128,29.135992209051665
25.28017240534273,24.08824032567506,26.318267516664186,23.446915097012635,28.808500248320023
25.40201977730606,23.964938775321247,26.250758963467053,23.574945899755683,28.66852637934849
25.38572642979645,23.97864513493635,26.471933394040224,23.558944342727507,28.962498613359465
25.4241141435351,23.89694713821044,26.64705816576188,23.637765695839317,29.03818620002039
25.54853465902917,23.774891225988185,26.664279546208057,23.406661880115635,29.044842349719957
25.50167553762053,23.946728187836985,26.516020188899525,23.47008892694858,29.15609608330053
25.471377816021985,24.089892433608,26.449557763789805,23.33011643005473,29.24636230571872
25.068975474519107,24.0367736782573,26.264228290991277,23.528902965135668,29.12603882773972
24.96660458638593,23.86015865502879,26.633157176125707,23.303982965286643,29.422668217797405
25.02421211310427,23.880236676209982,26.60586706038573,23.544333998168543,29.477152616499936
25.10458082308189,23.959385878220036,26.49047915954822,23.49706934636664,29.77589213185351
25.12200427129939,23.818371420786,26.23442769844992,23.559642465096637,29.469836081188653
24.90654092782161,23.70258969387245,26.15756201759178,23.70897975055757,29.76451525649802
24.85690511496388,23.70056259218269,26.00741466788569,23.6478968723592,29.537696557701903
25.089049848047424,23.877714923005104,26.089923030530503,23.66127433742069,29.31582576500342
25.21780476848673,23.98829110672137,26.104892994762903,23.684001845517543,29.47698794426775
25.203489889216257,23.960894982174143,25.7536678935313,23.84686046499146,29.139036177338625
24.969892722285778,23.99882270712943,25.61292659468028,23.714021633634065,29.209952048113436
24.6715675675346,23.88728889150092,25.775995876606697,23.65403675708952,29.14813409756445
24.80995048086804,23.97554834949735,26.17453564904586,23.822363790899757,28.86700254343133
24.942369995902965,24.009688564052546,25.943892782846746,23.819828695986207,29.095850294675724
25.18604822263356,23.77467292458614,26.02546609379427,23.655285530744653,29.029328919180987
25.25358152305012,23.71423624639512,26.104717408257248,23.67992177724314,29.08145869264104
25.51157292061215,23.91949786527985,26.22068890246077,23.69613160828035,29.401401789987133
25.37467294338464,23.909242382969605,26.15314085849992,23.63836502187712,29.82763792548373
25.28255617526633,24.160227668522417,26.07797409489197,23.80997558783568,30.15105735988723
24.965079527241144,24.16436452717064,25.96814458873636,23.53375877576458,30.262185646736626
25.24210440736838,23.98555696539152,26.21348251451251,23.62696945155868,30.52643430501316
25.178383999177186,24.20140928852505,25.978623265694736,23.579375267252573,30.162561255719183
25.208455538938164,24.178971204866468,26.00070866110977,23.546554026027845,29.98766727956601
25.577530350453483,24.0416083054394,25.77344529984743,23.60039005807413,29.7115643276934
25.287735983462294,24.05292218301638,25.69445442133468,23.703721021578254,29.618892498946884
25.282421091509107,23.95247719547292,25.613217923998416,23.88223256647788,29.823376084155186
25.09571440993966,23.65539228789052,25.91475428958652,23.707497563599983,29.672388784636848
25.36507516128662,23.93212220964982,25.54004054028777,23.659316359045725,29.520354586069715
25.209409734696568,23.95215312567969,25.434576868527483,23.755130829653385,29.58770456292592
24.897260104773636,23.934732578077703,25.668572277274148,23.680523840947608,29.706276005039854
24.80124864319878,23.994285157137917,25.60581813762664,23.69121704821738,29.422476210807314
24.57061000187535,23.95297973148585,25.81551049777225,23.827334115778136,29.563589478770563
24.621580711399915,23.93304869632973,25.46366360965705,23.644415733418075,29.970449300155863
24.94905190018643,23.83465947112956,25.51441411082318,23.922081549363472,29.672247771629632
24.79006236165703,23.84447000119906,25.662998814715035,23.75426986466302,29.75037983513815
25.024996958642383,24.11390306992994,25.536313644579828,23.88111575135419,29.98841234506457
25.259655743046785,24.156799469899504,25.312115350363445,24.01920709808307,30.09939525705792
25.32095639699868,24.158480139871152,25.258201249282063,23.895569081259648,30.194144620703668
25.08255800317574,24.1748951071356,25.554644869590355,23.831769432488866,30.3257497903699
25.20414407672224,24.27065999207943,25.43651061089608,23.76682033672049,30.094896844749616
25.23430215247368,24.11388487508611,25.36933821959248,24.028436286966915,30.296591957784933
24.96600863762584,24.259542211820012,25.465742604172483,23.925699842255312,30.02654024171749
24.850434806149384,24.579009800785517,25.225392461982047,23.9559551118702,29.66350439312017
24.891706562475143,24.4251281822823,25.14111495519883,23.85993576903704,29.87806264753521
25.093148916833357,24.17726037661197,24.98974372994765,23.91324865604895,29.81098901525169
25.05132735131937,24.239341378901845,25.238125506491148,23.86150186233488,29.517098831921373
25.12608785213521,24.407743029065426,25.336844349348485,23.846236113215447,29.412958466847808
24.97167881266074,24.355204087975103,25.24306028741177,23.95656284263591,29.292743391690152
25.09941220823832,24.474635060998096,25.06605817795097,24.05934372211496,29.40129571238132
25.45042878100752,24.31583165923965,25.02767572025542,23.99057473043576,29.739311308115315
25.352539140335008,24.264473290085206,24.67334420392156,24.019322047868503,29.86563350839929
25.15247532623669,24.13689542186728,24.868822478574906,23.91498973167129,29.70780468516877
25.23550278820377,24.277229140044945,24.9620128460148,23.76808601648141,29.77572416218615
25.38508296903457,24.11364974214269,25.047413904389103,23.98606888425868,30.09942363991848
25.56733901796001,24.290333289815017,24.93848802035813,24.053915347734893,30.414801844780527
25.636459472145283,24.27079822266665,25.09621982149381,23.881631864908947,30.047228254075872
25.44652309570326,24.2316878367965,24.84048142272376,23.72192064882713,29.79992292994712
25.412460151832686,24.27169259640837,24.934591542256232,23.593462422124237,29.84090539037912
25.341805308436715,24.166922331798755,25.07255675027793,23.54121498316145,29.6051519545736
25.609230919540195,24.2410598122092,24.83901903552254,24.05521540890416,29.49481417658182
25.5740819217878,24.274201249306028,24.984856815940656,23.90643584285685,29.36908051578209
25.456018914318296,24.309920403088903,24.93678531316844,24.069903442941783,29.6549362030176
25.220929461118946,24.26333435724728,25.062696996489727,24.06347762472528,29.513172602494947
25.10258874843083,24.483833231689623,25.28386110151226,23.81433010567428,29.63150786239648
25.22412305897211,24.271103935019617,25.34992891069527,23.918045664679852,30.002359673205984
25.62742227213793,24.10526349475453,25.076283649228746,23.865067589613787,29.90276837837792
25.435509303325567,24.0920349092665,25.09128273921657,23.67928852405617,29.655105242085888
25.59657578644679,23.96323167627885,25.039357899183173,23.68965427656004,29.76216086490053
25.76118304753403,23.96516427686121,24.571027069418037,23.76288679045014,29.48704272618887
25.4419328319274,23.75674340042216,24.503084093968532,23.68652511364736,29.77417497794194
25.361624959993733,23.784726161908736,24.534131641516318,23.749943925718256,29.848559394966944
25.322210556841053,23.676236642400216,24.70023268050242,23.81592600643258,29.92517223268077
25.391624810802487,23.753196378359146,24.732578303249376,23.5797913019358,29.84557649500956
25.629876122550392,23.90566270085859,24.68849057043312,23.631462927117088,30.43951503249441
25.51636648145492,23.804074486780408,24.74266532042623,23.56705334711189,30.57725928363084
25.32621570164202,23.85464570871884,24.741949168640875,23.67199433741303,30.573863789795983
25.11282137392899,23.99349983489248,24.676573732878964,23.8480434879199,30.21444142170924
25.359447125554095,23.911809564431028,24.77744932398715,23.957442127462837,30.217428436125694
25.23002474238791,24.010155087618443,24.92702977157356,23.983113021253384,29.97409279239807
25.136251684167046,23.71104511427982,24.962109672480214,23.95432379376515,30.10962021328597
25.124781869822343,23.729051909224363,24.73042377700207,23.93315269142148,30.04175227542868
24.834823933138072,23.74114905161645,24.698769672964573,23.913319342755333,29.909486717794422
24.920998527736906,23.703744046575974,24.706107153829997,23.930548512377825,30.286319074599028
24.854857194931917,23.80622286092237,24.59680460654533,23.947024653562423,30.42449177140064
24.936820079871577,23.72560904180978,24.71773334210553,23.900650722057627,30.11868663364667
24.76066548073869,23.75000123621282,24.535450019710368,23.755790270982207,29.880011772398547
24.863110879433638,23.74888613487419,24.446714562799635,23.811800236583984,29.734898009716623
24.659003972685664,23.691214952405737,24.341527915820933,23.93856100499858,29.910139772183467
24.481654455900664,23.880258892631637,24.352607078548107,23.742773286273955,29.950137603503148
24.67291475861296,23.748689209518663,24.461033256028244,23.98364761907673,30.070602912485462
24.638072782089765,23.866305783686173,24.541369174670105,23.95207273866738,30.075355367348603
24.527933591703317,23.652410571815626,24.48957763011689,24.033110251754948,30.167775715333818
24.650814429754654,23.88049139962177,24.48850594480252,23.86920049778728,29.900830397123524
24.23886984989561,23.795199478291963,24.57196104694262,23.67941609631537,29.93516170132263
24.25470653218135,23.86147924097916,24.51896917063059,23.57494126855243,29.748008538367017
24.404188886180723,23.86437648795377,24.71040011061014,23.74420834256684,29.957677728443773
24.28512298531785,23.71395422498621,24.89502564997527,23.650546768876875,29.868873801710045
24.5636176089847,23.981832496119488,25.126029221472496,23.878006439482785,30.174740843368728
24.459342899260744,23.86074052486005,25.241484602155523,23.89588661255516,30.099771059956065
24.383593726745517,23.91797737811829,25.30239693275321,23.976729745224898,30.081258658758365
24.530408216080144,24.157380052811018,25.578284108534824,23.81236218278324,30.36604801186404
24.441076205252948,23.89937975329012,25.549218619646968,23.64132858690994,30.102062861963702
24.52493951611925,23.855675082298013,25.669439797107973,23.68233424114705,30.288011723998512
24.37957568706447,23.771577421494875,25.364204566892,23.6506104330524,29.908333350408657
24.271781541745337,23.831410094544417,25.420170990004728,23.828046719927308,30.147668327891697
24.192606017105906,23.88635539817538,25.23931212040681,23.79573493336168,30.25267554232557
24.0747586091918,23.9254079659759,25.07940050878279,23.844404447763885,30.130933686724557
24.272332223581856,23.798488697942226,25.26471615644937,23.62605857142495,30.012008529118745
24.25991519290341,23.85740888321254,25.40667839026668,23.73373495500464,29.85792801978513
24.110969378479997,23.803532555041954,25.304773021567676,23.97600975762949,29.748803452822887
24.11420780040778,23.741041083631195,25.38626295683421,24.12769255902733,29.462859485457848
24.20771127818804,23.780606032208745,25.35100912745713,24.02821661072693,29.44389977388352
24.10546758001623,23.5220581519107,25.48554053740172,23.822977702103834,29.11152042588349
23.94805076616688,23.655994634855453,25.475817174608697,24.12042272477856,29.35584491476165
23.978591731920385,23.63356565229921,25.426036943826176,23.81907741716339,29.662965768938005
24.05441002132504,23.77141533841034,25.097852962660827,24.009367092817435,29.50128206322267
23.94167302238064,23.83691790849426,25.093973717128105,23.943923211857097,29.24296800642432
24.15768548395154,23.85099004464458,25.21290502413897,23.855917414105598,29.18866923995932
24.064592070232703,23.7717508111746,25.17730609418616,23.96489772815669,29.45629190247632
24.09217767289225,24.06326362526124,25.083728005591496,23.997558636394643,29.419314893350982
24.178540521182605,23.998166861774635,25.04489308162662,23.91362640423422,29.65027697131746
24.51803662077756,23.85193058915725,25.25887337702871,23.967540434542293,29.574912337669005
24.41538042433281,23.859730412900397,25.295450354916856,23.92286779685461,29.850504226941773
24.466560623099124,23.90715608946781,25.12588945166744,23.874827858482615,29.862179829704612
24.46082434524628,23.77753294509043,25.60826634477388,23.894401569650714,29.586248860245515
24.64276574145153,23.748143923533505,25.61131378524757,23.92456251833601,29.721237337563185
24.720764938806795,23.75703819414799,25.64250821099951,23.949289331594024,29.954536344367597
25.092442686718627,23.948245171724743,25.538744952426857,23.835857943537977,30.41513647233333
25.0648209601778,23.81105214773605,25.39088867361972,23.86410515446629,29.957558504256717
24.803802585589043,23.92011612925228,25.18438771662873,23.83037315215561,29.422530208736664
25.00672742853306,24.16131309743756,25.272281691558884,23.825022322275075,29.80550788963889
25.106970652310068,24.066697838240454,25.072853534576083,23.95370190690494,29.70908398102234
25.206162996494584,24.033080045311017,25.072395139750185,23.9073685883716,29.935804272752318
25.057986099988867,24.077691139620644,24.9087710997514,23.916070871842688,29.803612736615595
25.186308348670813,24.14827184190682,25.151334783268425,23.939226892213856,29.86968098203877
24.9985677400146,24.11448100500633,25.14885988508044,23.93485822621649,29.5823384967404
25.016056400247106,24.20938425083842,24.940561491672412,23.72494622482788,29.503074983914725
25.20934755553989,24.09388724579109,24.74092658439989,23.771939005356582,29.548735496449144
25.545111435628765,23.97274344020257,24.96960576991425,23.66163595919419,29.62241828638376
25.54515927250493,23.9506095989462,25.060314483990343,23.823651377097008,29.60014881672728
25.394107826255315,24.13753110427888,25.04917320323221,23.61112390592387,29.554868742308173
25.256502778883178,24.206962200420257,24.974944759838834,23.677734570182903,29.589054578945916
25.422269804705287,24.337120213278972,25.229125305626575,23.85499514392317,29.554479070478436
25.391425454192515,24.2411173056578,24.764528105008623,23.84934905238733,29.649940240968466
25.46487501538684,24.095116503515364,24.994034621824493,23.883861869972783,29.56401781773648
25.652721471715477,24.171223327587345,24.957439222890468,23.779178007535343,29.51032625488396
25.58660847873197,23.99507621434085,25.107334930334936,23.941319770584588,29.718726114793814
25.38705140914623,23.69159734695597,25.157412129128968,23.879646199573354,30.00078008207948
25.432212195112392,23.94983963570944,24.94764774708063,23.747502428702035,29.90255613993345
25.51390221145066,23.66971845138817,24.949661796723376,23.84326532886982,30.146198135753423
25.429591482539745,23.716936800341287,25.023364620678787,23.82169210293845,30.35240258755439
25.339208820386773,23.533495660706908,25.00190665934152,23.669662179464986,30.37353990109147
25.271433362464556,23.557056537233624,25.101709837600016,23.786682656645382,29.94622714197856
25.35911024848093,23.74614438860421,24.879902009370102,23.725805645432025,30.10108656273892
25.587932171248912,23.71595567726313,24.70043942123849,23.772574167753422,29.97706125773309
25.859203358686894,23.60853239739837,24.875626918678652,23.78779215935228,29.99751612715249
25.692511751727075,23.54805141925304,24.747344249291164,23.8336175835023,29.794194599333743
25.94802909352198,23.730403129447463,24.928407670663315,23.872260587050395,30.119974848879423
25.9395394022543,23.869330498433147,24.875209644647622,23.87547574206184,30.003325357361124
26.15658534871617,23.719232342052884,24.795864699030822,23.86919455310905,30.077777142754705
26.063027492506777,23.759174632562043,24.794034995983427,24.026528497791475,29.87475830602728
25.93729718959575,23.734584788826755,24.85973655732308,23.98554190752856,29.86491115369708
25.99841929804547,23.61986096469623,24.588574950936795,24.10616655953285,30.029673643079885
25.71548719996681,23.694966760740936,24.85602022902039,23.964060520725877,30.074581851829578
25.835231092082967,23.6202626479212,24.55167081752484,24.015155012787822,29.668517868033423
25.608794395984205,23.991675838155903,24.593707703076504,23.869888379551995,29.41911199769606
25.573056212348067,24.17080540505573,24.82926898629484,23.93264348080023,29.274696198765916
25.88775012296202,24.29403556225972,24.894019588840973,23.97780134826342,29.21182423748747
25.869837478589805,23.9385297150605,25.03215164793532,23.894250435653007,29.100185849314688
25.917365356695814,23.877853368566253,24.912171035667534,23.766604930521808,29.05310380366338
25.809709409213927,24.28965273925695,24.987275103402315,23.573914212830267,29.412818765108224
25.766329695243325,24.194665351962104,25.34652429351375,23.61169906380245,29.4832258203105
25.832174434616874,24.28097964033354,25.493538545448512,23.7658459998548,29.48689830600169
25.78829235741715,24.10730800560369,25.378526856467147,23.793668484959948,29.94275973318789
25.67548216239034,24.116491284822096,25.13992643343723,23.72039259350012,30.19487095397574
25.67220811326796,24.003272315192028,25.179485365450997,23.863404069306707,30.23407865458911
25.685389193845584,23.927163539184903,25.22268319340652,23.58154805704505,30.192637615741116
25.673721720002817,24.05165988523368,25.18848567697289,23.50320450625804,30.11889578449411
25.776979810798917,24.2635471700826,25.194183608883947,23.49975202269169,30.141379423365155
25.95947660840933,24.122203399645095,25.084318208248007,23.529163027735592,30.24415765486869
25.92525206736882,24.30775243065415,25.330727568483503,23.67600921312006,30.26979953469172
26.148556881301506,24.33147187985175,25.105973150518174,23.705692006072397,30.4088973046257
26.06046126531454,24.31181366275156,25.143594790183045,23.8504376896408,30.066062936180508
26.243668685639967,24.342402786837823,25.157584263522686,23.719473836931897,30.059926610941652
26.292449229348065,24.25529412057732,25.0835860288622,23.605697165368856,30.44355611169917
26.185230351411803,24.388453600258,25.18070787623446,23.47116286165823,30.16717106370791
26.26402341819804,24.343733793287896,25.045420216011458,23.612258584200585,30.17808723835927
26.3368630047662,24.131613188667316,25.126597627390726,23.490093679876686,30.4180378200198
26.220372351142625,24.12489788808707,25.23108255932376,23.407934036372215,30.3754507190506
26.2544071452513,23.951844118180777,25.071932289718852,23.42547177913538,30.357549692597544
25.902395932908327,23.884700877067083,25.05978644474012,23.44678716264796,30.259706236086146
26.084802306309804,24.047582078291747,25.02993068013484,23.368860506646783,30.367868247866863
26.23038982678379,24.00421132852192,25.17098493245436,23.290375848628678,30.618290073653554
26.4118345656264,24.15384473733898,25.12738265318034,23.385616888219744,30.52158113721844
26.030705081531,24.16479529832541,25.21308298301846,23.40715693192629,30.360629991246707
25.90863973365583,23.883992584603572,25.286544905679705,23.43846172095725,30.398837343877247
25.92563302038332,24.17823825488364,25.241242993118465,23.363085029751552,30.64421419445731
25.82085529261667,23.966364217708964,25.173803574982774,23.361383451834485,30.36705343624532
25.8091241099474,23.997549576386035,25.30424886522299,23.504064705854645,30.151489026210065
25.64183616510294,24.05024245318713,25.152888434656624,23.51363548233033,30.228860202989694
25.540023683003973,23.93861969502581,25.482856588843312,23.56715944494321,30.350446708994607
25.5708423598137,23.909487296306843,25.27516552381914,23.44826831991791,30.19003557776981
25.666442470969187,23.8187760244733,25.39490518231292,23.4052584265009,30.24732972371341
25.742882723866035,23.94264103028554,25.26628166536733,23.45381344215913,30.4927285954677
25.877006376676924,23.875429577148367,25.08564303734921,23.49307968893248,30.548460175785163
25.857036307582227,23.701364947769942,25.055471252101,23.541658676031098,30.782010934275544
26.006632945303423,23.661418412336804,24.784556265943177,23.437749279183155,30.769922691088897
26.15917510357829,23.959710056253627,24.96032372599122,23.42479367429472,30.81666263936839
25.88631903504341,24.015467456551796,24.91837980446592,23.373673848999665,30.8773906267182
25.937741872149275,24.060323271321,25.041806698230083,23.52025896492575,31.189572588023516
25.84837003429033,23.974281523486557,24.9185706050255,23.56460140301192,31.44320472993264
26.39023073267529,23.898286822873857,25.0334504427034,23.263757395532828,31.53524605643789
26.33275349216513,23.83314758650741,25.11800041414227,23.42477746248724,31.61681428676124
26.36477566292575,24.05050843156338,25.12234130380581,23.337207076234545,31.887327288932127
26.748823960552823,23.96016776419781,25.23689072340817,23.385828724510525,31.654198998431827
26.65568734063634,24.07764439427317,25.16261699874768,23.407325069319903,31.432722949063244
26.541328441304533,23.78129158056492,25.272510812449653,23.174332055427445,31.315829279601992
26.598962971206348,23.82400151995778,25.291098809702994,23.43484811344811,31.3661252846175
26.47919949628641,24.068441312001557,25.3021999965159,23.386354364760027,31.089744067014347
26.60031372195711,23.994045565620716,25.246376506097395,23.293032565694304,31.323844039383754
26.53940820951975,23.992194329691426,25.00365712269457,23.21499347632264,31.261900193389177
26.20959571166504,24.182931352113293,24.86868598360609,23.21788376274402,31.284109905124595
25.9185976487251,24.227610574769948,25.307666393256767,23.247594671363103,31.21425878360076
26.13631186462665,24.22642574960043,25.00415790449186,23.28706977062583,31.2212985359377
26.28917643683286,24.2334384351845,24.93860510418462,23.32879519844976,30.725492150727234
26.20315911046216,24.0557594484204,24.818597295869317,23.3496051200703,30.75703629398784
26.281211969395468,24.26915313878422,24.674466988854764,23.53929014227376,30.993817525941484
26.08487008255217,24.200170130852094,24.81570317903268,23.40934096104614,30.72789711864947
26.12666672445704,24.213130333126514,25.0936839467504,23.34517594565847,30.491485928705774
26.351174089322217,24.01533954389718,25.15139100783564,23.2626515123999,30.52279496201838
26.323814644064555,23.888971304039792,25.23698369089158,23.23608402220717,30.77207928730789
26.45733252592817,24.075349021959177,25.12180357214804,23.0571457991226,30.771987976457154
26.15411784857744,24.04671891256078,25.038509410222584,23.056885286785075,30.878752930194917
25.76140457980144,24.00077532819604,24.8864565019936,23.146739345842,30.879357379004105
25.642788539824267,24.246050726042363,24.789285911471868,23.054940145156863,31.070430541898723
25.851778440492712,24.18775064871424,24.936550292959307,23.20987995068657,31.072177211841552
25.786586300524743,23.985554631188226,24.78455830963233,23.33291606001677,30.636605466884344
25.97213445531962,24.0626034508837,24.838071904087798,23.47375417783112,30.460828707589958
26.015435887061184,24.08115949464197,24.614078384760656,23.420101781268443,30.48305515690608
26.000455501248773,24.28376438607708,24.40067982948101,23.34010449899053,30.525360743997396
25.980632999343893,24.113239250261326,24.39557793252824,23.293451495920024,30.890167741396255
26.372069885458387,23.94256609204477,24.57460158131081,23.234504684496507,30.81461853268012
26.45013561128388,24.074286419961684,24.37114699350199,23.179725933098684,30.72684979622803
26.48388526865725,23.75931829210802,24.455768176399157,23.09631679557049,30.777664262315657
26.69356838277997,24.187075040063384,24.66830656259765,23.07285541239089,30.652447446295245
26.59888025841891,23.777482216047527,24.52472952175918,23.117230304341053,30.57625494452567
26.46758901918572,23.96302155457692,24.63660708304132,23.04118854565279,30.519048596763724
26.477349537054486,24.23476708874545,24.599114901218037,23.09417640556769,30.637860851533773
26.21035287325733,24.477242592804608,24.448615483323223,22.997645519602116,30.205901497966117
26.20182466337695,24.45202844027873,24.30212655568067,22.988118164982243,29.843334226703774
26.28763633527288,24.365739795786624,24.421451577329528,23.046463094224784,29.86139544933068
26.24991867651716,24.440362387771557,24.858164206266512,23.241638676586525,29.90168332430847
26.23943419211532,24.50745194643265,24.750841223808067,23.277478536850804,29.60785186581524
25.75780433637174,24.472538915192576,24.866707304998123,23.280545039136022,29.265637595585563
26.037473529355697,24.631915963047355,24.717954092442387,23.0941335675787,29.67044664095882
26.12580327115561,24.52240199470658,24.532664552223743,23.177551382020106,29.723246209382296
26.38535921551165,24.55685989290026,24.58866962026002,23.227955537419668,29.902863261942947
26.481192590870016,24.48551342631636,24.72692033697343,23.204557058385884,29.90574147603925
26.62689049211633,24.32390281566843,24.72848032586324,23.18011231748948,29.6766381887901
26.499134715405777,24.216026927930272,24.799313556188327,22.97638686539897,29.652276448504583
26.265604989495586,24.219594875337595,24.9026566139903,23.111788877615528,29.40311238974764
26.26599157391692,24.489360080025023,24.97647113664664,22.82888276699976,29.50399115938181
26.49655124006698,24.46725327551573,24.960656842149536,22.99134755067169,29.45924834666549
26.272641937119666,24.402676656928072,24.963029871775937,23.08869533972892,29.822486144100136
26.37735890040333,24.19546508259362,24.743059116511528,23.110875816064446,29.831168464756693
26.31394072269576,24.24272370814496,24.961886463752094,23.151165326868952,29.60596990901087
26.33851227647153,24.3229288736204,25.06751872653461,23.144373810395077,29.69115854280284
26.37334429455715,24.43311116855585,24.750028488151223,23.042442683724275,29.83232631513871
26.344771723572887,24.2567559209782,24.605287688975,22.992459944679386,30.04817794845532
26.144987872974752,24.37557537870221,24.62948337464884,22.9333383267858,29.76243686273301
26.03855200304421,24.133079176648888,24.59123964207965,23.10565916298408,29.966890262752592
26.079617932560836,24.283731334271707,24.673750361616268,23.153494054159232,30.028656144803936
26.02472967164659,24.32996703097325,24.574709224868727,23.19916225991328,29.843435862468773
25.638929731398967,24.55326215586028,24.41980470393095,23.08286348789931,30.193157196534457
25.85424443031405,24.519019031478745,24.37177986066605,23.17187235241229,30.613407385372245
25.767740010082377,24.589847170361335,24.437836261066,22.91845696083134,30.56147260249631
25.814824115952348,24.4653075204928,24.47019442548626,23.04716437276449,30.616794444517573
25.61190706452405,24.611887360490552,24.375658014676866,23.09391814517368,30.80512118387628
25.879908837713742,24.56189485136296,24.331098008998623,23.146805807634216,30.58344699089211
26.003840641303164,24.579743108358752,24.48483151054134,23.17665571208874,30.63516907363733
25.968067780024256,24.902078549836617,24.43050249517649,23.15201840242641,30.413675537651013
25.821845283089896,24.71001514412364,24.529653276547823,23.079567188783518,30.65828900593049
25.636832939303755,24.49222530400857,24.570400659071005,22.988831257502643,30.6980297300707
25.897163510578665,24.63713810526231,24.859279142910115,23.243014260879377,31.108213581113045
26.0093519654312,24.59026981502957,24.845802012291337,23.197396579385767,31.313896317523536
26.23590741919861,24.51767087894471,24.92259048009554,22.987198094870053,31.238737975750173
26.08179411261209,24.552392170961586,24.97523868776129,23.08688275602178,31.18068659792557
26.281493891525475,24.59097276592245,25.085602401930164,23.1283588551756,31.08838615302809
26.284371699806563,24.7640890091433,25.182779586987337,23.173572533355102,31.032496444611485
26.5209849528083,24.68599498704876,25.22633116170207,23.269393678974204,31.19878517362759
26.276561877483275,24.47942771457956,25.289082826836463,23.019421758479265,31.063196787131314
26.29244359672317,24.58275818397069,25.37906373054716,23.09305469405104,31.24948707874014
26.44836216837478,24.318562166155065,25.34713702019452,22.95187184890542,31.098808715284733
26.526510408469854,24.540689980668745,25.27539980815562,23.107257872330887,31.153739510286616
26.872995535252723,24.58620035981456,25.20164354386592,22.8801470103303,31.148066697198065
26.60353967451076,24.56683728214377,25.16914202201092,23.18344178402872,30.905601540322483
26.34300497622464,24.65602514777133,25.147269243194376,23.136807376298755,30.811378907070203
26.175367025944198,24.68683405426085,25.120753105809843,23.29381000546373,31.019531128673176
26.14602131432248,24.489595421016567,25.259431180279087,23.381456483379413,31.037523850944496
26.03555044912836,24.57768583933037,25.490480425735264,23.248508976826624,31.297123008012004
25.99848040119954,24.68714281918233,25.19650217319859,23.32937055076261,31.043767768495847
26.17651823493261,24.652001739364568,25.05808209615529,23.24960550782257,30.94373622572768
26.1809352435044,24.74547378456138,25.02791612703528,23.268961829746893,30.99153342987739
26.27909324882365,24.980483708815104,24.615743510505364,23.17172818178564,30.75895554551245
26.16785672950261,25.13140768526632,24.655042432788413,23.190077691339752,30.765661429352207
25.9728334021926,24.8305466314451,24.811669065576364,23.1582677873608,30.83772423455882
26.07608507949962,24.83430674368238,24.847385938861965,23.077467190024564,30.88311504582602
25.760560282508457,24.690776766280305,24.82588994332957,23.178758452107616,31.371717184760094
25.67696561360636,24.65840015189615,24.784027390542608,23.100824824394188,31.10842790794152
25.941583719150135,24.652346386702767,24.666341879365937,23.23408429523044,31.114818739268276
26.043992457763053,24.820117682759207,24.924385826913504,23.328166376924138,30.776752282299476
26.225319429467007,24.567691333376,24.840316710142595,23.35545285251011,31.07875316929298
26.098384733693177,24.53520695010349,24.90060935850765,23.152514719985728,31.18845592160464
25.836514292959176,24.561912450967373,24.99336431635368,23.20627169646741,31.464500812406072
25.993509880794143,24.60017806417816,25.20558484464833,23.114709011094423,31.174235225985417
26.23629513444217,24.807395909613508,24.962448697334302,23.043930092714668,31.37343110705695
26.349794215182275,24.618451953377512,24.806748809957977,23.13500160759099,31.22754439263687
26.00821979518354,24.57529849908499,24.92207290851956,23.34019542478367,30.89191322886192
26.161716887994604,24.462874824737,24.79545208644297,23.31671390425869,31.087113427466203
26.17329222623913,24.48050293646492,24.738043278624385,23.34585799279905,30.946550862212597
26.342135063845564,24.406533893589977,24.670397955652927,23.3334562154587,31.16423564879816
26.252459464467925,24.191040263158428,24.778471612868767,23.274336707175227,30.550655221652733
26.48791904581853,24.201094815418152,24.955132375379627,23.312585249813136,30.73394958898068
26.49543103609813,24.29508311252483,24.78520331018817,23.42524065794246,30.698896252918285
26.385265489277185,24.01407613360285,24.98933025035647,23.43389545214355,30.44604340018017
26.467222184724985,23.86555503488075,24.650820045657905,23.42562840165312,30.630267814249823
26.637675253256184,23.7168788853031,24.70224994533227,23.345264020469045,30.71717237413199
25.936946061912767,23.934228692662845,24.41995731948162,23.23509669514724,30.492664660456832
26.023652419224323,24.040697146749885,24.20312979538312,23.462328234678147,30.26147086033452
26.13549104194684,23.99223997024267,24.3657840236772,23.56365051589828,30.05071523784179
26.11005699642606,24.072925983877404,24.350657572631885,23.589832775690613,29.96497451104885
26.01408592595011,24.227887684219123,24.430363020154505,23.47870514918665,30.124312258418204
25.916677964855428,24.185921436727156,24.52486376260796,23.368843697396045,30.099576666856635
25.932807083684832,24.435983454791643,24.79729914979168,23.461442771231127,30.462678963204443
25.89542199429656,24.3829876688597,24.810702597566102,23.515059533815627,30.69634523160357
26.08248298318443,24.127386718884388,25.06768827603445,23.223460117095296,30.660402716619917
26.184055841953413,24.20317804555808,24.991337635111886,23.470358422369653,30.555757962837305
26.20459132307148,24.114747086186995,25.15777213561199,23.4843890278509,30.332653948385783
26.33969750403498,24.320301752252583,25.00776736986402,23.519743884048296,30.48815620756132
26.40044994520916,24.31340416978005,24.9740811791832,23.62434617189995,30.258943852403807
26.74108523472183,24.24692563222852,25.27749505831292,23.481876188349997,30.452121500923152
26.99604166994139,24.504479494558616,25.04065079120582,23.417082912279383,30.70527273173112
27.05624506823658,24.431869821038838,25.091120750001792,23.538973927192902,30.56520401734033
27.13930661289567,24.71950775658642,24.94399742372237,23.652517146776496,30.58636029770676
27.04888119539229,24.828378406757484,24.67929684941769,23.57122991604382,30.12384667576613
27.230541482345807,24.599727268776128,24.364665176998187,23.339032650052392,29.93598430331422
27.208407520415104,24.55071874054881,24.20803740619176,23.37718921107096,29.969386595918124
27.28667223461206,24.6603389923422,24.05513529653481,23.50721434432948,29.880017735438507
27.218210662063367,24.646117692137693,23.998498942632462,23.408264672650187,30.320750434601216
27.1205445535624,24.745855066274057,23.99751356134952,23.45956979496245,30.355702322496565
27.00095591043344,24.67350212903645,23.983236644119245,23.52832545442965,30.15593571977731
27.039161984910898,24.61493889054624,24.09800022875041,23.41239157610654,30.04659771690576
27.012228289950222,24.618022805348847,24.24981842886373,23.42279664772151,30.160439486132248
26.992598588845663,24.55961158572643,24.09999753802538,23.24934431084112,30.32970280585215
27.118929725821623,24.688497421168787,24.20948827128977,23.23111383552773,30.443462252077477
27.40302644939644,24.50785634438065,24.29163813716414,23.120559601729934,30.22242983929226
27.45406777791017,24.410240671404942,24.456518889412013,23.222146984602997,30.40439069268809
27.68639174511497,24.454559563274888,24.233099088422996,23.16612752394201,30.44106116204039
27.61053845391724,24.68537091392773,24.338399689317907,23.17564309530672,30.5786795441893
27.81881875155119,24.656607800836326,24.324207474947617,23.15456526608532,30.68706149476121
27.90573696467428,24.8633232063383,24.46892066432275,23.16286737458669,30.76127143428231
28.077075815055085,24.654417789556625,24.505454240988403,23.214615864677743,30.36746513457709
27.79131028312209,24.89512024778999,24.683381129379445,23.17488505487645,30.608928248756005
27.35423181255737,25.104880434565093,24.720034316330267,23.143360961390968,30.564810633503093
27.311040555461474,24.784462564162368,24.78884399233919,23.415138035451974,30.408572778160757
27.386276620988628,24.670791540214207,24.787384213430133,23.3346303919552,30.683565509860173
27.24969802635173,24.56987060681416,24.828051861326347,23.228442390286737,30.729255645538668
27.056304239650125,24.732168727042787,24.88359214233148,23.424841320754236,30.70886661606161
26.945511874531007,24.70500919803245,24.950762557193155,23.264182896012976,30.409292496666467
27.052556246503165,24.522817392923688,25.05387211927032,23.27156751895025,30.327569281535144
27.17513091375688,24.485667178694147,25.10826022916791,23.262167825568294,30.352046839194493
27.06471463646919,24.552399930902286,25.240571352684803,23.14332961154737,30.36936771123804
26.880060402358595,24.576530972944457,25.215404516892047,23.232851582094963,30.292788023623554
26.88698303931991,24.611556077436735,25.24378488306549,23.261411524737323,30.37152066588441
26.908018267955743,24.58329980875923,24.9424506697986,23.167567602884034,30.601035844695147
26.97983837687151,24.209162640572465,25.025561168331752,23.17604449559866,30.58676257786096
26.664233465976565,24.300587898992188,24.98647577644287,23.20451869732365,30.37421608202184
26.84916822449174,24.28406613846246,24.873259163804644,23.189015285451543,30.15451250545787
26.670930244127067,24.36831083207657,24.97076673126444,23.217402482732066,30.08571185782161
26.84052430127931,24.24803401717604,25.061774574177942,23.25657102679268,30.2277191801732
27.01505631038662,24.333303440779,25.115321212745304,23.345097324204108,30.2404818293739
26.82690273883586,24.475492787406036,24.857100749183918,23.259667661124,30.16253148924575
26.71543860378173,24.542053209439928,25.07778449076117,23.21108017273409,29.924533918482247
27.13546894281041,24.52825753672355,24.907176209403644,23.21107725313014,29.82089954511385
26.789662238478872,24.532463325644777,25.03579896523641,23.51924086709744,29.54117446053204
26.755423131475847,24.462621874171656,24.92461748312581,23.49566090598053,29.198284016169374
26.752196222570188,24.57380540636258,24.804573423704888,23.51089260338883,28.81765549130405
26.63378889988841,24.54390006295789,24.919740965411997,23.53179466734044,28.761309406509483
26.67877445489495,24.28968610963136,24.84365449995908,23.577272304295416,29.18056343338061
26.65216106234823,24.105397884719014,24.870489475252956,23.753353109975425,29.298435311649712
26.69750055019398,24.25646457412998,25.08870050864464,23.69174459443241,29.005198610942283
26.48051642545188,24.22635261869293,24.81964001225941,24.025090911631008,29.078944643549093
26.529048622175704,24.307701806697807,24.860492602403795,23.86363112859745,28.84753309522756
26.205828327953476,24.320205980700344,24.964359595759017,23.654738115331376,28.68933204928308
26.4572987543433,24.084613264086634,25.262528499767612,23.60150629310744,28.62769829081588
26.319866142309746,24.23216676829985,25.229853587148902,23.764279923419537,28.823763508724777
26.5828882629872,24.350195385808085,25.193194717630448,23.63766199816125,29.168349401513204
26.625566145995016,24.12828110388588,25.200817372693585,23.56178277528453,28.829859212715725
27.014430644967423,24.021891649007262,25.087576356326743,23.76327810642892,29.27706238109805
26.94523608646692,24.048596377280468,25.09110745315253,23.949796150816784,29.07934005323321
26.949521327844614,24.15262784589606,25.132962148971657,23.77747066989906,29.07308409569981
26.650013636784,24.013655264468078,25.06317843009282,23.59000499392176,29.2457615517175
26.60107424113649,23.920087848835237,25.33741958215045,23.5150740978437,29.22286761850621
26.772356076701104,23.89112404205115,25.016439074129156,23.44935631014963,29.202854340572085
26.36598971243883,23.96939656826464,25.298090814038027,23.69324421560893,29.487140779012535
26.4639230672398,23.98228728142105,25.38200151375224,23.71153193820382,29.172189792474573
26.336820843846027,23.814546416807907,25.19207818219192,23.475288700307384,29.14738163192065
26.762921260453457,23.868430068540626,25.09325799372608,23.505771063349968,29.08386264178946
26.792643196245287,23.87333238441589,25.12119731615944,23.475876721766365,29.015149458920312
27.17985851506198,23.772127945922207,25.516614407907397,23.53701129816063,28.94654792242695
26.95344739528758,23.82834581817526,25.484104265934302,23.76178241112632,28.8955131667826
26.96081151681378,23.72947579989488,25.427194731618656,23.591859476516177,28.98104956512545
26.93573488773556,23.715791624162986,25.453316182902142,23.42335859976128,28.53214649153005
27.01411287878978,23.62883839986341,25.020520161394828,23.468371427453523,28.603716258054877
27.38391264314644,23.771702209072103,24.937731280561756,23.320863887383677,28.79012144888541
27.578131088869668,23.677997135267336,25.30712306446909,23.569088756607723,28.76028166187484
27.29523352708395,23.707411756938576,25.28844447786483,23.614866795520893,28.875421013067733
27.24617183188696,23.798691763207646,25.594487746749355,23.498606821755345,28.663629543252654
27.129491980654112,23.787077330682383,25.707528338780097,23.652759093134524,28.69785286319462
27.042285422676777,23.865052764326062,25.429775370661552,23.579777762597903,28.707894382273267
26.87221597505558,23.93825447140068,25.59450486264534,23.456585759856274,28.921016912878475
26.919269602451557,23.955285910864266,25.569735554608386,23.514218024520297,29.23419566888903
26.9800915954647,23.925131858177785,25.56753379084625,23.42061840773034,29.081025951537995
26.94106394553747,23.72514502714889,25.538942641469227,23.355200016254443,29.372024043043822
27.008760907508428,23.72517346922963,25.604740002135703,23.1696101654287,29.469647872354088
27.01766558048269,24.16636124373879,25.67133017652252,23.022538049116843,29.501329231991505
27.20168889609222,23.990097708709264,25.51205705598447,23.12131540294275,29.333973447534397
27.227541460382128,23.815818439908167,25.62537773533399,23.08074039821813,29.58394647216548
27.370987424692704,23.94695031445542,25.50354430762691,23.09777249014236,29.87063691714388
27.2530775799135,23.94824625358337,25.16669825309077,23.033122939478837,29.990898775592484
27.045833410466383,24.071640220505856,25.19334631675019,23.226587362336787,30.144447987998767
27.374955249804074,24.177202457621764,25.209806455334057,23.050708104699883,29.77385237052192
26.973028854730547,24.18513413375556,25.355656816549036,23.173787334809177,29.94146003847181
27.22567636268064,24.169526775235585,25.57421934293449,23.2210795585024,29.86764762937711
27.19384845648316,24.15375416539049,25.316030249655167,22.982766739206657,29.399916654726976
27.42126650769257,24.226261638973984,25.56662212715309,23.197749532718294,29.72207054070028
27.77301240434643,24.374754003407464,25.12797301453796,23.322070529602467,29.882414689062543
27.444208729690253,24.280748113168837,24.942121581223905,23.18627763774058,30.17376617046536
27.491325770384947,24.23391148367436,25.01540099905068,23.31822201201312,30.120047550961083
27.649124043793435,24.083943984019825,24.88096309320781,23.28516915503894,30.059607192007903
27.409539611707025,24.179511449692715,24.69568568397525,23.350114800339547,29.989604990730733
27.20678327855777,24.147674311772008,24.771967773659963,23.372777751390885,29.9519258413977
27.29166891089472,24.16878095178764,24.71562684174745,23.736013616273404,29.848436972170987
27.499405490489004,24.46881244909048,24.979614754094115,23.469719438567918,29.73084804327796
27.232694322107367,24.269765135800547,24.902943000886243,23.671864822500737,30.003968215815085
26.862259600936184,24.12948597718988,25.03133970547648,23.64426694931724,29.909374345200707
27.035230838652996,24.04960537156197,25.30588846315511,23.41264788907002,30.2439882781312
26.88519568265738,23.7492474319132,25.362594373725106,23.58905197716947,30.398699656805984
27.052829599781425,23.89816816829074,25.14142333754678,23.66090057897324,30.179990825573043
27.18086054729901,24.056507203186264,25.14171860982328,23.579446299140933,30.34765955953987
27.02034918239922,24.13033081818133,25.003615633738598,23.729964008698868,30.224086922975115
27.142908796448296,24.047620308716816,25.0117164542012,23.490596956944817,30.338648039155427
27.162577254783606,24.15944310275395,24.91831314429249,23.39895399056244,30.195129389247032
26.79521309599244,24.11179789982152,24.93552182870061,23.560480743843,30.312864351452724
26.751876062699605,24.10854539556399,25.250265411903765,23.74358745414005,30.279606641580035
26.67135798587776,24.1137198847278,25.1763832271936,23.933737347264536,30.440684798758845
26.58048440981429,24.067343421879468,25.383384456311006,23.82612743161836,30.405754154078704
26.554313307116587,23.860663006474592,25.15375336426829,23.571758905986464,30.834068135649463
26.81996612439484,23.81108991785368,25.157581974674635,23.67821460149007,30.59690437452501
26.85830437017784,23.869709061203203,24.94430878576389,23.583501057632475,30.58832627959277
26.78815125636081,24.132063136193203,25.021388047444187,23.658956541299226,30.71137811747371
27.12887520676553,24.085104922631377,24.885765083787582,23.865634292905987,30.44826084366822
27.15393271275586,24.45071936840802,24.88456729114581,23.643974423319666,30.85689506022834
27.029810403889087,24.293609456630968,24.575884826431253,23.57617788213233,31.06486104755281
26.84707005716234,24.43828424422485,24.49495902392752,23.562374047589728,31.03225965017646
26.72780951434716,24.397366666706464,24.599949897037217,23.404615999587698,31.25549197091931
26.727315626771897,24.478422169986317,24.879071933277903,23.532629090467218,31.09530440110792
27.06644764405717,24.47841229712513,24.750371029402352,23.88190610538684,31.37304124412089
26.984221468915106,24.388341731956533,24.527925485227392,23.66810421308599,30.919250666857685
27.26398572507939,24.311866047902413,24.53078231240607,23.409631697924667,30.7962588723634
27.147809673937356,24.291414652105185,24.509654154845972,23.302285082840065,30.702029177977703
27.419333081467123,24.441434161671708,24.536570578027785,23.394097221654583,30.678393191469624
27.228804373933684,24.413146919634112,24.71226730056702,23.57797655386197,30.2450632081601
26.964645285416868,24.37957488803143,24.56212100614539,23.4903379901693,30.01547365584142
26.78556779004088,24.37584732634365,24.44770589462324,23.54668073320105,29.77517296134885
26.814123283496496,24.435494023459125,24.325414072303005,23.50258979146982,30.295531563849227
26.62677974215048,24.45813546490152,24.43383788258853,23.64107286705984,30.31946492154519
26.555758399592847,24.410904912590222,24.65632138871536,23.53533025183941,30.254786729704744
26.75945869778051,24.216555265302045,24.25842002375063,23.347663412916518,30.224174515184437
26.65918180831932,24.356178319873223,24.29065276461121,23.287560761133964,30.16619357045331
26.373477361519956,24.536549622314705,24.40845898344808,23.444869802465224,30.131497615267584
26.340939352831917,24.31985406138265,24.21029055650352,23.345449450908166,30.55221256261808
26.43451065948075,24.13438982305462,24.248276097538504,23.332637670047955,30.505846223697244
26.472090882977437,24.284435730620583,24.352271711179355,23.21729401160045,30.589338920236077
26.27747200796289,24.39632528449355,24.01659158356619,23.189908945924795,30.171197469097464
26.56682837641989,24.33298712164183,24.27342483891096,23.29403653720784,29.924249233355205
26.53210590700924,24.235609830820103,24.23608472340002,23.2158243850765,29.82463940947397
26.613064514638985,24.386754890082464,24.358566540093047,23.21172897090813,29.861549523352743
26.655675679509105,24.36209625390697,24.441804686902444,23.22043454735872,30.062002909799567
26.410410517093656,24.08452389927628,24.50915490835407,23.39176426692348,29.932797663709486
26.19243794808341,24.408521647825964,24.484800064841487,23.410124622895072,30.235625781613287
26.175903103897816,24.28961538876117,24.61610823936464,23.37173301879607,30.315808648052368
26.062406615139416,24.33573008411965,24.79614223119454,23.28578998331562,30.10769942802386
26.33671669408809,24.227204049316985,24.679972244301123,23.40134318015478,30.17978637948779
26.14537135530544,24.13018288019778,24.52491467136018,23.08153290492065,30.343058342531464
26.01625593217128,24.004364703026503,24.88589359737868,23.23236802852636,30.320536714104755
26.08652739215829,23.9220791586562,24.816602975618046,23.19159433312833,29.741426538566824
26.340227958410072,23.868522419486432,24.73332094012868,23.120306744245465,29.948707432082895
26.255186552555298,23.98313382537458,24.65269993805146,23.16342393315213,29.69014228494401
26.388174411547627,24.03666069092532,24.865134622407798,23.27021150133865,29.974224807747937
26.50163928016556,24.19724742787984,24.42648782524774,23.39410194961236,30.350492662999603
26.581576598101478,24.301149816306477,24.50501576129942,23.36864498640505,30.01027731535917
26.51066388658206,24.206163942809667,24.497873122732084,23.38624819078679,30.03396032121237
26.55586969264377,24.060327780452088,24.44234312821406,23.277325528151607,30.138391587299104
26.4499144910522,24.14451423365684,24.277731550159796,23.2504693728878,30.1260471907426
26.673184672273404,24.2741721610314,24.46721129922491,23.381283838936294,30.207251063627236
26.64212403837324,24.33292474066538,24.374574248046,23.44455381408367,29.965971184061
26.58291421014429,24.14146268268595,24.699075170657952,23.37056991268547,29.672477438911944
26.51059563420824,24.34927112389703,24.9419062625167,23.398891997915943,29.637223477341
26.18510246994069,24.099030802521007,25.02671389801361,23.302793629887724,29.608104985626333
26.17674915779089,24.119995116794847,25.142886298473744,23.203790700589312,29.47290286932147
26.359753739370998,24.17087180159128,24.983297915142494,23.066735161094343,29.56813040517577
26.298496870249146,23.96990810956781,24.41705015668599,23.182506771646604,29.53329157390352
26.37309681527996,24.08392414085716,24.227791153404688,23.10206576360187,29.55891230194426
26.29245228643315,24.01423091305563,24.14616266963071,23.23896651968596,29.44520773087305
26.445124588909163,24.20609039978356,24.08882772014157,23.327942848295443,29.28109010946478
26.377633372883658,24.14254666444433,24.06931925581068,23.34243077266509,29.148493552113973
26.47728453469814,24.17214298063117,24.1142335655152,23.13612676463424,28.98680264143489
26.36807457920808,24.265806803601173,24.066399338709623,23.14336777289805,29.160316742456672
26.522984648676903,24.38642599464652,24.23432765494129,23.214859390431087,29.25411902220213
26.16497731547237,24.24558173426654,24.421970191489883,23.2809077405217,29.223888369385183
25.95922958634835,24.145367264444275,24.267439848551223,23.32647571526279,29.230379191225712
26.087898892451683,24.133659130256397,24.644971032450776,23.235884247349773,29.526612855347956
26.023553596431825,24.067650289058697,24.48961444060609,23.46638420121817,29.376008654772274
26.301730547096707,24.27611511994944,24.608581427930964,23.203182751228976,29.692346155028712
26.07785681644953,24.36714748608497,24.71395571361083,23.22679746236661,29.64579900722357
25.876257100642142,24.003636753507223,24.55400451419244,23.209933593671717,29.945005729856337
25.99650354713592,24.309219717284364,24.555866776360947,23.155111638773505,29.881753340891088
26.048998671037744,24.219508472535605,24.72028989741064,23.2268045321655,29.76091948665787
26.28420702747508,24.194003617007304,24.530831222867445,23.34526691087741,29.47873573521925
26.0604107457785,24.121555377702556,24.58386729206387,23.29423724810648,29.695129158647408
26.30434201330424,24.19291031249555,24.716948018842476,23.2495209667206,30.2769452935479
25.876999155456147,24.017693076142542,24.604994748032837,23.26261388966157,30.234823531580428
25.79452015683257,23.94580216527673,24.676803357000303,23.264675595263856,30.32233252680434
25.74401143260824,24.03972647550812,25.06237604166924,23.24839689353608,30.420342998307397
25.77804209640097,24.079489976346604,24.948330904316844,23.23267675044402,30.20452705596901
25.73660273520905,24.15748476165509,24.711638997105837,23.31680701085431,30.304829361797925
25.51087092564292,24.225895582823124,24.9042241193911,23.41649194941477,30.424796702318503
25.79463332496464,24.334383142022325,24.99540160306186,23.46560074189288,30.444176994675345
25.830490756350063,24.463868178526813,24.96030879944077,23.270356357951822,30.56036366979464
25.79244116488,24.434007161163457,24.91504609343472,23.303948408732712,30.417476132973817
25.86903702086725,24.43471200465352,24.75899141317409,23.3331913816882,30.435088715346524
25.730270421408203,24.56444203983129,24.69566554249434,23.421053367389675,30.388729388354275
25.503039012659613,24.480967514966206,24.99840874327061,23.23498854861947,30.40380607628596
25.597509309784677,24.57427026061521,25.251053096869995,23.27569674383093,30.38888856165151
25.35680425541424,24.339759719795005,25.17225388210012,23.25744082479465,30.73082630132235
25.1454481312834,24.275383403834265,25.24377965782256,23.25612361412096,30.56799458713966
25.225187356715413,24.326085835124555,25.220657495454624,23.461722618550983,30.768454504560733
25.406957926678544,24.40460563326604,25.202329642312836,23.23461748236688,30.8597500066788
25.21925204178368,24.323387328515476,25.358229752730047,23.187822401836,30.635054350949037
25.08909731826725,24.255937856554024,25.23210237317891,23.14150180099057,30.56497954461337
25.10799760478064,24.211657100965244,25.339306000517773,23.11267307835892,31.20273135509197
24.92132769276981,24.17952986665785,25.4263990770338,23.20972720840717,30.76191650302959
24.945144921276995,24.060852939803283,25.485225152260988,23.280434500226807,30.581788789456755
25.160896867192623,24.193073693922155,25.401301904598345,23.23764016639955,30.6823631468674
25.39811076358549,23.99512503682685,25.040547397614976,23.260403803284238,30.47496598103397
25.73077244180708,24.19462383302923,25.282556879410684,23.394092699623744,30.86332984479969
25.276235079866364,24.0630185274106,25.314688530141257,23.254318679645127,30.63259202451224
25.583054077453205,23.93607558946316,25.305927620790317,23.33092999554702,30.77889578183064
25.742948324330712,24.01174246339688,25.16619918152484,23.14174863384304,30.2319207697708
25.827171846399967,24.120758168714005,25.195192004500733,22.967602420914474,30.356551995074877
26.04987159233868,23.87350016483348,25.15492454821756,22.9644486557624,30.9133318553329
25.794229898176624,24.205142433026065,25.533815942822805,23.042695229299262,30.89470861996036
25.91914621824782,24.254195029433948,25.19019212303201,23.14634215910898,30.785336449035366
25.835597521461565,24.476019442388555,25.324588228401453,23.22598171541136,30.662576512018244
25.824352599108025,24.48315050920141,25.23895334589228,23.056276703524443,30.80620701559709
26.13104530248197,24.56529574569644,25.523455318502776,23.10778792590881,30.677741056666903
26.14840332137273,24.521749565143487,25.435858724409808,23.133020865742544,31.049093308876834
26.132222464358243,24.455105512786297,25.138265564586984,23.052818996079107,30.85732930986074
26.10864405700787,24.23382386177622,25.376854683903503,23.108993486668783,30.72444654010436
26.10331596971909,24.331760041847502,25.43813858215502,23.207458425668868,30.797063233520145
26.16310658968929,24.35956558239777,25.28613361806353,23.10505290797436,31.027480089456212
26.24102924580236,24.434235733344156,25.22186450730175,23.164874225113547,31.133665939388266
26.07678771131843,24.448062155420224,25.105810307563893,23.0556989029355,31.02726984535738
26.26230821569232,24.47811674448551,24.886292577729275,23.063729155838544,31.19987683980503
26.258761833878676,24.602241736820204,24.931498287442277,23.03339854282454,30.928262268809025
26.29989050591072,24.392072220540552,25.115564085538143,23.00805421484475,30.95344290868973
26.38236596147762,24.37580016153122,25.299632612248416,23.156868908914117,30.8502254425082
26.18894155228094,24.357335389540285,25.522659365738274,23.147148621962952,31.123727233258915
26.097142717107,24.1551408178754,25.319213488558628,23.259381905980582,31.08442312627224
26.298045389135478,24.21714582192972,24.99248677232585,23.346974238817257,31.18429378779272
26.26833074012988,24.23709076724373,25.278057489854984,23.356746620436404,30.80742615779399
26.131069399642445,24.246542097617453,25.363837032887595,23.404245287787667,30.46219425431729
26.385210440695108,24.09205174999277,25.472090371452797,23.088565064075244,30.493246173424303
26.333488378570305,24.291242821154928,25.2045273486539,23.212127504257232,30.91112081086914
26.138630560662342,24.138823001108754,25.17543850056833,23.50405251633076,30.52590287791073
26.077863960210827,24.165369179602976,25.175278616947672,23.3703941662392,30.149126247436765
26.278590490056747,24.12659625089536,25.07654803617097,23.43349809415636,30.174414507046748
26.438472168566708,24.189401386643127,25.004190009185667,23.27440473244139,30.531988683558826
26.28952965346984,24.070952054862065,24.98351230344572,23.36575561857669,30.287852845772008
26.23697587763788,24.08511038803433,24.69698402856525,23.287055675895573,30.146760055931463
26.496052356762185,24.267332290455823,24.531669823333296,23.40149674778486,30.26934667003447
26.50741989387488,24.289670572261688,24.539019132751456,23.45040185502581,30.432461329179212
26.419433649622565,24.29680048473799,24.44527376038193,23.33012649248132,30.227503207676275
26.262667393655427,24.415338212398296,24.630119785037877,23.467704751258285,30.34461312948078
26.412142693101806,24.275222975017225,24.43041791275839,23.55698313670215,30.248763251327347
26.598635852902373,24.462875902103438,24.389275204295448,23.4512352574358,29.947794405321066
26.35113942829519,24.24941817220754,24.36466654362925,23.587985879450187,30.17783938604049
26.217160680050725,24.41186580389645,24.389778418211847,23.424732182085897,30.03087174253088
26.251112666003568,24.39930935488718,24.480586790675083,23.516793385188016,30.109242327714075
26.36924270812383,24.15139663144739,24.640970535140347,23.503330472129814,30.19185767341352
26.639525079249843,24.04064706113343,24.862934995160032,23.51538773735497,30.086285852699174
26.612718937699224,24.14932728878464,25.041582264365317,23.45923679638866,30.27869145176579
26.50653243478024,24.00508046539989,24.85462617750078,23.593386131221497,30.108687897078585
26.402770705296128,23.920389505017024,25.09645829665039,23.43983454535585,29.852639601341615
26.34814837974169,23.97210857814845,24.908628681050505,23.48771408162195,29.89860323957592
26.329390735375547,23.96963963850874,24.938003766735672,23.29357077774193,29.901031961466384
26.528415278154917,24.098207078234733,24.96792740580893,23.4642978048576,29.77121313000972
26.30948877010259,24.01764005279833,25.02310205445729,23.45177272239299,29.33473742062489
26.446571715514487,24.258699811738648,25.043868092436224,23.461581785470266,28.99147029997938
26.406560512918897,24.175110454683328,24.764803050968137,23.52300887660099,29.103641368265293
26.310760153454822,24.24375780530153,24.70303569787242,23.528554937937344,29.44296785970952
26.1025408066577,24.114087298056685,24.82695208610252,23.37708556744076,29.176755641969816
26.177855989123533,24.195361789094893,24.864495983196647,23.31113615125745,29.346634695310694
26.576615482264277,24.299746091078845,24.53239674871293,23.38911904326022,29.286607975505213
26.50631454630315,24.312723864621383,24.758738179216884,23.259985882366927,29.5429050700506
26.62149303539573,24.29069094289934,24.7332008815238,23.424470327616252,29.28273800422484
26.65085623198773,24.32215986962973,24.716808054223485,23.44201233360416,29.556956117909927
26.830580159987456,24.421284421547647,24.94162352651198,23.38927299415975,29.269570423186785
27.07405338835006,24.251172712733204,24.83719643393231,23.49643548171985,28.90349035798018
27.429898007996123,24.20441915300673,24.71837271525596,23.663054762895197,29.30917813268022
27.607226233475505,24.446017430972137,24.59911058373242,23.651624426897605,29.277653752994
27.292722268279057,24.44707999275572,24.52430533006707,23.663001280442924,29.297586386930544
27.409094924437003,24.369789639146028,24.592803998010694,23.653495577073556,29.247665465872533
27.27158864406507,24.237585734169663,24.623046862843463,23.81920736460539,29.330065421746237
27.65126273224173,24.28503249993232,24.279586592116765,23.419321297147235,28.993536785778964
27.75283525507386,24.243775295198443,24.284640072699904,23.358446165767223,29.03492482183458
27.27866691667553,24.111980450987552,24.61606533539232,23.500621011460996,29.313650718301048
27.48709529508421,24.25468504777158,24.68259782001996,23.380956429380483,29.139795657199056
27.241866297720705,24.2645947022592,24.727539362568383,23.32424248972083,29.011526934993608
27.244465448057976,24.156041120488347,24.827550597990207,23.047494074440287,29.048694182003
27.206214513714876,24.17917837862793,24.90677750912921,23.26877759880293,29.118326350406505
27.335366839164355,24.37634562908301,24.72445532391881,23.194431065192347,29.100530971042616
27.3491750043788,24.397334228919373,24.82961337244676,23.36104227521725,29.394946424644623
27.40611141153679,24.27770077578516,24.589969139766357,23.66954272703222,29.256457814522392
27.507057829619978,24.173375877541982,24.965959413333216,23.412618673390455,29.09894532895248
27.50170648876953,24.2596758002736,25.079881685184105,23.41975105281985,28.946702319889567
27.33969310719776,24.379156614836653,25.143981099267712,23.217000653927656,29.297138218173554
27.536762585264395,24.406105003459704,25.097077612289493,23.395955464762835,29.587218069504427
27.129881792993935,24.34735840108383,24.68189404089258,23.289651458283995,29.79445050445712
26.86339805154217,24.437899299025297,24.487341761046245,23.30266508408136,30.13960488265881
26.79041508152529,24.37692705246797,24.15772687227136,23.345485737324445,30.100322329067485
26.82283361138904,24.60969918459691,24.232890601474125,23.219986781400657,29.866736842210013
26.581067228474176,24.544380720939525,24.2223639685814,23.237084537875017,29.821586710657044
26.927570414966954,24.63458699849394,24.471135139860493,23.285435831716224,29.92011652658586
27.12114581057051,24.53896401267638,24.275033631710382,23.34710931015512,29.957871049034143
27.02388829170357,24.458803880709635,24.277970242798727,23.398407909649706,29.91893351799232
27.087555946927484,24.58156412328777,24.13043459827315,23.28651208321352,29.956909207835466
26.94234956437101,24.486983286049327,24.32153858786446,23.358576535836413,30.08102500061421
26.979066760865027,24.399377661907877,24.19932332510548,23.07867405454013,30.152708280606603
26.588175320543343,24.23852597889134,24.31443318443945,23.13110085632852,30.11419285565841
26.681846541880915,24.130984299493758,24.425171300501628,23.0350994921041,29.87102569861681
26.563147246463487,24.21060350937033,24.515290321791767,22.929870916771343,30.08040575768545
26.76277991757417,24.186269189598832,24.482476848558484,23.091157178620385,30.284667698795317
26.879531463419823,24.19871916202642,24.401716866735345,23.18623150767885,30.253196638217464
26.515446087894997,24.190829549663505,24.15104260389479,23.19653020219106,30.10100513646628
26.32604595195231,24.15350925769224,24.20620869653628,23.32636163207153,29.96567514572393
26.356748715470065,24.21121791516278,24.24906914443714,23.36696488177134,29.813827295448995
26.47335016323445,24.168865040707,24.291483564740464,23.073787323001465,30.003589161940106
26.55624740990154,24.23560617591198,24.266978791546457,23.282717335025215,29.735202441775154
26.227476487349534,24.352923396758424,24.488297717202222,23.24831371303393,29.55008446015984
26.306921778436944,24.00036810847318,24.430922004719083,23.27561174674543,29.64258870788513
25.899201932619743,24.15925694865163,24.57560199311347,23.25084292964699,29.741366866063185
26.227552128971084,24.09067677723512,24.693986659569138,23.44322981207412,29.872400259572046
26.28286766350212,24.06060319903724,24.8456876452558,23.255783044054247,29.91892267698541
26.213916244388308,23.99007797020045,24.99970765277752,23.194280009390493,29.92774009381015
26.34194717971816,23.88439723063368,24.63614666060768,23.27163493400216,29.74183921387406
26.01925372886296,23.994847200281185,24.45310309544115,23.232446360272775,29.514504568863607
26.151713588792823,24.089117728955543,24.32248276200449,23.1865376963914,29.227957886349643
26.172164739399918,24.124760994168422,24.143693602364205,23.165044148877445,28.84789410150004
25.972863296344336,24.04655262565145,24.012443990929604,23.32976123104685,29.02677072042554
26.207772504641262,23.84848348277255,24.121427841395104,23.31059044055188,29.004041540071967
25.95599332879445,23.844271186381704,24.34276514167749,23.22205241212929,29.042802816675128
25.95302409906965,23.917990195675795,24.24250952217429,23.26430682895908,29.19027326724923
25.94002554188779,23.922793433783998,24.259566644820225,23.09116090692942,29.1092689283966
25.77872468134864,23.72237008563005,24.352920622879918,23.059941122979858,29.125829555284515
26.07585983140268,23.8408061868106,24.091318048354463,23.04801352248389,29.343127708633148
25.934223591087527,23.657595174775675,24.14994570213551,23.234578499153013,29.24442478024625
26.226519277455477,23.4639104006937,24.246253515854324,23.15041119311098,29.08153638739932
26.508342763621183,23.63158929419257,24.136401084009734,23.16728784410799,29.21150647689792
26.535146035876,23.62377902768605,24.176879309904542,23.24754980871232,28.92507567063276
26.52895538269603,23.864270249126164,24.39518972431294,23.17814721339285,29.365492085207805
26.29258456290557,23.697894729323338,24.14238069203072,23.14958781521591,29.103801365718954
26.704640228536668,23.875820142442272,24.22842584849259,23.032493468890703,28.777343689558144
26.45734344321986,23.92889115805554,24.20691254860096,23.17262031949332,29.111769708302585
26.514177425339835,23.793287347194564,24.162076478625945,23.14120194434336,28.94265544399705
26.66327749946695,23.964679911521337,24.202138819150274,23.00323263111844,28.668293498653306
26.585917653348385,23.91674142516622,24.0257435597374,23.08423244117957,28.721393012875552
26.61559767600145,23.93974117794109,24.15196802412625,23.07156214542089,28.49915116247349
26.51630662139903,23.966331642915897,24.30593584040349,22.98615625451775,28.49908082902121
26.585977179055423,23.944115118894345,24.11339291043853,22.99048674349213,28.42124053944791
26.23669163978723,23.87155543233236,24.111589065320985,23.136343742966208,28.23337151700357
26.01855806580324,24.165007204852035,24.16417173552026,22.948613479070158,28.176174571574165
26.383284034332235,23.998222374948146,24.402798909608624,23.229238407284445,28.187818955243003
26.193727411989595,23.778369947259588,24.549610870935787,23.23778877592968,28.18466983983687
26.083743735479445,23.89909575024581,24.67442051623621,23.26180252855443,28.198426249239564
26.08686085118406,23.80641930219663,24.692484171527894,23.168852915345013,28.043507383855932
25.93437366269604,23.71849359840554,24.712629778380297,23.464308888916324,27.831624396758464
25.9816854402512,23.579619092475653,24.851684518623014,23.291893561832957,28.01445933489105
25.902254941168444,23.83214530725976,24.94239987656145,23.19163815737139,28.129829713178385
25.869716516269246,23.85062075207601,24.943542997057992,23.177760223589065,27.92013598194592
26.04330418333496,23.904786144241903,24.87292623718541,23.233338761347543,27.668733260482384
26.10958560257826,23.95153232610573,24.91239189567407,23.076931585652563,27.409042462644084
26.1880919718558,23.84119682813856,25.09316734146843,23.06169569266273,27.525605070413175
26.080039624875457,23.971126463173626,25.01377956602876,23.253992506178424,27.627790627930796
26.00954155304817,23.9214564219629,24.808691563985303,23.24951091056945,27.59551626759881
25.868544513582435,23.86203625119077,24.616013226936712,23.2499800624068,27.91519253284608
25.965666034902465,23.625894583457704,24.406575410175773,23.23976605452541,27.74522131640604
25.91795059717749,23.945184115358444,24.490229985958493,23.24554468312889,27.514067371925773
26.15444918813431,23.95623546637122,24.211841056468234,23.38649663845789,27.669161665673982
25.96653430336049,23.863178285056755,24.21823982386892,23.289465425121797,28.01702830237077
25.950067568004,23.908085703442406,24.211449492964277,23.37770106516429,28.235825718270444
25.93573100517761,23.883824048933743,24.409389521603256,23.49783621888877,28.676096457838383
26.00432575780163,23.904253212872888,24.49532660964184,23.6368941348977,28.7167749759749
25.91134035729008,23.93267493589915,24.620306087747117,23.26919231851459,28.500290406326087
25.735498597974903,24.13606582212136,24.724027069983585,23.445343185550588,28.3645315144154
25.81314036315645,23.93870971584204,24.78237469427973,23.27104625207844,28.55038767001693
26.306429581061035,24.06316458967319,24.86783251632304,23.42260716901282,28.50642686688379
26.33838844125015,24.089519798930564,24.81752091281209,23.336891213298777,28.74896029338222
26.759189118349013,23.7960057246582,24.71822196972829,23.424138308604817,28.560442173523825
26.77325831208482,23.904559082465934,24.80185036422704,23.65525321982445,28.81185033243674
26.458754732057717,24.05670134522253,24.589700531156257,23.52630149219928,28.63835027002852
26.32919047156625,24.1403088669497,24.621969937154784,23.74093078372851,28.943940914136025
26.6521741034498,24.129040926245988,24.62397916161125,23.80373903826215,28.851085221770937
26.529963386364997,23.797298518081764,24.296853223805147,23.94880562076649,28.842133377513097
26.610238103367813,23.696776882982952,24.434408615033405,23.84084694594489,28.821288404862077
26.73538034757024,23.990947259794147,24.527978975903743,23.75560350597222,29.15659573427692
26.689880897736085,23.823275173531307,24.46793256926525,23.637316437045957,29.0751383553529
26.608320213663596,23.83726582241592,24.536178910535195,23.599935554509187,29.06911421510758
26.82395969439495,23.900374775743213,24.640916932310475,23.82777313459787,29.065117208001897
26.91877290059348,23.85333241200203,24.95786935570918,23.611820966818293,28.820496057337785
26.814334581412545,23.72990785205076,24.993605300801512,23.785819195821382,29.143159641552614
26.923945361083074,23.83898831503852,25.065294440824022,23.49242884647051,29.064233048626207
26.8339917688644,23.986613193550223,25.22481536808151,23.52694988611132,29.29546527645622
26.617676595490725,24.13884507616622,25.3029026526544,23.50552851457105,29.016209193839284
26.45030935231378,24.046672239658225,25.283349427842506,23.54424613401294,29.032715374381
26.37613123274229,24.00148290002524,25.245738858645414,23.50677431519504,29.23918686959735
26.32026005556484,24.05714727029812,25.54579557857312,23.52756893140981,29.18968373303256
26.604606496973567,24.095010705192163,25.58576017721731,23.38290839549765,29.20545735870312
26.54098124933933,24.003256820363788,25.52348434547661,23.50528332349664,29.401473613469992
26.73214224479647,23.942442658225744,25.762968755931723,23.332573805123204,29.395296314919864
26.372543232952637,24.060544486939573,25.81212361435445,23.309314463420463,29.125581057317785
26.44282626860016,24.06693008140682,25.822712037131428,23.448944680136325,29.106563756413173
26.34543066047941,24.019781234228567,25.377020023884484,23.457091466594505,29.19280851204062
26.075324659606387,23.988625216925964,25.41648143738271,23.3476898671916,28.98854836325986
26.429521001497108,24.046454118181327,25.34542738517232,23.292790409838197,28.85072785932889
26.44730073591081,24.102854216561877,25.38913541306836,23.32707258072597,28.757963730161883
26.506555139624552,24.03157050451772,25.07763179756684,23.36453673086781,28.959232172826688
26.364973089401317,24.04789542706969,25.242165852331954,23.40922681692546,29.244153682944862
26.31584115250103,24.05243803716306,24.8912867638169,23.515708223883383,29.188206462304848
26.16676207631798,24.02429727790989,25.108209166424626,23.303393782708163,29.43832500387436
26.082402824659248,23.953688171875168,25.13191510555992,23.486220694399503,29.663063938685752
26.373781049585222,24.03677102588421,25.074120749875256,23.26843519239515,29.745398479608077
26.186327275461192,24.13940321243941,25.208787411024108,23.49879397248944,29.87201063733976
26.32940790506276,24.295358952039106,24.920727096742656,23.52079797273444,30.023112465780304
25.97068577125616,24.246786192414387,24.79013292921712,23.48895432703796,29.50817424180828
25.94693958049655,24.2142888730682,24.77227694585131,23.448439540897304,29.27370500299361
26.01464177752792,23.85456403809133,24.82340944007009,23.46375588680857,29.52066546869368
26.2471706563962,24.030364601318052,24.86006504851771,23.37624134830347,29.34849015887721
26.5179258330404,23.93051851961289,24.84300387516157,23.561090367952737,29.40387743261708
26.441159802508064,23.768236224761512,25.036372728407983,23.4268458075126,28.99882752675356
26.556106965213697,23.72463665739533,24.8491421013116,23.45699641934152,28.947288572881384
26.470741559145097,23.768463315383983,24.659400647606123,23.44007623739151,28.94892072914372
26.440856322627067,23.883569479144636,24.56698770035758,23.213987618197024,29.15069900073116
26.64542918333209,23.625609716015653,24.54979433412912,23.380623818906983,29.02209013358849
26.671930940262342,23.66607258969309,24.55574530538954,23.27425779898479,29.22705743339933
26.91164115019156,23.774777458992435,24.602982156355925,23.13419644161129,29.224770273193418
26.919693434066485,23.942686977026728,24.4686227524183,23.278633448361152,28.96790113238401
26.923414574310957,23.79131761904333,24.11173350930257,23.18593456588788,28.935765220133828
26.99265738751182,24.05662196578519,24.402894037487645,23.14788287976168,29.086579891075864
27.275349634527743,23.79748824901081,24.60148154711199,23.25281173826623,29.366634895349225
27.135316262629544,23.689565489210057,24.413799160212616,23.22174445578792,29.57992587351302
27.09604285068886,23.606004030844684,24.32978319941593,22.99521357764695,29.6851314287552
27.2907418037168,23.733360461163816,24.42133372692621,23.07497827433861,29.47534831928577
27.31662815882496,23.78099856593081,24.37157813135253,23.04591958367327,29.48877890825503
27.467995018157023,23.99893538720697,24.4977645907742,23.01495075440826,29.321009877921277
27.11387065316091,23.6545972676395,24.34488767204321,23.316712087562703,29.545873818946617
26.99898222027381,23.45887320469849,24.25305198471108,23.31952448505168,29.290843266542524
27.19190265572714,23.559061706794477,24.23266457571276,23.25076126356412,29.162296498773305
27.35043692076342,23.6731039983106,24.395607095071192,23.30943328393271,29.353004653743344
27.391312209457976,23.80728179833049,24.261203124995557,23.3243651108494,29.04717225523421
27.405711096545424,23.917528859577917,24.32234321378529,23.37510235131823,29.17621170147262
27.3282031676768,23.780762383004905,24.294384139041583,23.12502576894568,28.952703414500142
27.1029040356014,23.88754520287325,24.44376191072088,23.222659631971062,29.37631573280916
26.962330206359443,23.92843400217391,24.58009305734192,23.042647722594747,29.265780088506627
26.894954501890805,24.026589195541813,24.530495242660688,22.857097671582245,29.40846702606195
26.847501546473907,24.01199922353707,24.523101371746375,22.911042106592607,29.707431079314457
26.69280282608386,23.806666579415666,24.5678140181887,23.069923242061765,29.45363254093205
26.44082885125918,23.87280240306345,24.45685361848659,22.96941742973115,29.509845837502347
26.38376534633201,23.94202746489535,24.44565384304017,22.83015561593321,29.40447916688446
26.17908565811038,23.733750263127625,24.524528835693747,22.81190214283258,29.50247536320347
26.41367608716414,23.701307007854883,24.261885303716085,22.791295713864237,29.400257020234584
26.45104665569904,23.72257251033315,24.181204121725937,22.82462296171824,29.62366764291424
26.532971629445548,23.792043812340403,24.2262341250426,22.82112547748777,29.51432751485405
26.4744271390504,23.98475360786336,24.336228978609675,22.90408938097581,29.45134758334036
26.631218664217663,23.684550262152637,24.322853590180543,23.05658394920274,29.09898588583514
26.6423633269286,23.605349164469665,24.35802279585115,22.874128058902432,29.238255040990417
26.627757569636213,24.074985711513744,24.44315528186801,23.06095702990669,29.477216098446604
26.72101349801091,23.915254213903268,24.460348500251268,22.974047498988984,29.64215968226086
26.869793796641087,24.008149562777632,24.542724298571308,22.834368725170645,29.388473604518083
27.032819109037508,24.03895006657986,24.381180297584347,22.950154734052568,29.532330244860624
27.102553501780463,24.05728617224493,24.608746591634983,22.91655626177477,29.603323987381245
27.09365568058231,24.02176833409751,24.89452020886572,22.92918653913817,29.43890899718684
27.245692405494847,23.8876188645511,24.89059119046035,22.779364121693213,29.336066385548158
27.091460673014986,23.871461358968865,24.64132208787727,22.99314148782073,29.41900600493437
26.830588964081464,23.679524104860324,24.550983011570025,22.86223580213249,29.488617141700523
26.86294433141543,24.000315043884548,24.631625950051102,23.032130040489736,29.6458645669016
26.807031454915467,24.061985363669702,24.3965111118374,23.09730049229259,29.385016487494244
26.85693519655226,24.08763583200912,24.49284522915432,23.11182063664232,29.47110273267404
26.90809418635139,23.84893890094753,24.78697507543305,23.099905542663983,29.56507095925093
26.819170280279053,23.960625815643606,24.726366522020683,23.12294903642911,29.783811940290743
26.779967869128445,23.777241485218784,24.58068011642369,23.074784833638443,29.64353937876792
26.702052495261515,23.928858477989685,24.55674128129184,23.08950085208908,29.46909817853013
27.05580013970692,23.763314128576656,24.71623421004894,23.311741113173017,28.993862447337456
27.048704624325115,23.90552287898135,24.670185320381183,23.253398848904496,29.328738320772143
26.82811145789409,23.845873585581423,24.63161515430713,23.09536836785464,29.17764795284684
26.70671428964127,23.770218906643496,24.631342403522627,22.986973513612128,28.91492593187454
26.718623747194133,23.932016784621226,24.587125739045444,23.02290161181297,28.497638265151757
26.717244165096552,23.86574148421004,24.61422977591183,23.14618544619832,28.734456244638437
26.229239667213644,24.01031877280897,24.632983033795423,23.04662522677861,28.98761319398888
26.2917728366814,23.722615876422545,24.724280938217817,23.251410298552397,28.7786428592552
26.327064212976754,23.936502259018976,24.734783627073103,23.40789759899101,28.41852324286321
26.083546651518763,24.11946313981785,24.87976401325965,23.24764028547881,28.64416308985637
25.923305917061636,24.00573718638201,24.556391482044106,23.33190627493346,28.466596360807408
25.975987379665195,24.287022726707804,24.46020809286889,23.411272309550554,28.734005759994407
26.178727386659546,24.053320089123908,24.454008487111164,23.457706877802515,28.609002712948463
26.11336242504532,24.22849381293485,24.8102204058422,23.29278595566192,28.728396063011143
25.86482649684815,24.191388227949652,25.003197312914764,23.286059392894536,28.749403999414643
25.9204465650619,24.2671088124754,24.944389103134068,23.303390542395192,29.13599281280612
26.01611072390168,24.04610549906156,24.77842540742007,23.222468922321774,29.251805534928355
26.29259179244489,24.05916736871948,24.43686669963942,23.222582320046367,29.42784560021572
25.997329764276028,24.16628553849496,24.405329131300796,23.318610557523854,29.53998024152142
25.99611275938632,24.15378158221521,24.5308919261502,23.23028496752173,29.32827403951551
25.872893788066005,24.02195683851032,24.452606492407853,23.40821224218259,29.531551134797205
25.776281002997056,24.157090421343945,24.589583412390265,23.23813287925505,29.852759258971705
25.87215239106412,24.01247543810683,24.61092775408432,23.248402916013998,29.654313050081303
26.14135174972008,24.293797288799336,24.50476291695234,23.39396697859875,29.51212934089863
26.170878718801337,24.25780935984666,24.53950620345349,23.300061040206376,29.517098237293524
26.17467177981676,24.20514157317878,24.56137547470566,23.32434883339228,29.314293169924515
26.254993637836197,24.06787453747778,24.40995159644131,23.24945958253488,29.618962674278517
26.46024891032205,24.133855796895524,24.26787084818336,23.30679068463654,29.241144492516597
26.691330763732783,23.963627376669507,24.086709344759395,23.42863028148564,29.214750180292217
26.57724335607444,24.037354802758067,23.97583527707046,23.471103970369,29.566906057463243
26.51918145076531,23.782413984531654,24.056246457648857,23.32512189477949,29.51602404240201
26.559763045025324,24.1115573304632,24.000741724488684,23.24389096592629,29.208462840329307
26.578463648995783,24.05768063941369,23.933273638096168,23.06817564089616,29.23826791955052
26.34790845106286,24.136015552165635,23.82022824627865,23.159369596905577,29.0582193522821
26.143816644660607,24.125711198453214,23.863468040050257,23.100500482906423,28.981293143027965
26.195058226489994,24.08733983565953,24.31829216831557,22.97471100271392,28.7993229100532
26.11727438277903,24.14866513896406,24.354451090802023,23.06919113971485,29.16484736854552
26.186619164290093,24.29648276524307,24.31899083382915,23.227503444529464,29.02443060138031
26.11901766631432,24.32296110381352,23.98522251547994,23.110083955338872,28.66222657406617
26.157013124583347,24.338276451862228,24.168154732776,22.976904753786467,28.65888353592984
26.10286699471396,24.481502562008068,24.17771379252539,23.157630983518334,28.511397453724225
25.902663456130195,24.30224186557176,24.39377096958768,23.01834524318626,28.43515482819216
25.987623828255128,24.076341451648084,24.346942336631752,23.04902795616983,28.072019434802687
25.680675414289595,24.04473247276561,24.189362144445408,23.04584242443867,28.166115210018557
25.76852265696158,24.23296181541441,24.424999573464184,23.075778097183427,28.127969294969308
25.51667719866086,24.02725171838203,24.250862427939204,23.06062825893329,28.307433270844044
25.574700513503565,24.0850457424904,24.32572240774251,23.09935989035177,28.24301163050534
25.88865839213868,24.135531933308187,24.45381530619174,23.320408363089932,28.356973435204324
25.621657609579422,23.985699858596643,24.572055508249004,23.24701656996543,28.61836498957941
25.53713107038611,24.223747206618132,24.40433916641476,23.089172981195688,28.60311523318453
25.309987957933565,24.103730935510487,24.369902674604702,23.14270047936293,28.541545497002847
25.547437164930383,24.213868830774008,24.18463554536768,23.121025890974177,28.730567603533384
25.70188041123096,24.11817677077181,24.37029436516288,23.13291225095585,28.79393253042522
25.651397370506647,24.29871628698169,24.47810495838508,23.08980358202487,28.749982422816448
25.590842579849145,24.24267926210216,24.440793864625583,23.133909922811263,28.297998987031
25.618675907660755,24.14572837492198,24.543928230758503,23.246327055797646,28.672154039326497
25.46987067500713,24.04324488756088,24.735039039208186,23.16397127892141,28.59284134180061
25.65555169201255,24.096052515179416,24.61962759527465,23.16233285250688,28.34753264250656
25.885075639403397,24.15154507224841,24.62769890039872,23.281680497232305,28.001836994792267
25.843610635166804,23.882135057339266,24.691822894435603,23.19012166213094,28.024745293871355
26.23265003252475,23.93077486628584,24.72841458295016,23.17916593043229,28.029190475707253
26.322811470244407,23.94846107745854,24.899213952913215,23.24637017129418,28.076873907944258
26.401191501422147,23.90302482514213,24.821397285855586,23.25506922202272,28.15413267409911
26.443561993088355,24.08441343715181,24.908716850466377,23.177472942738216,28.14300136010333
26.437099954337487,23.83246525702461,24.66030375961285,23.257051548958845,28.242255139076786
26.17197604765022,23.795148253037627,24.693394992503613,23.315671593138497,27.91034635128968
26.027726697468797,23.764839343592783,24.601674687902552,23.299420295926808,28.18090710850432
26.06162765059379,23.776376117643935,24.715353160735592,23.24285116310548,28.24733349554155
26.066789640448384,23.8036805857794,24.938306804190034,23.39075937075807,28.201067364094992
26.228203452531957,23.93650077348116,24.56515738967413,23.172369003140517,28.069439011260474
26.34029290747961,24.045387463852773,24.293227207197567,23.235454673411454,28.435022489061723
26.357558221900515,23.9753142584448,24.51496381670258,23.327931104161884,28.44593434623362
26.37570155195981,23.9513665297661,24.633566004654288,23.23269852271399,28.410467778112608
26.43700001046032,23.87872825008637,24.627238735743163,23.15114619333861,28.34202743578179
26.36914110796494,23.888532756670216,24.578078073569262,23.52505806841568,28.690550272146016
26.476136318764187,24.00314412491476,24.620672451313403,23.337825957908077,28.443474982777204
26.31115957540171,23.7086380476142,24.58504535272745,23.426791176058828,28.450916033224896
26.31090153084256,24.03862190434511,24.46319944834073,23.413214831383417,28.29528904953316
26.30831312736254,23.85985744729008,24.435993710935172,23.39100905859903,28.549818844652727
26.11227297855877,24.032137798014453,24.71947606512839,23.39652594470554,28.63383666076805
25.937237241098995,23.99869342204353,25.11354774315401,23.44487588192457,28.646139927539625
26.251322673343285,24.01096465447332,24.80605327265335,23.180329359183656,28.80186771849045
26.10947061101433,24.03152444023823,24.822897534723342,23.2322729364806,28.99014946263549
26.00538060218181,23.912066285191937,24.73842831570912,23.20485073632988,29.152894069581627
26.15959405809345,23.9799204941186,24.577541664564723,23.112562404152747,29.322354083324544
26.25869391289743,24.129328787989703,24.806154469881648,23.058854705097527,29.44493511564593
26.698327937675817,24.22912401074093,24.769342775943198,23.20540374639825,28.85079412362844
26.7688181420488,24.123195942888938,24.42975960779416,23.045347211106023,29.14315140224896
26.836061654485604,23.91288453122839,24.28903100023039,23.09627872746533,28.79543603346973
26.64466217458945,24.014707736153404,24.321770654528528,23.23547682278833,28.729899978946392
26.7199944841003,24.160977917194096,24.343491279683544,23.32788670373478,28.808097449174227
26.917735757314315,23.900601402411517,24.348692693980947,23.230779774339247,28.88121624889381
26.627561441277532,23.798250179669225,24.433700499509577,23.247169828867275,28.96707892119791
26.24798247928316,24.029544826660945,24.54787602499689,23.135299365670885,29.179212777180968
26.3492975408215,23.909118746118025,24.495484203930943,23.074974222603178,29.01519771450597
26.38864052016272,23.867872139137784,25.044111333119933,23.1401254958249,28.805218448008976
26.21845716356604,24.03781398467977,24.98253459128232,23.33395984171116,29.2072263663951
26.406302025270172,23.96107460317818,24.8800983210084,23.127764408995795,29.36194579185385
26.3190465393886,24.050448034671977,25.060048945250905,23.03756867642297,29.080232802813164
26.452835181419736,23.876243186074795,24.69415229813192,23.05156367367575,29.088618593049087
26.439030110580507,23.911912708510844,24.59635217935009,23.078031553426577,28.69500168408108
26.630226851471225,23.70590587807805,24.626740848875745,23.169426145414462,28.7812320136576
26.61389638210814,24.046070969663432,24.46339732065746,23.11753251231605,28.371979633902992
26.5237144359769,23.993690776395454,24.648606397599643,23.14711756653797,28.68774661526575
26.586137455134995,23.904528149517507,24.4696429191002,23.36756061216453,28.608118468228785
26.7823370813723,23.80067877664064,24.63464105436937,23.042929474799333,28.213211423600445
26.4769583117834,23.941867775760876,24.628139530390172,23.1175710543028,28.073167092444137
26.70224326934312,24.187795575696004,24.62664588856188,23.21785002888174,28.604999950300112
26.63587414048008,24.154591048458105,24.76024286120579,23.045908218809988,28.606112086271555
26.683852400404984,24.123928781307686,24.807426605092942,23.15897489027649,28.60371473003193
26.580378591168845,24.081747189990647,24.829527849062053,23.288389467014607,28.45982887901569
27.05626767501445,23.932171949061807,24.9692053041312,23.234746886597534,28.48759482369332
26.740073731050625,23.97711027044129,24.73018804281196,23.316075046845626,28.571036099498624
27.075592684252616,23.6067864628531,24.82626640901459,23.360288339371817,28.97320317750365
27.13581813998709,23.43270276261877,25.25940544902233,23.18094974670611,28.96358606524708
27.077392556550265,23.415708978656998,25.159446743699327,23.26797835545573,28.772107455355314
26.98442694348489,23.48652193470205,24.934912579531503,23.34689809443505,28.93785824056975
26.67725071983775,23.35126740470682,25.02074671321182,23.49160856974819,28.71454700230752
26.59249596666875,23.49309108190626,25.063880543783377,23.34649793225052,28.630672029920788
26.6153460754268,23.539586847992883,24.92437437058208,23.4560232374522,28.687845069378707
26.71274354548271,23.35050201951815,25.22449434347892,23.37609308875917,28.819031138750297
26.79601753381741,23.281630745952747,25.230777303666688,23.146579677359107,28.493310227396982
26.97317849164078,23.27443382267435,24.93902016285339,23.113005099096515,28.544373183146547
26.77802589927479,23.37039901220736,24.834582438649484,23.04909320343892,28.859193741922635
26.7430694909989,23.3965006949654,24.811931514756274,23.127315048309057,28.836745767470028
26.67662397369297,23.29954422618505,24.73245156128328,23.04766209477433,28.57377751020667
26.89119588516148,23.3086737911321,24.90383033428068,23.030030590900456,28.94912452155518
26.775181631797,23.25673837516235,24.72101966973187,22.90737687169756,29.22497868065527
26.984001120296767,23.40859342497591,24.66890275332755,23.044899886712543,28.98711686746394
26.81716744510841,23.24079806147225,24.77849507498248,23.11659216468873,29.1290740114158
26.943991606302102,23.12196885412284,24.60883190364374,23.309842646082203,29.14613265897017
26.911625800651983,23.3273074326652,24.76697632996977,23.110478249844167,28.846499411967763
27.266018033323896,23.34228400628519,24.64632191939744,23.062801016354992,28.984705894723607
27.056449266461456,23.3289128706838,24.62194583097145,23.10979899136097,28.829303616476963
27.102944019371623,23.3675834165533,24.747690948358517,23.00789142614483,28.398384919104156
26.60948345650729,23.512055541216224,24.55205203454201,23.218117342796837,28.59357805523674
26.695136696196187,23.652708201669967,24.71821323436873,23.2787814054897,28.558843426829213
27.018236072683717,23.74742344990073,24.62095480217717,23.22146924464769,28.57966076329777
27.07942946946882,23.56581960156459,25.145114648610758,23.20281762167992,28.7313386267479
26.911318299278275,23.67257702412837,25.206995265881726,23.361939380992048,28.61765645144586
26.842824827096408,23.713205311295575,25.351072017390447,23.40422402035638,28.600436906146356
27.00855862020759,23.620027853550862,25.38116356082293,23.43389020196909,28.62888814639067
26.87271580415049,23.67670156070533,25.50271254028149,23.508877470186352,28.471503051048515
26.597511858479628,23.793207237400782,25.53454772893614,23.31593861922025,28.79792197413211
26.849767510282376,23.824860036960853,25.569176914243428,23.19375864004649,28.83416406142673
27.034048842101917,23.71267903787101,25.35555919366564,23.17307119822296,28.62084499779157
27.30770743513994,23.667008530999063,25.030645830434747,23.29419438653295,28.32645316732051
27.159790705591245,23.92775950556756,24.8961008725358,23.27764057814942,28.43484386973044
27.26501759239953,23.75992672875716,25.106827306874383,23.27707147095977,28.224161696801332
27.26784041349437,23.90056787639736,25.026380154044823,23.484925668987792,28.39423874941825
27.233614325981904,23.667298805894227,24.531496525987205,23.593598236298394,28.51044074603737
27.486416168752687,23.610331237217075,24.75133907782941,23.619423807984504,28.570394120006338
27.46650683520492,23.58871254568948,24.453399824905,23.594609603776853,28.549481852092224
27.339319071158645,23.60638852707218,24.311210044345465,23.690962918912128,28.583997180408804
27.37160076646822,23.578175085360503,24.196199496019265,23.811178499342372,28.59956878080851
27.43952321807127,23.62357180912185,24.429525435869525,23.804640910117907,28.62425997545243
27.437516721701314,23.57312164406156,24.436115721014428,23.969104032422223,28.60061751012308
27.469454374811654,23.72316705616459,24.454201514502756,23.81184046731706,28.79200425686929
27.514793911035365,23.863415231097708,24.255195182082005,23.600181096513356,28.629296288263998
27.247424016868973,23.8707689421606,24.11532711365764,23.665592788865304,28.932647677795284
27.05068633186094,23.93580455355352,23.895904391709724,23.973194262836035,29.048102839654945
26.862225291709414,23.806066222425027,24.22195793202765,23.90105608804144,28.80405204284622
26.925576118358823,23.696891523768382,24.081838992132237,23.961099236930327,28.624416429754003
26.99135920308266,23.715102147779056,24.03691180745683,23.942279232556,28.992894040488626
26.631962606411225,23.77180942019548,24.259394051082637,23.712191751501148,28.859914290127037
26.583807129485614,23.759956166845114,24.212238324560435,23.58600027623368,28.775719751238743
26.792772173894285,23.70046606468229,24.42253677631666,23.554225497283,28.841382989379884
26.67213570030642,23.893556161805687,24.29358105384565,23.684067218481832,28.897529836667303
26.547249490612888,23.87422448679212,24.34686935168545,23.461324521880936,28.89467187575844
26.59562518310058,23.830507188503805,24.39713536158376,23.43918869828212,28.814444495878615
25.92715150455928,23.750503288286627,24.632864106595555,23.5985809554275,28.802861034337983
26.15761263122856,23.80306932369778,24.828804795217877,23.42392460888154,29.03852168482993
26.18392614422337,23.815988553851582,24.75680040859195,23.446319032530084,28.70973072437904
26.29831863733385,23.65330714642013,24.42939969626159,23.558354708213606,28.99321248691647
26.12878546988885,23.567258388389188,24.345150583399825,23.536097767080765,28.886642843003397
25.938761164091726,23.642888315322494,24.324619171223,23.33204793858522,28.68028920298509
25.726788083669028,23.5314225260983,24.186369540205945,23.49248869051834,29.01454674436983
26.141409413172862,23.717692348030013,24.13493718441587,23.471654383030767,29.772018338498327
26.24660911906941,23.59567801056026,24.498818898713274,23.616397648173105,29.763834807297023
26.12346084119549,23.73472212424649,24.55197846090125,23.55106715897499,29.73468832821184
25.943993370215843,23.68874037397576,24.79363623383422,23.56269363759753,29.140674804568324
26.123959190632743,23.632058726199823,24.81355322294682,23.481418466919287,29.001342720707758
26.15301037925085,23.665028754324208,25.226224697986044,23.42037026145282,28.987632441793277
26.130925198434483,23.82947320426817,24.96902318501633,23.40970438779606,29.20956873655912
26.091993153054776,23.823391857921475,24.717499099706323,23.53603294452845,28.984065730680516
26.04961877044016,23.78374011951962,24.952334816935014,23.51923342222148,28.8151661433566
26.442170828237405,23.59347564748624,24.69355059127647,23.582897480829136,29.167735742597078
26.24981753889132,23.90558926995683,24.87344679098569,23.42979676769604,28.98972421415092
25.87991001880229,23.77463959374624,24.609284697830844,23.39543968099907,28.92817218388561
25.965493863519814,23.73704222108725,24.457997729720724,23.354172755976577,28.894344400061264
26.049814407230297,23.77676706795045,24.417649249922174,23.35368250642408,28.977000737647167
25.809137326766777,23.800289546060764,24.61071456486022,23.36194075518904,28.95610337615811
26.060814008188142,23.758657597614143,24.51721365218993,23.160114617494585,29.47467077398563
25.74160016824932,23.83496722864217,24.32345259130737,23.15647320544129,29.279246601134613
25.72812312682763,23.95010176861884,24.215594011312188,23.16574181690153,28.907989727842114
25.875189665222965,23.95614395180337,24.48649295478415,23.27230061826357,29.05189812095872
25.88759648471533,23.758076191801276,24.529459516243264,23.307717594608256,28.958668803069838
25.82373076925233,23.900888638838563,24.62972509340761,23.22267031056234,29.07860840818315
25.642016550601063,24.050682647925505,24.780751899754947,23.332905202933432,29.13177045535082
25.57502476482517,24.03641212676726,24.77272569412676,23.289604148844354,29.247264666308254
25.58210857264917,23.89558666275959,24.770116416870565,23.536265269979,29.51814437975721
25.6237731597756,23.97065943491394,24.78258461207556,23.37394389168936,29.57365936443914
25.88083524010368,23.806213049601524,24.923107361937596,23.496702174556503,29.374803398043788
25.6574171319882,24.13007708954296,24.658406484436323,23.544141922934838,29.78988051910295
25.86537049013274,24.016048926445,24.5544246113665,23.761888032824093,29.578704801444918
26.01395463058937,24.186366284036037,24.453119571433454,23.639439621603564,29.434809067307143
25.799401873915475,23.935513510712006,24.35183812920561,23.64756872699425,29.372049412758336
25.611479398023047,23.98198844612461,24.2931586549974,23.68834912416133,29.268001935157315
25.807375163374925,23.715331122548783,24.544902550273317,23.619840983569603,29.298100639238772
26.13378074199477,23.610115062426445,24.7680479177986,23.5607270137742,29.58130987298551
26.125454288545285,23.704306275472916,24.546550624716552,23.614386759319807,29.74460666021132
26.15403505190255,23.937238183350384,24.666918000302683,23.621410232596286,29.557027475793863
26.16696269043816,23.80331342437721,24.578059883829408,23.629208499225065,29.47667867239385
26.023293625622514,23.905485262822108,24.56072700177777,23.5269821399375,29.673645049274544
25.91190980903994,23.9581972878758,24.745511119653948,23.50853010382204,29.866763212136924
25.85481959008493,23.938296646020586,24.473126619975424,23.270743077076737,29.45867044754534
25.916187812104976,23.758029000776503,24.56419388404244,23.39795015355042,29.11392448084276
26.023566656480394,23.73095231484488,24.55367248735147,23.2887307810674,29.09733771838985
25.79099581658994,23.92689926999229,24.68436854876588,23.43887573147455,28.89218826057124
25.94013450948771,23.884370016320528,24.870147628207693,23.44866033874702,29.03064443225743
25.99598392913844,23.77488617762784,24.56315129216793,23.40997937181801,29.401018512938656
25.804145179249566,24.00124082476496,24.726491660801475,23.734640021997677,28.953994693021848
25.9865898254607,24.139056800654664,24.77889995776053,23.68205989077701,29.24775899123306
26.29954458260855,23.986552697374066,24.541563081962728,23.74764952872744,29.253150163048407
26.426832473056912,24.053571081273688,24.799637051579552,23.74325448140793,29.353465172344546
26.800334081666268,23.994950803560304,24.762741035159586,23.653662707699443,28.979958621895054
26.56974156911398,24.07019659126304,24.671745414583963,23.745731160214444,28.92534745208559
26.39623833066485,24.044052458590173,24.550116667003667,23.59660372898998,28.58123882561504
26.337649896659848,23.92534507341198,24.74256947733425,23.590079774679207,28.48459038700653
26.111972681170258,24.02851036259773,24.91562828700795,23.51153396198189,28.21545958864492
26.15250340417268,23.825654795174728,24.99261394005285,23.567699383601862,28.45084610954232
26.317180782821804,23.947510554764357,25.05393969562913,23.59491887723238,28.511376727875536
26.21539285635868,23.72159536979965,24.914464133855777,23.73700859168987,28.34170084725887
26.054875552215783,23.87554030107521,25.00430363722653,23.753388968633857,28.356828786800943
26.03905424657435,23.72713660371573,24.672588541605624,23.74447926232836,28.22982606633605
26.02239775622337,23.79335435966778,24.756277248203716,23.78592733010055,28.2974855798488
25.85456500258173,23.70770097911329,24.59185012989286,23.707490467382275,28.56103925259258
25.701734569603165,23.72195966683518,24.638115903340736,23.765726467818112,28.524329606519345
25.652151886255027,23.878222155781145,24.66441788276991,23.798928489539005,28.296555173861037
25.796294216205528,23.689913055193266,24.712713366565318,23.74720405248128,28.523973536763407
25.711033625765925,23.60768249931044,24.71299583325171,23.871249375380813,28.6172684789839
25.68566527101752,23.54701201023977,24.91582462747262,23.65862908323483,28.913040052131716
25.556675670563752,23.78384323995948,24.77041550694402,23.64555845871805,28.90908316415506
25.58614650455948,23.665940518784154,24.53004185557152,23.57837716130727,28.424917896911527
25.70357940532412,23.67374995303902,24.36408713736491,23.39416200959893,28.605347322283883
26.00124061088228,23.653672533076502,24.584065774011812,23.385999473186363,28.673987851507416
25.79921241134914,23.543207391413848,24.400029234675287,23.55745096296405,28.744288519643803
25.65769714275163,23.90127110789359,24.656223400870903,23.62484440553852,28.93532016990633
25.626053605489616,24.25050593458063,24.6741409402161,23.50759728039871,29.05438853231893
25.8396063526224,24.055399119298688,24.732553117803803,23.591750478058568,28.9820424873623
25.782540535203225,24.00062177931536,24.63123502649769,23.35700272643089,28.98578906613092
25.76028329661996,23.95624544365376,24.994943990287343,23.120619433289832,28.70220318019222
25.983486367308696,24.075940755796815,24.95527398181921,23.31201323523751,28.70346430616412
25.70730359804954,23.93380671943849,24.96131112786195,23.15984959414365,28.898513421076725
25.152305138280013,23.849320410356007,24.90508370987148,23.121010423992047,28.65100065899478
25.143576282269976,23.85206455550677,24.600230915615544,23.24501919467861,28.795841748660717
25.26935515045333,23.573252523209337,24.532146447561303,23.290762769484317,28.90036053713148
25.151869658853265,23.722647693797963,24.54676221420521,23.253351402408857,28.649862633548427
25.41829900756632,23.623148023024903,24.50028904635599,23.40810841895268,29.25276823703144
25.681158672711263,23.566641925733027,24.601868196985507,23.268767485529587,28.990341026823483
25.628755743078283,23.48327967996124,24.549423642106607,23.370145428967184,28.65002701592708
25.9836627648603,23.75306013313208,24.788254668639656,23.43926671607965,28.96649440354617
25.84819809547553,23.879225110202253,24.53667894320682,23.518876131689797,28.890359375412004
25.59005316431918,23.90843099946384,24.76942667060905,23.41546950626561,29.28987230080097
25.425676090439595,23.936058401824702,24.816194565828187,23.348350574735,29.16640360488543
25.39188120482172,23.871526129069917,24.957147399675637,23.19719596479279,29.06791662025265
25.317987832443784,23.84874827563318,24.90125296643492,23.139790780169683,29.058791272374748
25.55204814345633,23.81813402653944,24.84160556562588,23.21581911284693,29.08767773702725
25.452427892178587,23.961691422546647,24.990857214959945,23.079921672092315,29.18767418691598
25.55231167128044,23.805112981276416,24.99766234364032,23.375212117803414,28.657155531751503
25.92041080475882,23.73507382633204,25.28834368505821,23.03020809054913,28.327076004431422
25.74612736622756,23.61994538863381,25.12807364606782,23.080485741559027,28.66454395863551
25.450584247992524,23.743465598034305,25.265019579640683,23.201613780366955,28.50459368041773
25.680853423848887,23.91996452123028,25.047876902810817,23.114028939095306,28.516994723971703
25.595531722259544,23.81902889088491,24.89625172550177,23.178180386590142,28.37851945840356
25.617346400226825,23.826929503303305,24.68989548829613,23.186131684168608,28.60424234431909
25.69782338987576,23.64758623328224,24.59310914519977,23.229408873438476,28.422576797229627
25.652129410760143,23.801470389610174,24.908173688405476,23.25662970759677,28.477418502277324
25.51578460452176,23.923748413728838,24.781754824877822,23.209155319156505,28.37416030803468
25.65014967235584,23.876219248841675,24.91044767460272,22.963576043975937,28.141310763275914
25.55746899597018,23.93851566457389,24.8702859581394,22.927954621371036,28.20969507065624
25.61526531309538,23.834994723469897,25.130183592843046,23.24346529328197,28.52948508857171
25.577773137786217,23.83398593120206,25.27384717682628,23.253811384469746,28.3109247750985
25.74995907671716,23.906786158254985,24.95411463006184,23.39519237901351,28.54639426882961
25.650023643905925,23.878534681449093,24.923445014750097,23.225573095864803,28.723108727950667
25.83520959534438,23.69053147925814,24.80264652196212,23.239195168380316,28.19024582455194
25.872080594503927,23.622272807717792,24.812382017021715,23.294531842182835,28.13933082731511
25.695179902170278,23.80609547706937,24.593686971659952,23.45590212218896,28.255465579414214
25.80790448647331,23.77898792372972,24.55910464760432,23.419664450857116,28.05758011092836
25.98549466017032,23.723177841340792,24.444446978672143,23.160769834357904,28.40088000252456
25.984304450985825,23.78120435642791,24.46331613530273,23.17723904463422,28.453195655742345
25.74409137058892,23.84500403318168,24.514943328285813,23.33277582333064,28.095400988302877
25.546804559063748,24.03559815500661,24.466025139659827,23.36100081060704,28.28790435664092
25.607431814630317,23.99036340194605,24.39996623227758,23.154721835796323,28.402413116286187
25.73572823014474,23.97137541181397,24.63644013360469,23.297491337140297,28.28926810758261
25.651977884681585,23.687397893414367,24.547873341022047,23.294137851683637,28.034966220115187
25.98269578069461,23.75591525300531,24.37539268083967,23.324623910823775,27.77430882775795
25.680844600407543,23.868689816221835,24.689744290182382,23.56917669352978,27.582959166095023
25.39410463139608,23.823990147955417,24.68610721128545,23.6593188524498,27.945259117388492
25.49335524038855,23.872813100085267,24.59517982413322,23.484166746408828,27.636400292008386
25.79356723245938,24.093689372252268,24.639835387846823,23.4799513123209,27.86701096333937
25.90420228339685,24.07051060825524,24.933396604860317,23.517165249953727,28.016893635176263
25.930095526208248,23.80975147908701,24.94453074551297,23.48574758403893,27.939494483955308
25.738167605017768,23.732487786770964,24.95930555229705,23.53235918030036,27.8248674434042
25.85481983851564,23.747611362044,24.86225975050528,23.66885696890712,27.45372174059239
25.639094776198288,23.767586988844343,24.93493009451641,23.739303782237123,27.52413742735584
26.03735435012988,23.87516064162353,24.725015276922207,23.655394310096504,27.722693073069724
26.05876903523322,23.862156819643907,24.75677850340563,23.93522679603801,27.847885540069985
26.174033946025016,23.697976362232072,24.53038418729209,23.729358541105167,28.184628551209855
26.21856232078826,23.72235721119212,24.66315762272845,23.633163812551743,27.885995870338995
26.02849221659747,23.712703671792568,24.77867880649492,23.61467665548292,27.92635442809346
26.14735545506495,23.79097815286352,24.819245696255287,23.594684043318143,27.944004586819933
26.184224546960827,23.622750513647446,24.83989023625142,23.620636398956933,28.046262323360928
26.11436737709053,23.554387325932485,24.93387541034753,23.643393672425866,27.888843793391864
26.325048962577192,23.730864884779667,24.73226711189748,23.494202525693503,28.02543590218637
26.419936993318288,23.68867445055124,24.91403057598351,23.570282912540595,27.9762963402634
26.40836523703149,23.735720126752422,24.776802737036896,23.550258945925417,27.98803223797761
26.274229308620978,23.707095505108352,24.59401305673457,23.66177030797963,28.19454530857026
26.49625828239409,23.831947479351204,24.770547416859284,23.67881099280961,28.32260313579325
26.718188932046143,23.934456961411477,24.514434869169115,23.465839381492795,27.971867047907715
26.69400698979035,23.994993167858173,24.413928701254815,23.78201016989614,27.84423662957727
26.55060878197058,23.93787528059521,24.56326957121764,23.727140427412056,27.99952553287181
26.40033587966071,23.816681541408677,24.612016283681303,23.72424168637778,28.04935850750424
26.139827636268564,23.88418041695879,24.61158200803949,23.55372287160379,27.87244766812668
26.449814697740297,24.06810832480232,24.567405861098266,23.46573871504091,27.59055162314832
26.23785193491077,24.17687670970688,24.501528393943108,23.529642521398014,27.689358698958
26.162904308659517,23.97767026238699,24.289441036380445,23.49828789029396,27.74693347722207
26.25765940617905,24.282424507921583,24.529286228046708,23.58697878529192,27.91963505335469
26.273623816873243,24.2582630328232,24.699537719223773,23.50201623800588,27.96300537122937
26.296267201024254,24.265404136574404,24.556610909319552,23.62890547217161,27.798552805662982
26.552884347668645,24.40999879370508,24.83855468455576,23.562401855035805,27.997430434713515
26.691950270836088,24.09561074870329,25.02688269805256,23.41641212982777,27.587301898410875
26.74245636054013,24.081413929737536,25.016199768777746,23.482139647522416,27.44118384761457
26.70580020973596,24.305715422706182,25.02699698469609,23.633041006729428,27.46087217717213
26.70339650379584,24.22934458939875,25.092666698636695,23.67529918640394,27.29591465765601
26.613154986791585,24.232985812677644,24.939052290200262,23.64336201842612,27.38613447755114
26.407211670998255,24.35313199662213,24.74166838762454,23.52256903470877,27.22594779871224
26.285132449432208,24.22483808017057,24.51250516393397,23.47896883749422,27.60481117719716
26.361860028704733,24.227281869446788,24.56160236324276,23.38976583799255,27.55190304340419
26.299395007988448,24.27156569808183,24.451765061240323,23.42731065065396,27.39949841042312
26.095098793619396,24.191844663150206,24.47030418366895,23.44515532232862,27.53109014198597
26.30982216477457,24.41646897628853,24.58957831247964,23.55607815137357,27.62868141309822
26.25314934719136,24.32684293183564,24.49489736409154,23.470240688888858,27.444272188373507
26.185850169756677,24.090090957680708,24.516839515273105,23.60077365954206,27.85293144816858
26.242132727281305,24.243063930567025,24.51424095262444,23.70897758734521,27.871111430371677
26.48730215161101,24.254245380163763,24.602128363854277,23.624846070239798,28.194482756099315
26.45338812465921,24.163707961640718,24.630901967758653,23.59738166758072,28.10065404828522
26.5829679230543,24.26970766239847,24.566091342828912,23.689253097472164,28.397562851750383
26.41962748615784,24.11289800331856,24.927801396714933,23.71504890146711,28.555322507129432
26.52281465308629,24.009773243518143,24.89373842134662,23.80756677879261,28.466331618056003
26.01306085956467,24.13091900762609,24.869408848565765,23.59997412064702,28.437332490328465
25.920122386767478,24.03953874786789,24.64933305457391,23.396869127933723,28.15079507070985
26.03265858771961,24.191749129474186,24.52255806608184,23.51524934924409,28.31007288215953
26.213787963946835,24.27927289970526,24.53078611484593,23.462721412237222,28.325700242538524
26.332599002385948,24.10525063580965,24.64647497919202,23.33591609566105,28.157825141509598
26.507761775958297,24.17432407721108,24.55666730245586,23.178004965820477,28.24320392739317
26.129950900367906,24.24378888427809,24.531365638839542,23.258957601560763,28.003329380521784
25.89965722782437,24.26863513964721,24.293352967309687,23.24939158440737,28.197133106195576
25.766491936146416,24.19869822641395,24.2741787567046,23.402056976991386,28.06202699495526
25.908052963614143,24.243571596862463,24.461299425968196,23.193497225771345,28.01580941974778
25.7579192223773,24.132412175252924,24.52866478039181,23.451199755478036,27.9977883389126
25.77380981129204,24.10747116815748,24.491593559281057,23.255417421211785,27.938039457087356
25.6280593291841,24.218923296436078,24.43680665623375,23.25523313368124,28.27915542517125
25.872797037696376,24.18036870593807,24.49370580135157,23.136288798974547,28.158763075065387
25.93238167079444,24.14893932652055,24.23172848420564,23.156881355802007,28.11943770228321
25.748538069467543,23.97627465530063,24.28576854859779,23.10103364087536,28.32033887868403
25.70852707868089,23.9692522302782,24.05714542573864,23.424526096656383,28.13100829414526
25.741851637898,24.081172494017952,24.44077922971292,23.516755062256845,27.947384615466785
25.84467247506385,24.1531255917252,24.32024255739276,23.54693605410801,28.055794623034437
25.609945659917475,24.06673618936588,24.18654309442401,23.229622882741705,27.94823566456417
25.152587194845538,24.132984400121376,24.109975699792376,23.437247389373965,28.067205427516264
25.3659892882239,24.01359566614924,24.172355175029946,23.581003501495587,28.261052928442812
25.402115499690087,23.990930008825,24.21457735995437,23.492855215902107,28.264959985452958
25.404484777806683,23.98295712688437,24.27621791788168,23.368206334772985,28.794234463600272
25.545781134257805,24.08194447120498,24.13373035301711,23.38579975444553,28.540651819612883
25.85089473713307,24.26930910981296,24.18030152435765,23.36625478572421,28.57745383568508
26.036071051030643,24.15631491233548,24.23685275399251,23.45285069221233,28.312682831855007
26.127447678884284,24.258607667312127,24.39503576499586,23.31124132512729,28.60611826422629
26.086005369506758,24.20801074415741,24.5183324522444,23.5890302567378,28.612614469524097
26.307598294343435,24.17998523509925,24.452409701126108,23.54088318224293,28.633722373745798
26.4968834468912,24.168022051461687,24.31468076333201,23.636109905618063,28.71823608596673
26.384932024104828,24.359224649458337,24.27761945172135,23.861938247934933,28.664724829643163
26.204633157285866,24.486032998814583,24.26181249805085,23.85975119430599,28.44041674741704
26.226045588078534,24.398754531838478,24.428307135769455,23.67549368465321,28.95149854741604
26.139039053780134,24.299007050585196,24.466544711288385,23.712366714018785,28.68249520839709
26.050595944828927,24.32948270964721,24.481342033627115,23.70165617149817,28.50740171154355
26.1296352243957,24.51304299039717,24.452848670119806,23.800813798959663,28.57156842869771
26.121376870757786,24.416164412485408,24.42337292357992,23.89242343797273,28.535550095353948
26.29818269119645,24.386520340905204,24.156628263092184,23.749055464820906,28.676239099644377
26.472876461388378,24.47078065588673,24.006283060102728,23.541514864615795,28.57845234141748
26.437854215004155,24.318025239261583,24.21753507424663,23.59117402472552,28.509163006428658
26.38236495279899,24.29932297215637,24.203851638145814,23.67268856288436,28.7773741198737
26.67416504386987,24.51865403345427,24.38796927244916,23.757601751369016,28.77719056109745
26.679127759222663,24.521119175290902,24.566855432966985,23.89693873987511,28.63601659947179
26.714134431372692,24.414081347164377,24.510785667748568,23.685582557401744,28.43000409159286
26.618731621111905,24.244043683203,24.56874041726257,23.59251262339425,28.360516493228165
26.5507349694235,24.53015348684145,24.46496349699739,23.80009767805545,28.401505391917237
26.545036978065152,24.388925733238125,24.484681172457776,23.439047509348736,28.149808539250262
26.628936120825877,24.483237006064712,24.545526905814555,23.60062778597081,28.29328361732907
26.521654249407845,24.184053626400814,24.311787230408992,23.6393982767703,28.3151725905021
26.670772399638096,24.13712777020721,24.276073777578382,23.69908709257081,27.99707634267119
26.60993020022611,24.329049993926816,24.226381186495143,23.653510117740275,28.31868385927668
26.5762649270388,24.1428930622508,24.23045693809221,23.586126566247877,27.8134073712578
26.805911168813672,24.176235142481566,24.34009639690544,23.4523227122393,27.753961771351776
26.801559250049127,24.099812109901592,24.250226247487987,23.372352736965983,27.85547301721554
26.72728390119155,24.16539628715813,24.35130902630279,23.661644216042426,27.6671625415495
26.52589906515777,24.2539504821294,24.39627741234246,23.578394700780716,27.724607845322005
26.300579277668696,24.207413609312283,24.400580033561397,23.67014690177796,27.61039147371089
26.4901139825152,24.30730183209445,24.357118250846508,23.59741968372483,27.69724818363947
26.578282638764072,24.191641094937516,24.296175900606407,23.990014504629684,27.38638110147569
26.08247698459016,24.190022270586468,24.212055053931078,23.79950119092018,27.772773962106005
25.92647820231823,24.070414151633724,24.34509088909347,23.690466916075625,27.75685520463678
25.880858816366143,24.07537932455205,24.2882595892148,23.55558409586424,27.6859646971998
25.477533492187156,24.14163317877855,24.31018955201912,23.35422857782444,27.5190742145452
25.80216916091796,24.056396343071757,24.41963510147336,23.45467191464596,27.89624091526474
26.04029028123638,24.018136311447773,24.561901791346024,23.48836180566238,27.818542899504973
26.01898388520421,24.071954180286333,24.43996474835226,23.41933915660268,27.67557668615344
26.07142359141132,24.04077499760356,24.4900260111564,23.40108280320452,27.92048630573856
26.061773002907056,23.9328189359847,24.587099415953,23.30413128361833,27.85644558122056
26.2097181605966,24.051956129731582,24.39088526177145,23.355590019786952,27.385414470956043
26.141704759245016,23.98291212392496,24.44630179172212,23.426029643952745,27.379750064356536
26.09255405825813,23.883747371919696,24.24959246051537,23.482286635798477,27.51375187694253
26.00511535481344,23.827587349102647,24.44153337292324,23.463079144704142,27.419716320493485
26.06401772797669,23.83819648145917,24.042492935406507,23.309456955504977,27.48179714339525
26.19212262692503,23.94403678365774,23.96031533525765,23.15387857596418,27.535254233682902
26.29420961496115,23.957191915905373,23.83115422960267,23.35152366867316,27.413508129114085
26.016102286542264,23.88123966607813,23.93741816705654,23.412343028326543,27.54227851103564
26.014320801741505,24.26781617906262,23.952747287560097,23.221791170038223,27.755287353092918
26.060695830411245,24.00496942911649,23.99535735830908,23.193184689653275,27.49088471415577
25.999920248415787,23.99449773668724,23.93776447314816,23.258781875425957,27.468329236515405
26.16211757730631,23.933310068818148,24.033914933394428,23.186173169681343,27.506533022844625
26.33402634797488,23.704244962863623,24.191225796734024,22.989542701397923,27.472834937396897
26.342450606636653,23.845265038661143,24.27648069804821,23.265339081453764,27.28732260182244
26.15605725136548,23.86954829612607,24.130011260481204,23.200686824368766,27.265171695741977
26.32444258173069,23.837358282827378,24.33506242223538,23.13665587874359,27.335661060109523
26.289949708076325,23.67918623526042,24.21243685806627,23.01994037113577,27.502548909295733
25.918588555103334,23.77801811618396,24.388896817071878,23.038868953301357,27.27336239363397
25.70696362952966,23.71101281802803,24.189322978148148,23.01823466672054,27.404348022999493
25.48350390757814,23.651328934234847,24.474159450038183,23.075201061357824,27.612845857307807
25.504828972644887,23.642730430071875,24.25063210839448,23.14234923959345,27.4694621728455
25.47969468239133,23.749045505122385,24.331324308335606,23.13421664354261,27.4153961882606
25.669498237052657,23.702503465745,24.464062077692084,23.28880725672125,27.002143520847348
25.498324831971782,23.868947058482068,24.60313118693439,23.328268223156943,27.1492908989037
25.437673619249747,23.767678048219064,24.771023396688243,23.20795913807868,27.40608995736968
25.50052571240042,23.811782968853613,24.834672493221746,23.062427078315448,27.43167979411793
25.63900565198285,23.79318551062591,24.819165725278225,23.24832508161668,27.5577738554736
25.974527979740817,23.70980528624572,25.049925379434278,23.491038491783417,27.425441065350935
25.860564554284668,23.72807921040154,25.232852421832856,23.53390587916237,27.27058232316677
25.862183279546414,23.609366835434965,25.206395598634924,23.386506936015945,26.973878374577676
25.687051040218726,23.660361517978743,25.07756684226082,23.488118587645477,27.114017533906264
25.5025076362642,23.68759331988563,25.209088758148205,23.54081584541716,27.154769242996103
25.274245838537517,23.83569607026917,25.382485187864926,23.528682886225518,27.57633235656804
25.18760726012097,23.81126590101716,25.00321506577492,23.54133379672368,27.502074577950932
25.415101984456346,23.67619596016751,24.906779868967405,23.616973340011388,27.510023579887925
25.352395557284574,23.61598924507985,25.01964461440282,23.5365291939221,27.32315914706069
25.21170932404519,23.75339049459068,24.670193465247152,23.53202550819263,27.495974372806515
25.663238804181045,23.83686780047728,24.805173203865813,23.591528456178136,27.42271642071365
25.767138462517156,23.996879091575757,24.970705011135408,23.56219517764285,27.43819143689227
25.769085534376256,23.961849576607,24.595481837583733,23.74938939654669,27.674589971657102
25.84603598624175,23.884382776520557,24.55976572083684,23.85211845898617,27.816487952764977
25.98136350703301,24.22468603765803,24.31434454835865,23.91807231511474,27.56012649306816
26.07787022744005,23.802743122278606,24.671047527369453,23.99037937903299,27.35384796860154
26.32578804333033,23.897408790018773,24.847320519921265,24.04686884185224,27.065605583269296
26.001229372813636,23.905372724497923,24.855055339199595,23.96472928594071,27.28275270893558
25.93125215842044,23.94212372888816,24.680200540597703,23.85487913998261,27.34550407467835
25.78229159739394,23.899606192279048,24.695402213993557,23.849547148915395,27.540408702415288
25.86593279464095,23.94122625245092,24.634600523932733,24.022796076141187,27.231012648944983
25.86695790469987,23.939384643631424,24.500526325223525,24.0769478831358,27.35836214938756
25.61098239660774,24.04661407858629,24.32587532666265,24.03027120273033,27.366629101196665
25.818223383379607,24.020270588487392,24.425842168406813,24.11743054305572,27.27370314961661
25.93672535750656,24.01347271610891,24.59529407627493,23.99322761101648,27.18775543944184
25.99652398215595,24.00265120771216,24.773621342862818,24.00866837444834,27.09479006471664
26.0530226254231,23.81245453369692,24.825290055752987,23.87873893367803,26.89831873525962
25.84740712853183,23.905032556747773,24.56058718680149,23.964702829008758,27.18907546544691
25.92298797421683,23.98958314358463,24.712584742469037,23.838123987297877,27.1911938507773
26.223383180540825,24.24536270703364,24.429517359995124,23.624697172312068,26.81819691839903
26.20679161911829,24.16495501398204,24.438913025749223,23.84498906797727,26.953446632012582
26.134494624905432,24.14830287994841,24.45867844956106,23.67279956053179,26.68969197987866
26.188399393584557,24.049856317261177,24.215128935001065,23.658478993148407,26.781374867202555
26.098563050468798,23.87454747274786,24.21148277972192,23.75831943522832,26.768440117112544
26.20974515426592,24.03582303483504,24.14613851571237,23.63036455195672,26.602881113382043
26.18034903365276,23.902261473292803,24.22971053843201,23.45363128794182,26.854523347868845
26.061191005164957,23.770885186343847,24.16174034028879,23.499791414368385,26.6962485074397
25.934256822644134,23.94927997880577,24.19840895337297,23.670916308206746,26.759321469443943
25.91343930177685,24.05379905725501,24.477641670207515,23.57157153806076,26.895042787013903
25.946892416239415,24.13456752431598,24.229460744297057,23.601234804891803,26.95418720150305
26.22116410284663,23.99129825509656,24.464012397513315,23.41568266751055,26.84080935168357
26.215715397288378,24.091808364610408,24.21370737342392,23.37843097640776,26.93477994387313
25.97903848569845,23.9969247859672,24.2122652422917,23.34882176520862,27.25958144134767
26.047827858611768,23.99439824583917,24.406387799411437,23.43029891753566,27.1608552209973
26.35541872976439,23.929978964829097,24.308364263237728,23.36937802286587,27.11753992293148
26.091767569239856,24.02349457308297,24.512984574350902,23.4543255334887,27.111330945648167
25.97431777784509,24.09698058854128,24.447538713866887,23.489609868105333,27.15606633201757
26.02134216343649,23.95399485209705,24.24879976925117,23.717276575296715,26.916558576250296
26.082903423830704,24.05958957897385,24.400479776021587,23.626332801429992,26.922466088292303
25.772038700749818,23.94151779617965,24.56053793556848,23.616833895342708,27.1127379819877
25.57993129213712,24.03335496403293,24.605154704738556,23.51952972638845,27.13785896878556
25.960171912491763,24.106009351906017,24.81332283411849,23.44829664666101,27.26130740220764
25.84659353755513,24.125051006263806,24.732370927470537,23.39512368422908,27.266682011421047
26.027810724287225,23.9295042364324,24.747704592289782,23.43622627583734,27.25808861690583
25.623180882730576,23.97322541329052,24.87537956047877,23.595646837316718,27.311364148952908
25.80556909099357,24.108930032884768,24.836720130389487,23.54928880016745,27.24948153920899
25.87565243241497,23.903683925713853,24.834847106474957,23.386859761555904,27.270974506736195
25.8677910434601,23.8097846558862,24.706783621035797,23.505187410108316,27.27648342614249
25.60603391167944,23.804003928637368,24.85389841741328,23.436164837079065,27.226762509388543
25.50382519365435,23.82766361053739,24.94350061300134,23.321566055290184,27.48712512778007
25.3515676588416,23.7606558127988,25.074657237200874,23.547483566922708,27.298749093207316
25.64067907612856,23.71162425745924,24.992664538534736,23.4445556811477,27.40179586793809
26.07384897925633,23.801126894551643,25.075572535474716,23.633347848660613,27.09282117759935
25.80392634562472,23.86245301484724,24.76090459043154,23.810901465509616,26.895653470700484
25.656420685074487,24.000402411482305,24.612700987272238,23.617493798250653,26.74741496500852
25.58835022623528,23.87913484806404,24.63676979272929,23.24065131584673,27.00565862857741
25.738329356964257,23.912108675793,24.60720914754572,23.313563973516224,26.6460893397819
25.918168073950888,23.71681719749571,24.60448608419511,23.457571456236355,26.556913387726336
25.91627599006719,23.684033006407816,24.88941744207709,23.27542887548788,26.284475543251897
25.833189188312907,23.80472391638764,24.85781977655289,23.535580269873755,26.51246517318348
25.707938297625592,23.83647736039841,24.73097746720737,23.564959364663245,26.574474635044734
25.980315347677674,23.804064092667893,24.662100903881186,23.592674727790648,26.598105213304915
26.23851656552421,23.7298779980129,24.73598580723308,23.45732006533932,26.53355167697875
26.184606729345624,23.91502797178043,24.38321397631829,23.503057408321528,26.39168446071844
26.0873289318974,23.93623119441629,24.31201658723757,23.741156922953152,26.309767738054116
25.872866581502997,23.73644528909024,24.261520788278126,23.64223069893907,26.563279296834278
25.867521466760035,23.69882809452505,24.40996398731925,23.881237346691623,26.44678243285276
25.759799202141508,23.56570018193499,24.257959714862256,23.820196830593726,26.379723047714947
25.82094726166339,23.63400126826071,24.37896308418037,23.96834278264617,26.652810739372576
25.73200351879226,23.623542321992385,24.66320889768844,23.99711889277103,26.755870399017734
25.398766657565133,23.88024971693033,24.60367715968577,24.00118682913201,26.835814726632677
25.549025713222807,23.88629330871534,24.229851847157835,24.06595295994481,27.21261031690349
25.27138499526237,23.99527529270996,24.284738020048,23.974742609696424,27.01121529938979
25.31631769439302,23.920877318793934,24.30978183357273,23.998584216506305,26.93552658096488
25.19744641163099,23.87044772370274,24.53363983898812,24.00292774287576,26.981481096767396
25.46455349773161,24.053718010476747,24.372196307349743,23.89504490382189,27.082784376002078
25.20760561830078,23.90895555809793,24.521741617495028,23.842697297727817,27.23774398153471
25.102773027660994,23.88758820668176,24.59109205580814,23.80965414506688,27.06858069453998
