cuedc2_mid,cuedc2_rif,cuedc2_par,cuedc2_dig,cuedc2_erg
1.1036058288923368e-06,1.1036058288923368e-06,1.560734330733544e-06,1.2743342447804616e-06,1.1036058288923368e-06
1.948114292264079,1.6957474519205733,1.3900800747147775,2.0112314374989015,1.601449059040401
2.135650459562406,2.583785771781629,1.8348891064842676,2.7303183455969546,1.9414000781315914
2.250203297066984,3.198092812249374,2.3099553697550586,3.2267929493331207,2.519423267786773
2.524409827395917,3.7985049494016367,2.6612512553605194,3.4622724287792903,2.67380723519785
3.043879646062132,3.8905174378703906,2.6805588983430053,4.209346447790083,2.8681764685851454
3.251704581860235,3.7092440909661457,2.972738465047297,4.3122936039229565,2.962592682836918
3.657099915428974,4.084109161620045,3.2116782966388056,4.409759423065947,3.3969548431254197
3.782234198884439,4.218786823140874,3.417483336253892,4.633189821895097,4.226611158516066
4.194831478386824,4.318085579130175,3.6426293111454657,4.548384180096517,4.4502445207035
4.454452665092095,4.369036861559706,4.227634852870813,4.547989482226107,4.804657791010902
4.73928684459078,4.155976060353067,4.153873168198583,4.9293081139408494,4.876420731301865
4.805326747469493,4.525632445775147,3.9485887136883178,5.438033631263082,5.383178249291456
4.985351633000653,4.7870275540693665,3.785440087748894,5.857064335764926,5.32354191943226
4.623034137311207,5.174870358623499,3.9403547635116865,5.785454594589662,5.508425246735131
4.6669432533274255,5.320973496167019,3.44869298626883,5.911282326327634,5.399376760186446
4.881838967651728,5.519996953096888,3.2708138356994176,6.090299208487241,5.6671967081924155
4.643562431417085,6.065599945178556,3.1810591610016132,6.56274369200178,5.663716094048522
4.5279443303516205,6.07858237451657,3.3593373032468143,6.688641157368152,5.571066832841102
4.383438455588588,5.803493601929027,3.756733369574662,6.7746948403668155,5.432189227003639
4.313502656432772,5.810252429486171,4.128047178851682,6.93178706725246,5.3510334897208525
4.521444383119944,5.744497828899931,4.062699679594578,6.9568088436984885,5.674594576341198
4.610931628861157,5.881520140151664,4.40373453370291,7.447749992209717,5.813827732627803
4.73820507493244,6.075588231146292,4.6242569278798875,7.64047108840465,6.090078673306209
5.317954236217744,5.979607498455152,4.5740749174428625,7.765295686950619,6.900493622677964
5.367994020432829,5.92898706621837,4.65729479617513,7.969920685403533,6.777334895226704
5.052989414471909,6.243208028273017,4.669751940216592,8.004903403847646,6.605557013667338
5.228196729751746,6.7204941680872485,5.155686097021694,7.8091129794588685,6.2441461801614295
5.530097877567828,7.065411597759996,5.089113317527149,7.665846950128874,6.413869806313369
5.870977354136391,6.9125727100633405,5.1954275357238595,7.718542312825339,6.359222990316679
5.952297781910515,6.706854578443665,5.380275071165473,7.645593384223357,6.2009407348937255
5.971561907604011,6.990754904383524,5.478571347983384,7.822233203180954,6.00753690707105
5.768832827007843,7.363346922417344,5.411326399778042,8.261048220370615,6.15583306286766
5.534891692044961,7.554376045611693,5.456394268450716,8.39463224243893,6.544742781205491
5.702955323390452,7.676467909168291,5.4741452432116535,8.699481426966733,6.510930659558588
5.953283097608866,7.6606930151722095,5.696951235760617,8.776132254136776,6.553034385814728
5.679960940600932,7.366534361801036,5.928536105316979,8.801952232891757,6.594518778830891
5.908145127734804,7.03276831824877,6.478676213512347,8.965708452611413,6.876997580067051
6.156214034562212,7.261814502428163,6.8053422471079426,9.028661831017052,6.959746663509456
6.368647899510552,7.166174693309966,6.951420609052491,9.182826533098208,7.184487860354713
6.797791492140524,7.354287517734833,7.373928229233045,9.11904704825804,7.26799111101129
7.171687114869055,7.600292194871261,7.669950790304754,9.271113739196139,7.035999346376037
7.244241095100003,7.809866141848491,7.721901773025432,9.219402418338777,7.322581473555467
7.434568886134149,7.969796858146689,7.596234290180711,9.158332958633217,7.3645880124167045
7.449716786984936,7.799535567667602,7.379346151162667,9.268919949149028,7.2445034033511755
7.653182243774188,7.716829662473231,7.403088840728575,9.185202524318,7.54691632439711
7.655826633324346,7.365636153116506,7.653740997840648,9.733896734628813,7.286876515647324
8.344628653324804,7.66636533100175,7.69281858650056,9.871775183296844,7.248320778793834
8.366265728941837,7.748739279101993,8.062078631074913,9.775325613504421,6.986804223683661
8.296026086492962,7.762504909464728,8.222467366461396,10.22536686664037,7.095010791367881
8.548896821378236,7.994667846092479,8.48988010798777,10.498625038454144,7.135051890535801
8.75451839699442,8.413345017579504,8.562233580160996,10.288437130810458,7.008507602712421
8.69702984724927,8.788668774687972,9.012700464763022,10.136743398624134,7.358983380493578
8.569675648480153,8.990683739029269,9.405707033316837,10.096816812423432,7.612411340668252
8.274553718974232,9.055838175199133,9.383367416461297,10.41480019237631,7.34992128097212
8.27034337358734,9.304053095674101,9.723554747299335,10.293632922661041,7.7007288727615215
8.236123301446574,9.439262161585077,9.99611278391789,10.354203827230831,8.004364551218199
7.953857718446317,9.695186137495998,10.11169663038921,10.21551416696504,8.450130984234024
7.514938115821803,10.298292105823457,9.877035940458239,10.353979577649257,8.065469773353886
7.751241744160364,10.395015943728207,9.294347759474482,10.52484045347047,8.028778254387145
7.836995161097372,10.240705435009785,9.372938827156268,10.531838724080604,8.410394155174263
8.346729026164688,10.545146141360544,9.728047282650568,10.677751177128144,8.479320805198777
8.714558376686304,10.536604668701377,9.968344070988252,10.878815092873863,8.624388762232543
8.591208514209175,10.703417451520268,9.964253581523321,10.826450297496256,8.656867387245738
8.798935392685287,10.454686676328812,9.651521044457143,10.810246833869938,8.417379290838312
9.416236930319345,10.518836705693692,9.8136618718852,11.065909127580777,8.459845589298807
9.575404075453154,10.405281664440455,9.610533517679087,10.94766449713503,8.701117258545972
10.131907900796827,10.558909157679688,9.910996091036376,10.939019738089236,8.63399129254857
10.156178124901835,10.422405792951539,10.213129779148625,11.545688119892667,8.57441995614329
9.637167870083877,10.223981945309912,10.225649091162154,11.542488896923663,8.75135923073754
9.396508074379216,10.167539119469701,10.638208218931956,11.27127831107595,9.056238712517041
9.291765246174641,10.017953782694866,10.366655037769505,11.597568574402766,9.161343980976536
9.468137828476367,10.45955597907327,10.49629839788176,11.491794915054236,9.702742331758985
9.893128821779563,10.542127064293876,10.616588063107903,11.40493564966131,9.774618685283318
9.712069337500425,10.848086027082426,10.75782218237814,11.385442428395724,10.082138643574352
9.76739989443307,10.931307312219825,11.133525373811695,11.52625018038868,9.89181460382235
9.78992276429295,11.108443701997366,11.304474672338149,11.341886678834527,9.855681093888613
9.626675466490578,11.26780401316169,11.256809355380666,11.230484560883767,9.827416100700743
9.383089257164917,10.93097379173911,11.460429064618316,11.294999942415041,9.712754183531878
9.69299663008772,10.781899238197488,11.686117525404438,11.437903632416015,9.770539864010422
9.469451168562319,10.566153048905202,11.824659282743044,11.324430853861287,10.003163511530943
9.743079406082687,10.67302209463644,11.872662140141346,11.120058582335762,9.745297531144983
9.765579070929663,10.812200833181087,11.799057638769161,11.104325863580474,9.736623039581207
9.581909275579738,10.69853822592187,11.468405255057558,10.848871015235659,9.964983497592081
9.891561509485122,10.86614432641382,11.438125673545118,10.99587829456169,9.972509209446956
10.12543632410565,11.34248842746142,11.077776272979055,10.973018343369542,10.294880231491755
10.565268842754508,11.068720024067163,11.403405391323236,11.373533094421843,10.061203572430575
10.665529900351316,10.911194899625258,11.493182045093956,11.579021148688712,9.66375432543246
10.350629751007798,11.081325358300672,10.804272066288021,12.024967996067138,9.698109607427268
10.077863906523033,11.037223346327607,10.80852032864737,12.295697839641718,9.918030078428995
10.43049626824014,11.061116641838094,11.021923458198884,12.522735107821303,10.25812348141342
10.423064518137515,11.270138212656983,11.1004389173608,12.532740778611586,10.171164685152974
10.634109663435037,11.027155961534357,10.984807908045784,12.37158741091313,10.378870538442419
10.453202779380378,11.238827201679221,11.510707917068393,12.47709132010979,10.51797349935328
10.42565182202358,11.149487679254804,11.539741845721842,12.604076585159705,10.714169162931007
10.34182294613982,11.001304754515656,11.750155518920005,12.558328689983073,10.411889924462608
10.536293067557315,11.02719573564873,11.925119907948798,12.795049357249162,10.34358624399769
10.512653740929906,11.031059192785643,12.04813950455732,13.04094310068319,10.288404083844046
10.46027691253526,10.761557452635929,12.302583741535782,13.12357451027169,9.941840146099596
10.040210742596622,10.81656107646512,12.329872929119057,13.450637894564144,10.031986054035988
10.32481597393319,10.890216726067727,12.062759526978997,13.20623621662677,10.230826450246628
10.35178916457385,10.85390808168741,11.321378620747566,12.979529805130648,10.28681333772113
10.24349857970734,11.546302380865596,11.369564552345,12.873290425082523,10.599472385896584
10.569311589132196,12.109514479410029,11.266439209403867,13.188201974198273,10.763998733916237
10.60884400194829,11.870822197840814,11.207149968058028,13.290674455536458,10.876979793361743
10.690331208773946,11.736025327737089,11.374341254745842,13.624827887594428,10.999365438367434
10.607641147798457,11.734266467983154,11.607536764600237,13.477455340879233,10.860236328145634
10.556789744803181,11.739944739426857,11.446670538561591,13.14914292833595,11.068108666843642
10.398646504789616,11.727785354032711,11.719339045402807,13.176803140803932,11.091416574755922
10.455417343671952,11.882452007267165,11.939022399129744,13.037210159755462,11.654931120179622
10.424156968570115,11.820217563133687,11.457260804693568,12.891337128506308,11.8548466006214
10.5900052319379,12.017957356492001,11.945622710923839,13.015139994786844,11.86245568303276
10.144916427886624,11.742016517957904,11.991940468770554,13.125023633088514,11.630119602099192
9.80759173683834,11.875693925071342,11.792926024244451,13.365414717400746,11.652646393222941
10.088853260028987,12.371630981793508,12.095075455484052,13.574154172446528,11.990485461402718
10.019765233468728,11.731175412527415,11.592383679816772,13.311988506241478,11.836661246421706
9.745709952977757,11.592488216258594,11.511483787004355,13.425037369639488,11.700077501036073
9.511889503341257,11.428463350752287,11.764935022503689,13.43867429317162,11.618696507144213
9.281720406062849,11.022774498893481,12.14978519082135,13.25391037510119,11.790195561519203
9.311669510700336,10.699155021953489,11.90487278021357,13.16792275644829,11.692694673234001
9.229017418647405,10.733832944750953,11.826779460467849,13.317315496865675,12.209492146431735
9.202797861693735,10.976939348494206,11.477846238088336,13.538201169863838,12.072840856153476
9.106816212401867,11.151363864987857,11.379315915095791,13.669427267434882,12.330108939644196
9.162292984608435,11.373888972562028,11.570151438517804,13.539564763514129,12.15119990399551
9.536137739848852,11.365556841889276,11.660066155188597,13.786412450797073,12.238529298160696
9.568779443443203,11.459763976543089,11.227320065148815,13.988221610479236,12.476102177530162
9.685298914931627,11.679571252353048,10.992600951091088,13.699405325178605,12.705278224793005
9.948805365264201,11.63966412645931,11.295552081072687,13.668838261159141,12.97020634622475
9.909688848956632,11.835866729218502,11.55994173288949,13.572447190962707,13.223351951707714
10.322921757497197,12.168612576831427,11.613516560894775,13.834772034032433,13.065142976228447
10.333838194564976,12.505600669660796,11.755828092238405,13.90151501311962,12.846926416622928
10.258077224488146,12.846781910465259,11.913444049841422,14.07639744995977,12.608093324293666
9.920291367672965,13.256967964130661,12.018983845609942,14.300837531652073,12.757049944757194
9.793275549664083,13.390254234810016,12.464596329136784,14.603020915599409,12.649837574490634
9.415946145274624,13.68372810158639,12.502314572761533,14.724936216465599,12.722331251275753
9.532715316989373,13.73545825336779,12.351640468764222,14.310145943301405,12.52664799999883
9.44755289026736,13.790164011276234,12.30346706045505,14.25206706928098,12.340291560706392
9.663012938965005,14.145510638380129,12.239895497181468,14.162210908321052,12.372702911738152
9.695715082230057,13.676568407565965,12.148420333302582,14.158208994394785,12.794660914095894
10.070555888441518,14.025444759234784,12.136723506679123,13.903343962522623,12.790767635250868
9.858083100343379,13.765491486088592,12.10072161237583,13.851274992349529,13.015297088723814
9.675312819495755,13.833183592049394,12.032732336376462,13.986134366256971,12.92454729314495
9.804022413255195,13.744719042853818,12.162336035980209,13.812527849978707,13.180805158630003
9.677213600034847,13.974715375909238,12.174696287742835,13.822875992945676,13.389813927629218
9.68562721672362,14.094575809523533,12.599295685101973,13.69947892742313,13.539151555149543
9.64841955990895,14.003088237608921,12.984797965601851,13.845444647709314,13.710245068960987
9.823977341811363,13.761521025783482,13.203153427046681,13.934696892220714,14.060789628396298
9.773860783322311,13.672944537492278,13.87953383747573,13.859768757751121,14.393641030685355
9.777927937479998,13.485075694343909,13.940117499767492,13.87113766172963,14.497753502879556
9.968718010998568,13.903348794012484,14.273517507083048,13.529724100722733,14.804942252255737
10.13990429323017,14.063397506031121,14.309997553658928,13.533994008234043,15.223288679192452
10.576431306714,14.567167952184006,14.152663938613275,13.291728242882952,15.314381760429178
10.876116415683917,14.395758941485177,14.227864763361449,13.444668278334237,15.302816924691049
10.9623323593185,14.627339293754218,14.33270940391332,13.40354221953978,15.427475910647935
10.795188983549847,14.360670744804173,14.867924178413524,13.647224007317131,15.753829226052959
10.738693524375337,13.926112046134643,15.278924952996599,13.801125218970595,16.130449788408544
11.0072730573563,13.778013224606884,15.30411518576967,13.915631818649109,16.537158028909985
10.702742278929264,13.861650371733397,15.270528064266921,13.925027556761801,16.47031211097932
10.555420301468027,14.054632617729702,15.367488589698683,13.442821065873,16.670483114902506
10.799121894500939,14.111473642372376,14.967717754676437,13.495813232361055,16.304657158642847
10.716331003065639,14.559937418944102,14.761536266015963,13.243398552477592,16.439023227939852
10.746490443217,14.660322948680786,14.748673987097083,13.569253453294928,16.579642217449454
10.89385935152458,14.75262236328534,14.706590736481678,13.44711591213818,16.355072188264025
10.894012452087587,14.813737573577393,14.059103113478818,13.480660958771804,16.508779336668276
10.820874991696307,14.866872255347179,14.44049679318201,13.305302605347967,16.5571586345684
11.038337666271303,14.890381704510355,14.621321812304318,13.229044646132218,16.674365886740507
10.962841406398958,14.59889571712688,14.472260473759304,13.579074406361206,17.007267988258675
11.258222547014157,14.368311319939476,14.42979223265684,13.700803064303628,16.859843553316107
11.562975158995823,14.484156915606643,14.473884080106098,13.757128980424861,17.12328507207461
11.024433800001226,14.708787559550396,14.621429092163082,13.789480018610952,17.23157403395513
10.968648902001522,14.534446975753491,14.719803880101352,13.67086635620978,17.410825386272247
10.956782018008147,14.206706373388183,15.023149544676178,13.497876922776763,17.59725024834147
10.893161179804359,14.281670754968161,14.858334486840983,13.550542314424666,17.78701018383565
11.086471194452,14.324613915121132,14.778722480692625,13.335995335253262,17.90713785318808
11.223243580138703,14.43175886497069,14.800500097566328,13.338674888575472,18.44083681459412
11.158623310357799,14.315012932289223,14.93418953518063,13.56170465217163,18.595981983790846
11.245173692668688,14.472449161066786,15.199131425923838,13.401680189948632,18.58961812961305
11.50800539596927,14.404844181757102,15.285065745824724,13.40840206759895,18.60288309249159
11.342335487406157,14.29854335921888,15.716327963120973,13.602744622806464,18.863959463266042
11.688679247926874,14.484887488628598,15.66339199564298,13.471065190493995,18.967796320156758
11.5950676326604,14.559928508743901,15.79946367516836,13.575012440421235,18.992026916720857
11.506701785194844,14.621512300254906,16.30359214427686,13.705615194807832,19.383823750515518
11.669531822311367,14.58458257606552,16.662707669186716,13.870460129715331,19.50259244033361
11.559166910951738,14.453922333792997,16.65682640597847,13.801229962606394,19.793657750832736
11.502293739036025,14.366135391295769,16.311037182815877,13.792737758572768,19.757973483261228
11.853168627436627,14.579027176633613,16.37971698928104,13.709955228100322,19.724403185635786
12.083982108333489,14.352245524387774,16.30408908886578,14.052869989630947,19.982591616867126
12.094436519654957,14.600855246280062,16.251770727804693,14.490983201232975,20.162936803160882
12.013294931380434,14.529953004309968,16.57249551763398,14.371108130669377,20.40161204650328
11.616497947720248,14.675773390559339,16.388772923375264,14.23934025624325,20.52029269662516
11.780338011575145,14.657433759096804,16.219813566881225,14.337570706571078,20.66054822958817
12.130243493548743,14.832914977956827,16.189278135068783,14.300425853681325,20.334223207883365
12.02008209122979,15.139931875376776,16.74755530089318,14.355772797210372,20.532808987419315
12.087220411108213,14.899696242231228,17.020379411221874,14.384465065641201,20.805085743934416
12.103243257348433,15.138957038768192,17.326957070199914,14.357144711796197,20.963508553874128
12.422598978485567,15.482303910581678,17.46498363056291,14.383334465820068,20.849342524267087
12.866845714500185,15.976528971981564,17.339846535307757,14.415151901143233,20.83178369289295
12.856112740899944,16.289206251958902,17.410847344837038,14.369629480706132,20.910991814168852
12.983649438652867,16.45194503279961,17.443841597035746,14.743320056589429,20.30774420680091
13.385748093207148,16.316993040199982,17.356462487108544,14.910048426984552,20.320268505039845
13.498433367895707,16.326962755973476,17.268471721942728,14.557045741954516,20.603487443093307
13.325079942070225,16.15468072583604,17.085207472165784,14.444481560497273,20.184091759340742
13.515930050920732,16.316393826728696,17.15512550234117,14.31194562303773,20.08876622697946
13.551276996727344,16.633970815794434,17.011856315500896,14.582750450865955,20.410885745668082
13.399794604703025,16.733638921906234,17.087696174356633,14.780654657696553,20.637795620753653
13.3060408340116,16.861738347577564,17.878379423186995,14.408113827169439,21.188683841493017
13.591424693416043,17.052337957359377,18.057330269505975,14.336686485033301,21.44701296691906
13.62929199458688,17.470593734572777,18.03157411136314,14.596562085083237,21.51695468873473
13.453576848471567,17.367085167525186,18.19678481929755,14.822755603133542,21.265399491555424
13.630261917847811,17.09949053699034,18.637997341842567,15.169549831736234,21.062389641169972
13.85526860001575,17.428466882669362,18.531471564337217,15.591921054288626,21.131163931306364
14.373968497643414,17.57662435899502,18.845348552504323,15.600295809173607,21.34141526036933
14.05478822587849,17.72806949370335,18.610739465913372,15.51168879879499,21.599630575161537
14.121151003328121,17.949643191910326,18.569532177705124,15.879022497291595,21.522179352797608
14.321522635854407,17.899281527950333,19.120548201389525,15.975649590236033,21.302183972304352
14.78398511247457,17.8010541516055,19.001454972023875,16.0919034948967,21.51835747813459
14.507076364035854,17.768686235255757,19.26469903239256,16.089905283240128,21.664404692909923
14.445720331814243,17.626709588955364,19.46027466796223,16.1271760867311,21.466624844885935
14.486833046094434,17.5527538140551,19.8588091239019,16.39279645533511,21.5177486133718
14.440227284987442,17.433466136498478,19.782255365861282,16.06018630351016,21.43135806180613
14.74542037773885,17.743853399376892,19.831597623611454,16.164308710862688,21.783337517628375
14.729267158173908,17.42390625315854,19.754350434038056,15.956281825397165,21.791440331685436
14.78031842861142,17.215867408959838,19.760148102544246,16.197235248188676,21.617801501903987
14.522775947982991,17.05824617219015,19.41098013239036,16.031056444591567,21.36730128440107
15.224254642145308,17.332557844768644,19.55202288025753,15.92813192467084,21.52849307296741
15.410744441107243,17.329724743466734,19.838141126790823,15.845078540744352,21.349578589052648
15.349312314530268,17.468302320590062,20.042559391561724,16.148136755886245,21.39195442851386
14.952639307840755,17.862240862631726,20.142746608869935,16.05399458766115,21.667179206770623
15.210316103838617,17.742071833350447,20.477453510331532,16.07533606740551,21.982747253086707
15.379292036090437,17.862840936232143,20.07084748883086,16.215423679813053,22.242346833276105
15.389400811008798,17.73487396733305,20.29020086738308,15.76143315705174,22.121038762415232
15.193077314792422,17.69637872715797,20.228487654000265,15.791194760384606,21.788676708632536
15.039453888135817,17.527907963762775,20.120833467031158,15.525079323559975,21.353992332801486
14.702461897398441,17.58964075509052,20.21162637923943,15.411618929446261,21.289184517269977
14.468502119450307,17.64949289398015,20.26585629008802,15.414690966546862,20.89650743232474
14.27802917811331,17.76944334238583,20.218943615323894,15.597973257489457,21.04969857207605
14.377572182442648,17.839526557478074,20.272627979301284,15.481219932404246,21.10893509886404
14.439567793203581,17.83256605278798,20.345878755208705,15.69970828382465,21.220518688525722
14.5818456670297,17.826317870095803,20.230932267559556,15.72369437412231,21.58736745152781
14.708353996458278,17.843815693612832,19.956192254588004,15.409265686682149,21.667284233148447
14.914560096581654,17.696793326401263,19.980164191864198,15.04043023076477,21.73929063017
14.92465710319578,17.60972141249382,19.85753926382014,14.948568479233357,21.50880384446032
15.253528518032144,17.55880216338835,19.803207449454387,14.819132608106308,21.813960698120653
15.06300106795879,17.771704515115367,19.84963683296884,14.346952575474106,21.837501973553234
15.159725749970505,17.66285808861109,20.100793704478725,14.237485677246616,21.60968211944734
15.110779669004714,17.878009286695498,20.512605445240933,14.24457683990368,21.61836152853735
14.569292147203436,17.770562567327367,20.000326104595775,14.445091484941235,21.607234809777108
14.671445057299907,17.835127141400612,19.57900383384733,14.46138350169505,21.5116859813668
14.884435881092667,17.968999119127268,19.35136298440468,14.194254895539904,21.508096970832835
15.103294745884094,18.543206850064145,19.10311566155525,14.385179169962,21.764605865115723
14.873558682815188,18.49658637836441,19.298304152984176,14.551137258645102,21.471184881731432
14.713236901933195,18.74814893991551,19.249649650795128,14.629160467222686,21.522560524916763
14.168176574648069,19.017841630571187,19.109795308396468,14.68877261113731,21.983548172259145
14.013150858281726,19.353741743841884,18.951484772343907,14.666980190398604,22.25603743183705
14.16446801061663,19.27987271586049,18.651572460032494,14.390108037218353,22.009148540507706
14.003293035384297,19.210706445971375,18.704595305330987,14.484195697825959,22.095094850691538
14.27715531673453,19.427868721936132,18.914339576558305,14.71699280692135,22.090964532963365
14.401870781807633,19.627289177574912,18.812317508428286,14.581777091832626,21.902510337764465
14.338078630733902,19.87545664736858,18.481188704021,14.719211522547573,21.76984173387974
14.152352432457699,20.058666746417128,18.412841212160124,14.478956380550285,21.711556432157035
13.98365599803071,20.329334078388182,18.439574876754037,14.507336225182431,21.842682279560716
13.891291357931427,20.236611536530543,18.272837011176353,14.300337395448325,21.54824043565825
13.928828854701191,20.09888727063538,18.292196793140135,14.673055342223348,21.494236138901886
14.009259664499863,20.15191182631437,18.10773970583586,14.74689863573507,21.605370273569196
14.013388194480621,20.306793165489147,18.049419134760292,14.920870004942346,21.457921560154205
14.03422100089524,19.962162651909,18.12670649955693,15.156151040001257,21.1798131846154
13.551885586683534,20.22717546646619,17.99053969044559,15.425256601138912,20.95678540147834
13.340474976434267,20.93651349140838,17.516316201705916,15.24110914087628,20.610611704647148
13.44677196090921,21.363070918038115,17.482634490200464,15.243847338801357,20.17556774180338
13.060713136573654,21.273979437821016,17.45489542867649,15.400721996453056,20.07133072659164
12.954259347991233,21.22901911420753,17.53285323192658,15.59590065284795,19.96097093702734
12.93343820056903,21.22889249251288,17.251311257356292,15.267788270005124,19.799419416844888
12.962676028891506,21.137103379817788,17.428012621293757,15.45598425218073,19.732113065633424
12.787858208494884,21.09533233419174,17.527810098782595,15.144993327033363,19.770189239634366
13.132353069554716,20.640031546524693,17.499780075356643,15.06062422142318,20.172772385558595
12.942858008674664,20.694322090069598,17.477430374263644,15.206459359788816,20.4754600264533
13.029049160844375,20.6439936209772,17.280559678866133,15.25721005110156,20.46643127101836
12.879729772748274,20.798098731526725,17.453707808701214,15.121173457190302,20.11874665760589
12.669531328837436,20.73015528266504,17.2706141937096,14.903727771388322,20.420992431081583
12.660959103661027,20.510016934530253,17.21692978307131,14.604185062475162,20.351842439919324
12.869784464153447,20.77448130568321,17.52073734960294,15.007628879758638,20.375351050800226
12.631644524403775,20.830736362407162,17.29312800963869,14.655538474010532,20.487593577785372
12.994992414517961,20.81576633530594,17.25628949919183,14.639785131314282,20.320011113384293
13.258597097033801,20.99655408657411,16.879573120723222,14.747118147430776,20.543911979983218
13.012374075912362,20.951889392367207,16.79437844382021,14.690945191303049,20.512426864055197
12.787313957996004,21.085720787028855,16.674498347140112,14.49716676914558,20.440228423697242
12.612770611288127,20.925858825645783,16.804614032412623,14.147467584751558,20.555007773877985
12.976972265959354,20.87335502757815,16.757812634219235,14.231547068567142,20.394958908970167
12.542045172638266,20.675560778094347,16.768693622074256,14.404256516835126,20.603287257954136
12.779630283957744,20.906573704224996,16.286958772655282,14.514615123746013,20.351741334982396
12.634160700468286,21.462213876155737,16.15524358930266,14.673777004684672,20.12269420952312
12.413797817448842,21.668067746455428,15.796561751228609,14.83734585772405,20.491677097021384
12.163024545675471,22.085273884227856,15.474908590799224,14.979015953102891,20.538639377481157
11.918400279710923,21.979439248279366,15.529733271224412,14.721749280266902,20.12974506912846
12.038396829771653,21.83413333263154,15.307718198427814,14.674622429730917,20.022635444274837
12.320125806546935,21.906979540581325,15.205402437294985,14.34672551568271,19.72358130825617
12.569890026667212,21.981359001467457,15.08099167780591,14.751142838193152,19.374988770311116
12.493894897675046,22.331205766878963,15.017726063772011,14.68957361369105,19.35012424242278
12.723028397187607,22.046062660635638,14.666126937539381,14.305102373816446,19.120914836322793
12.298779171964334,21.675926098316054,14.731726308659047,14.289330591292856,19.134351971360857
12.648940034575627,21.507938523908614,14.771997224682307,14.05866987159446,19.200713396091487
12.836728108367943,21.36461151208041,14.63853296989456,13.645490057638403,19.171496137527086
12.820043706905725,21.211163193268533,14.814292519967735,13.48107374423038,19.097404229644305
13.00531095668982,21.274134836243547,14.942686104091075,13.616453064510553,18.80805603736927
12.748690222754236,21.444037576330594,15.115063674711756,13.55585606165222,18.770719339459088
12.847433923443802,21.4693098340619,14.842336898149915,13.74093291095465,18.881116068133686
12.773824005439613,21.426553363648672,14.843971152919742,13.796338628627684,18.85473010783096
12.538716803617726,21.490659785400776,14.559982488639031,13.71018384321961,18.639998152701644
12.920217398088948,21.631738365084658,14.69416637023675,13.683704148528202,18.17766752117076
12.96493807806071,21.639692371512748,14.845065713483224,13.961747651629599,18.036058074617475
12.951238720279154,21.696791536389696,15.02487761392692,13.879271879467906,18.18965116273419
13.007430991563709,22.029471552209337,15.286455539202029,13.985833250999933,17.94049503214393
13.150025831487469,22.433933377306097,15.010547828263745,13.90470187841601,17.881962205969607
12.808304639363643,22.816779307360562,15.009647468075928,13.913676701387578,18.141095896752816
12.740165371957117,22.9069913541216,15.094338032025478,13.751683933019601,18.005202414322696
12.65237862596948,22.87316306086654,15.197119086890917,13.745438596986006,17.779941410289794
12.721637197653756,22.924502489585723,15.259307487839758,13.424182542599688,17.547437254554787
12.80229713671529,22.6703229556224,15.071137325225703,13.242067812055959,17.797419091143812
12.786871416078863,22.26624093087979,15.280833438879071,12.956396531324128,17.611291247923155
13.024870944335792,22.679612460361845,15.500521418284476,13.485608982992208,17.880228940578125
12.862787750339528,22.848067396525455,15.591023943003968,13.544519894466225,18.13863618843151
12.514468172831654,23.188970724815732,15.83351362953432,13.823448065523278,18.339012786909024
12.470198419069671,22.93055909657777,16.12324555468657,13.910373925825935,18.903672294635417
12.24897932051369,22.641610939653155,16.41262732863264,14.271753720175248,19.256046554343826
12.392476907248108,22.46513762984721,16.80392507495707,13.91052877735656,19.45038891968057
12.550594110705921,22.11882514229673,16.865312909375305,13.670202872269487,19.568324402026978
12.154617748000708,21.886194965161486,16.568663600811657,13.94600553114932,19.24049478823876
11.992908790091168,21.94420155654498,16.377851110132205,13.897984827250776,19.24011599632613
11.627782687425835,22.09659201866013,16.592897406431074,13.930857179746926,19.021520053803883
11.37201082291537,21.987407141544605,16.331026401013286,14.14815393457138,18.70692144184865
11.304624808594586,21.927154158617526,16.069131894990946,13.9520053989995,18.544668409631132
11.288339255717965,21.90037267351642,16.412459273781803,14.074892448255577,18.55254374309904
11.666524333557438,22.16549481781763,16.416762425956946,14.0375859273884,18.7023052761294
11.820574636405535,22.298459937304084,16.20074651491929,13.93566531575715,18.608752234835077
11.427076564373207,22.32135336445602,16.024351873564203,13.887418506862597,18.814362254673327
11.751588343794744,22.453868478050683,16.056716627475687,13.659120310159004,18.36978218775153
11.928992403349222,22.413351198022553,16.27154984250046,13.688272374442509,18.584236370320607
12.332138214220953,22.68102560309027,16.731808855612957,13.895748625910601,18.81219248861091
12.716771326851593,22.398861097688247,16.870736921165165,13.966238697903332,18.94580136622584
13.066504112809744,22.367122111205884,16.75856283924839,14.065721862934756,19.297803848274082
13.189491267738333,22.33763109686156,16.8846375068679,13.998380435516761,19.44967876330767
13.264716352179581,22.266398078488734,17.169449208160977,13.856267634218126,19.068264130985156
13.007673024981484,22.285727811987385,17.450340091070203,13.328367395773975,19.04548994983948
12.69356261416021,21.889449270278533,17.70832879974525,13.506595632269956,19.19112176939534
12.989389451619212,21.97862512000054,17.718176537824842,13.71091077030233,19.495374011376892
12.546482878307968,21.80791716320723,17.688432817751774,13.51223522062789,19.26175558153453
12.358932498209642,21.965580766155547,18.03124649047665,13.80370617089123,19.282199564010508
12.329123062009606,22.10915807152029,18.253705921976543,13.759027495456486,19.15969655054278
12.425151303642425,21.828572619221966,18.364074511834282,13.882361712831694,19.31520620190142
12.632873309423047,22.067022445724653,18.303656240304797,13.773410005626364,19.481516780825594
12.294595527517645,22.40438806279943,18.13974152539065,13.767809735980068,19.651840573781374
11.867666077001887,22.59147393721439,18.176414502529482,13.921497524174669,19.314944278431955
11.855158184141398,22.531985163815467,18.072289225116638,13.83438159960996,19.11740094133227
12.016100202512034,22.933521067845632,18.255751923558872,14.179946618078521,19.139843601912105
12.372043301080227,23.001996215307116,18.384170467854958,14.34855004852221,19.002349687029547
13.01963177775083,22.936777127530465,18.340987239613334,14.164994488273498,19.131335946840437
13.417555564940836,23.33183948375118,18.287042666364837,14.39787147945686,19.679549816927636
13.995780835003943,23.58256994479248,18.401063016818437,14.298470669269792,20.0604025910029
14.101122889881678,23.5156552676235,18.699379247839605,14.181915604234588,20.24028735951826
13.932625960368032,23.694497002643217,18.7440741126845,14.308936288676136,20.28454822705135
14.001512203130963,23.586808350159124,19.008770460571988,14.393707339854684,20.02614885994126
14.42658964621818,23.547029276600906,18.675649093135263,14.076230769296272,20.17480645941189
14.72254218348011,23.458847925485045,18.350319678714207,14.014823974086184,20.23595467940771
14.31720947567573,23.396103679243925,18.063110037242716,14.049524013585971,20.728456656588644
14.315679797428102,23.721215997919593,18.2857803128046,14.270951094050037,21.165849540728082
13.95110114532479,23.577637249434527,17.90079254651631,14.248630850791052,21.13652656467394
14.100539465445419,23.477614356506017,17.96594787255637,13.844211410867105,21.273886560963785
14.175815572765158,23.33098445552991,17.889834092070398,13.962493701357605,21.523344979630753
13.961057767870349,22.922640418891056,17.400948426732874,13.912210462475276,21.386121153514004
13.842272722642438,22.656422880335544,17.34473457570615,14.238411269038929,21.14037268054699
14.029296204150146,22.80116581506022,17.865118134562596,14.483979088603126,21.03745555696083
14.067581868636676,22.7624771699593,18.08050937795859,14.534692521495193,20.85144309963336
14.011948404521812,22.517491141237322,18.12336035722755,14.446110333058746,20.698948247163944
14.23974501724976,22.904861404533946,18.210499959591605,14.62522261378311,20.355873313618012
14.80013446394289,22.904795812801378,18.302465989923355,14.685961789439888,20.142065411774258
15.119100444677274,22.889560606000416,18.791004000456944,14.632678025706213,19.795427817974836
14.706565951526033,23.109460061476796,18.82810182766228,14.692716811982699,19.896957011870526
14.83138973228531,22.985605514530736,19.009887485496588,14.770097200935728,20.200960912895198
15.098582752704328,23.33236025443358,19.143650868334543,14.555382755373882,20.194599588051748
15.110671852865512,23.385259555149158,18.868287109936364,14.349591691011051,20.33653809442404
15.484021415483678,23.572682620344594,18.8643930276969,14.430536507354017,19.86529073572462
15.588302146959798,23.514163583584704,19.26353420353367,14.186649678474469,19.99211057934821
15.5712772665345,23.595369242405344,19.050151701883575,14.054523270703966,19.65730819100682
15.91002739799856,23.94937376085485,19.365046304362103,14.080595864762966,19.324307747884664
15.779642039982559,24.159885437204206,18.951483212926618,14.008646715834203,19.577149658819447
16.133568253305796,24.124148254469556,18.99301394133192,13.914252259074576,19.434133559892935
16.33046747443737,24.040484729200195,18.657149036151896,13.765833435066874,19.205421001638417
16.860933898315565,24.024567961309316,18.57932667587555,13.56288975659542,19.58715643238279
16.92181355761455,23.993622911936264,18.838575539852805,13.468702786829622,19.79405419333742
16.937451888218085,24.21654846324184,18.61941359987607,13.5633309300399,20.007671226908286
16.432466791792844,24.358676622716224,18.379314267434076,13.539758406200209,20.198182406570435
16.126133338475732,24.404036465337786,18.17293321828392,13.698262535636852,20.073752701988624
15.99186765024752,24.391849069036425,18.09938903466935,13.540385936707542,19.92400199061941
15.729958777181045,23.9256344717422,18.04423639223071,13.86934501986433,19.725922132580415
15.206545665607935,23.70874114453744,17.954298360915153,13.881335948560672,19.785205128437905
15.117651333078554,23.33709012251946,17.871667271719325,14.169703035039904,19.8583514663396
14.850127118743465,23.68013603390141,17.826014781389237,14.624286449282694,19.86534216402865
15.031436193753493,23.986007475027932,17.76379062749857,14.782244379216067,19.388323055509993
15.538150935087508,23.872170746546292,17.8655790475293,15.018700343661042,19.080457933937165
15.984146949583652,23.86350977460235,17.95761601197307,15.17677203273949,19.37963805944261
16.328822104641084,23.733569793398594,18.107012529776718,15.18212665310986,19.61086919446908
16.26166784223343,23.237513412641885,18.316919225075708,15.210904978172417,20.0043960764938
16.091784214596082,23.103511184517895,18.244540874560542,15.247832193210684,20.0250467616027
15.623024278286298,23.020272885335114,18.343485726924744,15.22020590721214,19.94154476309454
15.506258637407356,22.921051110504653,18.390806608455982,15.117850046160981,19.796692428530687
16.030970422031512,23.20925297465038,18.521349582736878,14.632770758168652,19.907712928955434
16.069311125731115,23.244925050497496,18.56035546753301,14.576746177910925,20.250337548215306
16.28685061933507,23.308447749068385,17.85917530652432,14.673285057116372,20.206812369725476
16.355527777148946,23.285260977864763,17.493474725834474,14.708752665205866,20.05306044958508
16.354916272187392,23.120741501632505,17.617887977148143,14.583981566576899,19.900306617787706
16.164900939130185,23.069948457350215,17.985669730370184,14.656742400039406,19.76738797876602
16.512110432793953,22.895941411381916,18.590270122996724,14.768981220983664,19.476550880995422
16.924880911968497,23.187931117204414,18.71468947752259,14.921607161075872,19.710202340686358
17.15278973770252,23.370294150459895,18.709618343703927,14.8105356865301,19.34270406329475
17.334985309854034,23.365177128261447,19.3855463296786,14.730605311638294,19.235263567204598
17.300683172656065,23.397183527465177,19.46688174159501,14.954560078835092,19.307540944370476
17.555720250624816,23.457343167055676,19.793198727367162,14.702056185652898,19.783806027551158
17.549772232870055,23.598143957909326,20.067039916565964,14.756166167858412,19.879261281908548
17.110742900322414,23.571809608740534,20.230763966695648,14.901460764615948,19.869712556944393
17.154707065932996,23.2223839647811,20.066096956590684,14.893665955201284,20.264680911583262
17.15855075499923,23.36878540505852,20.153950605803306,14.947086218790526,20.55318213707262
16.829534599424996,23.17591881887,20.497981967754022,15.06176626099513,20.5672045761229
17.076536266353457,23.01902708865977,20.423005787080374,15.106423785863315,20.5583726129973
17.20787208361919,22.978081640927538,20.895491243950584,15.341174069888867,20.727423806405582
17.03786579712343,23.61131374003042,20.923870829329715,15.39862702057053,20.69861061972426
17.31964817107225,23.836861061953122,20.552403232064755,15.365155289126934,20.97900427027692
17.349640625190336,23.74361776933509,20.34471050810357,15.455705160765007,21.016563424609416
17.25386386073429,23.400013758272532,20.277507390125464,15.5586087160084,21.247954411744452
17.133519449316136,23.495000001812322,20.395910095279145,15.659530227437926,21.02926655877454
17.241306889337217,23.431254525265878,20.638079387456308,15.611647827656943,21.123344604477644
17.226156227003717,23.248799015213862,20.569307601702082,15.510809290965334,20.90213081383998
17.509439778194967,23.115061183713973,20.073395421397105,15.645685498977182,20.432939501612225
16.995582614929987,23.282722831685938,19.610858185499836,15.587861503549894,20.353395417481643
17.275027996355764,23.19100572552616,19.22523601571349,15.479675061576899,20.010835790613115
17.281208125032453,23.084355244859434,19.011555189379763,15.654020815623696,19.88369399964068
16.943269794995384,22.972409839617235,18.867972740974142,15.532172772818365,20.26955670656217
16.79651796248178,22.612167262964594,19.032937786741837,15.3607397046904,20.023335106315457
16.562884066855517,22.567065375283825,18.838364064916483,15.596812534583853,20.06646965762195
16.35727639419269,22.701717890210602,19.2290552293163,15.533180964976577,20.164563885183235
16.364374526349412,23.022249972325977,19.13319287203935,15.506364798793832,20.080597203960206
16.480956450964243,22.94885003470639,19.094265381873978,15.610490220248979,20.004904100754434
16.661756568602694,22.944992554017347,19.118147457859784,15.200070147694689,20.44295868256348
16.718668711058974,23.045585723843978,18.806048544941184,15.158714292610291,20.781162531099735
16.587410067695536,23.322545502656585,18.97411527346899,14.927918627774861,20.963189639438884
16.40838759404711,23.481073330213114,18.859192952491387,14.61099573533324,20.979154583763627
16.706238165053787,23.357996195942,18.994555792629512,14.46147834081543,21.072662206689092
16.693841520642586,23.403193495374396,18.931120376910805,14.70852019924832,21.215729506445822
16.70268577563565,23.40099734326529,19.24446769197025,14.751137794377604,21.11415330438158
16.561665640688737,23.5218145176288,19.190660204596604,14.95016655460973,20.836906116459218
16.570243688949148,23.870735078962426,19.36575410736663,15.433846839083994,21.037133911347482
16.52160743473364,23.587651390608535,19.740605715038008,15.730726835230467,20.873208455637364
16.199685707302105,23.447134011022733,19.98351992428025,15.765688975002918,21.108116592201206
16.229796493124052,23.32453182333871,20.46471637992008,15.584637531864043,21.236164584362875
15.867491207835515,23.566219510273232,20.990492803919906,15.524980375349108,21.046819108193688
15.678317393936467,23.46506102881071,21.28169267188114,15.576818197061222,21.031086399763918
15.735928769722275,23.710332569983724,21.848121193539328,15.952664279345965,21.10791231931065
15.680467374207566,23.846700981888866,22.019069338275017,16.15353217461565,20.7414257579957
15.754561268712115,24.192398330952198,22.162941792680986,16.10298457178332,20.654597210431053
15.665496778881792,24.08455012978157,22.703037725620867,16.21706426730609,20.626844825557484
15.48266819385746,24.137812227226103,22.850081933314826,16.168163909953687,20.65759347626908
15.794504910686937,24.124933128420945,22.67068209336657,16.08043539025726,20.639698823214523
16.362896657946795,24.422046139457052,22.665501830320117,16.496789868979892,20.864298267905063
16.466576194313195,24.585912385203244,22.329310843914723,16.617434213235367,21.1843278659693
16.55971340933056,24.787738465271726,22.151843959925237,16.563187343951444,21.340323698224125
16.737716710013903,24.616135473885823,22.10879885865996,16.382394005814035,21.451240260987255
16.51291179647373,24.44692610656349,21.95800234246054,16.481420497720194,21.339394901103066
16.80075661598261,24.41772988936239,21.970408960294893,16.64685803374444,21.341847519257808
17.196502776311817,24.803295354633914,22.08019167084706,16.781430269819523,21.319262873532434
17.424925628019768,24.531762133306813,22.142651966590947,16.840248494300926,21.459740002645663
17.27082166276772,24.54241321516794,22.132446197991566,16.87677706289971,22.07625999252223
17.528689609973267,24.63048442718068,21.876919458216083,16.950889594287695,22.20104018764371
17.80378052565299,24.6219145890521,22.00746044997359,16.38507378909152,21.904573656609465
17.855687953319585,24.5280818415202,22.109025353881602,16.419266599042412,21.52057437735267
18.061037589375104,24.513334639703345,21.86585384144746,16.54353236839949,21.369714363957648
18.05130296458805,24.581777523765336,21.896278019220507,16.579737129006972,21.37532394663678
18.014620518742813,24.532729660770364,21.8159729746315,16.86349955888495,21.64512536035539
18.09454278596476,24.426932474154885,21.666561060612338,16.95378544760675,21.885151046891878
18.183698106747123,24.389548738612305,22.033258801738864,17.311591272223463,22.169908243415836
18.442337146315374,24.633980711136815,22.343723649868984,17.3764906919721,22.089860662469512
18.47430578931583,24.610268957386154,22.393042433446727,17.321814353798164,22.032447360440887
18.447790868525598,24.39320413572883,22.40515340100512,17.47189929639408,21.52214100731855
18.44599853259164,24.06092150371229,21.922879437153966,17.760228154542183,21.555147033600182
18.811983252711222,24.147745336696357,21.65729458692747,17.69789172508411,21.663179548285992
18.710366548755083,24.257029147379036,21.792936545721787,17.51058929908641,21.805407225335447
18.24048172592775,24.241842693525133,21.691020065285628,17.493052446382038,22.131355378395117
18.216819934706418,24.50241356652988,21.5646071191655,17.46504925631437,21.782293518819795
18.05909455251895,24.523467033075878,21.438792046713083,17.243342833377433,21.516085688950568
17.910004750660985,24.588901306033947,21.866300219280486,17.28699926136103,21.690571142050395
18.40864953880878,24.555233891516444,21.902162056532937,17.357474384134424,21.8535896795962
18.574932431871648,24.707400845426495,21.951982815173153,17.35640243707065,21.837996597488463
18.83593243971617,24.77518864998869,21.857775821144568,17.790793914297694,22.056245265887465
19.364340576460165,25.22869287838372,21.787538093292227,17.861691245702435,22.102016695981103
19.32544691020404,25.525478729423803,21.986872855088173,18.08944025071341,21.880087873749737
19.145967373426853,25.692800967047773,21.75255136112988,18.080093097646543,21.853978238302975
18.948746918304256,25.72111626580281,21.831332587393387,18.253904623715687,21.816947912836948
18.492381404749715,25.568131948355077,21.296641938735277,18.127472909227045,21.643602567141112
18.52919221991573,25.3141913066492,21.13604816500676,17.829368678181158,22.297184806203045
18.3239851562216,25.0964828332945,21.17909711087637,17.78449283000363,22.340139823554985
17.93139905808358,24.783368516966505,21.18718451779811,17.662486965869203,22.543913205952943
17.803849241187912,24.708406871993095,21.21057373002647,17.596658469880072,22.82383131606267
17.849402473068345,24.475373542477787,21.248611577737712,18.03488510907828,23.053759951158128
17.925427910591903,24.932469277879157,21.17573694792079,17.972876382777905,23.354902606590535
17.756098822314502,25.386872075479904,21.37175104099032,18.104465601263893,23.457155654149037
17.630150361570156,25.26032133503957,21.705202444922715,18.175988423277115,23.672901559723112
17.919169662120858,25.089615233769674,21.90117206985597,18.115908824370567,23.762273103298686
18.357529270802452,24.876918406654287,21.89411964076226,18.54888602926645,23.832864658370696
18.40953133370972,24.776908450967916,21.53504170485413,18.65559091304191,23.94178203372548
18.670413066124706,24.79394025079338,21.24846587437373,18.429427301429634,23.92895796158311
18.902190500917595,24.343315767650243,21.641308062524736,18.611933259104102,23.921459364430376
19.234999823611826,24.424300204427073,22.028033546554433,18.469541412057144,23.852154718339868
19.00735579852276,24.309938488315765,22.039570356814334,18.483876668566584,24.15913448216251
19.079119060243336,24.161032251555486,22.159167730663324,18.372419111433953,24.284276714760697
19.28912474467996,24.547217648365677,22.37492693385459,18.36984920907154,24.23735732860237
19.161490982188486,24.695442392659714,21.948155548558617,18.366856351725076,24.130082656877928
18.968449500979577,24.71953075150744,21.82237145889269,18.185676610733083,24.1405229002992
19.161679626449917,24.461607528848873,21.616002812494695,18.34034371276915,23.87183161310701
19.495758485583192,24.29192204580731,21.452769421891713,18.39139043800354,23.899969909406057
19.586988715348053,24.125543246407812,21.244711969994892,18.58116974230867,23.78452969480173
20.05965360806739,24.294201645876175,21.172479656111424,18.95329478765097,23.716080815805828
20.411795133241473,24.31762108326605,21.118195104684137,18.864365389992802,23.790167743229414
20.77337690477783,24.537256784521396,21.036257641821436,18.72835892390751,24.008582273295403
20.74423703456861,24.569457654812126,20.940342275063472,18.282885400831667,23.721257654733012
21.019930233624326,24.573456574841472,21.11781346043793,18.44560276960897,23.727008514496713
21.360620642962818,24.612326228267325,21.376955986075128,18.1736632760173,23.89145553414142
21.401352770037146,24.575109855869705,21.502462283269026,18.13180078963275,24.01747458579505
21.446973998120423,24.468326766057412,21.39454199883758,18.170246636533584,24.43721827186835
21.769618659938928,24.554203357773485,20.940276537676414,17.941991727676644,24.39027936805716
21.80483946066662,24.412242535227318,20.96373139644422,17.819867416924865,24.51701241299102
22.12776539964306,24.59443581132932,21.24811799154546,18.19525327783667,24.625910390814642
22.509294007000484,24.793421947756897,20.97609022754614,18.058592002956022,24.7454612532723
22.98341280621649,24.675664721806214,20.635870013168944,18.367134703345236,24.942762129819155
22.80303702263535,24.536122115169434,20.5026328038854,18.24812522845657,25.000449606633364
22.79874922121491,24.275225484591264,20.653552065026734,18.240602273556075,24.844669528204417
22.862048455733902,24.197002550616844,20.44900832101127,18.354278308438843,25.056060311240383
23.269096232400507,23.851810423588045,20.49991357114095,18.63736038440504,24.629810616395016
23.170243157031177,24.267596648906572,20.936968807308713,18.533540340769424,24.955515481072943
23.35113998284443,24.245359562366218,20.73887316749366,18.41092802573725,24.903158941847853
23.162063986798266,24.1415067480133,20.611584223060188,18.429301225686746,24.797908425837303
23.11252278500113,24.154119025290854,20.928806061546158,18.56055350159115,24.844917920235716
23.035044540069475,24.30176455859149,20.748371223794095,18.677828813435934,24.957375182110013
23.066876723921414,24.06322623770671,20.688327493829554,18.588582157237955,24.89805912322584
23.01171277411565,23.864965464934595,20.39582801365307,18.607049251929066,25.17637426508287
22.622710722742298,23.7985169622098,19.723320020954812,18.91254389623219,25.650317154298705
22.423326329913156,23.8867910636823,19.48623141890132,19.02523470116781,25.720181834673816
22.372181603959355,23.90258890825847,19.205096258593134,19.170763917108058,25.67219364835916
22.026969201831037,24.046672998428242,19.206861777926935,18.935806286323885,25.874722813436275
21.82624032224383,24.061266982105824,19.117673568281948,18.944272943212148,26.08453834631135
21.972570735243504,23.71315535024981,19.23471912925427,18.94564428782791,25.938484606775532
21.516074505921964,23.747868150069717,19.47999848475802,18.641887918233387,25.982345768745333
21.64046070969723,23.946798537301646,18.996515622935398,18.69886473403971,26.047099521997303
21.44593277689042,23.735916835208315,18.57874684453082,18.602159859631282,25.77525526555615
21.615700595593236,24.109593720605353,18.54579158766775,18.776687127922468,25.72069866434518
21.340966691466164,24.22088476880475,19.082150302427884,18.925568312821408,25.93590664180181
21.614325172397585,24.438726749825165,19.14163842550773,18.954153392193778,25.91116386063281
21.441226627423084,24.533653555347172,19.444376078442097,18.766963316999345,25.9747910426977
21.2073619782374,24.574513128270365,19.37051012997251,18.98751346780559,26.1051035583058
21.431863190674793,24.480028703627138,19.02243745115497,18.955428658460356,26.170119796935662
21.12765699253233,24.07063773569236,18.722004595023442,18.86788146693593,26.28026679731522
20.943813219221937,24.446696144576276,18.53199040949077,18.702313033765883,26.5432510367786
20.254187755673325,24.2725017465384,18.761129612563455,18.5565438882636,26.867079135021697
20.172867460190407,24.44686944025893,19.29262599033826,18.756353303865918,26.71606000657604
20.019923929788803,24.124072576274543,19.256996894022556,18.548772741056126,26.771958110632387
20.307951198755788,23.809042544432902,18.93733087980529,18.318154043640675,26.8551915744811
20.328517267361228,23.860289047558073,18.751322217556453,18.294735107878157,26.956530460346546
20.572033305961472,24.148685030058928,18.412059437867374,18.599092906992038,26.887125866160524
20.33466349939948,24.31678422726363,18.436936887904842,18.69604468246993,26.963386620107077
20.518131071969574,24.24306976125378,18.05490155050536,18.589884059666943,27.300183338083695
20.810498204416728,24.14472269432498,18.045866784521813,18.329802845623117,27.771525183513987
21.101880215437276,24.138345795837328,18.325306574777183,18.043683232076855,28.0083633433259
21.16164437338356,24.148362749950916,17.986629951260504,17.848294683982072,28.074318177252685
21.122413876279268,24.239073402317516,18.006116143264094,17.93889056171475,28.027825614282357
20.457655110844794,25.058930602153534,17.906738961250966,18.150533851530504,28.09273571574812
20.219467267493425,25.408137954523582,18.286371696422325,18.22766325751377,28.245741825013774
19.952396241144154,25.132213568480807,18.368311201459033,17.985486160070337,28.189246137301716
19.863446758225457,25.58620007606496,18.45987348523803,18.136223933053863,27.933773110708916
19.65235004668295,25.506601471371784,18.394995710799844,18.35013559081188,28.239857964695094
19.74909805327296,25.177008876266758,18.635710433004206,18.00652742684735,28.072609676174547
19.968172473702957,24.69740237447631,18.673623839292976,18.17497424945908,28.506696495386574
20.05886175147527,24.852841019797076,18.578154068488672,18.261682330748,28.5135369301008
20.04113052389982,25.320066964116513,18.56290027409178,18.386097899085588,28.642294963064174
20.47135692130472,25.096361533074003,18.831226462407503,18.371125772427565,28.686153619558873
20.629008605894576,24.992297121052335,19.109740594258195,19.002806376701745,29.068250541799188
20.64270618973495,24.851880221786388,18.858489728786225,19.096292569683033,29.131259090836135
20.657441371272878,25.350335375247422,19.0424723508636,18.94554257957363,29.184372673448514
20.627548306994946,25.882740481961907,18.407551198747,18.736833344908504,28.92455997247463
20.81108056852268,25.985682589060264,18.53595007076011,18.71622192287795,28.74191913171655
20.579353283445272,25.531743857172653,18.15553004403117,18.706651083398196,28.636010476698754
20.587785374984,25.502841246903248,17.91966096856416,18.53178440453462,28.880226345367763
20.30853719021513,25.686079300933805,17.67497040632572,18.76401340177289,28.787351826249246
20.203831483423944,26.060322146386028,17.56317100596594,18.848117450322935,28.57290781472337
20.32646484102665,26.086662676024716,17.492258258013223,18.468935763166538,28.342699846214906
20.116254559846514,26.376816818355653,17.466474420530066,18.283023031506087,28.24690861647016
20.111062930758024,26.29133348601952,17.712422778697032,18.53368055732543,28.111071136216403
19.40032501925151,26.569753668672032,17.804434506113097,18.583794725933288,27.97907821760909
18.84435869035627,26.426448327384954,17.502121357669036,18.547319859485484,28.468380800192346
18.268909797390712,26.839138971646776,17.72881094005639,18.42760316393725,28.636503418051834
18.44729835984322,26.94735835709347,17.906197560283303,18.485433819586152,28.61271440915745
18.230912896182005,26.856623641228452,17.93499945618994,18.560365190221244,28.515417155827826
17.942535311757084,27.19217308525801,17.997941614637487,18.352224714122016,28.49688310184546
17.82574363640425,27.13454182555079,17.91583415331554,18.453936093075708,28.590974676542654
17.61370613517452,27.34193786506065,17.986607669155912,18.646210244929026,28.881591376424353
17.846566700306116,27.401284773203763,18.025698174596148,18.623014393799412,28.818604789013232
18.034157489093385,27.184243987370277,18.135929268420785,18.584910269267123,28.92087253904151
18.379207543232653,26.9602454265413,17.984382098618216,18.711507349953735,28.753456591503934
18.659784424855324,26.70807780095973,18.212705329080894,18.8166543089262,28.769175463348077
19.075828857174287,26.977049966993253,18.500768508462688,19.06940945460398,28.804750482957395
19.0511793960314,27.23327754037491,18.57326577363393,19.177315092592053,28.601325696617373
19.29660214974351,27.312565975569463,18.791334789072444,19.035885751388115,28.504152204899217
19.37569357793372,27.552617619125083,18.67445751876857,19.366292413879957,28.494004387423637
19.093397906427647,27.74250419791743,18.55709378260881,19.531601398579486,28.105099904331574
18.9551148863136,27.74931717948209,18.059931218770263,19.541048178435,28.218525454119987
18.89373979675435,28.031623466544193,17.88594531814702,19.549748222503275,28.458568209593935
19.22408213741746,27.895182683897506,17.696750929629562,19.22310169515484,28.470960734528077
19.680072149363745,28.047624745033914,17.895401235232292,19.19403987704173,28.304280440587032
19.903647236079202,27.891778570542233,17.751063364835197,19.15132700763652,28.2357756073141
20.06229399702939,27.710289629079668,17.919892326687116,19.070615311237596,28.237133612963216
20.18719259339859,27.86530476478368,17.862658656443156,19.069585982075957,28.377435392296487
20.238221173381085,27.86579862235318,17.539018436683826,19.134630067867942,28.451854487386463
20.448731155304213,27.849827660355228,17.393670292790205,19.050611160242383,28.179787794239626
20.09460830839692,27.945265174465753,17.646753055731768,18.680827263521756,28.091930946431614
20.070243300752797,27.535504555929677,17.710001035451477,18.76828528277361,28.15054980626464
20.246052841192625,27.398908325422454,17.383410430237472,18.86478286529649,28.100274853002777
20.71230016172421,27.605135425991552,17.603792074184522,18.760812641166368,27.902387306429034
20.747165637543652,27.870762548313817,17.754735331117686,18.753768937882505,27.759634330493434
20.440134408233355,28.221493587995596,18.152985878461724,18.45672850664103,27.57340303238019
20.450998109308582,28.125076502597274,18.17070844555934,18.31227190274045,27.476708941200485
20.3151993354998,28.063104033821414,17.76382047651451,18.54191367102663,27.37835882916374
20.117607725753704,28.068063466229756,17.59172576175273,18.62461431979222,27.40914989066166
20.18041149832354,27.868717987237744,17.713984055493466,18.389860040611577,27.298591483385316
20.19561704799678,28.152864128469336,17.860610108092548,18.085446490990737,27.107650557958255
20.570861283083687,28.475315375101285,17.904640029167606,18.28914952306175,27.23180857296009
20.772765453472537,28.79233513293592,18.13673070155714,18.360068251745627,27.054396184881202
20.637913128145115,28.899500880090436,18.52130136971162,18.169104126143242,27.060229108068885
20.696512286790547,28.489396860042643,18.896564194100396,18.073476632437043,27.144143623997767
20.7332419508395,28.41762203936801,19.21626406905865,17.808691593575833,27.052069812393746
20.82863177568586,28.211921156694707,19.17231196598747,17.871909289891445,27.037799185429677
21.319602686412075,28.37018207657668,19.26027868948879,18.347066300749173,27.351170113043025
21.48916686673532,28.325316320159896,19.201494416781035,18.196189799898526,27.51768543537881
21.42666901942406,28.42442426995331,19.03488528179207,18.022584796187527,27.287178761101032
21.276464506464514,27.99818373608825,18.97784397260201,17.803709726993702,27.28739231791472
21.56391921536072,27.66090963385977,19.380966149072115,17.58816092522286,27.341944758907523
21.916519297590707,27.7577931821324,19.598026353201494,17.522517751422072,27.04257234396248
22.252603251271903,27.99824784088634,19.744603411828837,17.309638507586634,26.880510926196948
22.644318322092158,27.989562908674635,19.827336342669803,16.992195767667397,27.163865559846055
22.50490381698813,28.089222644881552,19.68452175646961,17.070934366955182,26.905745596836244
22.605857893220147,27.990283538758405,19.491103120197895,17.422121005467208,26.52697789966678
22.428671640822245,28.521468829498648,19.132068961880027,17.672590712141925,26.89976055884188
22.199341043819473,28.548895733079732,18.940293393070625,17.72757573331717,27.08704328101299
22.205365514905132,28.33439196829737,18.882072310204148,17.789681725357607,27.360508305122366
22.352797514960923,27.919703116586156,18.887366427331873,17.910170814271744,27.900310319845758
22.650692166249726,27.854847742646403,18.705438393202783,17.893876450606573,27.96153953274366
23.05047263362768,27.892084041487035,18.44652409933799,17.832920082627993,28.392427369379682
23.054928255088036,27.88044064808938,18.176974103713587,17.61545512949161,27.915508300611616
23.118843923233904,28.037398415177698,18.214489992425566,17.466592691089946,27.643140239548416
23.202734469111896,27.628433530017297,17.947237848075826,17.40019540360074,28.065824148991172
23.237931438958537,27.643974405013854,17.83720088422045,17.5711221869978,28.157420600363263
23.252617789166116,27.474669777980317,18.2413112311909,17.288799092285178,27.984703668440503
22.952836355795288,27.22146205064926,18.801983558196074,17.094697736681233,27.70796895905395
22.858724477054494,26.844681756440732,18.439218702548427,17.32341505182424,27.7628155935572
22.6504945120725,26.979261857993247,18.157354512702362,17.407341885146508,27.93481964088159
22.7804361549895,26.960909002172755,18.0016392326665,17.454871567245835,27.917495574597506
23.0017569946113,26.76757458559601,17.83045950224481,17.437674116166207,28.152109772425657
22.797147360305463,26.90235137898762,17.640644180726362,17.37331274193153,27.893148811476088
22.925513594745205,27.06897620793744,17.29995454419808,17.462012339038182,27.816440791406023
22.933748887631914,27.348267319663293,17.332650526042393,17.312443696529286,27.85772254571191
22.604831782191567,27.108600159831617,17.155138724845656,17.206721211701954,27.88458041310503
22.786781438753163,27.218277407669763,16.943290306469784,17.148187179428728,27.547661352466836
22.911754212959043,27.341756978787224,17.120628774780318,17.0928069516472,27.513316577366005
23.115165390923043,27.428907268065235,16.9507479276117,17.14453532118011,27.36458863932605
23.65200884247761,27.66532061056212,16.721192098189725,17.138883672384967,27.220493487969602
23.697735997891694,27.371049785664795,16.674014615542426,17.425785922267433,27.002093421421446
23.944009181762077,27.597266666145956,16.61829055831956,18.096177159584954,26.864296934787845
24.046912712523746,27.310524558328368,16.509543439897485,17.88983231922991,26.911421513189598
23.756624075889324,27.275947054812637,16.416965435908843,17.899789509279678,27.01301870650818
23.75213199256276,27.0026615760435,16.549010896462054,17.932353107662244,26.973316818982916
23.861596035210784,26.82117319691395,17.073047605357353,17.964512259056164,26.83783066695247
23.365377906575404,26.84945689048712,17.46828883302354,18.116860738737746,27.1396289991324
23.268537710155634,26.588025625912874,17.675872621779046,18.411104620448388,27.327533311515406
23.21332967677668,26.392228604484377,17.846612216764196,17.975583055995163,27.037082967853358
22.929014563691975,26.60445697552301,17.925128914716236,18.00497814289234,26.732210952566565
22.79274685458187,26.756141858625593,18.05048162354649,18.146527467557025,27.144130895110564
22.687590645226017,27.0615181831236,17.702294427074953,18.216729606666785,26.74628109760973
22.353046731699507,26.830853760586958,17.491478492383717,17.918344275555217,26.505268405935535
22.40376846082716,26.91402507606221,17.469302075621215,18.02510343749744,26.297168950567503
22.617234310442356,26.99605548318533,17.231244556350042,17.836055593219985,26.71206716573636
22.688608216250415,26.613716733873048,17.187486903239932,18.040888395514912,26.78583725728695
22.686483361009746,26.614910376190053,16.969294005400844,18.04032438472669,26.883615823879587
22.24478663170337,26.70944747621641,17.129655424984993,18.25663418611343,27.277544409095913
22.143290313902565,26.45030861754849,17.255904666983813,18.30775060616957,27.310568453515288
22.15048255805387,26.32055854748193,17.672091780298015,18.38737285009966,27.279663541621424
22.20096485608484,26.55548513609195,17.879735050796324,18.399214346818265,26.8749439499683
22.39056310302927,26.426006219364673,17.71263204608951,18.22858754608773,26.82109482668962
22.21129948573262,26.045409435712227,17.90116731617641,18.029679728821893,27.05887133018688
21.774171230307193,26.29861238283522,18.18724717376924,18.04026661472646,26.860119319759402
21.690355776114195,26.346482394015588,18.43944210277547,17.90962681940319,26.664426642366227
21.65428066647778,26.47396624413815,18.704250852460476,17.912233896102272,26.393690882430693
21.596400993009865,26.41650585027019,18.135563241680384,17.889523777263637,26.146859589428164
21.543081731204268,26.463388476576004,17.924870298786,17.919494756471096,26.184278536062333
21.495726566758833,26.226977992479647,17.77323483194143,17.963930375060677,26.575660899876492
21.29474919476393,26.25969420238519,17.754637609361723,18.059945530003738,26.44339843118512
21.53442505488534,26.030119180749743,18.007131850586894,18.20186185815623,26.5594311057755
21.778741328918635,26.384566146342067,17.7485027993695,17.950006056269427,26.566859464072778
21.86540374332402,26.48903226970671,17.78237242783829,17.74989056665122,26.485561238974498
22.235192200663853,26.45833913360234,17.675595109771912,17.513360954901433,26.672218699711745
21.880524147928266,26.593665353092156,17.671546974365107,17.812011185885527,26.431572858884582
22.102372343505444,26.52890475464989,17.7493390835333,18.043666011792244,26.702682812882113
22.046721874240504,26.3575174762346,17.633822396745014,17.959201450881974,27.32238777248366
21.762081782377585,26.61919676708403,17.796485670470343,17.641585899255983,27.300164818723513
21.73538941107298,26.39601632520572,17.583338085081778,17.83837512075955,27.220011189000648
21.713386667758364,26.688990830707198,17.704260713594078,18.109331142783297,27.29032486981404
22.10728815014381,26.675771583448668,18.265266458974022,18.289985979006726,27.390892558664028
22.37215916512674,26.66131616978308,18.44793364666502,18.424052570231296,27.90145914594341
22.02379290189355,26.502868886854774,18.411544264159712,18.430271808998477,27.94604854782578
21.75615089911151,26.224822896606273,18.225758686237125,18.61921554800732,28.145462176958564
21.861445102210276,26.22335943299806,18.278167838915465,18.85800831194018,28.39241600941193
21.793710204375913,26.303910581586592,18.741069921217022,18.564760194332514,28.220041346928117
21.616152774890253,26.320302944637355,18.671844331700715,18.751251864434103,28.277430687066836
21.333874068706695,26.087323232415734,18.983956509963768,18.944359675038765,28.294061141635936
21.330946861141303,25.864375819382456,19.15407719532336,18.65656364040805,28.187207717603524
21.03602131359477,25.677132015979318,19.594102904746652,18.492599047693144,28.11251396038304
20.89890686518476,25.77891106139662,19.494510134223088,18.48650848467535,27.883384712095904
20.99743866276824,25.885299755370532,19.68620290196545,18.412147356211346,27.94988487440573
20.560767951058722,26.299422523815085,19.577162393713014,18.24846931335168,28.49191859524199
20.702738264033247,26.402420496284382,19.5805548475767,18.491644946629645,28.20249593453345
20.50418765936756,26.60275537704518,19.635094465683558,18.287710991956235,28.694023270367982
20.473796867491995,26.633561146422643,19.59594905779537,18.316912577728765,28.597862111547517
20.62349760015839,26.41847842196733,19.746632319432326,18.421702144936596,29.134201783779364
21.210969829705295,26.41683600311218,19.32038488434952,18.194044439461145,29.106964909184814
21.16895556929924,26.694042954304972,19.06313381880151,18.033952189084978,29.57369534762314
20.92399643692577,26.82426508642891,19.089901137046596,17.89679152753148,29.43634389662571
21.339399682977234,26.56574894709301,19.210328069918138,17.9037951635079,29.39533533572817
21.445011914853364,26.62924928272027,19.45530589227512,17.880469890328534,29.287438011068325
21.225184779090196,26.83926477024694,19.503819436863456,18.194715648635942,29.492208620115914
20.72977018297895,26.833854175789025,19.314373057632473,18.03045845568307,29.633185510967603
20.768647365458488,26.797342822709755,19.069919818550563,17.694824763714408,29.475616660666006
20.81170104166021,26.57595989997127,18.931963050719474,17.9622241116751,29.653959557994337
21.10205135898161,26.58525694432016,19.033363553476338,18.261364564683962,29.659249005961158
21.154007407630093,26.64450958294807,19.060902482462367,18.185450931671074,29.61834269625959
20.90773608215357,27.00707535529386,18.880110697964458,18.146739994955215,29.44613834947988
21.16495850706524,27.22579297798982,19.106691780648532,18.165419489981108,29.686535293626505
21.067592763904717,27.403888637198634,19.417171611971405,17.74878494597415,29.859178139290968
21.04734423202888,27.204523344801185,19.769139409356473,17.761741010498792,29.99985796726263
20.867139783279885,27.286387917062058,19.99592210325203,17.782970494529668,29.972665863646352
21.173222869235765,26.99622071615987,19.820930507085286,17.829524550366003,29.989966400246182
21.303079313533303,27.497590072836783,19.837093899546783,17.42649187661968,29.76717689012225
21.204341448451856,27.2988886488191,19.98424903901154,17.280450507695864,29.556211798139692
21.1468476014124,27.1810995512812,19.96958597256694,17.359101165953476,29.310646059539707
21.24542989765726,27.348379472447558,19.529216493314394,17.64661838358719,29.504189238579276
21.940104048567253,27.402129371019853,19.18736628806257,17.236658741199957,29.435382045355478
22.055694344005744,27.05289885949803,18.701955286818748,17.155052156719442,29.444635096684173
22.481315230418268,27.117951629327077,18.591819507784592,17.194291354964605,29.148082740758653
22.60398627507823,27.22012269261815,18.740126467612466,16.911807014186948,29.061500322861654
22.47688002633027,27.157229352204386,18.26287960623296,17.250586835007873,29.062578783633615
22.814113570361776,27.17334705214217,18.07793423948839,17.176008994165088,28.98211642046081
22.577723591784597,27.09263259928592,18.071754323734197,17.096982123480643,28.851149038821465
22.583398352880945,27.19187045774694,18.195376571377004,16.606256320968072,28.700203261782757
22.713225972409543,27.13736498106958,18.454906293217707,16.762890642425862,28.575024804285974
22.406569837888757,27.31351794456643,19.03878842965963,16.754832950455693,29.0711828390689
22.706870649334938,27.042622495293195,19.138229762837526,16.86018199959752,28.930105553957702
22.888724666169576,27.111646783932983,19.076295349808852,16.857270157239387,28.891762422363083
22.466652534684975,27.316173144290325,18.91802167540266,16.95689974459662,29.149218664874798
22.233185809665606,27.295554343597964,18.768494368453066,16.933202993150417,29.156743977057808
22.168834275262707,27.35390319401901,18.56287897587569,16.774750759276422,29.016038106108653
22.53053185853421,27.27771482803731,18.647515212041426,16.736252753595355,28.59669169752759
22.640018405201264,27.212439190132045,18.762096415888095,16.61348950001925,28.104620496592585
22.698723603678516,26.943115947850185,18.605981781216325,16.507206325574465,28.128383673100323
22.897499846489847,26.748583504990727,18.661531810802817,16.390918693034415,28.236507169628
22.85767083211543,27.076051163036873,19.1382281599318,16.41481789192304,28.358807826680593
22.660693282088793,27.232010507427212,19.38083374930025,16.38731613790162,27.978652105726177
22.514438515613865,27.034294388287222,19.56930030437176,16.67247668042646,27.948567423356554
22.278152891227496,26.979784791824045,19.42070123373077,16.85046302077268,28.127203075697896
22.37779121236819,26.81883786714077,19.290790222818412,16.817084260391702,27.866658585290182
22.498676080232517,26.660249867067304,19.611038751947696,16.75658988718579,27.90569807309859
22.419572139673505,26.99186516715216,19.69568254180204,17.00076557801501,28.228305785695188
22.541024999766968,26.968189499193308,19.584863161242655,16.898247676294208,28.53489931889339
22.731822156656403,27.043371734278903,19.542685444213266,17.09819256065448,28.30509707866411
22.34917683768554,27.097594647704966,19.32581965894023,17.016838520658023,28.01279509212886
21.923749596950262,26.95900525387232,18.755199608136035,17.123117070768213,28.12834056981849
21.737094023363923,27.23646127862171,18.64873054444064,17.127298999039514,28.08375479105498
21.92274633428576,27.3584082277141,18.99430778548443,17.206476792250193,28.020751741018096
22.107364998412976,27.393569987155086,18.833466738003818,17.089723321115976,28.057944623893956
21.965176032033636,27.602390211284032,18.51440381987519,17.26978695878128,27.791451013123616
22.20079014162072,27.3280682251174,18.567034602857937,17.2965112797356,27.820289201073994
22.205956185849725,27.631891402824603,18.728403403207516,17.47046752344621,27.825702733477325
22.453356072269376,27.732937920076164,18.588054454357117,17.300033583820074,27.503869824925687
22.25912091964376,27.68395314576704,18.6175662712852,17.375618838962172,27.48931446112607
22.207737365101966,27.706615996866212,18.54187820616561,17.621549739805303,27.42160312809161
22.636504050485467,27.547688702461084,18.304364267371803,17.686505688622418,27.105781465108926
22.50610687097316,27.772689829714558,18.456598170946943,17.46329081346652,27.133510940751194
22.458543899571247,27.637196683154396,18.53927228146533,17.48714935299722,27.371111283334287
22.380759702067117,27.80708796240482,18.47931693889708,17.4502035548741,26.975096129468728
22.176589939403076,27.729131155475827,18.430752667143025,17.6115100393688,26.65597923392153
22.245041485523394,27.79070450716997,19.047669742829196,17.47529261108906,26.745967878273554
22.48642909037762,27.606264379672208,19.135309572907918,17.525390303957316,26.964050100968386
22.225600090041123,27.74977882262696,19.177148087138203,17.705524558511666,26.882693529981083
22.551751128237573,27.832193568837678,19.26118810097548,17.56823543872252,26.955250935795277
22.44091008385432,27.812939997844882,19.262895027096118,17.5517196325659,27.0366575323996
22.391332733320276,27.960433067880057,19.128454348264814,17.46629078800883,26.504641727377752
22.491024501968248,27.84512789032352,19.46789156649754,17.402249314328298,25.845112096170464
22.76488724277786,28.120030242985212,19.682860426528173,17.49289187518814,25.774228128555695
22.851979470796437,28.01962592642277,19.60740084631505,17.66644849971427,25.736323453356036
22.90393341909799,28.08823247645388,19.29221086555472,17.78987836900706,25.36121679364898
23.012211770547328,28.407918379010923,19.01143526353203,17.74576353171865,25.380243214930204
23.491529181850535,28.108317859473896,18.719737520033455,18.034887387376045,25.655896084182192
23.76235137731102,28.491784340860026,18.853883001578378,18.217684380359838,25.459661355559298
23.745793334901336,28.482714928789804,18.962985968101563,18.110651175755905,25.438521972874984
24.38563489751302,28.390380628990716,18.618085801116727,18.015379001882764,25.57726314925765
24.81242797351116,28.4151870143049,18.360199065278003,18.11566493540478,25.550373456997967
24.702895877202103,28.315344572137366,18.674501854508556,18.142077090583,25.457418631247712
24.355774291576207,28.505012869570514,18.551562922612046,18.33377068237108,25.362234213190685
24.450407473035195,28.42898093007027,18.501859599440024,18.704140283013185,25.1960780041395
24.44021370224886,28.423043795720087,18.90580494010347,18.559363111412704,25.168274515126893
24.542676181768336,28.498623170243633,19.122757473217714,18.44536676054149,25.085914192360597
24.719160627631123,28.423742950414333,19.22592641187758,18.294297770676476,25.29393640932185
24.664309856300335,28.49986628541135,19.452009504193896,18.16155063567516,25.340913672038916
24.508125380982936,28.266359223579972,19.274910768172013,18.285382994129286,25.177165012366277
24.477584044930982,27.991325555141884,19.692944421644434,17.9783325558014,24.90134088288936
24.318426335541886,27.957594161747263,19.921833830851856,17.933979901407938,24.697775144961522
24.131915441904944,28.171847824790355,20.098730063105556,17.900767841167443,24.462005173581172
24.024967488370354,28.04210652258822,19.928221297156245,18.01763046477124,24.721555197035986
23.55814271744191,27.786482896857475,20.07153371383209,17.952665985120863,24.789740720716328
23.710915007554053,27.908297813712515,19.948438554827923,17.883698371980774,24.82880558450573
23.761086482117,27.557499906431243,19.88012102658883,18.04338489623434,24.792183989071866
23.95459083606843,27.68148631435915,20.009077178086077,18.231477306212103,24.830898461141405
23.829671298000246,27.565155119591893,20.02197696624573,18.064399885822528,24.705343878419463
23.632343430529723,27.68919174688744,20.110916586435994,17.915230042272803,24.669729088211287
23.795204201907936,28.048525584592596,20.14339405417696,17.83446942445789,24.62162130152865
23.865265385082537,27.913564356799473,20.14433031476002,18.07886593569345,24.624939149399022
23.915780307803573,27.632459962266246,20.219214141400464,18.498898278073117,24.64838362174223
23.316027132614984,27.680743535997884,20.306009132517676,18.363276696556614,24.674441200497103
23.156624618976892,27.688536442133067,20.55386120564434,18.269128574095188,24.833621760722746
23.0753176255547,27.748293321649356,21.10179758300751,18.293216865255385,25.014507706763023
23.009533892558498,27.713549007654187,21.372143545218094,18.42501467190342,25.08639273365764
22.991495479108774,27.921152415313735,21.43213781655119,18.164018886973768,24.955361246553164
22.934129336011182,27.885349548629677,21.408781824422658,18.31220254408557,24.72629426417332
22.669798654428288,28.1417232551065,21.172677304102933,18.516705004821226,24.875797452525543
22.5347193617307,28.042349613313313,21.072150728368616,18.50068552479336,24.801468978950986
22.969426790129592,27.96784822690017,20.94710602976176,18.450136185658486,24.6398654999359
23.242188954453557,27.703413539538197,21.04663815547453,18.325074760967,24.641370745339415
23.422446010682574,27.86032161492426,21.200598663051235,18.23167393967455,24.498236248129352
23.41068997897844,27.89636783790017,21.398906582330717,17.969188574548618,24.715196609410086
23.014204389045943,27.89788233093373,21.06613868295235,18.24542429827487,24.6896761934499
23.170378215720906,27.787642650133993,20.80347243661144,18.35489796663293,24.63513785887289
23.03643501921387,27.729996457187006,20.859353100910425,18.387220900354063,24.75074980918404
22.73193686514585,27.727348059795226,21.166870073202134,18.163556333023546,25.135303237393845
22.734523821812594,27.671389972819078,21.089336598011492,18.073452294686305,25.001691203376115
22.69278902933694,28.082085297542026,20.905194497855266,18.15096427547316,25.06758384274894
22.426546031223378,28.183312563179964,20.875130105509115,18.15433260996685,24.91555357536921
22.524277771862558,28.588455290096665,21.147796490825655,18.01793636681469,24.95827173026052
22.373859443681624,28.453070611698084,21.417412155682005,18.254587535194915,24.91219757133414
22.266226029762556,28.461833500349115,21.47866249765124,18.291787589833564,24.9491431996608
22.470942602422387,28.28373488609647,21.590782848163585,18.332577025979692,25.119396831363954
22.51815469887289,28.310953134763494,21.88976263277512,17.95474173674675,24.787919989498256
22.107436395406392,28.24099246262507,21.953827288847712,17.77964155142813,24.984926251007725
21.996446815355014,28.24613454629471,21.844946880384658,18.070825656370413,24.87532572718577
22.20164191842997,28.50293032654393,21.923841101007458,17.766766993047195,24.87007560131997
22.16967212508148,28.820360632616648,21.651813846038557,17.421902947328967,25.019794927212853
22.15106343705729,28.890504561512557,21.63138178344101,17.104081490404756,25.440293165070187
22.24099632234169,28.619261338907425,21.592460934385556,16.979262696760735,25.45602019644941
22.442060228447094,28.71961728714533,21.485878570591556,16.693392406267,25.677586163252702
22.185866111041438,28.498543460755318,21.44989569988478,16.80519258158094,25.27909825622701
22.24794796370283,28.675174595963696,21.69629106569867,16.869541412029744,24.908311208213828
22.28842831295518,28.684298197497874,22.316599643314454,16.710531015782664,24.885403313671876
21.971297120968043,28.83745220050682,22.526658604835312,16.976794484364635,24.763576441603558
21.977337998930818,28.443439211195763,22.859175972454448,17.363212559274746,24.580243970550203
21.689576990940353,28.35993646608094,22.698394026519928,17.508716434793477,24.49753326626314
21.44648037617329,28.391872372030193,22.5596070165991,17.468139993575203,24.69359300790674
21.185612885106348,28.26614934213342,22.49776655991058,17.574500038236224,24.95572394958028
21.27791857828018,28.089495099241915,22.732235227479105,17.653710213625818,25.095279126633706
20.910807148409262,28.23880525473163,22.756832929278616,17.669529673108638,24.79978626997682
20.569430106100505,28.33822471335531,23.010584178090642,17.718077986524513,24.47231878389895
20.67984067007434,28.622555092226563,22.83864950724167,17.661748521008075,24.606306987122593
20.888030913919245,28.236197329602657,22.86339486748281,17.48400551771195,24.693104845268515
20.80911362588652,28.22049774604446,22.798058091431887,17.20127000658545,24.407859845211338
20.716539198002675,28.35885430729109,22.739393630539528,17.55772611609571,24.52154429934639
20.952545961741137,28.36053938744604,22.917340334685317,17.377544661742903,24.602855087139144
21.368481412121056,28.717808716486683,23.03065075718772,17.27013933883779,24.572671663753535
21.11564125444146,28.899062939345587,22.920660717128854,17.181705958124567,24.338959390497855
21.1427665287176,28.425127823915,22.87369742073446,17.17452974985259,24.18366447854369
20.863480719702686,28.38387344018244,22.778418439324074,17.069595267305708,24.07736570070261
20.99161371719821,28.482634023535844,22.988021322374262,17.319826729401488,24.054486572130724
21.284260131748827,28.3184296286212,23.01258883999886,17.116089421046414,24.135209275253565
21.70594032800112,28.327272894365898,23.127746502142738,17.22125355176679,24.28629747132232
21.785262171520003,28.486726290841034,22.890846034607865,17.4690403485039,24.41437177454175
21.781870247902557,28.50878522013674,23.155501829808202,17.456820674748393,24.38939057820896
21.206354064875576,28.535216021450104,22.8704597477073,17.65193639256201,24.4817240427441
21.248046741425863,28.54601705378015,22.636671917202523,17.858086199193803,24.612070054184738
21.242009897588687,28.86278224440705,22.551890765590105,17.489545488215832,24.72602389200067
20.85015654923035,28.827050053072853,22.74420951137574,17.36475769140045,24.772413231682915
20.605661346180078,28.675423854935016,22.64768889837952,17.31183868694327,24.690301892354405
20.673707160524735,28.72711436832195,22.353710810716812,17.471102190031747,24.730023614398828
20.735104394742336,28.801122415839398,22.42788536451611,17.176841992765254,24.76753770356021
20.536514522761905,28.982660198914726,22.34373033836925,17.20415885641574,24.806186389114586
20.137507847724002,28.91474366763298,22.699919209355844,17.19495508366672,24.921219582347234
20.15537387175805,29.16409289652488,22.45400532283163,17.243666880284458,24.81847609612367
19.959113853436882,29.58389145312098,22.567508148200986,17.06782064853173,24.937165575241462
19.914836359675203,29.403541879642162,22.8340696171764,17.32717721004248,24.899910257404116
20.243216405741666,29.507987585236574,23.057361812162526,17.36811551798712,24.716944917473263
20.33734374030708,29.404027415677874,23.024097252214393,17.55207210591563,24.831067146312588
20.356399743257295,29.61685787507819,23.467213367004085,17.756715718550744,24.728667990806418
20.468749790067047,29.6301226293325,23.077131938769732,17.94002414424324,24.674510865805818
20.617515513449305,29.53102735835057,22.96646648148807,17.722161935223575,24.69699520836387
20.338128571884784,29.70269670554391,23.46177817304585,17.751994115954947,24.83181677384925
20.447262575667583,29.498723118029897,23.734436353002597,17.512447589302713,25.072154400692085
20.28620053577503,29.61762499508075,23.495347393985945,17.61192389072391,24.943200408583998
20.534600160700304,29.61350667918689,23.66830181917471,17.402038605568457,24.923545937165553
20.671461312430907,29.46053035821805,23.860724507912593,17.37192399592636,25.170816504045355
20.893960574500717,29.290204835792764,23.94494277513803,17.0602886933563,24.99028178371229
20.68403970111674,28.95417609895642,23.965883422185662,16.775013808089106,25.066314781592915
21.013991939429626,28.889371023629252,24.269820489423928,16.82003400448865,25.264412301156575
20.794321378323104,29.047345036423184,24.229851631065905,16.536276815685003,25.45826236572313
20.550399768366667,29.026286878341516,24.41431289162593,16.531214575631235,25.361991099610712
20.450381955668085,28.898051896148402,24.53130420050628,16.372738219416323,25.18715713041246
20.237895199449106,28.834456814345874,24.76744693554894,16.074765688386737,24.768682706619277
20.37466661377279,28.444706120933578,24.605041429597975,16.158297815231794,24.637846762627767
20.372597670403643,28.322895968603177,24.68286739827649,16.206038227224333,24.507399541271404
20.17759436504272,28.374594089329282,24.810270445331046,16.11848797256373,24.409722374741463
20.59152224587994,28.49404720960213,24.580553794840153,15.947563518850824,24.464525995736455
20.522541214280665,28.436886464258194,24.912446374986914,16.16185044036816,24.330609864649645
20.601448189003957,28.40833895000689,25.03843964357655,16.219926567133573,24.250866854153923
20.60893918987293,28.391928462819322,25.248280260784806,16.34896053466354,24.155389103536354
20.819632271830006,28.494760280874395,25.080179445109707,16.42683994411461,24.438449437573265
20.999480419557365,28.510161500685832,24.98374620095972,16.5704864518105,24.60864846420365
21.160027228885372,28.587922474818193,25.102098904021585,16.581611317595964,24.663076132103466
21.394377901533076,28.869026498133476,24.986407372360446,16.4618567608977,24.56454615808218
21.338734415687284,28.97023381286351,25.071577501072568,16.407168473816412,24.598075759265605
21.421855087914544,28.886635265010458,25.14513582437034,16.412664095989566,24.48647709993794
21.277729577133265,28.871090832618485,25.424166537994296,16.276292186942214,24.959034706881795
21.378318670675284,28.75925751660744,25.432375459552144,16.330776459815684,24.906110946324375
21.10621360187926,28.76298947545111,25.464665193924002,16.414783415233078,25.011186328011316
21.285667775591044,28.535953706725337,24.835613915658563,16.59624478033189,24.84043272300625
21.449380991117025,28.530828149925487,24.634419824740828,16.64468792377347,25.011356536585833
21.252358672425444,28.6650070575524,24.319887952717664,16.455863779720083,25.40089280668719
21.406953678498425,28.970010018016623,23.920123789078513,16.145132994328936,25.58993429115788
21.242955306397324,28.927303367024845,23.913976163481337,16.120849442259843,25.41303059979108
21.435868485787704,28.88748244722849,23.548929302917717,15.949894295924361,25.299822999757282
21.387135683049102,28.88307260653194,23.471306450084874,16.264184450080247,25.475623109227303
21.228975573865007,28.771204993495115,23.47104430322328,16.42830932840272,25.502233170500258
20.98922249116379,28.474832855658992,23.48023706127728,16.369341978888865,25.218534898980124
20.901579456437616,28.349307828827488,23.341911896215876,16.250117716299926,25.002853461816546
20.883413977878128,28.551676395956378,23.268666693885386,16.202306292019788,24.95951648406389
20.922943695285085,28.729005809520924,23.510554839465964,16.05804499923143,24.816745216598594
20.80667293262123,28.48466754145653,23.559500014012606,16.028652708644028,24.699740285988987
20.44696419380278,28.523248056166192,23.780742331096278,16.111580518074856,24.326417350993275
20.34483834133896,28.82056082897537,23.471959620965706,16.473888280641233,24.095828268238467
20.426049286133075,28.824642161686207,23.411853691158296,16.35951691855004,24.153409037567627
20.15333528940767,28.654251808194743,23.460913881573827,16.181142504889195,24.44016925470598
20.00440992650507,28.629528366669344,23.56884897517914,16.1877099148618,24.662678958955972
20.17158244945714,28.51456319717624,23.46875640812221,15.894521475953567,24.727707834730374
19.758050184491108,28.505850328317614,23.445362205751614,16.075883217073965,25.070644179758983
19.70187158777241,28.54544049851392,23.190390527420014,16.169961446140825,25.222660209942358
19.35048742967082,28.456028815867022,22.907395206974567,16.11181963446068,25.28936900611098
19.140480544213425,28.417295088634397,23.076868609302,16.349794884507162,25.44027910297654
19.1053559178574,28.204190322272197,22.828293579820354,15.841044315941815,25.242601172576222
18.9635493557491,28.150876802620648,22.655338586898523,15.608158301980056,24.838189249270037
18.895808568719744,27.93987171797552,22.228414639168623,15.366785897816271,24.89312378231703
18.73579764404448,28.104694396366522,21.98460985055932,15.472518639041366,24.901084960917437
18.55764365196113,28.16339865805363,22.16280064037066,15.372356385405938,24.683460433266013
18.501993243108863,28.191485596317158,22.176108915124942,15.355735669317001,24.60071509054477
18.42615094696647,27.855717397569745,22.187817836085603,15.26150416030504,24.846185515672882
18.500247174928415,27.82121955197346,22.214927399917393,15.134720181196657,24.96792485299591
18.956855795683754,28.158502488667544,22.188593321524678,15.032053163466792,25.49092078787079
19.33967732233701,28.267576659885847,22.222780166641815,14.983476036855391,25.277053629043554
19.219112415174664,28.238202041670522,22.03417605153661,14.974760382752773,25.168697969355055
19.238402842098438,28.083104160748082,22.21465586521538,14.846269234882458,24.95052099544164
19.418963876060882,27.810188471599993,22.451714154968347,14.654268671381855,24.886960357918376
19.148487798129768,27.826539666474414,22.708246141847678,14.764315891588849,24.973594095843826
19.048855242791333,27.65386194338435,22.544979736022533,14.91387171188224,25.017490901264047
19.529769821091286,27.529106520339408,22.489284521210855,15.336480633245477,24.99037790175605
19.570532273258944,27.517452244480992,22.59650391449761,15.07041617534934,25.301019938812797
19.512920761858297,27.516148795855628,22.9823998328079,15.111740303780092,25.046299627712262
19.263167317406726,27.707048735874917,22.836168188961253,15.147995375613156,25.167348156867252
19.531266867063156,27.705284551917025,22.860211131845716,15.296735448621195,25.121049421283608
19.36379250565671,27.765855972612528,22.886907439467528,15.159212742212857,25.03492658314102
19.38163037771657,27.725350070525092,23.124634732516252,15.58041692038658,25.120774255866237
19.392828551697914,27.568412970445824,23.070022784079413,15.23891182856705,25.117670720672596
19.584892364730827,27.611667330045442,22.909788234661722,15.425119663492197,25.350741494203753
19.503889884396592,27.867998428041727,22.56460430558271,15.572727552808184,25.26170687658864
19.657697438556465,27.960178363415018,22.628531912296207,15.810058110897865,25.24516574095278
19.623258433910202,28.121979255187775,22.905125903423656,15.612360752007017,25.38092735525793
19.6634895417676,27.98893166003889,22.442230094146765,15.521629575216451,25.511832179849687
19.64376437478667,28.019003199425423,22.584494909900894,15.425137242575682,25.485927091752604
19.48495672579145,27.908883833659566,22.78959419594895,15.40627185140145,25.326097909535722
19.34901815384769,27.85450034046737,23.057625922247674,15.663176487312862,25.526145186792405
19.151004291648622,27.860472779994073,22.604956915981965,15.592626545329406,25.30578644621931
19.115035847105442,28.087513400979425,22.42794090433321,15.975096908156333,25.4512225197536
19.19319051231214,28.3037742395488,22.05480202806354,15.949182620201249,25.64328275441395
19.106843523350005,28.221593574965894,21.99703317293872,15.767206920272058,25.361014186789028
18.869488524587354,28.18571192808171,22.50680116360057,15.962509435662772,25.61677958558273
18.856899727955273,28.244937593689148,22.790607312130525,16.187168573635752,25.938683505861324
18.95875560542399,28.390891848273803,22.73201301830757,16.07736746975879,25.880493415436245
19.120921878687415,28.66258314832663,22.34451472363692,16.21154447177396,25.80788021994221
19.115299955668444,28.548631243890853,22.104010298608923,16.380189835528356,26.299940805874968
19.125529819480477,28.527266372823735,22.01736267176609,16.407397484096823,26.25887466866823
19.000825276971426,28.755932775913614,21.803558557026854,16.150344303163223,26.19181040506917
19.279923877900824,28.92019401323671,21.791018188235743,15.889069970191406,26.07255605580693
18.996273580354735,28.834683166494408,21.896660918112048,16.431450311647787,26.262832334499326
18.795375953363994,28.576444614693692,22.185955341267558,16.58786450550776,26.75673296859759
18.705070009975824,28.606335543620673,22.273539368544018,16.72771493583955,26.718776594291334
18.655650986048286,28.771532329491833,22.161020741997323,16.572017869611194,26.361158289069724
18.840434991651005,28.57283386111101,21.998465621967732,16.386027240338457,26.30967664706641
19.010270640345436,28.80390991820122,22.321847231538968,16.62579218161753,26.118483623686778
19.100664947115376,28.88077709936049,22.810338524210533,16.710580602495767,25.898724382568417
19.293370198934497,28.858251169768256,22.93007053102365,16.60338622383544,25.747491545406213
19.533901434913208,28.926769315644933,22.79786417081814,16.43649630551476,25.442692694798236
19.548135235852715,28.852082680438784,22.68655380329351,16.331233123116103,25.593719970157693
19.55160332259757,28.782692887582147,22.956504049412334,16.273916187332738,25.568284200846715
20.05128873487475,28.89998979925089,23.008215339517836,16.422365296143532,25.712224996110063
20.361536714284753,28.77965756235734,23.41000376035347,16.427699798678937,25.75265859710738
20.26189587236963,28.939695984397268,23.371899997916785,16.345230083595737,25.717892381837327
20.155057301508506,29.15641911242208,23.046848215096116,16.423953409922962,25.692470650291213
20.149639177897107,28.958918226276367,22.930159972719597,16.334697154466568,25.842979577004947
20.31095537335118,28.752568978218644,22.458078692672796,16.592518191662872,25.89165125657741
20.770705809648234,28.84730056902868,22.17840900943985,16.891799309104126,25.623586169196866
20.636930812026172,29.237270415669755,22.106382394229197,16.914110553149627,25.757272416048618
20.488775186216067,28.743439796824738,22.191752480863563,16.694863629398796,25.710016585792722
20.809186167915765,28.577031301953927,22.694093222840454,16.849150609805776,25.563181758393416
20.870705590759265,28.963849145359866,22.730161578158018,16.7876744783152,25.46469388574303
21.099000866956747,29.123377674548053,22.50884919112418,16.837335296322514,25.424013242556818
21.224693819695243,29.17859970191002,22.48175580897191,16.767541802172467,25.42249489530784
21.512413031191723,29.079775756869836,22.535165870873072,17.068479008823438,25.5618697349875
21.321832710335876,28.981475624089875,22.88226717454142,16.931173087982526,25.70933639390368
21.30385572251568,28.711903912543395,22.899938427694504,16.646014741514694,25.81462402292456
21.167587009027546,28.80257471332872,22.570848394412465,16.896177659206707,25.909771555028257
21.52854720621587,28.878025617549586,22.57506224626868,16.833440166117054,25.846219916630773
21.335125711199794,29.01493479558795,22.84379655766107,16.78406397577111,25.728968841732176
21.008152916180613,29.005417073643347,22.79622185858732,17.00223515286273,25.841534087675328
20.654097497616174,28.86387846297982,22.57008927752573,17.03203287000953,25.802587305437967
20.550789840689028,28.7006920589788,22.766466322136125,16.940966100142244,25.638913082354104
20.74389035148212,28.59430167907723,23.165657796346576,17.058607934120065,25.689305978796
20.87162383201181,28.882385723006724,23.320244587166584,17.23341863500033,25.886839780896338
21.011197624742568,28.92829281939225,23.472259212861125,17.06751500816558,26.062341315204897
20.853988868300014,28.7407822929115,23.234605646342995,17.202403144786235,26.22724793711
21.014396698864658,28.62333155123996,23.233067420302802,17.597552203087936,25.920444062245988
20.921044475034027,28.54884189750101,23.240631330395143,17.623223782859373,25.741384099859363
20.844509240000082,28.71193317003058,23.244566671653132,17.444801623323904,25.69141866723761
20.87152198619557,28.93921655940388,23.42538373975279,17.804669453005882,25.760327017126357
21.00042793508534,29.11963438546944,23.372180696121067,17.504023100242804,26.03947656551447
21.29646618757399,29.115523967286446,23.180386554360908,17.55456990585373,26.237781705007816
21.38882237545354,29.065404450333986,23.8341332209905,17.608148139797493,26.191625830776516
21.338162981480476,28.986774683743217,24.130725225869455,17.75460313457666,26.28042482083691
21.404217250962883,28.909091346231804,24.269608387758563,17.98588736350649,26.19310950481529
21.370227972319956,29.131396434501404,24.08505611858357,18.109287928396288,26.08210212313344
21.317712100042755,28.997938133535584,24.234366573024698,18.080158777930226,26.283483313604908
21.52188089534579,29.197643464336746,23.775896536914658,18.110131420896142,26.566488284378245
21.883833885302693,29.045847973714704,24.137975665176235,18.34340601456948,26.70666790822627
21.785979121840814,28.972543855097488,24.559944853009384,18.165103855957373,26.764883855133142
21.67247136612243,28.72472733644405,24.523480607312866,18.16886705788987,26.861752125935492
21.436406810886492,28.955717240559522,24.272150406197,18.422350491491986,26.795220597734506
21.627259769804205,29.051868343078514,24.454374385362154,18.667848525023217,26.51777756470171
21.778117378279862,29.491826258951036,24.482529373272833,18.7614182034848,26.75272928212822
21.747592037429584,29.43190380638259,24.7517541258816,19.120130362852482,26.769631106690813
21.57330239769297,29.610646435075854,25.019382511112365,19.16075904750295,26.73851716538243
21.344991218737952,29.52862613661146,24.93568413076274,18.782886545116213,26.92895349560468
21.32872849632776,29.309037379576672,25.345651792540366,18.864561698720895,27.1029272863861
21.31871599879485,29.29315884050114,25.16698987288498,18.890294878102683,27.08674568667014
21.5861849960059,29.10839250358888,25.041530653822935,18.684618777626802,27.105020488274395
21.75008737489672,29.242864361170202,25.43508232827176,18.78541713837382,27.191316119223153
21.704839288930668,29.417950920931382,25.75589099934908,18.714215530545967,27.261993874170905
21.635165904058333,29.45556361738256,25.611580701810045,18.446110454852466,27.019595025974105
21.887030827648985,29.283189540204848,25.572164822986345,18.4014532469924,27.350376753611503
21.815096689984607,29.176402327421673,25.401670279414468,18.882555313017836,27.27299588750151
21.777799650596208,29.126632755224353,25.07083062531908,18.890648946711522,27.19361432535186
21.60218867426639,29.11226761765135,24.774536213019744,18.943641198160844,27.263551064530123
21.515971944928353,28.97217851130995,24.688228088863912,18.996731218777676,27.04033363684983
21.673572929955238,28.59439880318835,24.569022762799694,18.705540590687782,27.354126915000574
21.746354910136542,28.696963176859114,24.685883321716062,18.439871372861738,27.55863127321079
21.896083505724267,28.489735453299904,24.758814455235928,18.26210916920021,27.653182739311468
21.635673214121102,28.561526083396842,24.800060289995926,18.267189824410607,27.589488765851367
21.623629271070506,28.484781683362336,24.64200194292639,18.091030409467432,27.523450349220543
21.7501095725788,28.843566675387592,24.942367926441705,17.90452181615133,27.633546431045147
21.410401619845477,28.97282840649207,24.677524521918173,17.909597271724767,27.521842816027622
21.728814616467524,28.91351819489904,24.967941470183963,17.87256990841731,27.498332939046165
21.893173310675053,29.08497146220071,24.931278747329856,18.183625734238106,27.49227958625918
21.975125620880462,28.900611818106775,24.81456132853599,18.125843192371217,27.843275940375023
21.87582529062039,29.00054892201274,24.806611760874087,18.123147811059955,27.728895820510974
21.88547548239561,28.950187614488225,24.518684271542984,17.910416483105276,27.951368420879437
22.14344066117597,29.032124226434995,24.61649714778123,18.081660077126752,27.785010106677287
22.219002456606177,28.870462554108364,24.367279663210095,18.11964182305307,27.977885807787043
22.200342309548308,28.894001618274043,23.901858850797996,17.774131355466242,28.20728971341484
22.12177276238893,29.02676442444474,23.62893598835702,17.867820797495465,28.075677614094097
22.182687519434356,29.02041025473112,24.046850464497453,17.92254951602946,28.218284831396165
22.153681832032824,29.13221847792054,24.414584151568118,17.847427071187116,28.168661279498462
22.040214854166333,28.779015955178753,24.01815342541428,17.584911991785585,28.137302112294265
21.730293643699785,28.69440343545692,23.975817176574736,17.775731560777118,28.412940573895344
21.637330821775045,28.73976631282775,24.176677163036047,17.81978224958874,28.567752096482224
21.80610689159568,28.900143427628553,24.06506530655843,17.434774590527596,28.479900109780694
22.190327191730837,29.233680199219986,24.048469260171075,16.959729085656722,28.428068999230497
22.247059641250814,29.04412343516248,24.25369949973654,16.651625627504476,28.678193277935677
22.21690172353973,28.86661194357686,24.392662636683617,16.37236965913222,29.09593451961221
22.251841080029802,28.9762028116457,24.618540749110725,16.482733309584855,29.161492805012827
22.00472236617872,28.99928060608306,24.21392741717159,16.26441798477026,29.404047630664667
21.552053292394817,28.73228659083477,24.212458772819183,16.247443930225757,29.469787329230314
21.692321164794325,28.85379115354674,24.262186868710867,16.37625713956248,29.405469371322873
21.71123739166331,29.03807798736646,24.343823285398745,16.227256684546706,29.091025871269032
21.830565824896453,28.988354392638996,24.30189350154575,16.350990629275223,29.076140065652385
21.929149630030146,29.256704289563253,24.26355712820435,16.29654318431106,29.50409231383431
21.69580597656913,29.261275124365113,24.29334083383074,15.928270742844203,29.561894049617862
21.711749858028387,29.093357307775282,24.34582741236885,15.893365762835133,29.203651829523018
21.544984556683662,29.24019575179432,24.271344806744164,15.74134929142459,29.037962199504644
21.314684369249395,29.21559982085829,24.11061190436838,15.754031900921968,28.788139255281315
21.49862904025029,29.47769742074519,24.32008690852939,15.859009627985744,28.80460099427554
21.28966487209443,29.472378900870243,24.381323813850162,15.814172744174344,28.723613423023387
21.033127782306828,29.487804160511157,24.2465758574348,15.91906511721652,28.40070571541974
21.10248631901431,29.298810254879577,24.315501536830396,15.820860044917794,28.713638477959936
21.18341338389279,29.05694977925968,24.288816622734448,15.756424369598882,28.413321994834686
21.188778939519842,28.929698356897863,24.143012351353107,16.03542271864348,28.70662879901569
21.07869243586681,28.838173352906608,23.655271241526027,15.847505711274012,28.70413505837807
20.967473562351525,28.8673616296662,23.41369241723065,15.692193334163296,28.742880671921444
21.02497766915722,28.803935302187917,23.145824478787745,15.92308042075427,28.574239062391435
20.710480934370917,28.73155006044777,23.485144740230226,15.996766009230722,28.437091372243735
20.820494038996472,28.943168725139007,23.334419654935132,16.23855626800591,28.33740003541911
20.876550293361255,28.813594396220065,23.184447542018336,16.249117555401888,28.229509413932757
20.871180781113388,29.088293207738282,22.935585716503343,16.580924486935697,27.994896009969267
21.0331831932214,29.02342510093764,23.118961873480682,16.694073456434847,28.3367555687741
21.050823754903348,28.894825796480553,23.2000750478109,16.830553642807004,28.320200835819595
20.85424897853225,28.626833774140334,23.265098029584177,16.745485016286977,28.544772701474646
20.913357772963074,28.65059073209055,23.19446177970361,16.766996380618043,28.66068420144695
20.62120267846907,28.633093741098403,23.096086200672303,16.870681977064,28.605996162670795
20.602323690782708,28.22328157806054,23.229941063980313,16.80764876956515,28.74534680669793
20.778249100020663,28.31987663844374,23.19161158635572,16.701440388048514,29.159169260543308
20.916613858394193,28.168275872305376,23.18870783487784,16.36672278921008,29.066846136784086
20.794505180402787,28.064628822482636,23.265053229134296,16.512143258442418,29.201585057750634
20.6970468994681,28.339165572239658,23.447549365955503,16.803075804836578,29.092856011096575
20.725287192929386,28.15053441587132,23.742034239676045,16.72914471651163,28.979585617232658
20.704375112618806,28.074082235938747,23.582344171195224,16.327971812177786,29.260473761214712
20.67012034663273,28.13225344169325,23.17315936319792,16.3336424910258,29.367936166872727
20.75746692906726,28.19867862859248,23.032197379902662,16.267098908013974,29.438658409248813
20.651023999366537,27.99061349089235,22.862690915386384,16.06993063447916,29.28682352778637
20.64191229118406,28.03984990966507,22.76214573645398,16.22941684285856,29.341544458979545
20.596449676740527,27.84462572676657,23.07584039831026,16.39092480650968,29.481424030986744
20.573355275882523,27.914986197630803,23.082043773287193,15.97114322223129,29.562057108558285
20.72232988366523,27.97495687567605,22.913046973782627,16.032367225150946,29.826176945611394
20.381742954306127,28.07136696827523,23.157893426208094,15.973010183944519,29.4383962870008
20.415987474083778,27.81061885955823,23.593340479157007,16.13000064870775,29.065348291643993
20.520058455083678,27.788645114102692,23.65757409591086,16.31444021049384,28.610735323258588
20.50053131398761,27.57697898021702,23.753377428507324,16.417144278321253,28.447064310312165
20.33389243653091,27.474661996946853,23.77719972069131,16.442526961850017,28.401196494285475
20.30690833599037,27.53563680147144,23.89799929333908,16.7794381266836,27.97256374436726
20.367197482672335,27.67113697227729,24.12750036066443,16.785472674002005,27.72119256197069
20.33302335340068,27.839884473551727,23.973231291961103,16.66023496093524,27.761272475538995
20.16248668007416,27.94236088360508,24.634466191131768,16.622208259595038,27.451522372836575
20.10992465024407,27.896927505211575,24.656822418522427,16.77377396573538,27.40735110775478
19.902356225603867,28.11464559725334,25.35967618694178,16.798909897269542,27.355658494892086
19.91906905554253,28.039442229370337,25.605014114511334,16.766086552112306,27.205738292399644
19.952126929077775,28.118733176713125,25.702412137236642,16.706527426826447,27.332764815296077
19.837477209516802,28.402540968797847,25.825235317006925,16.734079655810934,27.11037502982861
20.031251267157383,28.697489902608854,26.167929113106197,16.56047503923824,26.91340243533483
19.793211182917577,28.532417267215553,26.039822184154357,16.481890739126296,26.48903072568063
19.720223599774908,28.685084409594452,25.833343685548115,16.255784267266975,26.592200995439345
19.819633804884145,28.815862966898457,25.832834211955284,16.276789509583864,27.09791420988049
19.92496494669759,28.937301483507934,26.329473313313486,16.523556297945028,26.997150293287987
19.697361462441837,28.765496452274434,26.54976004792088,16.225881447324788,26.897372116005588
19.63170992523953,28.66763614879066,26.90805398944748,16.143017220366144,26.572139466351892
19.849909425282156,28.746900154758976,27.032042216535373,16.166520850339445,26.49140549011935
20.028955078925986,28.837834256673215,26.96685149443918,16.05385436888757,26.742485233336193
19.9207550268099,28.69349422410143,27.164792939440574,16.07154990417443,26.320977043070947
19.982529900457514,28.76033813837227,27.40765410295293,15.98533177986861,26.152381104385036
19.752880475062117,28.658876315107456,27.330379344024053,15.718436558665532,25.937031581038553
19.496719528784887,28.786992034785552,26.986190363650017,15.859771559565203,26.082516482374945
19.435074281497137,28.918466047683832,26.97048837276776,15.92206320072287,26.173404582702624
19.480422460805233,29.087959847322928,27.30942191711104,16.077178292992215,26.565787517024596
19.552241032148693,29.34017815771403,27.606359401774746,15.98893440058483,26.724020491377143
19.50548666952329,29.31102786742191,27.991424849478406,16.00019712529068,26.804634712093524
19.593959546270693,29.437254767651005,27.18467739541401,16.02886540154019,26.93056481731977
19.65827354250292,29.45675610416753,27.257089851053713,16.460445665111887,27.203341531659113
19.72833553948488,29.662830063160172,26.858607258963833,16.570367466190003,27.348037448225366
19.44822670533856,29.57733941526855,27.345988203658887,16.264507724019264,27.429904537016974
19.458460663617423,29.444162221310823,27.76416374661463,16.29526177967096,27.50224504880763
19.356200543606352,29.35855890677443,27.598855034869157,16.49382128422691,27.548550347920937
19.522039184181075,29.263259471937445,27.793453675197497,16.873462434709975,27.4579849684732
19.45086620523886,29.38346379863305,27.853174780135387,16.639332510538853,27.66189994270772
19.691698324163937,29.38481670728132,27.668586618440173,16.47146946960559,27.133050982804495
19.599128005659768,29.232442525750876,28.065135243833478,16.290606237615588,27.512254972150394
19.66312116692933,29.637632871364108,28.77790483048533,16.639848701978966,27.451599398697613
19.394598753730378,29.571974589872987,28.80480451949005,16.64303635225485,27.30073674795614
19.538177245243453,29.576631015288967,28.579299977260607,16.852311082532715,27.49103866740928
19.72873422271915,29.693607833862973,28.485476193914614,16.575360116477388,27.02145827099922
19.604887821820927,29.7220920382674,28.6733772250491,16.603732639988625,26.670949610665314
19.860426205760668,29.670434558033072,28.26249680354211,16.775469531173144,26.829858148454772
20.136637686720697,29.738983478621652,28.385880217661274,16.426818109366284,26.73833133332028
20.10638055736187,29.612239217683054,28.251506798308128,16.290939181917604,26.60545369422552
20.00390089997925,29.595098488295015,28.07663337248729,16.45102475391221,26.464140488566795
20.05628675026987,29.466746910730983,28.42319567134107,16.281836784859994,26.450192055193014
20.14934061188574,29.596340519417712,28.8191088603486,16.304523664549603,26.77016230990308
20.448321827932723,29.548343170745287,28.587051441288196,16.321068603153783,26.820183214126086
20.277192883049707,29.60745725752405,28.376319389792098,16.544305525778384,26.893236603771218
20.37582894531118,29.550446135647856,28.298318004343262,16.7170058313507,26.85570268687548
20.78549624919437,29.742293518105903,27.768305463166513,16.78318847560992,26.891607996863318
21.03348522455219,29.610625838664205,27.762910777694767,16.973439731227348,26.90573040359818
20.958398335475376,29.730952842611458,27.600585259781734,17.35460968389335,27.119863492447216
20.74840380219779,29.824871509674413,27.836722640891672,17.332630576419103,27.33597236684933
20.915663020017064,29.5983257779505,28.215403033818166,17.34353260320823,27.478829214934905
20.94033854795498,29.57426951638105,28.428337013672248,17.306765917561783,27.568223584249502
21.100991144057787,29.56840672391056,29.03848537844205,17.47250543227311,27.282150404505458
20.856102474705562,29.412292621064836,29.18741139659702,17.538181907305077,27.348620214073
20.638841532835567,29.32386862838366,29.21380872637601,17.50632119171747,27.378624717773892
20.622943620420557,29.235220408575646,29.463213934208248,17.678816370962604,27.067053398076872
20.544185738764188,29.1069178818448,29.343416868550307,17.699404592278242,27.08148408557707
20.693450452265196,29.11452229599867,29.25450427151847,17.91420212990777,27.207445775492847
20.421679243509452,29.06982009199243,28.696335068392187,18.147932830556947,27.58525748738288
20.293232389291813,29.511490648291478,28.309093682850094,17.979790295517596,27.608297145314562
20.540950496319134,29.5142889766505,28.55643796929894,17.53444464957831,27.650534047718157
20.81804390233119,29.51858932958399,28.452513328714236,17.634603446525304,28.081870142089848
20.350307519577328,29.712442669808212,28.507204213212546,17.396528907528918,27.696296423038675
20.561005177261574,29.4744800449489,28.72124279039185,17.29197503721902,27.782327165414557
20.954294843410224,29.45945796617728,28.507342486260985,17.48476725525234,27.675589677523632
20.89121363913334,29.4679103793688,28.609611998728774,17.729016870936462,27.859329883384234
21.02852837128805,29.57868277348991,28.352366774667917,17.880210033446982,27.971315889730846
21.0167483794412,29.727726105339702,28.61319329345225,17.90737425005326,28.156547573083287
20.995148483356985,29.52816452058902,28.603065534076112,17.900402047503416,28.290239735024624
20.758516541272073,29.6100155144749,28.118248841114124,17.873885642306856,27.919953899415123
20.600879746779313,29.490419244906917,28.139406058658974,17.903284456706942,27.660125818006016
20.625483743302343,29.499725475795127,27.791604184354494,17.7875656722289,27.693669330871398
20.89143421790834,29.403054818207046,27.463480213990984,17.56741076462029,27.85405235718522
20.97992828805916,29.598144749130743,27.213488450152532,17.31598262315483,27.5690394951219
21.331687485726253,29.399785898905392,27.413742008617586,17.03324283995897,27.25610856876132
21.42771778323928,29.467444907970872,27.509139027061888,16.890361432284227,27.39341672527493
21.278184304083247,29.38408110557606,27.676891133006396,16.651073826408556,27.219235822720073
21.17781789231676,29.54589960286859,27.896956700197897,16.607943031731708,27.488858512938346
21.343472743725695,29.64899310329797,27.98328970699016,16.626509443746702,27.589145708358735
21.58069688363029,29.603724690304478,27.763609824055006,16.52433954138315,27.239411017581936
21.621317271386744,29.941269350089737,27.309608569888475,16.414763791406934,27.181860660876254
21.471468809066756,30.116887224761637,27.077149739665956,16.65295353005208,26.924063581754197
21.45087207585525,30.051827602259454,27.16820399978767,16.46221672508417,26.76769503786292
21.034041085529196,29.989630504615466,27.595105073141003,16.357454048397603,26.824835244217088
21.153030369113903,29.874375979446967,27.607523559380116,16.73458300192124,26.67214307660888
21.475297895318032,29.950933711657328,27.19245682611099,16.799121235694265,26.73777413263579
21.44487604828929,29.9161686713552,26.79903136259925,17.039115468715327,26.890374794503725
21.472663938466052,29.995687830721593,26.342361501184243,17.214662733446577,27.153285913413
21.55459081772497,30.01136142510157,26.674339484020635,17.070437719282655,26.751184913834
21.644537038405918,30.003021694560402,26.64162909244835,17.012440827561747,26.752771348398163
21.45207377608037,29.83996692674328,26.66203630923186,17.229830949675623,26.641601802091518
21.626387124326342,29.80803159989674,26.706553906228176,17.156128147859505,26.54033926821894
21.405290154774473,29.87192442312184,27.064265346239296,17.316602743153922,26.799156661072402
21.3800538840849,29.94202393207823,26.904940860096037,17.461430112658636,26.69093171592906
21.68158000725378,29.95172889746292,27.15787687437296,17.634619135219562,26.75123815836947
21.682747026422103,30.066252846368553,27.305632601267494,17.394242983497,26.57220732986326
21.63122477694052,30.134435665612514,27.481525007722908,17.702808312436115,27.05812548395174
21.725795809850787,30.222415292762516,27.513892388914677,17.71710541260346,26.951412200073108
21.807958300068385,30.250419942153005,27.452481591924013,17.457865869363822,26.815640324216588
21.868462136531154,30.365494901009388,27.444599468918437,17.125155153308693,27.00823166828633
21.511990714985625,29.977345551405342,27.77486885261787,17.343399509688922,27.185633548814586
21.23922585513021,30.087697568097123,28.173054097211214,17.288567980783956,27.32534264272101
21.288047125037753,30.00858339466196,28.114395155688996,17.402403973846425,27.457534905489872
21.242928955893053,29.721656992205652,28.2207675793152,17.52912602890085,27.19032140141419
21.359691135842688,29.981882342092202,27.971506376517876,17.434164002056193,26.861734901913515
21.57731936975507,29.94877886257283,27.78652026819266,17.616840058080466,26.932316145590438
21.502448688722385,29.766874826626502,27.50812419357924,17.155377739316688,27.0807290100087
21.517554742575193,29.418449280561866,27.462329721511363,17.036966940870922,27.033878096839583
21.578604576912607,29.426668377576064,27.743272164962598,17.40764535258533,26.814215129536436
21.720315728329805,29.5227179831153,27.65714999049962,17.64951812866706,26.919819332746048
21.72684680698666,29.64907168918363,27.746331369493838,17.752537610201816,26.72190471859126
22.11647843444152,29.737641224102873,27.629778976023566,17.794322078425466,26.645174520118896
22.50834629628415,29.69420828840284,27.129146444403997,17.679571937395092,26.961147211116494
22.785131850130533,29.846263888938257,27.0636524289977,17.840994592056717,26.875810703963023
23.390792335442647,29.936490201307485,27.066634988412574,17.746100690293325,26.93715142019465
23.49349613047516,30.05514813860081,26.78450818258904,17.8536441622258,27.043857487524594
23.659090560723506,30.04414859659744,26.52123146145008,17.89459089360245,26.88836907173276
23.494839982803764,29.85125135549871,26.51104286779353,17.957936200654807,27.037842039761706
23.597284383902757,29.95831891412368,26.307307994213556,17.855934634035883,27.157519167495764
23.464993657666298,29.86816429002709,26.184192312193712,17.61986659948217,27.131131051528868
23.13566068168109,29.77032162920408,26.232310726454834,17.87375766867204,27.045149911470553
22.943915911762726,29.873193046334237,26.514534268844695,18.085798746040993,27.022313024140917
23.160997213765548,29.84465224114028,26.670784654224626,18.41879900497345,26.87882961297861
22.80608577023615,29.922345390969173,26.12860532066382,18.27364543695876,26.959835705944847
22.593836937374398,29.66895204445357,26.002619950128423,18.403776514151733,26.865672469036994
22.66677492342727,29.593890247357265,25.873160157415256,18.80245641598955,26.942947981559893
22.602050026543594,29.3680087413397,26.04774034141309,18.82683429211789,27.2286760593984
22.436912767473956,29.33199311932015,26.10866015632815,18.97086520223418,26.992005204983222
22.56965269072508,29.490095673627145,25.941859616704498,18.61041337715964,26.770375780306754
22.60609122440434,29.50134559854758,26.01531900914131,18.597490783469095,27.051487370608612
22.706511239748416,29.52911116612312,25.782452725296114,18.67969123508736,27.263504508851923
22.687389442332382,29.494131342923485,25.815308195936414,18.66260675029561,27.514192316802177
22.735595696028224,29.43581907627246,26.15650059492045,18.735279969883276,27.537771047715683
22.600704923454707,29.254308197953854,26.332992830378,19.096304431978222,27.20518605519659
22.29765890395343,29.455073208579766,26.465232531645835,19.34487373891868,27.15169840703007
22.210205824628723,29.273837081741245,26.720431516157685,19.27803241055407,27.080903373109606
21.98560745717462,29.13493485413761,26.43859280798558,19.35200320542154,27.399591974774225
22.362863852706926,29.26677179634235,25.961002075959154,19.270616466414193,27.360659095732146
22.76834749046401,29.04185623717594,25.561743983161687,19.510195851935773,27.426369577947476
22.748310304766548,29.02122614552973,25.199569306718963,19.60404038812833,27.37077279773117
22.992889575769812,29.190988320694085,25.48665436414101,19.27901301818081,27.264713949726147
22.768702738208706,29.082766670004716,25.370031276726206,19.236882745428186,27.168002471910352
22.650513958163813,29.19245100412974,25.379131679211756,19.25716429005499,27.43105208496035
22.876972266274677,29.236717673237727,25.797753002401645,19.302650318914303,27.39375368394137
22.8174187399292,29.122695916123106,25.87092087288878,19.056344695926754,27.434889099684174
22.796103728366887,29.149500803919015,26.22530280653359,19.088725864565305,27.702801341485408
22.934323680394336,29.141800219210676,26.537812004487893,19.095654717903077,28.13009048655698
22.940917682759544,29.193135829088035,26.546387908914014,18.92724340571881,28.489395387297577
23.133361136603867,29.119052584429173,26.415348694902196,19.055255077976557,28.420781452380847
23.120673777583807,29.141270400734626,26.459128906706752,18.711826552929153,28.46554399578262
22.80418556608414,29.098262430149823,26.17576480560295,18.75433842387757,28.207583416484354
22.871420964773478,28.947332706168535,25.847399802675174,18.754963855471555,27.995283072652878
22.706859698143226,29.005367987352813,25.75036914864308,18.842433710601256,27.960997110271933
22.752978267641954,29.218000763406963,25.783082932227497,19.141196955447008,27.92431199672469
22.67421817991722,28.934910758734375,25.45914578142696,18.888876501199604,27.75126352919672
22.214213132404186,28.939587740375334,25.485187881035607,18.89682876637331,27.56374986064551
22.09292327323704,29.122758301597276,25.684847798557048,19.220891682425144,27.593737157819792
22.257978652333545,28.9716256032411,25.59470197228619,19.355165816796227,27.706737627433526
22.161812259349865,28.872246524114217,25.68788358300599,19.494576519378512,27.825496507368936
22.39057079572922,28.816987731721287,25.80198534484326,19.623025607216018,28.278719528535415
22.425777952849614,28.985524832920515,25.943411582121907,19.988113137001186,28.24708903985685
22.24438484369913,28.765953772237147,26.07071737789864,20.01320420097073,28.29928536669456
22.113603934728093,28.715188238715534,25.680480999545814,20.245780060632253,28.600281351579206
21.977856656703068,28.86939305891641,25.480886235378723,20.645810464830372,28.713455371825898
21.802732154192284,28.817019350334295,25.57558818547818,20.832937605992715,28.823611266323912
21.77604313756055,28.978212578081084,25.223680344399558,20.678840264967913,28.49118085762748
21.58749976187068,28.860161551542298,25.35361270285049,20.516282267162573,28.63094092846416
21.513888782408788,28.91010036142116,25.52690290453151,20.44173189870594,28.64115447391413
21.374898155986376,28.836691851807693,25.463473570517277,20.182313329748396,28.41776108146127
21.015654859758698,28.870675300078535,25.737992867561918,20.16471856460713,28.265623066853433
20.548672202144772,28.786001830017096,25.85639858642857,20.2549754921041,28.32923773006349
20.6743306613089,28.881275536291664,25.918188671946147,20.240868708620752,28.657567453777226
20.631748203048538,28.894244588536914,25.85964606595224,20.302677176292512,28.291843388888644
20.76092411326001,28.723977473925203,26.100892761326012,20.508676535415848,28.436985448215975
20.508303925696755,28.60286926749814,26.699824023335875,20.445605947031012,28.412347082727877
20.343476457654617,28.460831791764573,27.08526728753648,20.472814791327572,28.356708300622735
20.234059969370453,28.82566043674456,27.11984563169312,20.378123521576228,28.549471404926283
20.53459313251765,28.8268732153683,27.046691334537847,20.349413409957567,28.49319756874722
20.775353971268082,28.728185243519277,27.23213036977883,20.92614426934188,28.849958319332618
20.862935738013412,28.588312378026597,27.443408097029323,21.174055090061625,28.85439252882198
20.736856231031844,28.6370180200774,27.327626668405955,21.013901111762316,28.852674155890604
20.994067174947133,28.87100841096353,27.318021348653247,21.115240217048992,28.78247259500686
20.886022924534288,28.963292974547787,27.348310997531037,21.14294951543339,28.608907055283186
20.72182665050342,29.099304179988874,27.277201466377843,21.383440716072542,29.0735718574631
20.834045430118586,29.140229937231982,27.458285989603677,21.525681014217245,29.206729845934632
21.218570405783975,29.092183037250187,27.67312262732914,21.91530934099927,29.352227369058784
21.09889838110591,29.011197607740968,27.803656971849154,22.31437609303531,29.3774591007086
20.80841678171568,29.158608052256305,27.766413745631173,22.47938985427382,29.461412460294078
20.30917687694338,29.33402367699103,27.532882117735138,22.131545620451842,29.259585336947268
20.41919348361087,29.06013601403806,27.123691831194563,22.08032455904491,28.895676275613667
20.311043948287207,29.199851593309408,27.080250984375894,22.013951425641885,28.911908548053333
20.526468008312584,29.057502901954223,26.805883645773783,21.838412153504347,28.581175227362554
20.271163103102054,29.09524268488242,26.763364672453026,22.225520078627707,28.62880957177117
20.035422141559543,28.946437396416837,26.55451597858174,22.578815179284124,29.03499418138184
19.945961372898708,28.86353967469281,26.420541886999057,22.89683334232024,28.666737480577577
20.081995147447387,28.774643338705484,26.576998396886047,22.759309812254276,28.439853309519442
20.470771318996523,28.780923482050763,26.675679691992467,22.546158010991128,28.552503220135073
20.540328420169477,29.10984460470708,26.573409836003005,22.97276260142601,28.482459736991018
20.727624579239436,29.39336661689393,26.713603803009526,23.047103330620555,28.16965797544037
20.706753829342713,29.37959149430879,26.80868699421366,22.994691211885748,28.029797224310773
20.730899000329913,29.440683168668127,26.86489290223118,22.91113043240613,28.309814840992964
20.592541750256746,29.348760638518222,26.875440729837813,22.88381966090921,28.433931288106873
20.759862125963053,29.326824519497595,26.3185300415753,22.671585089671552,28.611499793814126
20.558249184169146,29.481465309504237,26.17968669118065,22.76273706323709,28.392419357805082
20.386898683897613,29.404918001346417,26.006646804538107,22.469407400774518,28.35898492242311
19.99011195646941,29.43057803288231,25.852152222210304,22.669698442706835,28.273490290166816
19.78730875317827,29.494438865676372,25.85022740745235,23.05640260366007,28.26939019081117
19.681894525880903,29.595952495307262,25.540494374138806,22.987912818951926,28.122177885399626
19.794884546738167,29.700504936334955,25.534211245155376,22.7829118303913,28.118399815987896
20.177605084470848,29.67740381610458,25.59944064853771,22.688626778802796,28.116290884752406
20.189283574139125,29.688142871746024,25.44794139572623,22.769774726473532,28.137213570859828
19.816500359347675,29.775934419102462,25.481076473465528,22.704949808530614,28.23082354501481
19.85951532303008,29.680217509750864,25.705249047465127,22.833104700863966,28.48178216521641
19.44655408993081,29.548202164003456,25.605208965879278,22.263577357426968,28.16460738757392
19.853025187531003,29.767828971784066,25.330690167915602,21.984404165445948,28.22762324656343
19.64930315007993,29.674854712949266,24.880400546366563,21.83595312945912,28.337203974582156
19.656121935688187,29.61130328013174,24.776726484134734,21.732887526446518,28.285254798777906
19.519723449032774,29.495083319786804,24.695570474169582,21.640712850165045,27.84550911287203
19.634920197525943,29.49935692737237,24.61112592420923,21.40878051251319,27.826618660186742
19.651402692265474,29.590315674386893,24.318468104753205,21.332871957948512,27.550245708567445
19.77254649443718,29.700783711056626,23.96534585115052,21.358841622279616,27.788944277756823
19.7636491558895,29.614771935553726,24.262583958242416,21.319575360011815,28.06923386617768
19.862350089749597,29.932876261396668,24.20830433650605,21.29775489361827,28.113499474279738
20.1521269960191,29.877598074027784,24.02691505064341,21.214126750432442,28.19074337191514
20.24723549147737,29.727063547252715,23.637823039999827,21.317256280360002,28.2892859302963
20.163576048327183,29.902407740889156,23.071185874217985,21.18049882760763,28.531930601505604
20.25465133696296,29.99109383839213,23.25897888228457,20.90114261196065,28.292981457384933
20.372513720629634,29.91293340666634,22.828128320345233,20.612220710348662,28.292533220428744
20.53555157163974,29.9423498161195,22.325622277449366,20.652757292383917,28.36732327757901
20.796535928306422,29.770441203517,22.47587878024628,20.731390787984555,28.279508611003134
20.63758495724779,29.883858688826447,22.50396680136588,20.42920949515829,28.562530249207047
21.0221028677932,29.845535880155875,22.63888528049341,20.69652869476353,28.678686224930605
21.388946004403103,29.85353153728418,22.569844737577384,20.671619941589885,28.760731063667844
21.350365832021737,29.91960909327972,22.66699721000275,20.603474371246186,28.850687939076636
21.144929699723217,29.799045551803072,22.670629237793648,21.067229584260055,28.922868545953506
21.198103879839607,29.774257117413672,22.909956012811264,21.06295528219386,28.694823557608228
21.61126472614055,29.53494491648832,23.399911945881062,20.755006731055886,28.381322161562657
21.77932009466309,29.69547722672807,23.18951336297442,20.924288204393903,28.40065767891482
21.782732057693305,29.661209918990366,23.1120153967708,21.24191884299174,28.18773560701035
21.7711687293406,29.569046164739827,23.138322281790764,21.499398867768747,28.128224129687016
21.834629552188723,29.532462537687266,23.19402504231658,21.549775424427136,28.06933650012597
21.956763037993543,29.6172040599278,23.25919818185231,21.266536244159276,27.967616168507067
22.20081315137763,29.605722428224528,22.896726384191933,21.6141763752189,27.809065610233763
21.995516645362944,29.703824358298064,22.830341764595236,21.61174141383266,27.596326466852634
21.841798823584053,29.622457107883907,22.50919772432402,21.34604290537367,27.631311672419773
21.6174878264358,29.535832810506736,22.39856605366303,21.363205554462972,27.55927331515134
21.34905506323978,29.772969498457062,22.380038688339496,21.586899716903105,27.550882481346264
21.309744634764474,29.768563422289347,22.83897717017663,21.483867747653697,27.446082239234332
21.417038462712334,30.05408982876897,23.05365591921488,21.85767371911843,27.491964849684866
21.587338796145982,30.283599228327095,23.45154875537605,21.84164116836763,27.582795909274125
21.676417798600024,30.270346859624603,23.59019815906291,21.594039816057077,27.223561520080672
21.33490308160947,30.123855833604726,23.67613661066623,21.252396764796547,27.45113368669164
21.48301512501719,30.101166731478006,23.83409935246682,21.176947662546606,27.710699210970812
21.524447495132797,30.08229578598299,23.98039919747572,21.360192150109143,27.50861268697417
21.56308712055185,30.074108423069877,24.168242787191353,21.582351156346018,27.58458784188376
21.582016871827193,30.134049932766594,23.884522524052493,21.609803964349823,27.481686732593236
21.515638052201357,30.364278998843442,23.946933426979843,21.53315725590033,27.934568543407103
21.36435499407658,30.23435332052571,23.495842937160276,21.4682055970765,27.72664287871229
21.320323984870317,30.308096167219425,23.71072892525691,21.633370459467336,27.41326879532734
21.34081995259775,30.150051278005872,23.52357233164456,21.644297026490634,27.3630845466583
21.140031755949035,30.100341628869007,23.469317082073182,21.493663124819268,27.25057664425591
21.12693250388579,29.91817604732119,23.613002604387937,21.033822925451553,27.385018769821524
21.048590564517266,29.899699330439816,23.841558499521394,20.791214590636834,27.18172394781369
21.075552012056765,29.89154414218549,23.75458906118503,20.941331841393115,27.14231868168929
20.737927114939126,29.80560891816179,23.930874788105747,20.599383911645536,27.08792127804656
20.75441656701178,29.66993141766266,23.64939388902764,20.351171713360856,27.057476776794847
20.637321599441115,29.688100977517916,23.759123807890322,20.121708730714445,27.02478675834281
20.433408486718648,29.665956740164063,23.94665093836388,20.101443484249092,27.291048881692095
20.237128055290423,29.809849721183603,24.220791244369675,20.338615337792643,27.382189405403935
20.282933601864368,30.04268537554306,24.301818985361557,19.93248216946766,27.32792445732541
20.214197424937517,29.855297556745462,24.082026263246128,20.061558974640146,27.55601141153189
20.15767701779161,29.972402698880426,24.29550711521911,20.24567562215335,27.89402948435477
19.928272349681144,29.84259495754158,24.452889840404428,20.25540770653252,27.82620193180555
20.44314434828923,29.69387335185566,24.395388734048424,20.134911364333192,27.744130635746455
20.500414475311278,29.673345664885485,24.29251966169104,20.04922144608835,27.846701611692303
20.691795885086528,29.883398627461837,24.236113525506305,20.227020414237423,27.879400282170167
20.690172474292087,29.921268874060804,23.778242056874117,20.000369814308787,27.971127399361553
20.974628916548678,29.97008967997409,23.535256801669455,19.919355428885478,27.482406651001288
21.160882560209842,30.143665985237032,23.71264905737743,20.16478488711131,27.62598813453623
21.025269035010083,30.248668965775874,23.77463955758038,20.089900711430335,27.72082089494838
21.14005313868431,30.24976496791722,24.18744701337453,20.005086696470336,27.895888462370923
21.17710379138727,30.292309021450002,24.7388421481353,19.822833458310843,27.904622707210994
21.457543887950237,30.480881608008556,24.94774688062431,20.14740642866576,27.857553762226086
21.749057958791145,30.072787338328713,25.38778479523773,20.381939802060906,27.887070858885764
21.98028618801542,30.278950351695684,25.701302547238893,20.59361915809359,27.866816902631946
21.995624102890204,30.325928976905992,25.74975418050229,20.01833902515054,27.96491199938558
22.116304626066675,29.998959180827764,25.721116264113157,19.429435106847638,28.069432321944134
21.734662114304346,30.00925699286402,25.56161760753742,19.383898040424416,28.38806373524904
21.761153368172202,30.244445775897532,25.4377239193972,19.209293156941527,28.099593412486847
21.703773348636886,30.253097732643027,25.106403549545696,19.29528398314772,28.50042676909325
21.63316104066596,30.28803154099672,25.43341474661317,19.37873119761824,28.643507521645486
21.520531837288683,30.12730277709841,25.531109282709235,19.437728609499622,28.624468909372506
21.548663372767923,29.9042119912088,25.98676522013441,19.893190265809213,28.499707085453124
21.675443114704127,29.816839135465216,26.188654811471405,20.457352328158446,28.176317414886864
21.65886792263185,29.976590354093705,26.186668644339026,20.165120883768495,27.881404336094022
21.89878781185233,29.931702009822864,25.89381757862186,20.350289645539522,27.9812092582639
22.06697302370435,30.079178796763046,25.953940564097817,20.75654463317031,27.942775183775076
21.99515975014235,30.151367943926036,25.651397104623193,20.604056203424122,28.071681675276384
22.02001021193892,30.17455493702977,25.0834098382991,20.624944927155838,27.646078193678242
22.047476984615702,30.298176252208023,25.23511574350575,20.676065937867556,27.557391592152225
22.186211454539006,30.38319943299359,24.875392454019494,20.608293806820676,27.851879770347253
22.020580666614233,30.656128555612394,24.814935448831623,20.84075961247975,28.00095084834362
22.38130725882901,30.842651805802916,25.04875457705207,20.94403397079492,28.085708557662358
22.48141794669691,31.044240184968853,24.887157945075586,21.06506513070063,28.30334682483271
22.517933226897814,30.90779421483901,25.10739925594785,21.14688268333001,28.2013224178278
22.658829224361213,30.75873522408665,24.849508443174184,21.359321675703402,28.12188360887872
22.43465980108603,30.786245772635134,24.814736546687445,21.465300824432724,27.967107023424784
22.407339684171365,30.900655353880254,24.332568960371635,21.252270023639813,28.048852910062614
22.325795954850655,31.038034244440137,24.446808377940762,21.204373281653414,27.66240224085165
22.42471005801701,31.09852285047256,24.384494509403613,21.578114350545892,27.580435299527124
22.44053770510531,31.331833419769577,24.529697145125258,21.28265379341644,27.560163542805423
22.127371106541222,31.258742430167654,24.56692151944486,21.39167614367366,27.78074873901629
22.27141110982177,31.182454959240467,24.7557664674712,21.518160346514264,27.892028819900915
22.470611756383487,30.992245314433504,24.80808923613513,21.612929565702142,27.653563046590172
22.39174213142927,30.99703152363833,24.53399670174646,21.776838278954898,27.33240738799295
22.288621588191162,30.905962842984675,24.88486879515882,21.610092973584717,27.0779605433615
22.113007198153998,30.833595916283084,25.295041468751748,21.62606434817474,27.36635887598817
22.13714686577703,30.879750292295086,25.18588005879129,21.755669952336856,27.103646096126337
22.189408835973733,31.22598122394446,25.64015533898456,21.973710289122597,27.20359368890384
22.115757698386002,31.27314841835125,25.358425830935257,22.064220053380133,27.150662274010504
21.80806001352917,31.360988453591716,25.322375934700975,21.94547901020552,27.407757601044416
21.98549445470592,31.30017693101516,25.60166351917083,22.052097595495066,27.850092495705315
21.945229847412325,31.53028560210114,25.556317914932684,22.239565728671526,28.12468182531341
22.191505617440253,31.747424032199255,25.769066961625484,22.577411293564985,27.779443049975423
22.17777211390745,31.4821293047066,26.07217176718486,22.4048573567955,27.94986059261106
22.690545884676858,31.64050813756925,26.190786248113803,22.465472844172506,27.706282726733345
22.283750732466117,31.311150220605306,26.216045143061233,22.340236650220966,27.601159872389502
22.435666423843365,31.33512998993272,26.303113270601543,22.0095081138199,27.55718346301783
22.747389928031367,31.36071451671521,26.467945688984667,22.110055041587998,27.611192554708214
22.998425912218597,31.23944883344543,26.052947059196207,22.080821633436564,27.525081276336913
23.391121602450312,31.16893653830368,25.975181611274394,22.117104824824075,27.84661175633396
23.377630352199198,31.051611196268563,25.78100391519928,22.107689118090352,27.95609531013997
23.559694126474785,30.843667544643417,25.292681169765764,22.06161394534234,28.04079136351492
23.848179641032484,30.62354845596492,25.352134772044362,21.900962877280538,27.67430266569791
23.809754732751525,30.79596429293844,25.29898457275929,22.060191587796623,27.59971408496272
23.615380712142127,30.57427521727815,25.38612539892159,21.90907706748211,28.015781860802488
23.607024225484853,30.80192007170901,25.244249497510125,21.766167790065428,28.14056508397229
23.986893189398202,30.68578202416736,25.256036908189934,21.915683616288838,28.05400522157862
23.72951411696718,30.555426803115985,25.196897841653488,21.955537057538827,28.384394711453318
23.723892479898815,30.4234251344325,25.058816601303523,22.181440520197643,28.302776492892033
23.76049617867774,30.326173965626513,25.05521865013732,22.10680044765109,28.118806534067648
23.607894469624306,30.459525768966863,24.87952283265658,22.286777524730777,27.941661724599587
23.54779670539965,30.281968479270624,24.831107859485314,22.42336252856435,27.693435961385187
23.493117478681878,30.607855978220588,24.76755055242439,22.269448854232557,27.691569811899743
23.710943111246323,30.700339088140133,24.49492622387142,22.150388835746757,27.6437949343934
23.54333128310181,30.62780168555626,24.262216042674925,22.381692790201807,28.048204277514795
23.353978474950548,30.54468445004809,24.452552747861276,22.269652685220404,27.934248706288848
23.327077772524543,30.413711380844095,24.187607483171234,21.998201051518013,27.96001755307396
23.144914482668185,30.414702317317712,24.66706196630166,22.040924670410416,28.181428831736994
23.16698270189361,30.518496780010608,24.548781343405608,22.36647961954603,28.080758791840005
23.157346533433635,30.497148221711054,24.71965917449445,22.427984178184424,27.78991962737961
23.199335178357195,30.644182216612244,25.19171817003855,22.489651784862627,27.631214101258376
23.407826868911574,30.7611463735245,24.80546094023476,22.789910123836705,27.557795188369056
23.195892956114474,30.808331056905374,24.90530855933141,23.12262654008913,27.43770206132447
22.941879865142813,30.759023208379137,25.321205853518336,23.341504890965048,27.5068356726515
22.83958620354218,30.725581587291792,25.412868351347036,23.5300142184251,27.246116229052753
22.598229941383135,30.7466768306912,25.550937514668497,23.627670846288137,27.204704262071076
22.690542637264702,30.775859105317224,25.717261441878588,23.731887068996368,27.19489125986127
22.94036415188876,30.945354254329946,25.970819301859994,23.542699755119646,27.474256849887983
22.626602167764304,30.968642496000452,25.93466998599742,23.21687329155903,27.712574930957246
22.548039783124246,30.90627598438383,25.625027546097478,23.26953990881768,27.427834391202722
22.188693498768107,30.78032994556494,25.668024212135247,23.394752205350468,27.635651080176736
22.056920249625534,30.805902615455977,25.37895362112589,23.50250687986755,28.110116269690412
21.961409724517218,30.580271126047958,25.193344247472943,23.624285258997105,27.956457057988253
21.913473716644116,30.510976062058685,25.158457940803398,23.637532293668844,27.669440938546522
21.740286445019727,30.65407439110663,25.164927410209767,23.617858851186384,27.456241648365918
21.60837217369717,30.737612795094037,25.163303988397058,23.56268762000735,27.490197950735194
21.601218263652974,30.78610697349162,24.728611531783553,23.626563619093417,27.472149925072333
21.908039442865228,30.76952206407629,24.58752762507556,23.483688522505798,27.497955025522565
21.815270563565196,30.705770529804955,24.258705407987453,23.650029551704606,27.45944469232274
21.91243343332443,30.87964559925687,24.750624487071427,23.595741832758637,27.447765319922194
21.927959711973156,30.82037454801559,24.949503175296304,23.92264662492234,27.33944081281103
21.958188174448683,30.93214021579144,25.058265717496006,24.09954354548969,27.771799596438086
21.654520837035253,31.14102250953443,24.688084743943403,24.187278604870205,27.638540985055265
21.30638170907408,31.363785796931328,24.948845711431336,23.878406389902096,27.536804087434962
21.488088843719474,31.469396244562237,25.017636024013385,23.97750784073966,27.590372212987727
21.443658305480305,31.530598213103836,24.828481112711014,23.724319987410677,27.6476828424791
21.27569598712326,31.810197975547137,24.907229226453342,23.759582666226276,27.78740078462346
21.466692070833382,31.794882208260702,24.725740549339825,23.363602235764905,27.716236641753866
21.527045449881165,31.649666293856377,24.336684432184516,23.13510080191775,27.463166174660056
21.717996929110214,31.82705956360583,24.199760384890283,22.673913035114754,27.515621308876884
21.234660752200664,31.848090350735426,24.10688311308867,22.493520279804134,27.59592386268466
21.357920002187658,32.11462347076304,24.046320168770645,22.58432907293294,27.688524266848408
21.512655855476748,32.284166705624884,23.906458393059932,22.435889664441042,27.600182630088447
21.238483968663214,32.32654303784667,24.112296111249545,22.693081870921684,27.619671464060172
21.241580660117698,32.30898716246708,24.38360269323663,23.01347566838154,27.553365616721667
21.156895517561555,32.21658618138707,24.478231650427926,23.09657803055557,27.783297486777613
21.0416233726413,32.05604361639333,24.1257463119933,23.19574986560001,28.10982818946678
21.221590350428933,32.10003380522419,24.49448673794399,23.264535745926363,27.840444417705307
21.024285163912534,32.12597045208216,24.90321823577348,23.4878408879284,28.149822105085942
21.165486634223655,31.941287271066685,24.772546294569235,23.21239729040205,28.342486719381462
21.098517212663577,32.0563361854783,24.556291704219237,23.549447685499903,28.324518262357167
21.28103509598609,31.86974943898856,24.497844826738326,23.70407489257803,28.25438650501461
21.202690166158312,32.04854324826643,24.424054085447388,23.967771267489056,28.442690028232253
21.0413818851488,32.150611150558156,24.231953486844453,23.84453273833323,28.67119805118648
21.01137089922322,32.31480630015211,24.075626427179564,23.38768932725289,28.784506833674303
20.96156126480987,32.26800734495119,24.438450515960756,23.26068549591061,28.7772543843977
20.933314688243453,32.283741411498454,24.739773123826144,23.093346894946094,28.883855892035633
20.847785227388982,32.32154213871438,24.83654772383218,22.826256787799956,28.946852791340785
20.892520423280413,32.1473505431011,24.914599845051942,22.76506274518271,28.96043287076599
21.001644520148908,32.14947113440458,24.921665819709705,22.503956959857476,28.99212637203501
21.203566327724445,32.15426479954557,25.349585178843686,22.319514305627123,28.975238596548003
21.13076362257756,31.84652130507834,25.4049054806524,22.16034811787648,29.092043124915808
21.04030660726161,31.777017361066378,25.452374446052445,21.927537050384377,28.872879010749816
21.23083411457284,31.935601298202375,25.36355531287651,22.314919694488324,29.030947194160635
21.12126523628089,32.218224494813526,25.4686489011283,22.432142520459976,28.749283587437006
21.43252798000382,32.28032350582531,25.736982617065774,22.360626081658456,29.162164998979954
21.531280663751875,32.12703007833199,25.642491239332568,22.55033069544184,29.02362705359526
21.370040843663567,32.1731598009762,25.264941970914556,22.614407907610826,29.203997347635582
20.984160280459868,32.27202721482155,25.20934558287928,22.434518923822544,29.519550441136563
21.103601069951857,32.36889234894062,25.900809256604862,22.643538378437196,29.602294815020418
21.263676862259842,32.43249060525535,26.178936998079266,22.546788295118617,29.829314913990398
21.373824014677794,32.07494422934312,25.8270683735474,22.684388953710208,29.907145744251817
21.153169820157856,32.190749584055645,25.438816804565302,22.94649432557888,29.601945107877377
21.235381952443408,31.924956853402172,25.724396360104606,23.21259410639286,29.58172232505157
21.547417342188677,32.060238057072475,25.648597988051893,23.309859047424204,29.25598660361084
21.839399627014622,31.91467555231238,25.256517864376352,22.859890875833983,29.200267249205552
21.698923900001166,31.827416701344784,24.420233798179037,22.884269943191043,29.24936140653974
21.72254619508944,31.83457193883453,24.249785224232465,22.9977870035631,29.384131972300466
22.331485451651975,31.675900370350494,24.350435910176735,23.269281500563366,29.39934350783519
22.842776083882583,31.79722752034671,24.41937808078692,23.03932787897588,29.46165000348493
23.000962369441698,31.688966659643675,24.40275370355813,23.3509685730226,29.485708546925757
22.84068020764803,32.15734913881895,24.839715241575163,23.029323010171833,29.444989890336092
22.764543991116597,32.150262500737,24.786648212890633,23.12240073074423,29.516216509663238
22.913708899403247,32.259354917544634,24.91890820373879,22.692149516981424,29.67128879486682
22.619652553232985,32.11052732223703,24.922127152322926,22.547751078397766,29.637892046161664
22.583551166482625,32.16344465293573,24.788524565357708,22.443010684257285,29.53406395431649
22.578399968420666,32.22958726081238,25.031826939012884,22.419111384209565,29.31969430147547
22.430559209405573,32.38847740133573,24.807939352034104,22.20622213970285,29.12435756045661
22.472181592012703,32.62245685199467,24.82449552412001,22.1794105385012,29.08923619876837
22.527462618126304,32.92431146842118,24.488117823750173,21.9189974446568,29.284997578948918
22.483114026121356,32.925480803809286,24.489704150876566,22.083093920885858,29.163069623341386
22.560653551300355,32.89870370211348,24.32071066982406,22.075586794919463,29.147804802433114
22.604715829415653,32.85113768252158,24.211881440976583,22.165006174376867,29.281875232901996
22.60744607401271,32.89323071788621,24.37049314014383,22.40437432466903,29.480341213044884
22.409085169798438,32.689417223688736,24.24592304149967,22.64159423696378,29.32987770199044
22.690111658532917,32.632682972168496,24.195470248731652,22.472510147702533,29.46724403503206
22.76793807124963,32.425731598754986,23.85902493019746,22.23488031070188,29.576532039412978
22.923583580030922,32.400204149059526,23.605698123159854,22.178758473107536,29.412207563283797
22.5219010907142,32.44493543236184,23.635720304602927,21.975500026638326,29.17882997981704
22.53230586102764,32.806922194591166,23.863304075119807,22.132601983904337,29.02503571404703
22.77509471077787,32.66413850988556,23.918223230967744,22.464405877654357,29.16484947240474
22.943716903655705,32.513189006694276,23.86736673862589,22.638403063271912,29.332947114078603
22.82198433326508,32.30023852203241,23.358105348828957,22.565097867901223,29.217471510068904
23.126444885822227,32.36819108432181,23.4495506904674,22.538166620678133,29.360445486206316
23.19160874771353,32.414023309056475,23.058487650292115,22.06852033233994,29.177879752318297
23.166373650747545,32.70930601303064,22.93309149759794,21.92574213654343,29.212390645188094
23.370588542939817,32.51283295346518,22.7685629964387,22.064479457559095,29.29160973853431
23.767995989280408,32.71269173573798,22.8566417835422,21.9913829354013,29.415863226030456
24.339314390191866,32.78036941481581,22.938978667978215,22.21402724498781,29.56322357825697
24.391394425740458,32.60938561990534,22.60450883056515,22.47105142484408,29.43001565947156
24.63519112972354,32.66899993297948,22.72126056673337,22.34762624187173,29.59898827453109
24.34194045093065,32.378841553616105,22.920944262051712,22.234623787645713,29.82112955833178
24.009710719040285,32.65296023483878,22.561808333308363,22.462905268599584,29.517606005503996
24.029134995100094,32.51816969518446,22.631545056682086,22.440347753587425,29.54456949343316
23.597313154315298,32.66927343561948,22.662597043343382,22.655584991512526,29.777824373296024
23.455838362881153,33.11600672151842,22.874783688759628,22.840060432525448,29.796835044444773
23.526139086449557,33.25484806818132,23.41145518254021,22.82205107596356,29.900327868113
23.330036802489577,33.47857245338973,23.14618673305144,22.892137178494693,30.05837847375926
23.496572727330086,33.69345031645551,22.780652689481915,22.718025723305846,29.992966755386842
23.62622858211583,33.71037034095891,22.76359964054842,22.41911979658461,29.835181912446664
23.581729851065642,33.398829778651184,22.49061790843991,22.609432769532155,29.57538269413623
23.601496636308138,33.50967908560076,22.746522243550295,22.479562950886393,29.56895981820121
23.777599815132245,33.60860269920341,22.90380362637911,22.70368790241032,29.530902989217672
23.723616721790975,33.65452536960176,23.079185005536996,22.91631701551572,29.38750903583503
23.779156672585767,33.582441006111495,23.210353780012223,22.816474274167142,29.47209758651908
23.708167343365954,33.34553348461077,22.966842848788065,22.62660679887926,29.58104256043981
23.73685296274357,33.239292091473246,23.02746541695622,22.81911882708368,29.639392607109713
23.687434158802887,33.21409026014388,22.719407826390714,22.93390065253671,29.625824572365577
23.873672206958076,33.475637559551664,22.72321967820926,22.85853807155891,29.767953306729225
23.414426663670827,33.246738837725125,22.704955698736164,22.706656516346346,30.053796726532088
23.69527978398028,32.77411049537237,22.302834080450104,22.41222564559626,30.23338234937369
23.805183673222416,32.93885475621751,22.09372727063472,22.574194856126105,30.470836920060336
23.942454566955863,33.00715208843846,21.894481724371172,22.024936913490677,30.801740853327075
23.67518007134853,33.35217106390019,21.83496379532621,22.073501363320727,30.78431500507575
23.87555378624542,33.2789328927721,22.055696623752997,22.057897921328706,30.288858847074184
23.95505162276942,33.28106233531022,22.35998271777798,21.925437379412827,30.354252306269697
23.798296519165735,33.25652917751575,22.288401766577394,21.842472741635614,30.54800832536976
24.1187849836504,33.1591562028051,22.417995937309104,21.628682076634306,30.663922498951138
24.045785938058362,33.32770007074962,22.109686725516983,21.936135681319794,30.7978263644432
23.801243294116652,33.14452460973503,22.38364099713924,21.89495219684755,31.00178261404708
24.071775236917585,33.093227430212856,22.470836732987504,21.9396054214548,30.98912790673207
24.273003043647,33.05867884236162,22.605271081167675,22.014612372722738,30.899932720819113
24.546437333933884,33.29058466609,22.744986080755872,21.83513684117143,30.883582847865757
25.093149694768677,33.42021001058833,22.89760091140479,21.761521123171825,31.09542371605778
24.9607114719377,33.48563112858478,22.522547600981504,21.560087188114963,31.467729329902383
25.262642500314097,33.401720170687774,22.343632425875523,21.482938442288603,31.44294868644547
24.801371471373063,33.18066800559492,22.364940566329714,21.46192346128465,31.32409275274663
24.767831327810132,33.07525405892539,22.142366876570236,21.75872032511232,31.237503131514906
24.738188764113794,33.41086435607457,21.970816770438937,21.779761018317537,31.318279713796073
24.58942164575361,33.560508729217496,21.97531996697022,21.583866864558942,31.117620778473064
24.480435391581143,33.9121202353776,21.90425510899342,21.70247909327105,31.022315457166773
24.47282999569093,33.936300664402104,22.179485378484287,21.630268394272548,31.098155068459075
24.524077446303046,33.85035542944561,22.736479980754382,21.400966954726382,30.871102944169785
24.59053833636037,33.61714654543328,22.57960148214107,21.332503341810124,31.025614067501664
24.329235303787982,33.619671121384805,22.218307291944818,21.08919800832274,31.00035397211261
24.21477913123353,33.579030806434325,21.95615098993116,21.14937004151824,31.12343464844579
24.068438344166037,33.639750424394585,22.140796356792446,21.00475879819799,31.02125467244204
23.944951943088615,33.58106888277148,22.40090598990508,20.894479148003725,30.9493089121723
24.010202183073016,33.610720815387914,22.38954750758985,20.837254790313608,30.86905220853035
23.872309780851992,33.47800476466873,22.4749601512611,20.711287906939717,31.2209120298482
23.685347581429852,33.34061376426255,22.565859694078416,20.848424467305993,31.179434733572553
23.731735416074912,33.557810388416264,22.76432826775965,21.12671031771577,31.13047540323817
23.77694631706586,33.60447409615945,22.444857147854712,21.51940994543269,31.277928878333537
23.803125689008034,33.454300794922695,22.31047688368835,21.439013593902597,31.349066892321975
23.737688243297633,33.59363154469789,22.570195183120422,21.390263646415654,31.467737256854907
23.480167446417667,33.529148710720136,22.791842872116018,21.57274294127797,31.443786758901744
23.432402337661514,33.529607058649546,22.810533267820652,21.752253331891637,31.69250844749689
23.508644751529484,33.695167656863184,23.26405975847445,21.76715381865809,31.788805161070176
23.70855781724994,33.74634324014687,23.201744734855176,21.816411920661032,31.778565568997738
23.912779463776545,33.72668511132853,23.239885806561077,21.964289226612014,31.64883051830106
24.16480991299671,33.56610331269042,23.241868880596794,21.89815387333591,31.62894693629119
24.209285067974815,33.880330542841314,23.417400482029773,21.49094140157666,31.91114034059313
24.208600522334322,33.945879631432724,23.635380459526704,21.877124200655192,31.94352718886544
24.49708452565707,34.09783188513547,23.642690956540488,21.95611511923632,31.8480586081051
24.6641143234299,33.873403460658594,23.750368321032447,21.653779831835877,32.00881423838164
24.685249136456804,33.68607458173424,24.0778734958649,21.61053716860016,32.2590431431443
24.481280507465538,34.1851422797096,24.58678444831499,21.633323522360897,32.52029783578393
24.702651716374053,33.987121556645725,24.673717665232072,21.52196607556804,32.85394205024145
24.956775873969935,34.00400906676468,24.751739747632527,21.868854674340582,33.064229161532914
25.003659237360928,34.58649647718071,24.539214826825337,22.108835596510616,33.23635089175155
24.79268443196174,34.56933139163151,24.65851242184811,22.011346670745695,33.51892860320692
24.909356277865815,34.64788493739199,24.778555777216184,21.773841941033258,33.16891256211628
24.758306808003507,34.50695404111069,24.70204459900051,21.992715172397034,33.10290871623899
24.84123994200563,34.22540107163045,24.774678956226637,22.043040626546812,33.05609897466972
24.795478148893203,34.07221917605057,24.8448202706928,22.191065138680774,33.254447888469784
24.769147325143475,33.9438491434233,24.840820676988397,22.078951292360173,33.17860610186185
24.479904891925514,34.133791499489675,24.91697606040174,22.294534740390212,33.54876521852584
24.510315922003308,33.93905841559177,24.93417825030303,22.22314269358243,33.353144259725035
24.3068239326156,33.979022048128144,25.148427982282097,22.40021417379978,33.36702675359243
24.032216342471262,33.91843421940381,24.90835804037513,22.16750881330764,33.454988830905066
24.08569818322294,34.02886199235823,24.819845833324866,22.175199021824913,33.25571311592628
24.149076579794365,33.86603775213936,24.71548455166716,22.355913299537733,33.172449365800425
24.22220892230409,33.88148481376397,24.68648120011561,22.018774221881287,33.132538601139295
24.510356209001824,33.689041256817816,24.554116488449594,22.28698999076655,33.071632667629615
24.378087169584216,33.57407410631472,24.764385366548424,22.17151839968774,33.0947208222668
24.35624456487224,33.633198465873086,24.921004341902947,22.04395716107468,33.11396077067882
24.80522464342461,33.5401606903265,24.761800815414986,22.154721173498313,33.27940455980676
24.605133901605075,33.68238852059163,24.884436466311232,21.953391556257067,33.41367653898305
24.82009264340803,33.73760700759036,24.744202248475126,21.946575011937217,33.40349979166925
24.783507884534572,33.71537006288122,24.920051415209368,22.03116939146536,33.50640636925796
24.732203903800976,33.71431435840167,24.657792674488906,22.164442467157038,33.51619222417394
24.715838113653888,33.57111130718313,24.57758724674366,22.366161192207898,33.62254662064043
24.847853290444558,33.29630261437448,24.608284913786996,22.244021829815647,33.76876135811222
25.068055331033726,33.53135829366411,24.605376671401576,22.26648352527263,33.67624935971769
24.915743304547295,33.700603561600055,24.626378175240863,22.375587733677957,33.64090921281263
24.392626530631418,33.67163187833412,24.500729909555485,22.3016934123752,33.451401985641546
24.48162014345524,33.85260851468618,24.532487553797846,22.30168341509162,33.4930923993138
24.31632446186512,33.824212313067,24.755028839787037,22.56724908663936,33.27686693145062
24.171539224302116,33.8143538918101,24.67031109249256,22.518849240216976,33.119851225338785
24.080541476432323,33.72825140393487,24.62605772822001,22.720688620608133,33.177444497563314
24.41639986796747,33.72694597913575,24.341561495927667,22.75220224813654,33.397763650889914
24.3126779949179,33.75580445605067,24.53441743329601,22.979060716874482,33.49135481839644
24.2905057343073,33.88780447704209,24.549504380415577,23.125185715789694,33.84910054091306
24.269048190004742,33.99431595463703,24.69367790568936,22.842612582614496,34.0158206348748
24.274925120760123,34.0303097498801,24.1879293142597,22.741665184639228,34.44612158985649
24.625361432976028,33.77769059545952,23.982707014702623,22.741134901153583,34.41544775378119
24.55473913916561,33.83379597916153,23.919145974092377,22.966867444899563,34.626315418175146
24.53016484411555,33.68122667891109,23.81173565793265,23.02583762499022,34.7276458078629
24.681745894259393,33.61192865576387,23.833234213392803,23.048276884210896,34.69741739960751
24.603057830964815,33.40306916792079,24.068915339371863,23.006340256097484,34.60873036036275
24.960352633760106,33.28036904055354,24.120434468617987,22.539592265122067,34.82411054370924
24.714787984455782,33.410765841248434,24.04558143552066,22.720976899784798,34.83189855080007
24.679222891010202,33.24836954544681,23.760273135332543,22.61373857401887,34.815710026574784
24.691926813080947,33.22143000241086,23.346071008999573,22.802239881222256,34.57186697245981
24.6424060804861,33.075328507327875,23.298486023759523,22.756146233682912,34.4914353037003
24.8297104542404,32.821811038283556,23.249931034168974,22.816055104479293,34.80117824871396
25.071370788626954,32.69671287254499,23.532014082995254,22.82252966633334,35.105939677861926
25.15928329611389,32.635753687069126,23.7470304782312,22.467649620401627,34.77177173218982
25.320800115881894,32.503809156212284,24.249081554729496,22.54969757785236,34.985865341775884
25.3727363568591,32.54931117253915,24.72919525387481,22.79678921896866,35.08651558019343
25.51594594797909,32.84720526525012,24.629317709027177,22.978140986358454,34.978800373617645
25.483704355305917,32.74191531059824,24.784856384711667,23.110753761923043,34.70182704122971
25.540641150801232,32.743498941312076,24.797969766606137,23.389810367918006,34.82597498938206
25.366502412833547,32.94063028473666,24.78981478644183,23.56464707584456,35.05084028460454
25.316038783844743,32.47036270495433,25.02828137763102,23.489065911322584,35.01005996046791
25.5122372899541,32.4605683124848,24.616494832137498,23.42689890799158,34.79511244641473
25.34775750571586,32.52120664586673,24.458009739877273,23.231291947420342,34.886608543702515
25.203044921878387,32.41917838348451,24.602685032283457,23.238783844694897,34.87424553956841
24.900430829310974,32.35704300974292,24.924049019050923,23.269032827998426,34.83536932006447
25.064894252602823,32.47576883262051,24.690839976054672,23.49554317129489,34.969436442528796
24.84996338580618,32.552873227283655,24.579114443835387,23.401976767420603,35.033830007442695
24.536287339329924,32.525717821595926,24.735657960790913,23.429172422246108,35.0595290664268
24.44657246264515,32.68962855372565,24.89448490190615,23.564704327556157,35.02533898734109
24.569733719805274,32.76404448918798,24.62263024718469,23.386206049499123,35.03682000268229
24.284569194544318,32.589113489397555,24.632994745534205,23.453044509911386,35.42040185136485
24.09934776299762,32.533141375168086,24.6365514023374,23.360368123128822,35.438658921307365
24.153722479249,32.84376782078702,24.459647380715513,23.04921190094299,35.40891007793639
24.317457405037732,32.957363176262504,24.421693887734268,23.446384786755463,35.46311175733109
24.211910248908854,32.63921683369729,24.28434766627456,23.185224978844666,35.380371107198656
24.214338580505988,32.92609873230326,24.215000062299232,22.99833009358778,35.18839463709003
24.424459421344043,32.6934337296049,24.043301299931116,22.795014169515582,34.86202856392569
24.67622700240675,32.575172980759625,24.170076938570553,22.63250500534897,34.74918713871635
24.57590770697958,32.49138155677673,24.41965623837465,22.73563268831809,34.620848343718244
24.031560685457443,32.63573716320927,24.66280748161646,23.213315660286284,34.55533169436228
24.11280516940947,32.729847925699104,24.66506127416036,23.188026488438155,34.37815989024659
24.08149698821185,32.49194770789676,24.26762023733532,23.30407265887852,34.33784336205294
24.198523972362047,32.67932611801299,23.96790075727677,23.4217748278295,34.275992071688535
24.538698830383904,32.77100716787899,23.944633218236913,23.59980308957988,34.35046682983608
24.419396772841502,32.74265460949254,24.160982505545626,23.25082720730247,34.708706100847735
24.739001969100475,32.60868340525939,24.24667151328987,22.952414244785505,34.843669045273614
24.58744631414298,32.49345689720107,23.989844131991976,22.923742732663506,34.893856860726665
24.645262471718244,32.40672314798112,23.638427873095278,22.982522562519733,35.196397810486566
24.49551178218189,32.62008427251464,23.375632247508666,23.027160655669704,34.87902661458116
24.607691447400054,32.78439516895489,23.46768063348159,22.980735886416813,34.716212174290604
25.3484793104818,32.67177165063371,23.666444467013807,22.469163248584376,34.52556695461524
25.416551172757348,32.429807690544465,23.69952714229213,22.30588311724579,34.585671422700344
25.011396588118323,32.21382995798565,23.940072442260846,22.2846395138648,34.68374652080905
24.708915317822918,32.43914625774785,24.01598640225784,22.56964174913484,34.64911228674638
24.518302173919185,32.56654572145053,23.78399688402907,22.490297468892514,34.503358195331366
24.39115056457111,32.26017825844181,23.968000150688663,22.142631214471738,34.73793102962085
24.283271241751518,32.21294812290866,23.674437394480616,21.897440383780825,35.00498477640062
24.184470031476746,31.94404021983364,23.514585122322075,21.949916831138864,35.22125731304419
24.312229532803702,31.763733554947795,23.560636228517236,22.133890040054165,35.238281075274855
24.00300600479679,31.392848583587057,23.171222766448945,21.951173135178557,35.24761876056048
23.892826487468092,31.52905974796319,23.09217599589983,21.815597786546217,35.42280053423634
23.448576485846896,31.384638056845883,23.347134661964553,22.161686550166564,35.35990181899983
23.500088709520966,31.36108613317224,23.33983245713429,22.21536886239989,35.53559690077255
23.59806676033396,31.115275180769164,23.206131377311497,22.203843506942864,35.57114519999393
23.680676690964038,31.008964578306045,23.116454631766235,22.559673514917378,35.88503568149207
23.59336133108073,31.110769379848865,23.057289656549404,22.514350903665154,36.131109052917445
23.814959455401006,31.11033703026659,22.664350294129182,22.41688924395399,35.75153529436771
24.005004215879616,31.289403788911077,22.870434291283043,22.060728904996857,35.66309938550086
24.139645041439252,31.05163932458184,22.76875930515801,22.155671839979576,35.51033682611573
24.12759013573184,31.26190503726568,22.578934972205158,22.544234607915392,35.327115382124866
24.028447385305626,31.13790270498338,22.81319134899515,22.78180590532302,35.29545049703472
24.127443076740363,31.190245851038817,23.464242305019937,22.803958915050814,35.19562155715695
24.017032584794947,31.477834953042976,23.49340842858337,22.894081978129595,35.18591320421808
23.89505756053162,31.426880946451938,23.313755820942433,23.12195162065801,35.19615541260895
23.83853419625582,31.288247462498735,23.249044140688202,22.965408126631974,35.376678123482044
23.833319045460467,31.13628099471798,23.106372742808954,22.834606740429376,34.7914369886089
23.759168221560337,31.389450676970124,22.864633621556486,22.721822864479122,34.58595915727521
23.920614874067102,31.116825278895025,22.89577365367072,22.56751877870986,34.5987306227252
24.01338860017713,31.098602569884296,22.89992230055924,22.773790691426832,34.58244666345736
23.828822834030063,30.98887888431851,23.01249521717819,22.705901944135515,34.579664505274295
23.793932530790805,31.005171193858782,23.305915843981232,22.892106274683123,34.461185886554084
23.84369378180426,31.11738522375656,23.37454156246634,23.048352591236117,34.03020512348071
24.384779855092766,31.03965282272995,23.338625613183357,23.06934080853838,34.03938948890455
24.480182688366718,30.832329478630466,23.16861964151952,23.15706786492063,34.5022628981184
24.48905895508674,31.05419116668955,23.15366504454341,23.417160894382057,34.59217806371448
24.277114825042606,31.14725066085249,23.561280219953442,23.442910727408385,35.34922561699128
24.442449863635463,31.421244547642353,23.759021253445823,23.36001331867862,35.32096613107291
24.383333155083417,31.535368073869314,23.79285242552573,23.285912857605645,35.142470965883305
24.494465865605857,31.63808057687441,23.19932967859285,23.348846618290654,35.40518433777372
24.592629837309918,31.747136641722765,23.051202539971015,23.716785284860194,35.266846494997154
24.848495431730214,31.616534044412695,23.026044148687244,23.57195138206265,35.382247233431976
25.151575302522964,31.563770947264107,22.823830222495225,23.596789965719662,35.686430474190956
25.423697161432955,31.858654431201426,22.736567960727683,23.614994674242393,35.57771354177498
25.484746844137437,31.754717398796117,22.76577862352909,23.75609715174611,35.51494622109702
25.46411928957989,31.742754751364192,22.663446817622717,23.788866810821535,35.5693005295787
25.016171156816892,31.786549134795695,22.555537731992928,23.81700368378823,35.66339264920728
25.032708915021562,31.747445936750772,22.91329983097974,23.822441052027656,35.55854486698032
24.757407781774877,31.6743500316799,22.734273865660484,23.94518383323123,35.43948430983059
24.88870867068959,31.664477659448234,23.082200028849158,24.09385057645481,35.29018495148775
25.04084244116769,31.466826672120376,23.068114759476337,24.015082418624193,35.17230975556939
25.212840769367496,31.596219341843913,23.319324103446082,23.772168805868244,35.128077229088646
25.179603300606328,31.81828036419211,23.334748661018466,23.944166779271644,34.80133880096638
24.98276583082001,31.79120790533551,23.068333737248132,23.710467260152402,34.70744900817324
25.046058671097512,31.748416305399047,23.06628904737491,23.61983085351475,34.79739137513696
24.804783254922746,31.729245589714427,23.495554445690505,23.363740254601108,34.36467943666294
24.83832478320966,31.49442938681463,23.604607497613372,23.68053418595004,34.24757794941191
24.47153148571848,31.26886037357908,23.731998243304087,23.762213229866035,34.2153149921251
24.378119821690316,31.125342790230846,23.604301997582283,23.60992652334525,34.263022584333896
24.33182990897874,31.112896304772335,23.595381504910826,23.388324154458875,34.35670256791548
24.527529888699735,31.081605273156928,23.276485967479594,23.43482691673194,34.41061739186264
24.594088911865256,30.82200060689274,23.45335563414771,23.2644405710565,34.675305225958404
24.5876132488319,30.89624992008158,23.60446501500616,23.2880418831075,34.49211971104391
24.59907590113281,30.75615793741415,23.28697513523431,23.182051624947427,34.642171185080635
24.739589630170364,30.697434079539235,23.182134528895087,22.965328983580793,34.625784825824056
24.72773938231216,30.540817791477888,23.11968544335553,22.840233739857258,35.011710213808854
24.328236923510595,30.750859801606182,23.123356741787305,22.78156149524796,35.072312030867046
24.254132602230374,30.73527800013797,23.18481861096406,22.996916757150053,35.02127043185537
24.38583671822829,30.622281264207018,23.288942934356687,22.98024493085708,34.87584605071522
24.51954726552761,30.962336292880845,23.131701774194163,22.695719269025115,34.86995495001805
24.308866845797162,30.77716187546192,23.168292688579264,22.768689928727603,34.83098245959368
24.40173327928405,30.887544381815406,23.243631364351987,22.856624560105875,34.96935171551335
24.3189554219358,30.86779738805751,23.23566831482627,22.682069606817386,35.08585595294445
24.376078870569952,30.840498837585027,23.39816876775752,22.854630673882127,35.27636546080197
24.36465653564666,30.967816193767145,23.39296913388015,22.696469233169346,35.29864951752737
24.218166822742766,30.864176044178823,23.58203697738368,22.908260437059685,35.392178913495904
24.323679767763768,30.82263156974652,23.384673001716585,22.659005648740667,35.45980832378333
24.442592785775624,30.69333421426377,23.538700774978913,22.379344685007908,35.27061987371553
24.67972212150085,30.424819713061332,23.546529698057842,22.444251832990332,35.257198544614766
24.551762510018555,30.511079836172918,23.39918780912448,22.74896825079816,35.14184945724182
24.514451750954073,30.751191512266292,23.067289077952985,22.41322338783079,35.473035881165124
24.640969444783003,30.421585684313627,23.172526311333787,22.41998967900536,35.443849707535314
24.590021461969304,30.44478521743644,23.650198224446534,22.258305142739825,35.382576931524575
24.798270454712938,30.419838094297756,23.698046910592087,22.769749378845052,35.54915183462179
25.117726971292946,30.549315219917784,23.30206795540054,22.575340171470934,35.26129986899068
25.103059313429107,30.428745154747833,23.22126273647466,22.271927506140536,35.36763087912735
24.933461621169133,30.730645142580926,23.303128353846112,22.384158105517294,35.37824631297377
24.86889794791094,30.49771361458555,23.132679408486833,22.56281123992816,35.599853800144395
24.698942550612955,30.292491346107646,23.149883560598287,22.42212642010744,35.47546358151293
24.81576260963437,30.47542793250324,23.011414995134235,22.38629903317851,35.371926705372786
25.174677293382807,30.459038115676705,22.923746971935483,22.584197584595692,35.488400084640695
25.30191658896763,30.6078477844291,22.630016298454272,22.695198555087288,35.43685109087618
25.10931030681757,30.474669170032517,22.68825919690102,22.49865053296432,35.38761807023601
25.226463360457206,30.578962449281654,22.80777398736116,22.543747439771412,35.16546654933834
24.995539889400735,30.830389165215372,23.11457203691113,22.52880650647593,35.058620819709844
24.92402187176972,30.818179187069664,22.991107733416808,22.45934011015706,35.023344324557
24.74877884539707,30.70611262747511,23.18767974304964,22.52753732517166,35.14516923645297
24.367329308064953,30.81173926729671,23.24879861761536,22.669269041364636,34.99188701027495
24.14498654120279,30.830746764451117,23.04597615132531,22.744842793694268,35.083932905664504
24.25926924957218,30.62500389679706,23.105758597796463,22.79411334805837,34.96535848148523
23.958892872964743,30.502949433694603,23.33831965278325,22.909661854222705,34.97839006943239
23.755715637460415,30.812084173104587,23.635872929371175,23.069277810137134,34.96716356756088
23.725318877558646,30.697218228898972,23.661655495863954,23.214320400701354,34.99048271292211
23.594909339060568,31.0072570342416,23.560231630184852,23.179479426985814,35.131539295857856
23.951587112776103,31.154079798638755,23.507233625285156,23.48615190101743,35.138359167961426
23.65222179006701,31.162974363722178,23.590648977417835,23.57012326356584,35.0845697642247
23.52182715527081,31.314711959127983,23.7093897109881,23.731307217555596,35.47326846450256
23.652878776865574,31.42403778085457,23.816995275772264,23.466828380222136,35.36415236893701
23.829834284581544,31.474639758921683,23.88262446354353,23.542393081075407,34.82796569360424
24.03885278132404,31.518784398110014,23.824924239129867,23.494892762912716,34.527886944042535
23.941405424306204,31.58069276618916,23.872608606880014,23.700893201022524,34.484750545331686
24.00924562075543,31.48036096503838,24.026687305130867,23.764209640212663,34.64405012227035
24.056653840620125,31.374716863352145,24.024015720103193,23.472491668441695,34.75799148916934
23.906278342153588,31.662070768907917,23.95095686824157,23.60513954763186,35.095704475551855
23.824660684350327,31.55481048711256,23.793410780660462,23.579634025521425,35.263114117481166
24.139569948558552,31.449981380111122,23.790562315387618,23.479423520303847,35.4123404673531
24.215519684470436,31.27052965828664,23.932085245768995,23.606999301169633,35.655565173747014
24.065794994605906,31.227397450876722,23.91382840764656,23.40543341678642,35.46776265904067
23.96235960895043,31.037042391908034,23.877083698704148,23.302636461346815,35.62296852346012
23.70782295083589,30.82373828557349,23.883964538578464,23.359669512209866,35.89416777278076
23.82188948049123,30.869503970691255,24.126673347483475,23.520815969018646,36.35200474110105
24.2709315118199,30.83685277403931,24.007224503816932,23.662017570251642,36.31654272276966
24.503571931871168,30.78164792748402,24.168437666642195,23.488403716394444,36.51935837936892
24.407363291913985,30.86832425644597,24.242381476448628,23.7147287977953,36.53971113375611
24.346788522555183,30.906136358127604,24.18703667202685,23.814715790275287,36.64669036476138
24.669504344454257,31.164643913732313,24.266112261591196,23.772775672205494,36.9301930694925
24.912963700254394,31.400679394170833,24.280209519149334,24.074213146920474,36.98517537336545
25.017101247768434,31.578256853856285,24.361249284561712,24.218146918410408,36.75596242303679
24.711683166257117,31.637887920279244,24.701631702590454,24.366506478968976,37.10642499051057
24.502039499757565,31.613018619688713,24.474628830681013,24.14765763305164,37.051477334435134
24.38499626141421,31.830460367480633,24.64611841285938,24.622430338245117,36.92300337247008
24.24834745266843,31.760973512186546,24.26741127984784,24.80507548666058,36.63147270557802
24.079164428807452,32.02838875199242,24.356631045117616,24.916585360121612,36.62306886949933
23.948698622605157,32.137314798921764,24.3471559537091,25.053664817455385,36.87160218330688
23.858486468452067,32.28512029221244,24.663574515791055,25.204717816703294,36.881329198719634
24.046187209353665,32.163059142615786,24.634123043081523,25.665749129637653,37.01908905482473
24.109781609662093,32.185971324662226,24.75930237113373,25.582471019094747,37.142790911608095
24.136099074392686,32.38887531440932,24.640092629081053,25.341822750682745,36.94245114191921
24.095829817630143,32.3381004509085,24.886886767558206,25.212751468568175,36.45666538160563
23.696263709207,32.116367074508545,25.377939147896473,25.26128322085379,36.40072764001243
23.494227709782475,31.99762295077853,25.123609821541248,25.114709704941458,36.24791147440005
23.210377689346632,32.01507403622554,25.247937976879193,25.05234991715759,36.22185321459315
23.10734757988406,32.158699684931555,24.88451779988723,24.772221328560924,36.28765814937795
22.91365371700791,31.93965967892747,24.75407968047006,24.721261942017424,36.11957039756449
23.447862814119993,31.946015804839984,25.010091279437844,24.86638936276647,36.07757655140345
23.58469737078929,32.00089091952187,24.992002896229277,25.054202485748355,36.198973827006796
23.571861546803657,31.98603641304534,24.894371623865325,24.949251730415078,36.21905635879332
23.738847042337976,31.95655739201242,25.003144078550857,24.619507805874598,36.30914635628487
23.828731783172675,31.765438910051234,25.151268270625163,24.354174845266126,36.37586542508774
23.91453487008065,31.738829390794052,25.071982804916814,24.3924464129024,36.33376312340895
23.992726446373165,31.765002873010168,25.060662175148725,24.46982646798501,36.35382864732827
23.76250209186036,31.662229832218088,25.12550372413628,24.669018225135925,36.56788722720772
23.605957308471332,31.410819255931422,25.267249083979358,24.967714520315862,36.63860775541882
23.411898331751672,31.242980476031352,25.370557156171802,25.242835150919014,36.49597490303762
23.480934836785707,31.29576148208469,25.285423595925828,25.739345997082324,36.24407298793265
23.604396957172227,31.4562277753696,25.43228522973283,25.622401976357633,36.44904049095154
23.528056876956892,31.56744577802132,25.242244024909944,25.59967386234666,36.24265496714055
23.474519149514865,31.802280440735352,25.223592597391583,25.268559787085813,36.30540979394849
23.50840300054221,31.55524426428385,25.042343439669686,25.442774303563986,36.382450609187806
23.559114753395274,31.297644423597312,25.516540222685425,25.08128197531871,36.322764450635816
23.25645364173856,31.378372322388188,25.680285671302318,25.002843037667496,36.27712681489853
23.119068763444222,31.41235595419776,25.39382560797509,25.091038852992316,36.12185670839752
22.92271197247271,31.4765517424095,25.40602413679844,24.767704310243023,36.26130749674555
22.72481471721203,31.634770725308265,25.538511505501035,24.722831319895455,36.42345916783618
22.89993688305737,31.560282868258213,25.422594451804624,24.6266011684523,36.22565944603739
22.8983451254768,31.574927137620517,25.589484703622304,24.53883657238076,36.324268529031094
22.597504121543963,31.60009823982176,25.570287374536093,24.51794646248676,36.16028619993189
22.44102486050689,31.605607006765027,25.313734168494335,24.362089423255817,36.26705748892269
22.132298903561736,31.549326760687578,25.249717610714104,24.44831819424205,36.227345354109616
22.01310484822857,31.639442973845096,25.526308331401562,24.275519944875033,36.14541836444553
21.935118935643263,31.323507285103453,25.840722128090416,24.40257567873028,36.15106439592442
21.82368837348458,31.16920546040083,26.104873775447604,24.359361296771688,36.16080948051323
21.89895595764924,31.104475624010007,26.10839873488782,24.458615574360078,36.12001610633729
21.968295214482097,31.283270734477913,25.791502546425615,24.245579555057997,36.27426300574741
22.146814938146566,31.40960877579085,25.6624549326365,24.233739062303812,36.09933517688408
22.463533024256254,31.352439906667723,25.72740855020171,24.148685915561938,35.85868799863403
22.53528380149835,31.242091193140837,25.891490373932847,24.544820383928084,36.03681222904784
22.582197925191974,31.311415429649685,25.988250659489957,24.18934150046597,36.27514432795035
22.290151717626596,31.361925354494016,26.023918169136515,24.448746539686493,36.449182426938584
22.093054577930282,31.13195178253912,26.52363292707871,24.440721526039937,36.45848241608239
21.798684698211073,31.218669773613197,26.46737076618909,24.56606017534864,36.59496168173471
21.66422632714249,31.263878141464062,26.11923803725328,24.3319824997765,36.55479483351435
21.823577717870766,31.333997787389222,25.755277280216575,24.48243319258144,36.85470308430573
21.731872891081533,31.085314956086783,25.8428313869569,24.612204870036397,36.96356167069619
21.412466274132882,31.22659363931108,25.789179037780183,24.611672716995685,36.96917415424247
21.323080603977758,31.01320161709411,26.093109811246478,24.750440940399987,37.17510908417389
21.533240964948696,31.10201429176709,26.144941611916792,24.52575913400991,36.918811538752735
21.548889693694772,31.149020186073777,26.229521738051684,24.515664965548407,36.84077395749835
21.461994443075085,31.140675756526246,26.359625673166523,24.409909213021685,37.14381689328952
21.367311569108157,31.07088463460402,26.520190851974156,24.24486463159482,37.16663017717284
21.180531715583452,31.319224874754283,26.518603488812634,24.238825387818626,37.3677543092034
20.96329741122697,31.16118434474213,26.946680570699666,23.97379271428577,37.34193810090101
20.949985764597187,31.199156005046092,26.828616120472265,23.911009764451773,37.33542928648788
20.81002552762817,30.987392808794713,27.094016330226307,23.717643274193705,37.15956318665875
20.68071760735444,31.15189462313661,27.305514681338504,23.431991827764914,37.16951337830284
20.896241225574098,31.250476617945125,27.14660724104981,23.244601318939633,37.3842285278971
21.072839484340836,31.510851185880234,27.206749213600542,23.341364008431707,37.408535838111646
20.909917978591096,31.559770228360325,27.207702527971602,23.31723510547189,37.30908583346156
20.8060377765043,31.572010185620897,27.579704139060162,23.465888104491164,37.29270639321436
20.671188155968125,31.462078610727858,27.451401735268902,23.620136411775572,37.375427521348804
20.754060059057775,31.578599934353253,27.74500175618118,23.58407811157632,37.57914064128106
20.990292199863866,31.352309639909198,27.54968084356232,23.529402568315284,38.03199624310718
21.05855574008598,31.43279149510027,27.495532243980602,23.106004636562346,38.03187742100693
20.961832625375372,31.4683984507602,27.54828000795166,23.183984872706873,38.113828051072964
21.196439554130585,31.48726664051138,27.54611718319386,23.410289623299967,38.06503061685818
21.091977012496134,31.52842661082924,27.448706222169275,23.286302486714323,38.291409636220386
21.27491633722058,31.329954052220014,27.39296518148028,23.290722060145228,38.21613330939048
21.09646473532763,31.239239203718665,27.257205714358577,23.647606625038765,38.369137159313176
21.050296647532484,31.29281153159512,27.476950282809224,23.515815375379805,38.43340724409418
20.72776414645553,31.8994398216801,27.83656540455865,23.32368185882153,38.556078375051584
20.688086787619262,31.912532550895733,27.843519368534736,23.415408112513354,38.79268073198275
20.652078364392278,31.697707853478157,28.063347139536372,23.554633633357046,39.005252578596284
21.002538428812223,31.60963650213545,28.281527808450345,23.776026327215767,39.03987247002077
21.08522597369919,31.437283015013044,28.213385864576964,23.683562053063532,39.31099321288543
20.91742753327727,31.511032594695845,28.48016971644694,23.41634622050349,39.8001706848744
20.948891929195177,31.61308724673598,28.821705154417913,23.638965149887014,40.17309198214485
20.759460528668164,31.551609621814904,29.23906142186514,23.435515914447315,40.43140539496194
20.827449538250143,31.3751145225074,29.018161036314112,23.551385643571777,40.30973393079366
20.615034678953574,31.452020177365927,28.616655140377325,23.390108886175362,40.29540046645551
20.821994046138723,31.542941459588903,28.61762022276274,23.11202660044975,40.20536193390402
20.723625053185092,31.499615534875982,28.574967669096097,23.219916004133914,40.17757115225544
20.45133633366197,31.54606462972478,28.33828027982822,23.420664125627244,40.081574120041154
20.270308481438875,31.58464803987442,28.458742543631033,23.1931349710958,40.267385821799664
20.331435471098864,31.546181017582715,28.45847076488355,23.163808798853513,40.124461536164596
20.330522652457407,31.57105694280619,28.270438474408,22.902411067817905,39.84290813781931
20.330550054013244,31.4666940331905,28.09061839111036,22.892034848056465,39.69466716522403
20.339762708194318,31.592835013428772,27.89478311334522,22.974478307499446,39.57832467394975
20.64314526934119,31.689699696174497,27.99284273684994,22.871500339467723,39.637813950406915
20.52973500574245,31.669663108304313,27.24615821234103,22.762761541015035,39.640128873945706
20.404713899157194,31.530040678165,27.18793408283307,22.826456742895633,39.76473277637489
20.22955115138327,31.58666114355795,27.336319823638288,23.05022930094125,39.843296061699
20.51892307619516,31.293890274650874,27.187712642947762,23.209030576628102,39.728986902656224
20.4038330283857,31.462569573379533,27.24313815604213,23.395793322188563,39.60249259970757
20.522746070805717,31.61397756346584,27.02593354327524,23.58655133425237,39.32443548788989
20.59230911868451,31.20946857593967,27.07761051333859,23.844539085059935,39.37695288573199
20.586423201793266,31.210128028269285,26.61903385037512,23.935188147164354,39.50983309967093
20.489776609705398,31.31022575729578,26.45224444292884,23.489162481809778,39.40665494676539
20.308563972596165,31.401718595709127,26.847306293261056,23.315126975362553,39.28733101943124
20.44606945914103,31.57239052138633,26.945720745766145,23.307058087922066,39.000410417704
20.528196754472948,31.45030424037992,26.66013820570857,23.086989958046576,38.74539487140861
20.368676187312527,31.503020382345436,26.65973320887966,23.102436613372248,39.19336526793335
20.271407180554004,31.665367404152175,26.41723721228316,23.110921697261265,39.09781794810522
20.28290091365531,31.714556869190098,26.768118468084342,23.138852435214265,38.94771407976208
20.520814071074128,31.593384405388562,26.954847551303082,23.331695147551674,39.05166491384654
20.291172290368237,31.534652975067523,26.765257869963026,23.036473868868907,39.097027275382
20.419877699293743,31.39882456207919,26.81019220841524,22.76670405754462,39.142495670131886
20.47769832425601,31.322304846534784,26.688025472507984,23.192499175368408,39.03439233782439
21.00157280817038,31.550142577861543,26.622599879366895,23.370710273344937,39.34850341144695
20.85136776999795,31.400801471125448,26.800848136454483,23.51867449692149,39.60862289480922
20.923440041164255,31.416579589986114,26.48282822416953,23.38892004885258,39.866958096168624
20.79804691759496,31.083086338995564,26.071464961611092,23.325307789166047,40.25751621792617
20.7908291503753,30.909750530299412,25.965868983776378,23.24336388097737,40.42427999497725
20.848396831006355,30.92721289079413,25.739651364945416,23.10636785494505,40.27667638179268
20.900979664297115,30.962356254889535,25.82861747780524,23.129578598232218,40.35541162311838
21.196867029365606,30.941634111261656,26.419140439012022,23.17186073143413,40.49257063405817
20.898175918085432,31.01583668313835,26.646839459219766,23.514549893567253,40.67586623891292
20.68024422245876,31.23017259710191,26.78710164440401,23.464578980082276,40.616025942002366
20.718644608180817,31.211475549316514,27.181368090357363,23.4814547397531,40.5617854383946
20.628569154871105,31.461653600661432,27.25605392685002,23.21295573414962,40.66334843447733
20.61391942170559,31.132129102851128,27.434068134790486,23.126706747133227,40.18211267260477
20.425116865147146,31.179520583925434,27.33178992181344,23.038557464392674,39.86576423197301
20.25747869973239,30.89470935253119,27.37571721590172,23.48794147315421,39.8833572620394
20.388976177704176,31.020065327535715,27.504202567341174,23.59510794257473,40.27861296886477
20.241131334435387,31.00929347172159,27.824319709246122,23.334107466383703,40.22860025655267
20.124542255021634,30.987055286498244,28.252516646996884,23.308665282982435,40.21210193172548
20.025735791852224,30.843087713622978,28.29255853709528,23.288004831937812,40.222026044826194
19.815270942304036,30.90713514857435,27.959339754389518,23.370746143061844,40.51910314675088
19.907654468240246,30.906235345664104,28.159953243914615,23.54180759453059,40.32764987344208
19.839464746704703,30.808304066581275,28.188180579962932,23.476529328665777,40.396649708973285
19.90128744341665,30.413010244270122,27.973963060812338,23.265353951510143,40.38574538169627
19.792639599022145,30.530240917136705,27.760365486039785,23.115560626798896,40.11970540474286
19.71362037524754,30.654170829624316,27.457627787898854,23.145627538474443,40.224809532943674
19.493487678079955,30.6350589808314,27.47034998796437,22.77114019532628,40.520168359473296
19.62421803294261,30.745255825562563,27.371098186234462,22.829005252345606,40.46518567255338
19.698669254102448,30.779489902137566,27.19662813579476,22.80285743334601,40.22629027720709
19.63246751770535,30.852022077772546,27.070983594995226,22.847394228653798,40.19219082920316
19.612465435776755,30.84361525122264,27.133009509327955,22.87701931566605,40.02819102833654
19.600579140239635,30.891468752042265,27.155510191093523,22.863579522451825,39.77021446451287
19.73447139862045,30.993770967435946,27.226734914066284,22.984001396044032,39.78867825870448
19.933931264280286,30.8543097006512,27.330020712158287,22.973228178746318,39.668446685648505
20.015461125951056,30.942502874016398,27.692094881972878,23.261814346708228,39.646688424166044
20.273885449923192,30.710663444475717,27.73742942037448,23.103216863806583,39.340783587295014
20.474546921893452,30.687059787155995,27.804066980722304,23.12844946017169,39.330682922679486
20.498311476103748,30.54544452686392,27.896911822609702,23.237718903399184,39.33770763547778
20.618113313159835,30.529609561178177,27.7885028220792,23.150752433001752,38.927683922779934
20.805048274507087,30.73906792691408,27.97847889722229,23.332321125037886,38.87999575623457
20.778143807391096,30.91449955621844,27.66410230411417,23.333475919772546,38.702498966676174
20.697735326587786,30.954829790730898,27.601173810725943,23.323551157737,38.66900354879781
20.338138676704485,31.03499734536362,27.587170203204305,23.370445178626223,38.680539265884214
20.744202567914808,30.920390043809242,27.659197746760597,23.588509535714152,38.7639745534092
20.835868932890268,31.18333115847325,27.89853456891921,23.701207112035632,38.425872318916234
20.676011558085698,31.18493682714544,28.037264504791267,23.87067168847128,38.22932372007962
20.681932973445566,31.275412312411397,27.6375205619708,23.873350300048873,38.04368323744489
20.49280468308941,31.184043677763043,27.901510350611968,24.003340721909062,37.86951025683043
20.629504644795457,31.302017857028996,28.075190994653422,23.931078732180342,37.595424837732665
20.934900644831547,31.501535717550517,27.882670448395018,24.198490419924585,37.73689448282235
20.811288696167903,31.34285689588059,27.696329941311845,24.20362205160375,37.668048954740904
20.95534326667777,31.48410738498736,27.511970553560914,24.285394726980577,37.63582498113421
20.890905046686626,31.376196060796545,27.617670803558863,24.15351130937601,37.30929744287235
20.975786765914815,31.402398845077677,27.288376998972822,23.744111585597892,37.30537235583227
21.082148472981824,31.451331084702023,27.215142702033294,23.893563433256336,37.10666351872203
21.335506842265954,31.286671506170673,27.02634104131318,24.04746427946786,37.39970954111863
21.273119244298865,31.384733684815387,27.176546412304145,23.794474980836295,37.52190342097607
21.05899881526128,31.237901135030587,27.055607770860394,23.989597323851974,37.464942706310225
21.14195602595995,31.000329405078332,26.6978943175197,24.063318082742008,37.82389695173706
21.010682892478723,31.087992268337032,26.663501110729815,23.970296447596535,38.07459740081907
20.829517334522528,30.999685108086982,26.53804845188353,24.019418551456297,37.85065920955158
20.815744885226934,31.08941769772569,25.975737399410654,24.09788264740485,37.954325488668474
20.68351917331653,31.18432053106489,25.848003207099662,24.09055837541032,37.694739023868536
20.639425633377623,31.090119395234606,25.928605436748537,24.02344176927938,37.41431857289326
20.456383941291843,31.165454506481026,25.883899319362552,23.80792237735385,37.25903889395433
20.709254707573983,31.07513924089192,25.8423106729214,23.97496082707662,37.29532625218733
20.66596598912433,31.15708689411852,25.664946817283735,23.99956284468755,37.178419942595276
20.81301494846761,31.166012949547145,26.000555137954816,24.284137875711753,37.23666012558262
20.818650776953838,31.287637691516043,26.356302084461312,24.325413828684642,37.45106673653643
20.72910946047803,31.263959723926458,26.091352641027218,24.046210074092052,37.75399572477897
20.884020722254668,31.242645695208846,26.18092340706722,24.100137045994913,37.74792026047546
20.673384986525082,31.56268533600548,25.968190329904136,24.32253969034692,37.765965434121135
20.579765447368537,31.275793729376026,26.19840347756485,24.278521630943068,37.581203319309346
20.688017223384644,31.527363277315857,26.226459521321075,24.202933541111772,37.56879680914803
20.66045396553236,31.34696207861149,26.311115377583455,23.954308671409972,37.45165345458895
20.79400889130381,31.553663570200953,26.303154636755977,24.04078211593652,37.55791777919909
20.62373543222912,31.48811651570301,26.421461015240517,24.178895897627598,37.60133438220005
20.588558324483895,31.451123401830145,26.17360543590015,24.324237305443642,37.7357941584364
20.861393925487512,31.258068797145903,26.258722596106296,24.390988227522865,37.72240645771266
20.714096222473867,31.33997866155997,26.34036568284144,24.36969109861952,37.533160369327035
20.89678066376741,31.024325941890673,26.119802194662817,24.309047997691454,37.43924004278904
21.187320770776186,31.164847143682554,26.202401581800785,24.310718773161778,37.15484992035722
21.228189693971366,31.126706977348928,26.37858218238723,24.255101805937986,37.17384163523542
21.06767268704401,31.063099694516676,26.808895679453524,23.921370905056172,37.3185347002667
20.95792746887275,30.949442419330854,27.21281141907861,23.889151345944423,37.178720302350186
21.046261626585668,30.87145156802633,27.633521380841145,23.79895501944842,37.223138882057206
21.031439502529867,30.858886284584006,27.702479348145573,23.70246890862997,37.38499093206589
21.070180751210685,30.86467254267163,27.83611264659024,23.69627054577292,37.47362793444177
21.21748413730072,31.031428014989746,27.786525288097426,24.059949004785278,37.42528998776205
21.214921385266653,31.303202585267563,27.78449029535574,24.306103839380643,37.2354991020491
21.461261931547735,31.254892210316065,27.747194677435388,23.962639043448313,37.3963735175531
21.714830041402347,31.069523738643028,28.284189162577082,23.98383143481802,37.508656772233635
21.7959104891735,30.963501494233956,28.141184401375103,23.903324058743863,37.1738746658752
21.442185182944478,30.8415353928581,28.12118496966081,23.730453919806635,37.33870104759177
21.5454665716824,30.970424635281034,27.703789307807593,23.692334857350573,37.625499930341455
21.64963094574178,30.80227575274272,27.8148825128671,23.591871930087226,37.59107809006636
21.681726481398016,30.82569090137256,27.89288908322176,23.422494723173884,37.35172562546684
21.544147175708655,30.9366522129127,27.998222991563914,23.55519692461426,37.2925151945294
21.71462579742139,31.050979892373608,27.894297054618693,23.31426403029706,37.44761652812937
21.766919198527145,31.19245598814271,27.52135940023245,23.116907529061436,37.58945392074769
21.865141071020282,30.99653048058777,27.548478085124852,23.189351941190427,37.41261537923788
21.7522131069737,31.188982646960305,27.60544166097185,22.846344076338124,37.392842302933765
21.78581784775646,31.168869987109318,27.631969917479214,23.02458151696883,37.13118969411572
21.829257314425234,31.046196298777275,27.368332960297117,23.020800036480896,37.28375850744244
21.767653254115626,30.76748552554641,27.477537801612705,22.941045163767953,37.26206584949487
21.80968656331635,30.867699133848213,26.943857085171523,22.83888620267407,37.08735275357191
21.679565764652825,30.86215813670846,26.88485272610611,22.969235339818322,37.113370433533674
21.518504198666736,30.86446948294181,26.7095227563614,22.940068364226754,37.27727919328938
21.731248454412228,30.867724145870717,26.552161013728725,23.00744796613218,37.42981872988338
21.615750304987255,31.08068613028029,26.5390451252924,22.767724155272614,37.73161975471887
21.56429914549225,30.999587362018673,26.653350397117567,22.668720465744,37.5738768736238
21.5847405408376,30.76086338105526,26.517339167131112,22.52701100702969,37.610521381725974
21.501290214082225,30.765099906624492,26.167193114979007,22.70960322789105,37.279316039013665
21.139285070650267,30.99391522751387,25.871263706090026,22.638468720290007,37.11104252167887
21.570821314815717,30.976232909987996,26.149903637525536,22.575808790564032,37.22107170352352
21.563682831979012,31.07917471189538,26.587580715973704,22.367864624947774,37.47093808982161
21.689504335701763,30.84170424144193,26.865197782287684,22.619013843162747,37.55164945093398
21.706515648704283,30.90608914807423,26.924024202806248,22.398544886078234,37.73694126071979
21.746401936853392,30.92297091227094,26.711691742785785,22.38074954539596,37.92285605447891
21.78151710382984,30.675007747120503,26.572201443064404,22.341587566361962,38.259883791069804
21.689964427501764,30.79308845509722,26.361509322338367,22.69853133116815,38.40554243321198
21.651112561461446,30.580463402026815,26.609702835654005,22.529968529168414,38.73312268894561
21.50947294702552,30.757816448690797,26.32768814869496,22.562501615004635,38.71794322278461
21.52981076142906,30.507480261656852,26.459477910899242,22.347729118708337,38.72672072344577
21.74523659324372,30.50873056890848,26.511983068944577,22.38242601900936,38.7770693153715
21.68125261105552,30.596423093311667,26.530636504059334,22.433151952132782,38.67873222503936
21.92064201137062,30.486536109707775,26.51735055049682,22.379633706940282,38.752801744239875
22.167900644639676,30.363846640511515,26.418973750963737,22.402920667244977,38.69172317542515
22.24268964443013,30.40743857269729,26.495620614805656,22.429202324085885,38.432840182341614
22.28784646410311,30.57540593975496,26.801731942105363,22.487147216400015,38.41039754951349
22.47585545207715,30.629921070720364,26.788616350613044,22.324170868806405,38.37598480713057
22.451401040254595,30.664269398398055,26.764233002101125,22.44868509808308,38.27048846896097
22.350616853619346,30.94590686318974,26.66563748178009,22.601201021108842,38.31430421409474
22.418813973454665,31.188532782635296,26.36054831407475,22.53358206186373,38.030862007937856
22.657946888699584,31.142948360312168,26.310824571460746,22.722736190688895,37.99016409921845
22.686999419823238,31.160539893128526,26.667674790905682,22.63050601698128,37.9237186462197
22.74505121672532,31.047629938310337,26.507836583935937,22.64862604692972,37.61863100152866
22.954688718779956,31.272400196822076,26.537006165507687,22.519607789319643,37.2075282000862
23.337390677486226,31.447310887043894,26.402064200750957,22.71266624303659,37.142761227032146
23.584708416737193,31.428802163088193,26.43839468837958,22.511521474326244,37.08278068928084
23.532735213043217,31.557700455169684,26.570210411555163,22.574595523045154,37.03683045522817
23.915887120865413,31.412949750630062,26.75869462186836,22.725162962751146,36.977303671458365
24.010083255842,31.254539445221493,27.05308220896583,22.93565069016801,36.995575437880674
24.205397784438198,31.032983894206275,27.100022906290246,23.19723900179394,36.989870914616986
24.412863254777985,31.378371273929126,27.234787156876372,22.780671062513417,36.88161436928631
24.790259656793456,31.090240444677907,27.395104719651908,22.768836747802453,36.90768277806045
24.63119849246089,31.25895462913845,27.38770066078942,22.817019640415204,36.81511105380559
24.232364040480363,31.1799808526974,27.373209127127765,23.15051283683724,37.22684361018303
24.336081802025312,31.197033483237835,27.52988247715758,23.004295435478273,37.57204331246736
23.992675178676897,30.787221281110746,27.907919824321194,23.051806458965103,37.67002723795357
23.90731056061921,30.857921575667813,28.01374655248246,23.069105443938756,37.61361446778694
24.016123557775085,31.1098762199119,27.67670329906068,22.77927410022617,37.73837475040978
24.09999744784365,31.070584297899693,27.76003963530955,22.86204542376352,37.4060908183109
24.063618508448947,30.728996238979,27.804557556638272,22.85430600527628,37.47800381724262
23.963894564689706,30.773327245986984,27.862125440485027,22.742787795119202,37.33219997666201
23.83188861818884,30.817995533167345,27.791749368691978,22.824669559296,37.49796274220394
24.256518545638492,30.730393940254793,28.448563433212676,23.034173262185465,37.23819593309952
24.79986977931937,30.550971544262456,28.423790978837722,23.11724298114857,37.07467409825679
25.084677077333946,30.59006746942716,28.006428904993157,22.986279707189652,36.99906831015734
24.99357534196005,30.589562738007707,28.00481424168295,22.75716721375746,36.619233721472796
25.28532415648717,30.630820954904635,27.995934239096268,22.733173366191693,36.39101855396663
25.18100153415033,30.566359264272556,27.741524762858628,22.447296918622385,36.355097586473605
24.86590303959508,30.685220905227858,28.099158118506985,22.63056515417549,36.060250798407324
24.808216747062197,30.650464232778656,27.86643935059484,22.924769281323027,36.263178513159474
25.082385298291555,30.858580491402492,27.83092024663914,22.874376182885026,36.63399253257145
25.36942102434727,30.815409260515175,27.97615979948572,22.852244531445187,36.54435503206866
25.531974889390693,30.829870234068345,28.150857531804572,22.393982107299763,36.343518845802734
25.382317301668415,30.78201408937197,27.9917012360072,22.39313839058554,36.2729590782671
25.700029617838055,30.77989465883629,28.288967020347254,22.363897437396492,36.18693485674341
26.270400330660276,30.789363754043787,28.43989932261836,22.66774029041176,36.038560756118365
26.235152489148845,31.04901700294548,28.65441393432798,22.981878545430074,35.83926443391236
25.97974543502934,31.03861680620684,28.602710676989307,22.95633301380041,35.9577282865863
26.10968075877616,30.975265955663406,28.508537256268834,22.63916119970705,36.10080845222304
26.082387415495862,30.672405782815193,28.453109559415545,22.60883295016495,36.207011410080796
25.94183764071688,30.552291164277253,28.369427031148305,22.35498510561381,35.99945410263553
25.979067406911284,30.515515075535486,28.204879036259044,22.515805158397914,35.920558468429824
25.503022897354967,30.78996951032081,28.282363314620664,22.280152194071967,35.57044466811963
25.416300994197137,30.701688742633348,28.305631187305814,22.615167614168456,35.35378972098044
25.47758964318514,30.592983565702323,27.784249559011506,22.326556178499875,35.8803402950672
25.5104438750367,30.665312268070373,27.54143937565768,22.53560360967048,35.84208488286927
25.430219079642576,30.723338389408664,27.3858495165482,22.377260346742517,35.9191329369014
25.592910104583524,30.369634547965287,27.44607369107713,22.219901969681928,35.802665116118014
25.759333530634226,30.255544894446704,27.713674863574177,22.319900944966605,35.58888267820039
26.099683243078495,30.418691319323944,27.751554536704763,22.11360913901987,35.66305490130249
25.817495996374856,30.25556137304222,27.478836295907143,22.261967043102945,35.88911435560351
25.718201537561658,30.34835732953403,27.404300638652103,22.095099960626026,35.745342817261815
25.89453557351839,30.290583930877553,27.151635343551927,22.247719933929027,35.73445788244026
26.06107422233604,30.36586586796621,27.307807144757696,22.06147025469794,35.28216029879518
25.973014217766686,30.503886824175975,27.100818339630635,22.083038029786202,35.35646788295497
26.156889538891566,30.554980779319358,27.024401222833507,22.08739435705505,35.328646783372015
25.97379187152132,30.697629795092535,26.92597039601712,22.056770785251054,35.59380686069573
26.029288958376924,30.69337765823609,27.02911128940154,22.13417227366798,35.868356784446405
25.68073239564699,30.381778956373722,26.96237158345724,22.156675963006183,35.812548437622965
25.373982438935617,30.84725675589955,26.811720396618515,22.24800788308554,35.67739958755958
25.114591059054185,31.02425662943684,26.90714750168442,22.120785585058123,35.89969254754535
24.90444469250505,31.109956195194183,26.989351232290037,22.254831077965694,35.708985579658275
24.740946527264843,30.896160468003448,27.00429766188111,22.14906822036746,35.99306444776039
24.87654735835649,30.85816401386044,26.857609114411297,22.409008859002217,36.08169906621265
24.956728383220774,31.049663243253857,26.70134770580277,22.302740893729055,35.918310508022905
25.170635674358905,30.93291461801935,26.54135193543375,22.07464397629159,35.92316639077537
25.102677277959067,30.80414330666289,26.172530243023164,22.499142548888564,35.87223044832329
25.150014153881077,30.78245832130892,26.011884989002148,22.489601328260655,35.71992060588338
24.731482418029515,30.79949991377123,25.69909801317899,22.31139843403954,35.70687605724168
24.729852761828248,30.806920024512873,25.659698423409267,22.35077366747451,35.438482024531126
24.517607597066917,31.118625413488644,25.9028331147873,22.177047004386946,35.83799625509459
24.45357284573266,30.71667436537016,26.077305799975864,22.309502929117404,35.872764016790185
24.425062314398346,30.414963792539506,25.899077710281645,22.262008318997424,35.72726998152139
24.51970010689387,30.409953870446,25.597342775674555,22.230951652643387,35.683024904822425
24.794989122001518,30.460963253110194,25.819299280987206,22.458374697056247,35.73844368672491
24.99188091619328,30.55050268420869,25.67995922421559,22.37460397704009,35.66057519468418
24.865055818531488,30.525415102099906,25.590914001849423,22.53480289025558,35.76646572052128
24.54030905193803,30.462272819521644,25.30752766885874,22.744622587427994,35.62725418645664
24.514234505830135,30.5006553741432,24.983274610126546,22.531397440898672,35.427115000648726
24.367357786926494,30.45230118481088,24.97055535876002,22.98454464299238,35.425457314410956
24.788817944073628,30.537613132702486,25.175060857015946,22.908586294407918,35.5279471686717
25.045558640705877,30.61675862208519,25.22660517004753,23.173244071285325,35.2667100858594
25.067319895703466,30.539239341089225,25.052466515471927,23.021778498195737,35.16695399041389
25.289135648629752,30.62633001087007,25.12267393059007,22.82064005425321,35.27839371467848
25.21075104599021,30.55991631789409,25.4048387506929,23.1235118585044,35.54747417818056
25.432170915418357,30.59930944577569,25.707121498289823,22.98013547763503,35.50137590540892
25.43237577589734,30.74359968763804,25.634599853191418,22.94245593241977,35.62560166560295
25.336895189332484,30.69238267349921,25.588521550353317,23.092806634969243,35.73995446964355
24.969946971303703,30.501744494252314,25.489886895574955,22.956943308808224,35.638858011677996
25.215419797477185,30.403305778484587,25.470064608240985,22.968113431818406,35.53856452790107
25.17174951880693,30.39694764712177,25.581152514696686,23.02665674235041,35.53501585379036
25.097470661905003,30.5040216471291,25.51661661404513,22.972660930296183,35.6432552505487
25.402670891825277,30.410734581627956,25.813321265770718,22.80372923514334,35.414393418336154
25.440746712471903,30.31857924618201,26.002149260968352,22.78781599230255,35.396695436774856
25.111184949240734,30.54109972134201,26.14081682914132,22.844321764806825,35.653289229404415
25.026840987339344,30.502276677591734,26.33758331008989,23.0010230149695,35.838890374547425
24.944612791231233,30.339381364989052,26.364551852852568,22.711009109718077,36.05126100425417
25.0832646180649,30.61703665066953,26.55165937321205,22.914819103285105,35.874990738434924
25.22228157809751,30.68675171249695,26.348016742862082,23.153399195334142,36.03203102138775
25.423749999688386,30.782979293226127,26.444230057022256,23.163996629915765,36.361674215556604
25.237158697623027,30.642529886723608,26.408065172918928,23.24514974745161,36.579262933684575
25.23703601939083,30.778729235467956,26.800498872871078,23.135774825858675,36.38835285503614
25.483907215578423,30.516417396498234,26.755635265975847,23.18389665813469,36.29095253371723
25.82588819090025,30.67094916526282,26.86218985896473,23.208599498526503,36.5544376676924
26.303250414589705,30.760012388998675,26.836792764070328,23.22966246590048,36.51434588073292
26.639159819855585,31.028504683961554,26.878382836862293,22.99731306433679,36.384363165374204
26.878995795769182,31.223966231068584,27.231311542073275,23.200980259665467,36.59987953033215
26.780375124023713,30.967480486867302,27.475466793312993,23.44100611507443,36.655724999184955
26.894806342772235,30.97891977239767,27.859999625039016,23.284237512698017,36.91086529031388
26.864214666151486,30.762709419211756,28.124268989378628,23.135953929978655,36.90313594532875
26.851369456391538,30.726845531730923,28.26179438456326,23.02267317401994,36.912048731908634
26.61481582474676,30.952995700051943,27.728187776715334,23.05987269063944,37.01642288791591
26.40766516274439,30.742386338494338,27.675018652938167,23.158194566781354,36.8861398093408
26.327157554352716,31.051699647048803,27.176232439870486,23.041781797881022,36.95830975668311
26.290504018433754,31.059607548517803,27.099854559424262,23.157243926510954,36.78378283986025
26.13827112366956,31.091645589881654,27.511872778013643,23.182731230061673,36.955873009087114
26.22084103143684,31.109290298308892,27.534156147672032,23.6227311952785,36.99652914230849
26.414105810999846,31.219719472758655,27.46439027821274,23.525128303916212,36.76407781118279
26.74614168081597,31.262762222213677,28.10225011934095,23.451620274935728,36.837351675439685
26.68167503945016,31.404829711224707,28.115064152650717,23.543448681477933,36.675567294637304
26.980720947656664,31.34409182066125,28.134031552891816,23.37830672684732,36.52748757742563
26.913514200523835,31.357049061386736,27.939633483902828,23.531972535085853,36.700800718441144
26.953192768408694,31.168143757400248,28.023313846131295,23.37352926111183,36.5509398881159
27.239762727738434,31.21574277281489,28.42327588542356,23.17434207274011,36.63229418073231
27.16367825083199,31.23922050054396,28.16381002355587,22.888441890112144,36.87031812523498
26.941137769958576,31.138737566502908,28.12619771649351,22.90664992472722,37.23485343923885
26.751551557545543,31.247366123710908,28.271656322665923,23.067893430969505,37.22732386337856
26.85301090612513,31.19055185898459,28.50892664730545,22.802497141076024,36.80568836981476
26.297427520942424,31.091287609093367,28.444109576030808,22.697331946632236,36.770249267523575
26.51049298168509,30.846350506437208,28.546000479502087,22.673137762592912,36.805299703505135
26.51483664133954,31.043825738397114,28.449638045075027,22.782964069820764,36.72238448255564
26.25303137029528,30.93802226271979,28.630034912016566,22.665428434131066,36.93702908151337
26.004963740219093,30.936327827398113,28.94947821691252,22.491076742583196,36.78128226674031
25.798262080792075,30.972674058647502,29.33685804192261,22.311224767628655,36.859532568472176
25.697040436516872,31.05639261426521,29.41289510411199,22.461245548111638,37.14289439858004
25.759442589067557,30.856595928393215,29.608250728452703,22.62003513420197,36.92395868071578
25.600189414232815,31.027453520879384,29.60973310901957,22.49626151441974,37.373315384417886
25.467707189718777,31.18567491900092,29.753010135498474,22.850870099839543,37.32073563847716
25.269609565316365,31.46188020381714,29.70842187160628,22.74682271493959,37.70194037172603
25.076105339779662,31.4543400533899,29.8250640172584,22.86698594202394,37.58995554080903
25.353677159718472,31.346832868449667,29.45694067100424,23.084199863418593,37.54530444905825
25.261492507636632,31.32248588193657,29.292953033081506,22.921988027501804,37.58578645229857
25.255172352164944,31.34299022474588,29.576565836665402,23.25463095491606,37.2784715640842
25.42319724098658,31.303361386044475,29.612286954044226,22.992886826836102,37.360387045327684
25.44955107464604,31.286994038339092,29.64683667324982,23.289532638243955,37.006267125797926
25.168896324887864,31.525282376434944,30.001870439925792,23.466064154558325,36.83908231656362
25.09740648056992,31.50885848227042,29.850213188386206,23.370546706449016,36.94987213310791
24.813903393472206,31.53324809854906,30.17134031763557,23.48236329843025,37.23220146913315
24.83104393096723,31.475620209536828,30.236330504212134,23.41277011723571,37.26702518798821
24.502222393553296,31.590443376343583,30.275189702453492,23.740909130968333,37.146390749802855
24.338963104991105,31.702912896596143,30.29262362425623,23.590580677622796,37.07833738056382
24.35387992366766,31.68732302356307,29.91818668342667,23.708636948643726,37.200198834108875
24.18402322043409,31.543409118310223,30.230644728252145,23.81591072435919,37.283644029534614
24.315550346308935,31.634456511920494,30.270209861895392,23.93186655958691,37.57323303275061
24.61832210702383,31.87169096103288,29.986742234945886,23.717515143969237,37.44703215847887
24.45867149643473,32.09988112333391,29.828266528401052,23.550279894029988,37.49031285548736
24.419123018742482,32.07884732384732,30.055266181594583,23.768138456336715,37.194187849151
24.693841674794378,31.767620176982053,30.220779693769433,23.76485849104133,37.07112453092726
24.74322265728415,31.76231215903009,30.010250213497184,23.575609470077044,37.02467337108169
24.57082264267002,31.712257418011102,29.8351127761672,23.486363834551035,36.8526279199073
24.449562105127498,31.82905491257608,29.99589404816997,23.40851440008542,36.553560966420804
24.699490837177347,31.9377362340649,30.160005714691295,23.601191852869768,36.66393454094261
24.658562425882536,32.21135690615201,30.168267647920604,23.805630571753035,36.82617653396896
24.756442886987827,32.2168496722955,30.259131958033908,23.72808276104865,36.767188760687425
24.83399320837848,32.223786902002345,30.38121852433052,23.713691057147223,36.906568952076135
24.83038568732056,32.3435419801672,30.526939919019515,23.65860961869309,36.99094052047374
24.89889584872378,32.09481461159747,30.329111220968606,23.738164576021376,36.75584844028141
24.975465346272742,32.24100993243517,30.057998589732755,23.741532357695984,36.69958834213537
24.82501044347064,32.30637569725777,30.08247742191367,23.671266728438184,36.64921806797009
25.17706449856995,32.0534107075118,30.296903624945895,23.90285729037971,36.61662067554988
25.29384616841563,32.294495438306114,30.329587628536405,23.7402347372702,36.146591456135056
25.531170985982833,32.08956612710539,30.54681748149128,23.78838226721554,36.02538093638717
25.494991989222083,31.991712235182206,30.62569886665702,23.73739994205889,36.43486596896866
25.549890587487404,31.915442034160623,30.6962479321342,23.67766369907308,36.54732938133778
26.0504639710698,31.873535580807555,30.539419872425228,23.879729583548112,36.78421584196552
26.245178230418542,31.69460131417893,30.282575434598773,23.66065610345202,36.84209813985797
26.504054987469065,31.669062844445026,30.31921135054786,24.003199305221028,36.95240438112839
26.87884712999793,31.91725895027573,30.507458772065206,23.87311192692342,37.018111327321876
26.809482172446266,31.750725726533478,30.75931974478181,23.65254874042833,36.99451488058739
26.973967377418195,31.756579658722156,30.543538768983872,23.50494058156325,36.800007405091385
27.231302044499063,31.88280384350865,30.56297372403233,23.405247821180676,36.64332321342308
27.24708483159813,31.76083119978276,30.851077310710398,23.341158394619804,36.8643875622235
27.438996059890965,32.041455583751016,30.53572252459053,23.483609954379368,37.12329024849367
27.53602755649656,32.20541900072111,30.73691398022413,23.56022344303805,37.30698764812259
27.63937643528238,32.12146776282892,30.57141832979869,23.935386897463395,37.35507826236265
27.417928778117602,32.363913666034314,30.5728932027115,23.75458347474116,37.51731184370331
27.86755377398506,32.54460101346887,30.77877244956983,23.814264867078247,37.45382687765921
27.92382806046701,32.34392798833305,31.250786794204743,23.6123644431959,37.44624549571084
28.268956283188935,32.26962661641437,31.378961127083922,23.668467093353872,37.323152591992
28.516325333168737,32.3327204680229,31.223374898171855,23.41141798104991,37.19417953512419
28.53863320350999,32.21536040290881,31.090071364828614,23.41096629761543,37.07437775744523
28.459180443612507,31.960801040092832,30.775188220403653,23.753630859283433,37.026066875552644
28.842084141819843,31.951106359891142,30.741934787950274,23.529454745084077,37.05114561900687
28.887618911738315,32.22673895379122,30.50136749703793,23.588654622333973,37.13692881472255
28.71507746513183,32.30898516011191,30.540412977407957,23.295871294305385,36.784856570459745
28.98326543622005,32.451784707518755,30.18627646913297,23.22649898807315,36.57350603428909
29.064868964358016,32.371777708310844,30.19471093048321,23.255528923759236,36.443915961094866
28.807365652225375,32.383770766609395,30.194323144403775,23.1451005701997,36.3877941689815
28.9795538462293,32.28187528992511,30.272011992430617,23.31001300063907,36.427040652459176
29.0955357681018,32.17237777501304,30.34192912428893,23.42876231316934,36.46516902163787
29.275481515817724,31.785492989070942,30.290831399189454,23.56385424748929,36.24065234229803
29.13834543504497,31.853101259106932,30.73766085369225,23.831161358936424,36.300150770704775
28.846943971359586,31.810738926949092,31.076209597248354,23.984011624269776,36.2601330505143
28.570594293344257,31.80322045086903,30.933737872541062,24.14094372586301,36.404540438660135
28.801570698122323,31.968010612268092,30.876963160654526,23.86104338475618,36.39994822935395
28.26886408998233,31.851291295263252,30.9118721336772,23.914057996475048,36.54942089529311
28.52673536711633,31.785181262245832,30.641530733215937,24.0886981319939,36.631097083856865
28.419383098022667,31.775045977866853,30.36822319299319,24.365763347207338,36.506717211583265
28.285697311017945,31.608999871572063,30.268711290041516,24.35025462352396,36.42273791424522
28.192410961264113,31.906167999261992,30.323159519098077,24.19797027807904,36.6069241653922
28.016286413614928,32.15047298413686,29.966896365917226,24.15789462521607,36.487304016362295
28.056448240098,31.96668649885768,30.057258076077556,24.472292148448226,36.492373881966785
28.536165407217858,31.85219193410375,29.961982236625552,24.308665035535096,36.51442128760526
28.926388403352156,31.65360209181388,29.979530206565148,24.228444366547734,36.73089744177289
28.809640266006195,31.410512250649948,29.7117755876953,24.21403791263698,37.05349318750941
28.444188044078818,31.419244668045177,29.693854072363617,24.24917397040188,37.136619899619596
28.559191246947503,31.365837011397176,29.779499085091448,24.252988972335057,36.97641038893781
28.666217381063387,31.303665996720746,29.69384006699278,24.016672464437896,36.93177750290206
28.558750137324232,31.228402651573145,29.569858742200832,23.55598487603623,37.013002296124554
28.649337548894295,31.332570548897763,29.668086595528052,23.312122790206725,37.04842836714637
28.565944464119973,31.461590229080635,29.673744676292298,23.265520467039924,37.15237179794678
28.645780105557645,31.426619111121475,29.788792311965686,23.536366601157244,36.92375484662879
28.671729241829436,31.40177754438271,29.722399535377704,23.39314311943826,36.954739345988216
28.8846228783355,31.575095979320857,29.74906841217905,23.318646544917883,37.17189948103569
28.722794089643113,31.448193229973114,29.728665356590245,23.397907845391437,37.0413921960573
28.30337119467885,31.401765082021218,30.01367424593791,23.78611759317212,37.11206902942924
28.28490834299164,31.63257112747363,30.17100857157007,24.208148084071222,37.26407423732835
28.440129376453722,31.407414663508384,30.635724978169982,24.21829271917056,37.3752563692546
28.447980274218423,31.48853094979042,30.713679448796327,24.465529202541386,37.149253899098866
28.465042606927216,31.30140728140302,30.986310340618218,24.603494095764468,37.375377735776105
28.25139827027797,31.239125288310667,31.325724117417423,24.77279326677658,37.20032899012088
27.99844473677522,31.378997295301644,30.894404040594264,24.741802524438416,37.43547095853786
27.684026052382677,31.42950427672131,30.534101079437576,24.51900316321607,37.43065067280152
27.58181772920111,31.30782222923852,30.51086925533438,24.511341377756693,37.35286759340336
27.381934972159303,31.31224495010529,30.565679273969245,24.26298310587296,37.449649820467535
27.23712590565628,31.12041635868388,30.42883964368859,23.964010435466847,37.5294863462641
27.099902436799127,31.201664499104417,30.2514011172501,23.723069189772037,37.40811761771859
26.93225683167345,31.20708416110565,30.42757364142557,23.859203626519612,37.38028398356661
26.79208347223561,31.479941643447173,30.0376935422612,23.815446150452434,37.394460907592006
26.637319129621833,31.49164596085626,29.882744656572786,24.06504916182409,37.24030101897434
26.67784286899856,31.582028814310394,29.918886262158445,24.38538039996054,37.306455350370484
26.422150597569512,31.676937900363384,29.78838096079132,24.892640178738468,37.53909640224285
26.567741803266575,31.545874488250917,30.2389239472663,25.07503617426905,37.55295946680949
26.256575260772916,31.634786989264065,30.379454491265474,24.847432729080193,37.42436453116158
26.0777503621038,31.702037396705048,30.247264551829172,24.455998597385282,37.22700887519052
26.248769841493363,31.7209346380559,30.355618836194633,24.5286240221799,37.15702895182333
26.47655171704231,31.654910034382482,30.378809624467433,24.624333569435173,37.07277541699447
26.69690787681623,31.59467997349926,30.127683112019653,24.821943174373537,36.6373363027408
26.80668663377221,31.68005976617353,30.002300992734813,24.816173775766174,36.6660228853522
26.70269912659028,31.88453590497278,29.871422685515242,24.970406053098024,36.68171917472184
26.42091819405293,31.791612040748674,29.628499634802118,24.757497221058347,36.55443997748193
26.318910896189497,31.68003812761901,29.269702956506706,24.6345572567767,36.6214571212171
26.203971694340645,31.787052106591517,28.80228448834984,24.730327125241423,36.79610757386563
26.03043410962679,31.60792907133826,28.683835146397012,24.51676768668614,37.08038026187846
25.686388521973434,31.54836498783137,28.505265171996378,24.625527280129305,37.392823127970495
25.552047639606435,31.30762972895946,28.544041391570502,24.892641666957285,37.157156158460765
25.105195255858263,31.34857715200472,28.614635988000362,24.781094208492092,37.10934342032101
25.085927433295875,31.561994001343542,28.769060254976026,24.594376882269636,37.15964975017067
25.292191355259227,31.77363277402971,28.77358340908179,24.579719056622668,37.135151185029216
25.084023748245368,31.680668432652116,28.297354779911434,24.434763497156716,37.407926179318494
24.93275357095751,31.647669271200186,28.142829117351123,24.156657645283122,37.41073132307477
25.07445375019743,31.633975786900976,28.438020527225387,24.12533423925749,37.58390921426073
24.968181515998605,31.523403792267395,28.12934539145655,24.13619344880945,37.3697262881893
25.060532470539695,31.222694718054534,28.049666124817822,23.97852846167286,37.57471688178816
24.931270334361194,31.36076097699949,28.087967237277333,23.820755715685376,37.37314594208884
24.818042364874024,31.3351406174145,28.25938693758729,23.945986529730522,37.32378887959889
24.625977666478533,31.41999136453103,27.928264024778343,23.89471576106254,37.27866378900609
24.793448146697987,31.458155975394167,27.49546091460605,23.810700340021963,37.36119342891908
24.76867549169779,31.31630591232815,27.492927303522784,23.780725061542135,37.57049426752122
24.664480262574017,31.11612554630248,27.123347610925027,23.63685875452607,37.3574171104866
24.643373476123287,30.893301335427424,27.445571409753715,23.67906737710359,37.50976644175901
24.472091717970105,30.89811964871856,27.21842296281484,23.775266341687054,37.48961213874718
24.25090876114589,30.91519846955166,27.063385108723153,23.821083074592316,37.460680842211495
24.186554991877212,31.021977595188005,27.233336219893243,23.664946653942145,37.363503798083784
24.05058420366462,30.950495758829657,27.33033389927705,23.84055978837952,37.38230623798991
24.05535394523852,30.983002979892852,27.30076133761013,23.772123764992934,37.52390015867405
24.000799665452856,30.712110425374725,27.359087698136964,23.794545781799034,37.24591098655288
23.90080933785837,30.848539845872914,26.99301601279958,23.74593895575774,37.21871660565032
24.167927919094932,30.825015491370614,26.614877962345183,23.65663623032067,37.17000366479035
24.344547358046526,30.91393827537376,26.993073093385412,23.402076733567558,37.190183977993904
24.15022861074034,30.772396478698457,26.9120632179642,23.525533369047903,37.32051184504207
23.806091624377107,30.74688696568538,26.552647109232055,23.45805060967511,37.03158498081991
23.824308919527578,30.723296564438932,26.597495866335027,23.376557559890458,37.150814512672426
23.880811595927938,30.691626063445742,26.737535343646456,23.39213254999765,37.32736770316891
23.82489326868346,31.10576534943818,26.93957941800837,23.641201466578345,37.04032453778487
23.94394362759901,30.825951260491006,27.259848326436508,23.760152476832943,36.90419080051335
23.846947439856095,30.960268147810257,27.296515803163697,23.7689190088428,36.77823785181116
23.654438956488573,30.90103266291446,26.980420934673926,23.87039188124711,36.724037123142
23.761097983869544,30.789331448465827,26.759415701886482,23.5460315415005,36.75978452431331
23.70981315068756,30.755671657520036,26.192170156560234,23.42947978622423,36.79115158058648
23.90388539171707,30.88403830080042,26.139635581480086,23.532537866122514,36.62742672544212
23.598570091236226,30.855421886645516,26.0762199736594,23.707090324941404,36.71815771627547
23.91674532665435,30.838218473981236,26.40706977907572,23.619898698475176,36.84958363217959
24.19150399214751,30.7584956926178,26.908379452289253,23.49249939947411,36.70390970592931
24.52966616446179,30.78946656157691,27.337543933182072,23.4649620182231,36.86248252163044
24.820135444969193,31.294605361331204,27.305726885240045,23.414495281271762,37.07856550736788
24.5679436010745,31.310197222553086,27.24678205472734,23.325155367223033,37.18342827418396
24.324621498082642,31.298350780134783,26.95644985720101,23.517674992008814,37.25217836444267
24.439215993473432,31.177550603618656,26.72382532663214,23.443067522032646,37.401965775398544
24.39832797420576,31.184529964966313,26.814383507155654,23.597444952696975,37.080036147615886
24.0951634562804,31.241352657054115,26.90876480243053,23.744455066149698,37.012615313977214
23.880500327757535,31.425716995173037,26.96065969560671,23.586768045301906,37.228851609851716
24.12600621753767,31.330377579949655,27.19615759548511,23.50315831456099,37.185238353292426
24.507229561694018,31.428004026973223,27.278370790802263,23.559001836755602,37.10824284379637
24.703176640468243,31.473856439435828,27.38236221204352,23.50319587339745,37.10563899854313
24.8831400622557,31.438193471022657,27.32308607627624,23.60197494869482,36.716583848877114
24.84284350996151,31.500087032442963,27.085595561454916,23.518585657012693,36.3975534542569
25.020532625104835,31.45452514414619,27.060296224471802,23.709010109975647,36.63318040358755
25.146974912496418,31.669664015505756,27.1575798222732,23.827388515650572,36.721083415377045
24.938849840573027,31.734295909812925,26.999733565383625,23.586525448780975,36.93161499169122
24.690041557759734,31.608568595381033,26.990942448912097,23.55384726856971,37.10497835870385
24.545846217409643,31.67584718273188,27.33307432846268,23.486418060812074,37.36823585293826
24.683724647830417,31.825326113083477,27.240694643109478,23.635508615683786,37.47806133397754
24.7465165862678,31.515257077294105,27.252266199090105,23.675310342481925,37.37562786275796
25.09910747930633,31.50747971901579,27.155954778913287,23.63300160573978,37.306914276308106
24.841527529832835,31.59955259675618,27.49308627792348,23.673100230997942,37.2003783109683
24.39072609876307,31.702759506123165,27.69491248729303,23.67256538673794,36.987210502748106
23.997486121957785,31.81297204736875,27.226183831567944,23.469303747954243,36.73872984111261
24.19272014685102,31.945874075383593,27.294198456447802,23.143160526873437,36.60575640883982
24.29975967870524,32.11732841237412,27.409641455713672,22.997768227569807,36.485901424672456
23.92100525865222,32.09184086338407,27.911312752770847,23.087605144070345,36.334417754239304
23.86159316211834,32.14166795758856,28.112343452505527,23.110845363692704,36.44323789236526
23.857614941677614,32.41956736572216,28.158140887982487,23.17783755487215,36.474736221747875
24.025131678403817,32.15213453365132,28.38965074661107,23.299582129819072,36.70132376749567
24.28325418563907,31.950468643784742,28.56562452623319,23.559344091692417,36.51013685767874
24.54354395832919,32.019241969596806,28.612878653984172,23.4148921008827,36.39841215993927
24.543146637186037,31.959652616837996,28.69767146604933,23.1647274477653,36.81946351641181
25.006492874696047,31.689868943655263,28.208561765184808,22.95276071706189,36.96094815734896
24.936614261937436,31.410326642706053,27.984686565722164,23.09241165259823,36.77080557806034
24.910391815996682,31.335618930942903,28.22890286329121,23.01829606878753,36.75569693167249
24.62242713216412,31.352806560276072,28.691722687245996,22.868634984132683,36.92213790937313
24.259615374235842,31.316107730831778,28.43863096370337,23.06911511601957,37.05696735967956
24.14868129485433,31.36146549376367,28.6528306127906,22.92518784085556,36.75819171951854
23.8094031798848,31.231149983287594,28.596121952581147,22.748615098763665,36.70138212634227
23.697206398634677,31.076734880955243,28.299226479712683,22.782264580986002,36.424895947186876
23.692971324999178,31.07901505740454,28.814291384142987,22.853675807944942,36.25426106708849
23.653129071871483,30.926801383252005,29.317569665829016,22.661945197295058,36.20291634153201
23.778935765145032,30.69299780290522,28.99756452758704,22.512804983117086,36.02040762812251
23.844934364641166,30.565843778021115,28.76823101399859,22.619001217440157,35.682547510419106
23.520064167097928,30.619223135967918,29.002654393615416,22.950117321453437,35.69089734829143
23.4741183470924,30.83596620312961,29.12438073249441,22.960296197819368,35.72757911171383
23.254496142762488,30.94671561395254,29.28281997299413,22.973170858705256,35.5558212684941
23.237391045865877,31.042330683212356,29.181572070325245,22.945669171204884,35.4050662380443
22.713830030980475,31.24095025280958,28.84817051232969,22.949016374945018,35.659990893763016
22.75596691723246,31.33919470395528,28.93842744922526,22.88414904523763,35.53222761560722
22.758988382289182,31.253627054593952,28.59899797839792,23.09048497515891,35.51719736137838
22.94848038633924,31.24536477527062,28.178855650599115,23.196718491682688,35.48082745555692
22.7877197895025,31.230037883381947,28.23221071376719,23.36247009423109,35.28306531965727
22.543472349674634,31.229500494561258,28.291632878247903,23.110805480433548,35.36560962221874
22.495355961691065,31.13492255805881,28.36988328182619,23.11115695629435,35.43237540228547
22.630379777493932,31.293526462191736,27.95688690902761,23.242355539892458,35.240679630200994
22.612787140555984,31.168177718598535,28.111209076730876,23.53507967717392,35.38848140306758
22.761815873555403,31.225354708611754,28.280696491303527,23.6458725771866,35.67730762458403
22.795482805898544,31.052879453109643,27.897354025457197,23.428490763253677,35.68278628963168
23.09678227283827,31.37091466404655,27.85500724543161,23.59607412953749,35.567548514152676
23.312252942252254,31.661007013965627,27.74783612710718,23.545075786559988,35.62106275418861
22.83870642653489,31.49894189313711,27.51463262708114,23.54382160351319,35.62656140545572
22.841282986348023,31.39655430150807,27.587856036213825,23.288296452832665,34.99009022379456
22.871759440708562,31.158914426442024,27.53610133109219,23.523443023505454,34.83362605421571
23.07860138732909,31.069404656384826,27.620180389216912,23.471186092319922,34.865660300491044
22.88488306611064,30.75869451826547,27.697456714944195,23.43724336638097,35.10159366953873
23.186942811785833,30.694125794169647,27.65925543878777,23.328589502796426,35.58147170396321
23.089327253435677,30.910278425567217,27.489636579018317,23.50938736500239,35.82718649927894
22.910740828489015,30.953869544860424,27.450227953485154,23.612857478432595,35.82324943587419
23.322073627379165,30.82423809444341,27.28443365986524,23.35872958997187,35.63931584229159
23.26884034739919,30.95332102247699,27.48770421424741,23.209831929447162,35.76215364379448
23.311735751938944,31.058925587285298,27.97620914221656,23.163824188621216,35.80432197461405
22.97912395327773,31.13950759457073,27.953797480745532,23.138325534313758,36.113392910381314
23.08815687140977,31.183116176475707,28.29420993933983,23.157074687760545,35.92380616224541
23.0710461662084,31.16481759424282,28.522590651770315,23.13568582330505,35.93245366942024
23.019140475171945,31.33170750674954,28.854859874826868,23.42734587520466,36.15216522939003
23.042659777426113,31.191241256071155,28.877270937923697,23.198847337862958,35.814952604627486
22.964787578347906,31.167926341917187,28.824405157641703,23.117645622386558,35.87483202461817
22.914175855125674,31.111594648459207,29.037390229332384,23.08815398791099,35.89807879108214
22.82779749110601,30.911280139628865,29.2849497062102,23.186072831355116,36.04396974999582
22.789212818911714,30.712338385553686,29.341627011326512,23.458668542941986,36.30689496020114
22.78522159887696,30.46636538431213,29.28671389344009,23.433829862616648,36.07700222891427
22.553226769050557,30.609395807425134,29.478542300532386,23.37380614570198,36.11113891240692
22.262575349550055,30.417528940382095,30.088957924412025,23.38220226618122,35.96266932543173
22.031646378216855,30.512678087860706,30.3302268727868,23.383748390512824,35.69072801674125
21.882359798045922,30.314465213513316,30.39518071547249,23.34805900409279,35.507544093160604
21.92114657133235,30.376855435789,30.525161970288305,23.411098391804664,35.370293852633715
22.11177323550669,30.459439518031086,30.58598162861267,23.44384337501023,35.26831056972151
22.076421969990513,30.57068170690209,30.83983397882085,23.521734799429908,35.690809971614286
22.586500431352803,30.590042935818904,30.773759413188838,23.298760216202094,35.53774993850661
22.806961078083557,30.64178802884369,30.59203894398248,23.33811045589589,35.21057819222028
22.6775480143703,30.778622277841684,30.393107466363524,23.606543268674415,35.291379388770146
23.13989242496818,30.624946453855507,30.374311413694137,23.53869867310391,34.977710884160935
22.98053915828069,30.641789609756444,30.345176004725243,23.62748111895004,35.07491544517144
22.949995608914925,30.749263045718635,30.573954052642378,23.506745477686675,34.89377175366913
23.1070801885793,30.81425096961022,30.969773431169003,23.702117274810984,35.24730156587852
23.531402287687797,30.81511038191106,31.132190480890753,23.833846146635047,35.1590725241184
23.828762672955712,31.01131990800986,31.24473873181788,23.68785460511381,35.119553566730126
23.987710536862274,30.831424245422802,31.530720561451997,23.590069030527097,34.70870444201461
24.01535572608631,30.873840893784546,31.36205760477052,23.508020917721154,34.72659624439867
24.118104363968108,31.18171346665932,31.36586615926805,23.42832877742822,34.675428242199146
24.092884009903063,31.057856012258128,31.261219067224328,23.79575797732815,34.71194113974877
24.01172202282389,30.97119526238007,30.903596441338276,23.932962155702846,34.904760926144704
24.17593901162053,30.58273513418846,30.695611472508062,23.946729479093403,34.949079980568236
24.47152974907296,30.746759451761758,30.646530559162684,23.996643872666255,34.806686656133216
24.585426455519663,30.810890056786587,30.42346125437134,23.996490323576467,34.470030756129624
24.421020628568172,31.035497888530173,30.50178226170637,24.221240863177,34.62818168365597
24.52790246816894,31.020216981377917,30.501434374459855,24.063644116261795,34.8373644647446
24.56591118303212,30.903362767467463,30.547109289294568,24.127569750648874,35.199908557551424
24.51521473034438,30.900535348607367,30.362617175263924,23.970040957097407,34.96934763545204
24.53414217705704,30.703598601977337,30.229955597596433,23.930153688804936,34.7399972607255
24.482451029249024,30.91451802586709,30.259958689831763,23.99415451294197,34.785726414616185
24.09946257204805,31.099219168893466,30.47392238543067,24.054558935543838,34.833260974368734
23.943918321906395,30.963434908722075,30.789279429709183,24.00414023099334,34.81825905641658
23.61072216690864,30.886057475381396,30.533046697479016,24.035151458970724,34.86558468630199
23.5983355881451,30.787384458545432,30.361319938165853,24.017339752967533,35.09844004697588
23.526949239971074,30.95916227047068,30.400264654181896,24.410353985099636,35.0870241550683
23.56359923376028,30.975600186912292,30.282964056368304,23.955857732170113,34.797902905016585
23.22440192043269,30.77351760038846,30.949474767525047,24.064989145737503,34.95271542377398
23.330140073416192,30.936269111951333,30.9329522034825,23.894545704680812,35.05199492330968
23.273999880806777,30.849168934238815,30.692389226664996,23.975089869823417,34.89141710957079
23.08487057640303,30.702494094428523,30.667611039924648,23.714547691947995,35.07237318428853
23.364838769620867,30.956953689841118,31.038384656071727,23.500253828523032,35.282750943236266
23.434015171391813,30.884064137769695,31.16387410833331,23.294873194628963,35.09776424586718
23.7065519449586,30.840460116051204,31.542124085571135,23.269447714777183,35.210152316789134
23.8302208812609,30.664189232781496,31.625499533854622,23.035677535154008,35.14039600634225
23.823908974198286,30.58872391863566,31.282037817417688,23.03884439108502,35.2661099997842
24.121998756034284,30.675620133979276,31.518730131711653,22.982917361848504,35.16398334742353
24.09489622564871,30.397839810826973,31.376305603958713,22.882510054157308,35.35448522642548
24.01346469564842,30.417336864806497,31.602188215638638,23.113309172672384,35.56975253971718
23.9179611800111,30.40927089318829,31.595836589923277,23.440285575486357,35.6788264223696
23.727462162599974,30.481006523298717,31.539653113055586,23.375857315180163,35.795986530023086
23.530624187166282,30.417540919497746,31.73333020950421,23.389401247301883,36.041976253858145
23.491917057065066,30.29938801011625,31.822785209324124,23.59581323721141,36.29654944884128
23.452373001163078,30.565305229062684,31.76039959555321,23.56682296659367,36.20556160443566
23.118378224147225,30.648090282821578,31.29870895902007,23.512897573553865,36.08898213490414
23.157703580048445,30.433276437976982,31.313486606260927,23.61018532832364,36.186768971011055
23.147367652969532,30.36506592908898,31.270756136363303,23.344556100622658,36.239625191220476
23.210741935309002,30.283782293557024,31.08436858963009,23.65907769347877,36.10784190595702
23.066948412418647,30.3290591338933,30.959093442401898,23.463418816357756,36.09682495971615
22.99075879152562,30.573033354075445,30.880094262219707,23.30807826375791,35.798229754455306
23.03327770434076,30.36897926520403,30.957866217582673,23.277630326667392,35.508365163492535
23.248144265107303,30.45588917455404,31.293120719228906,23.303795825112275,35.60888343728055
23.409757676699243,30.30544343523445,31.377637175618432,23.09332340849731,35.839662920386715
23.499754661830433,30.294314843317952,31.51397007099749,23.307487840844647,35.775029176638895
23.652300321679572,30.528488076948904,31.28673245640707,23.384697180874493,35.81033897139343
23.58936510523959,30.67078231289317,31.187177750207848,23.08819804610955,36.00603757157158
23.485564775910984,30.561273115297833,31.457050504100827,23.04621329417346,35.895725186650395
23.44426832523791,30.466092517921798,31.34606747815746,23.01271992245554,36.11164625984026
23.38121772453504,30.455764802190508,31.182314224414036,23.241830655785495,36.029089244268704
23.156313084587968,30.642974564619742,31.458253670798644,23.054222007909132,36.06539905259108
22.67378996793577,30.535604803770934,31.539862938364227,23.175274261301404,36.21325473319689
22.852959448452825,30.474659362475702,31.491639055637265,23.265865202450755,35.97903935750841
22.741355136417905,30.559301558038495,31.517128724283193,23.102095238837997,36.15655849823597
22.7431156327843,30.665532354810583,31.524668387928344,23.381693675417484,36.151333215746305
22.887658957044692,30.42965159683218,31.512858427271947,23.47188957772247,36.15718312719536
22.781306557619313,30.40233362961892,31.27506638080334,23.53667843077018,36.187550875023284
22.501322121138944,30.480440603373033,31.05025815990672,23.65529912401017,36.25872611187674
22.41054107280312,30.485029712715985,31.31808095964957,23.67140413537511,36.39637558072098
22.485596754629075,30.419734698868837,31.559728079854317,23.70033134270742,36.188786826274324
22.466085314958406,30.542389403536088,32.03988888268294,23.446443891796278,36.070950989919375
22.276870259713636,30.374413927075715,31.899216975569303,23.37806265309619,35.933341636240094
22.46584399714003,30.42509351858462,31.928182769341078,23.3792831153547,35.974607165509916
22.70159830316733,30.43931115450208,31.99919750407043,23.585183346954256,35.787044616550354
22.73482393886279,30.56149513492413,32.083185877208116,23.44191763564264,35.467494978222426
22.491406700347184,30.51066244492523,32.03558174945208,23.20602939713168,35.49057825411499
22.19818216532245,30.480070910414987,32.42477506866026,23.308238012351104,35.39406139582209
22.164387581203535,30.409697431170056,32.780150512188605,23.166675017476354,35.04633518743937
22.403884525778295,30.331611252347013,32.779705862661906,22.900621669063813,35.247882008690006
22.356197020456886,30.349352454027144,32.90011090196371,22.851944717551053,35.22874676740151
22.59138270689803,30.452953624207368,33.060455265172166,22.778515662919318,35.26751952002642
22.607736448760477,30.351556013365837,33.06890011290807,22.91796079077399,35.312265453384235
22.439961529412585,30.508156895366326,33.02342686638436,23.05421923828778,35.2097887917372
22.334871841040574,30.526068034941957,33.097089109010206,22.974821834403286,35.19727328381562
22.520315075368,30.274004073038956,33.489333447573514,23.015461487397243,35.25542497087645
22.666564914451815,30.245968390577392,33.31410720564879,22.89679370291902,34.98045810391405
22.821579098953,30.32380545958964,33.27204424393409,22.80833148497434,35.03647390876998
22.67443718520897,30.37908159985058,33.378256116939205,22.656955562933653,35.036841953115264
22.552872453794112,30.53780071028986,33.408708782723664,22.585002993867782,35.030040909356636
22.547519517882645,30.499358662998905,33.39314238629749,22.683681358456738,34.6182417008689
22.547058311950693,30.304835105113202,33.26780057788979,22.626383969662896,34.78807763678772
22.568790267265115,30.626477492276873,33.194380273166765,22.627196529137112,35.113928882474646
22.58502435738693,30.627912436421212,32.88508987537141,22.943606521666595,35.307569974393346
22.48726641402986,30.70381380130522,33.15245515376229,22.56091510202532,35.11731988753068
22.23117891185256,30.823650737921824,33.01527684489182,22.605730259377637,34.987363787182794
22.223472638189005,30.809287455779373,33.069533840507766,22.628366745135153,35.126674142993124
22.196193764969518,30.792322766600627,33.153671651275694,22.599133316541096,35.06285359638016
22.148859412054822,30.840480219368352,33.479100361901565,22.642640614989222,35.06724819999793
22.17603263600268,30.751849452893605,33.29152943595467,22.413530017150972,35.591400550414484
22.361725918658568,30.84010995505372,33.104312763164366,22.66037908438982,35.726925136031774
22.401203031682826,30.77406500295118,32.96521560152894,22.819483554247427,35.86555751173125
22.61396557093166,30.951732206387828,33.10912446987876,23.05894854451588,35.44007676047486
22.454162155685463,30.92564898438761,32.94672884403965,23.07065244019409,35.198225099223976
22.735912586881597,30.97609088487226,32.67200977422152,22.741484336996873,35.23570017434963
22.528941433034348,30.947757125139997,32.856235914924106,22.83735247581022,35.513903578080075
22.34356873812501,30.85312808283917,32.89664728210595,23.1770780818102,35.31519499678083
22.54754706351683,30.709111501140196,32.82682682396552,23.0791869886302,35.34859597424925
22.68810710203098,30.746424553311485,32.544303625737115,23.466959689740467,35.06897760006497
22.67121207064358,30.468714760414095,32.36310728232154,23.54593628277134,35.40100268551333
22.252666069930044,30.31493010399589,32.07571691349998,23.799832770936703,35.61139288862142
22.26553851530378,30.418462661844018,32.32737007567105,23.473135947855464,35.80943283575088
22.07952498221359,30.531828288344048,32.23872590787541,23.44618800936958,35.81825610836014
21.866951055505538,30.315236810813488,32.30985017754652,23.387974595341216,35.892288819319866
21.93094985782392,30.229020229053408,32.36962182588973,23.636134509306373,35.738147109135255
22.021868525514538,30.317347776444667,32.04635478055927,23.768779842901566,35.61773535357139
22.132156486623405,30.214269227528728,31.66714884915581,24.04065626104581,35.809902623373034
22.169083649811057,30.304019882164138,31.17298932079336,23.981161971991323,35.354156064331946
22.44758796950709,30.36333787241392,31.09768743959831,23.749085671636593,35.273729678378544
22.493919200642598,30.4427751716929,30.99447021976371,23.72315800232072,35.28166594215085
22.452110280031732,30.442004435924765,30.731942788963757,24.01370009768313,35.19219981587739
22.516978229579976,30.43840824764981,30.415248162543246,23.804426322998605,34.99100884597015
22.313768892946346,30.3763937898253,30.360154665306876,23.64286405152316,35.196868079036975
22.40477923603464,30.342231076602136,30.304807905894677,23.704599211267553,35.327322890842844
22.375998727756638,30.178148059354296,30.160540807946052,23.71611887651384,35.30373270111865
22.173061745108495,30.03793513369682,30.514167436712107,23.7742558296492,35.32549773287742
22.392641149642156,30.22050249030516,30.598601448950298,23.711112822710906,35.26396618705581
22.4430205343421,30.294559239804343,30.684874101081093,23.512656687607535,35.42290802766341
22.686871733372023,30.12500927172919,30.573272237051906,23.68755876278203,35.62525897768626
22.774556498380843,30.155469714062196,30.463288063722455,23.390325695581435,35.84893394391154
22.869909594031128,30.02262737310978,30.437557202988,23.728350784554138,35.80254213613073
22.953156333490487,29.907928602840972,30.453712015117716,23.990183445335123,35.968304453109766
23.095698791197055,30.05685334220851,30.76002307890397,23.966822297290697,36.378592250760114
23.093983857124286,29.955550981837156,30.72617698834798,23.852377139813548,36.28761272760126
23.081529280347777,30.184920594106796,30.707797086754326,23.645144656594443,36.22296439870007
23.00335829698009,30.247944226471525,30.824994075081634,24.116589466283344,36.33751877292545
22.869929284168805,30.16408178873026,31.01338307810129,24.031965594333464,36.35458205527716
22.996758701688712,30.10834631843643,31.11178760983788,24.173570415864667,36.53341720666268
23.127347286840124,30.316953670548763,30.908583608933306,24.324560603308527,36.506618614489305
23.077409922542568,30.0008906507467,31.114040784831342,24.51419108498262,36.54092831163882
22.831810056305567,30.07710611562269,30.659420594033644,24.793959892523816,36.373379462029874
22.59569956198455,30.304342810367345,30.873806081479977,25.022321413065118,36.40915939384647
22.367883472934807,30.32836470573481,31.06406649826099,24.82006085622747,36.402560827812906
22.731512865131673,30.144372680496037,31.05530920196593,25.13728191777206,36.58437834290931
22.814589189044376,30.18383712357365,30.66917141513164,25.018657203588216,36.79715864960672
22.945161806802005,30.075372288253536,30.36110615472971,25.413183750672335,36.69520397314787
22.86947395409831,30.122848285332037,30.452812097620814,25.516508473452596,36.983844507118185
23.004010815450886,30.117289478334538,30.55499505036545,25.441032516274966,36.83475433605479
23.1601922213439,29.926891430471148,30.441543985253645,25.05408123049454,36.91832644074364
23.44453892966959,29.91989412279723,30.640712627314784,24.916735360231225,36.6342841049354
23.502953245652837,30.013342986292667,30.36415218568077,24.8822089899182,36.36068503285347
23.718310338224462,30.146860010163543,30.34676184862577,25.36956643154212,36.711099430482875
23.625498961951905,29.960413005628897,30.154984941636013,25.339681546261144,36.6364895838696
23.53247495745974,29.8079100074293,30.43688047129229,25.364407539326056,36.656573815127146
23.713014962791775,29.627642833447748,30.27162192060925,25.134287629754464,36.550038837711234
23.656521342611946,29.740105150000645,30.945084105341962,25.051663820698526,36.86931566072292
23.961542574609894,29.79767035239538,30.37839707541239,24.709796845442412,36.78002675041873
24.2785000938643,29.744239000834924,30.507824995365308,24.519873206088565,36.94304201850384
24.525922741455652,29.807811769135192,30.450370661639685,24.539553412260002,36.91317206067485
24.268238545168522,29.610899305849138,30.536914510286483,24.864429749685627,36.89888769335457
24.31063982210711,29.47898105646573,30.658159706733045,24.81976505866686,36.96793933058646
23.984738400238577,29.40251048333231,30.692084802806804,24.73039463984997,36.78342295515225
24.09180659369897,29.549352684045544,30.946099932359203,24.76394412800586,36.84316194383757
24.147951796471578,29.536981606308984,30.971761138112754,24.85606355422129,37.10364466972196
24.164525506915247,29.465389395490604,30.74864651868094,25.036257356532698,37.10786671603567
24.00021973764408,29.528628679084854,31.42138029651745,24.649502864757746,37.10543227248113
23.99747045519485,29.54028095489882,31.13684954787053,24.39091284453701,36.956140112817785
24.001285994166295,29.474427478177482,31.0724747968088,24.384539674347646,37.37742518368671
23.8750814978785,29.680483298062992,31.30916463122227,24.352833029200326,36.90274101047856
23.739546231972675,29.652916445067063,31.115395206743628,24.517098964728206,37.29611886610018
23.711249525250278,29.715762816724553,30.80201848442514,24.612689402130886,37.58474092834003
23.721548820719654,29.833895402596468,30.934916544961297,24.68907289049689,37.82583372810065
23.811177394883288,29.6534174146857,30.915515001483904,24.486921290502938,37.83831152380738
24.002089894645575,29.58005825524783,30.770275646046986,24.549756480523765,37.50065504020821
23.842624549036056,29.37795837140998,30.877174808270667,24.533092896086888,37.51996110040495
23.737159838424482,29.337103328549496,30.784907021796045,24.45578572858209,37.12783435220852
23.673633034104135,29.302457139968663,31.07011578960868,24.30681209805047,37.11466352050301
23.593260027980985,29.284300143912525,31.303734863193263,24.485341989711426,37.48701768033936
23.87426099039371,29.572822727238556,31.006114595464012,24.560273325779153,37.68883382856766
23.883861338391103,29.535761912088066,31.17695372377852,24.764191435476274,37.649090247501604
24.113867575028532,29.448944989681433,31.148787746539853,24.530438738912178,37.85435130673631
24.116861670342207,29.51207304789485,31.219995886813457,24.497366892458977,37.55363573746024
23.84892323959093,29.622762935393354,31.07768528938592,24.213748042634506,37.756212452175156
23.935890545731922,29.50113621381319,30.777382380476816,24.2899085074242,37.950084759457674
23.815477684707798,29.57318009954785,31.08097880105667,24.52087364345826,37.99703540519869
23.58652271849817,29.496638240030805,31.071663245343746,24.411844712619306,37.79119212423563
23.391074768898044,29.473780180076556,31.01022384749724,24.47730913896607,37.77238195690091
23.206704621640245,29.404858425598476,30.92152592235334,24.65872763915256,37.68493211937267
23.191405504494128,29.337033374647394,30.861693280181353,24.899640519710303,37.626383678220506
23.17598068286799,29.545224021389107,31.19171093455501,24.861225789964223,37.66596449338181
23.29941336359035,29.448906590865707,30.934709858208194,24.828269625874487,37.53139454174258
23.373062149820274,29.60505016674514,31.11987024250324,25.10577891302738,37.64688482587876
23.684047600366412,29.478209731497163,31.164697526508355,24.692397744233283,37.934851292912064
23.479574758700902,29.5046203799632,31.017712945672326,24.799759144637147,37.7882264145662
23.641339288318715,29.67291470862848,31.306297272499023,24.7224390547601,37.86102625670572
23.65396516107579,29.609122208422217,31.25281785918283,24.921325343496427,37.544833892645705
23.585830396609825,29.663980763595298,31.15547258048297,25.053663320024718,37.55464359877375
23.79946086301661,29.515869258364965,31.143823649751784,24.89540095065056,37.71995310055987
24.002025755514573,29.435234793830997,31.205736033050993,24.893037284491168,37.502533992618424
24.069692662909866,29.456598149843686,31.205226975350094,24.982973397750897,37.27458622094511
24.159957412794036,29.67220571298517,31.288388753525062,25.517685882722013,37.124282183516826
24.37379179611464,29.626300207579717,31.035736971284898,25.498518351716733,37.02089385799605
24.385410988317656,29.544622921942977,30.996579176003202,25.32150153891173,36.96658022316321
24.269570167139335,29.60523319199024,30.901841134718463,25.045262921979734,37.06625725247881
24.644402481006647,29.63423657414677,30.821258377807357,25.08890411582218,36.57708462412874
24.93964739258272,29.65004757221205,30.74411347453047,25.138799870660964,36.397775858722106
25.064212429894656,29.63021149061741,30.678946926623833,25.212693376074842,36.36497435162649
24.853380143306183,29.694949326448096,30.61561522537427,25.167806183493603,36.139227272733685
24.765222567637107,29.767896014111127,30.616842920255213,24.985000899162642,36.116366235722055
24.992719444536913,29.727878029967286,30.46786361437234,25.15096317148465,36.32438228096287
25.086297967166107,29.697416454767335,30.38908865893005,25.014222960080254,36.464230142290354
25.454399641025212,29.460057754183328,30.674940795150793,25.367569383732828,36.57809373733716
25.67613783386418,29.70897088690512,31.050981159228783,25.218316211363142,36.502490965806494
26.122917123763564,29.65571496503425,30.70668259496513,24.866301970762343,36.63994254775557
25.9284102543347,29.74562568736197,30.6931763487163,25.092623092310376,37.129251322511685
26.09623196250953,29.705979186587836,30.99277903550895,25.134194146153344,37.27871447663316
25.831498910112888,29.609491649597075,31.296162818475615,25.455383813412688,37.192522014021264
25.635018886717827,29.76356618890783,31.45563687263565,25.606227833172007,37.45101279188702
25.7567038825265,29.81937556246238,31.17438887191674,25.47228997888743,37.707466873267784
25.642369870588183,29.93062505109456,31.138275376820616,25.73227676046974,38.06379175063008
25.725319569738843,29.84753865915379,31.09150018109723,25.8299001237673,37.936392996226715
25.77531799555715,29.887073268803476,30.90611239688094,25.715901945731378,37.55651970444171
26.026749057771948,29.738671580520098,30.994307691826236,25.789981606558733,37.706012755880316
26.26109702988107,29.81572042291188,30.711511199250406,26.201359086217703,37.60187335619796
26.17910731750068,29.831506572917338,30.722418991119042,26.488253853712482,37.83055092035394
26.074057539453946,29.88437998765938,30.71874989616924,26.36050554396641,38.0141536957906
26.03190069149259,29.78253360721188,30.59332191755169,26.342551040851976,38.268396910244164
25.958668971983354,29.809242273156745,30.786149659633153,26.2432655290428,38.77600293163102
25.815525458451297,29.696822621787604,31.003895061052145,26.404762153145107,39.20752055505397
25.960341556220783,29.7359952710209,30.76900422857524,26.26965619604893,39.1987886814897
26.23636509401726,29.701994689774644,30.58063831846383,26.302818330244286,39.07065039237858
26.26395688196627,29.390707645919417,30.342825428325092,26.15618508568125,39.02712235777622
26.134591734316523,29.457797297453528,30.139589658024548,26.091245509411877,39.19634361401663
26.46293953526,29.501645551445723,30.307121286720925,26.20510489382782,39.13839889354906
26.671010899097173,29.576578465782394,30.12528523976215,26.06682935182723,38.83351009281157
26.761197400365727,29.562991924609292,29.676073190984727,26.081695912577374,38.76560771334221
26.4847698228931,29.436049886977724,30.118318405030525,26.264195851259743,39.007215884392814
26.483079560828216,29.59321119642201,30.37267264896183,26.10028410383816,39.28002775328081
26.315796575882338,29.577999985671706,30.278924307733178,26.309033623016,39.22014387548823
26.54241740862493,29.60389628732036,30.562620139435666,26.215077269822206,39.35505915204692
26.36916843612348,29.51697514029654,30.749202504878,25.953260843408952,39.24003114673076
26.32506637706959,29.37174016644587,30.780476660926542,25.520230425936003,39.3650708652534
26.41682495494211,29.31256647245775,30.906698415959983,25.084146392949517,39.1691957019011
26.28484387683298,29.11147064427529,31.041957570727,25.19911062986164,39.15956621466205
26.39488330790235,29.16030565940165,30.531984305655975,25.271978618897275,38.85434782649298
26.314298170199258,29.156648522357486,30.816402981434003,25.26085795546007,38.939750655960694
26.20277460189605,29.271239823388758,30.76625314932315,25.21943886308229,38.62344799901378
26.174067371415244,29.208983452331996,30.711890733132165,25.230251282781097,38.88695465438928
26.599380867676537,29.409787560888393,30.68302608368233,25.16250307290456,38.93887152607542
26.734624088477368,29.344277548670433,30.47547174872361,25.167009129854545,39.102092935429916
26.48681132639486,29.319027848844883,30.31350677030161,25.272206673881733,39.303619166430686
26.376318477873117,29.12277870494251,30.041783411244488,25.248874304268536,39.17811035761667
26.737800742423794,29.211277568551385,29.971282602720372,25.434142474586746,39.003914463064355
26.826149153290377,29.098169891056823,30.18088387835545,25.330159872883392,39.47594750643734
26.87978465552862,29.26831057124972,30.310384493088115,25.368127293553854,39.50798955860653
26.918716709920098,29.201343529216597,30.158247643384993,25.497870120926336,39.08119167458561
26.86991170751973,29.28968871715634,30.472329776258224,25.413387206087226,39.239153204491586
26.64877759843318,29.40653966145831,30.49202698953635,25.14710296651963,39.32528576775236
26.649646786813967,29.475104812691878,30.751575268262602,25.122709307898077,39.357174200005964
26.73469152180243,29.480656112989,30.89883447305211,25.124316337324064,39.27608742374257
26.632407575235924,29.59505259659334,30.980463713802575,24.94659735319994,39.548363485926885
26.499858731875264,29.576138970520883,30.997866884883354,25.216615009609935,39.67152658570125
26.526187818526466,29.57191327592892,31.34563389306816,24.910672990948207,39.781841283056735
26.59305310857307,29.392445021326136,31.306145012194875,25.178258801442077,39.725154886429465
26.5102989799283,29.55744555188324,31.09132158144945,25.24959453672141,39.64157454982702
26.485204627670573,29.61399373377591,30.95477076395678,25.39438693948948,39.46794784025654
26.08343290977577,29.662009971884338,30.73930840781833,25.45676481103612,39.328379828068364
26.14103551416477,29.86176069356719,30.753568253386884,25.512460010583045,39.37688012184814
26.09063822167725,29.803782421917067,30.774962121398953,25.938800055243053,39.63186709084235
26.232457997080168,29.836100383674257,30.55258066610173,25.776691347763286,39.75180947633077
26.209472945828054,29.91235350151533,30.46623715830055,25.74395597997351,39.783874963894775
26.30222332018556,29.735035090845383,30.482204139586514,25.74640771378967,39.73458971159625
26.477930168591758,29.747673955674564,30.381437736862143,25.618895437022644,39.806406495867286
26.625904814065855,29.681887895471462,30.405470177769196,25.51973604302273,39.895512095317436
26.78709556336466,29.75729652905178,30.422566658078697,25.830059965551566,39.62007855590764
26.801155626450857,29.64410091520484,30.552247081739168,26.105312545508262,39.57832827190572
26.674211944743544,29.726791015332367,30.526580032703457,25.85101035954585,39.18444680712341
26.83773430420334,29.64791829163012,30.70502911126906,25.94740978461043,39.184762531384614
26.942020120062196,29.816791099975035,30.687032070791624,25.959325840623684,39.06120084874847
26.943936326011436,29.695646172814378,30.46312294529747,25.840420233168306,38.73240749782349
26.980741400986563,29.67475052002468,30.65852823709295,25.78933830612132,38.74276614005888
27.30069833248274,29.561468903017804,30.29923632129006,26.04045998629062,39.00108822199898
27.389664894364817,29.581847931215094,30.34171734724331,26.007961358241857,39.27157439539504
27.279534029593314,29.599140986832303,30.3666837696096,26.21090849514721,39.29600665405753
26.9770704252689,29.71615312906509,30.43318452476649,26.047234689760803,39.26791941977542
27.298289129873368,29.744812146153034,30.447682935913406,25.413061717984796,39.46073645143368
27.083693047504344,29.956734694838065,30.538438400717418,25.1791598332601,39.37170862830047
27.28667881899514,29.87561781875114,30.73290555281607,25.63334606723446,39.38345836984842
27.319433494520123,29.903311155061807,30.44362969178726,25.221434928800324,39.10414906687972
27.605015931644697,29.761265592290954,30.455507894484466,25.416417188685248,39.37441603723744
27.98347886321442,29.80159595146727,30.64546702395353,25.362118920162033,39.54314463611246
27.86993434817647,29.70486509869831,30.978248793014938,25.264480700622023,39.39165581549414
27.83097125270488,29.775443134485535,31.26387302864564,25.250711405300137,39.32195139530869
27.663835402877723,29.9281702846257,31.364584853486956,25.590270032075182,39.34640415597154
27.61563251192296,29.801826250230995,31.29716225819362,25.957381472560083,39.442210788998274
27.55515510344638,29.8828317029933,31.653890992486343,26.25999984854368,39.23443263980341
27.37222428760139,29.80019570625893,31.83183275477265,26.25380318060066,39.43815391209236
26.959996491965523,29.91646936809989,32.21198562233705,26.35298686137071,39.32817604643971
26.888627852409474,29.697062973654454,32.4212740562521,26.146752202337833,39.508182678057324
26.935318292528006,29.601630320630047,32.84084217765023,26.271587185296003,39.187491319050956
26.770413035065644,29.753346737968577,32.81578437051959,26.45630063822041,39.20945349868814
26.4926293677947,29.818704224339296,33.04567191221339,26.35086366998142,39.05399090502589
26.59821254880635,29.88522073808946,33.001179408719295,26.541238807576118,39.012033765264206
26.63053213478353,30.191424683084357,32.735259949234134,26.36992016296593,39.1105395562129
26.644213701370145,30.177138698358235,32.744124956785335,26.22292289633905,39.182862748446695
26.67796561574477,30.316308421248607,32.93257927852372,26.3078086376715,38.881274634613824
26.83534461710704,30.17837098478995,32.98584677892389,26.256231197832378,38.79986004158612
26.788881074048234,30.266613790078647,33.31793504383329,26.22463346216755,38.51401888502862
27.044309085489843,30.201442132257135,33.53333129561443,26.182141581930566,38.49518374944923
27.013491275120977,30.063328892013903,33.66056504886956,26.149873023896454,38.56075265692076
27.11798743660245,30.047448440618965,33.72794187869594,26.037324340959312,38.997237264031426
26.725592622810645,30.112236945217557,33.72627047971839,25.707650520365565,38.9318829320093
26.904435603046235,30.08439590819721,33.950255841462614,25.076352871598296,39.029558526569524
26.730116080570248,30.15448434136906,34.05234761052828,25.430812682313043,39.22007958268666
26.725067196478097,29.909501019175774,34.132098145898716,25.26664147171399,39.42792835516929
26.723780000956317,30.099254003479224,33.83191688979191,25.463020327348442,39.21323840057415
26.627646890343858,30.05273045184553,33.814717162615,25.3692909395503,39.31761526943122
26.852192432339525,30.113003205342647,34.12798920505018,25.490933283984504,39.29754942346802
26.781839063067213,30.336310106771613,34.207123294520365,25.42990394149364,39.33908074238464
26.776863872299167,30.267278328203506,34.452909334563486,25.42152549597497,39.097928038002436
26.72825027531257,30.43155746441822,34.478371900779024,25.57383324065267,39.10740890449177
26.68685025465489,30.42745488212511,34.293015717145465,25.771052907978106,39.31465153689625
26.65831066038489,30.284117965974968,34.15172315367559,25.86176243019734,39.295874476250816
26.668137722039607,30.162899849248035,34.354389592629886,26.020539607351886,39.20917152490085
26.558858964192577,30.33365892231415,34.40742300841547,26.068247584878552,39.41956220546766
26.233074605821905,30.567018298242253,34.41929728920727,26.23608338462434,39.44920415025627
26.329205068184304,30.536192213921968,34.274014546899124,26.090167325019703,39.6952525210277
26.552443081470134,30.52630889875449,34.12038803330826,26.096596255193248,39.79702849105276
26.336665058798637,30.57737724277768,33.86510030147114,26.288121341207482,39.96811975047961
26.109727805721853,30.458773810035947,33.795378487138784,26.08941738656211,40.05544973628867
26.15408722696651,30.46327608899006,33.967140430993965,26.313463852253836,39.78193458748496
25.98208825650809,30.577781886973227,34.36664310406317,25.99808645316739,39.87982784515271
25.806219549676864,30.470790704428566,34.513286641781164,26.4284451592601,40.16519194199934
25.83897106115742,30.272995287703292,34.24436524410603,26.533137075593274,40.32924304073843
25.68638433066702,30.302971152742924,34.08928688709901,26.547460019297368,40.21385327492187
26.04370526029343,30.201340111622702,33.978920113812826,26.350725108224584,39.948666027572095
26.07112022345943,30.191930310157176,33.8848042237086,26.629240532983857,39.700738351588384
26.23446700925317,30.196905548253305,33.755563182675864,26.649842594750407,39.27185685270393
26.101227564336448,30.1250934426886,33.59149331320013,26.7078660741883,39.766566950779186
26.179042331399682,30.073523461067076,33.46294797136371,27.058009876133877,39.886149479902876
26.366445280510423,30.098689041473694,33.57100323788305,27.058126511706863,39.97110165143566
26.34570184231522,29.95793047602799,33.69949411948828,27.381870248049044,39.941193922332026
26.729729044435086,29.923896528591072,33.77807453406891,27.165366322764203,40.03906841784407
27.369822956891507,30.056834179759193,33.78074954488409,27.13220833571393,39.747971062294994
27.29655374523338,30.099345047851667,34.29992210251363,26.945987204674147,39.71029400849703
27.446703793991094,30.061973812315994,34.45263370320505,26.98499246682829,39.992847772016766
27.34562980592938,30.239567326043485,34.69996543936487,26.691469283628745,40.01382723329552
27.430035530137943,29.904164031819263,34.68873770257872,26.578281782114693,39.972308308955384
27.30708773625708,30.263117046436655,34.64093468425197,26.737037398815186,40.198499369475776
27.568606471286575,30.18204893533284,34.55457540351177,26.647624254054296,40.10937533803143
27.79163986007803,30.122122640005855,34.11117396007461,26.669952510501943,39.81461580940251
27.639427294629392,30.221130794417668,33.85178792007586,26.764026992345695,39.82246317517731
27.622827183956474,30.250691824127596,33.93594022976133,26.63461894938536,39.96381903779948
27.34767317547331,30.054219725164707,34.237515981424764,26.340642868219298,39.75968295895737
27.38402966532261,30.188056817319517,33.787452040426764,26.089324343012432,39.55931470027869
27.258616492105105,30.23130993954443,33.62102413147923,26.377549542735988,39.78245684461646
27.306092265780556,30.2252051859412,33.53637237717468,26.378405754770956,39.87379394143878
27.55486893748698,30.07182493618738,33.39670005556763,26.904434340973037,40.21140111767549
28.122383212969947,29.9816717951508,33.149664145612505,26.625168181657784,40.22198909589659
27.998850992706927,30.072176863162277,32.88445735077494,26.852644541511037,40.0985827321009
28.15532504703679,30.045575054443553,33.036907801849395,26.72311533802614,39.97109219319214
27.84352624008141,30.104936167580245,32.879467405021,26.595114753826376,40.12481065784904
27.600382997505857,29.903593490564898,33.031472618105155,26.535552789150326,40.04337677149713
27.555908460752217,29.875228850844152,33.5033611421261,26.367396898806337,39.880260624319085
27.426257867977046,29.87616383258851,33.49095972434801,26.53245868992726,39.74428482168387
27.57452799684646,29.766150718098377,33.348623808032904,26.65893774585371,40.08323689388198
27.651850646763844,29.71398980563056,33.2289889339127,26.810832160895664,40.019492462303305
27.386687308115057,29.765279450270413,33.410200096323486,26.671624288086086,40.171272651538736
27.472421636730846,29.662959449115288,33.53734653710972,26.460910901248802,40.24224444185702
27.104251400676905,29.931660890163144,33.549583094736875,26.43917655893465,40.03423255122537
27.179423611739413,29.93488731426882,33.372618156352054,26.353020617402297,39.97990068682723
27.6043088795779,30.041809636258844,33.35198000915461,26.527545104613118,39.92094735622664
27.184839292472432,30.27209609544666,33.3550117310117,26.043451015846966,39.74580542393354
27.36288660566808,30.25446078221968,33.19898931822762,26.465640323026264,39.60110300707322
27.471901382645882,30.18542227411293,33.39084417213093,26.728394850507076,39.45570301493609
27.437923943380266,30.04644213028758,33.44320967907282,26.587808657843034,39.6060998886948
27.568194418970347,30.14551057690018,33.80106183803616,26.746810320052134,39.7467856337527
27.47761139901743,30.14345581897192,33.72482512008201,26.50284209563691,39.37717059892136
27.438122561657007,30.00193843620931,33.88068406739799,26.264350096043824,39.37832780694672
27.544491730911858,29.955350701484925,33.98393253897214,26.535213870251123,39.47199437745341
27.23107511361026,29.93589582289586,34.35870036787409,26.376115766204425,39.526304396538684
27.288219350316666,29.96942804436156,34.17838774648011,26.37468349967473,39.523526369035096
27.505516755758812,29.826800187227693,34.279347136502324,26.5047531542085,39.67956177429616
27.497616248950887,30.040994375322953,34.17441181599743,26.57162484569599,39.590272232018044
27.552463878609423,29.831541299057523,34.04708648765289,26.25816972373812,39.593782711486455
27.260803544821332,29.860911277132356,33.92549302254744,26.470321866875544,39.57155088579463
27.03071569911225,29.81833187701958,33.9735800138307,26.519813898983813,39.837567722780804
27.123281097121193,29.686393462654856,34.13620686236757,26.542242628518085,39.807280744216094
27.221379646881054,29.727465409935462,33.909586404323335,26.24097514405722,40.1706415295274
27.400857515555447,29.7565928787766,34.180778347243326,26.240171555780584,40.1264566897977
27.238759149612292,29.575263723884305,33.878965604028274,25.933903060781898,40.077709546409864
27.430136752655528,29.671775312037433,33.788161831418535,25.803234753290585,39.84992831095342
27.277654877017806,29.683760254351196,33.47466808875579,25.938620782551716,39.88725361827023
27.35716773864526,29.84035999592414,33.38386654104221,26.00778884701335,39.69590998795319
26.914426108885042,29.984710252510702,33.55203271945427,26.349221993264,39.92618730089476
26.922070506933977,29.951356299372186,33.32668903366933,26.465585206270575,39.912534125639326
26.938019385350465,29.92657871565871,33.12124056527503,26.22230607705224,39.96049283834756
26.85375561753184,29.892926457750246,32.98580200610817,26.349812793063712,39.964054026274425
26.7261582297504,29.798913303181962,32.89261230599469,26.075575862270355,39.71000713226417
26.49473901753561,29.653160434109374,32.44373789560561,26.06402298188883,39.61667105048068
26.993859941348763,29.84902233620399,32.566024479188236,26.382852535848524,39.72952198932135
26.787441034760988,29.920192163199918,32.7558567805374,25.90178647353645,39.88216602864992
26.680354587013053,30.147757335500874,32.56602196614576,25.869671368068435,40.126260541465996
26.643076604885483,30.07147732570565,32.655633477149486,25.665083266301593,40.04415294836507
26.610178768566932,29.992478650954467,32.78914349560041,25.81021812096781,40.13311149221121
26.63342944560744,30.133312642265977,32.80461411590593,25.690294222996968,40.32670518825234
26.80649585845978,30.02985845861189,32.73831669208913,25.808816533431337,40.54741371880419
26.695096109053807,30.12134319506876,32.437170791250516,25.98650899901343,40.43445897853091
26.67996216349467,30.07879720855915,32.72154011563344,26.05293285787717,40.71217160576356
26.780859575097065,29.86725543617552,32.829026912374495,25.788554122548316,41.041672820369286
26.896811455425325,29.828498238926144,32.99263494728402,25.651854040499195,40.74879863561568
26.788148383122667,29.99094296730401,32.61519662635313,25.75819866516761,40.640112475422846
26.89993244722907,29.778908934184564,32.472277003061315,25.96733109025248,40.62271811229436
27.02204818015539,29.833821495331915,32.60578644831,26.238412271402137,40.439492087239046
26.957403428963197,29.836621401265663,32.55837326411183,26.159766906415182,40.39700747353807
26.997198902850815,29.951860741906156,32.462088722474505,26.085017506639403,40.33897304636508
26.928559029746033,30.071913335041945,32.37399145346405,25.584553282467482,40.392867459963036
26.682589213009475,29.930074806344447,32.82705526893571,25.49221360432416,40.26312473219363
26.90074424517999,29.971001691942405,33.021537154691636,25.2748905588203,40.35078258752998
26.788905596091734,29.834154953160017,32.83802732606786,25.473214422136067,40.57252219483905
26.862359480378586,30.265921414512277,32.444168886596685,25.001363205669676,40.39735500636729
26.967618072970925,30.204409582272724,32.650081291264954,24.571819122632846,40.387745237004395
26.527482040230304,30.334237067663814,32.40188889919171,24.894758806196286,40.16289533257528
26.73856723120574,30.40130152542711,32.29893054772599,24.652079386014194,40.37975200985678
26.59940583068625,30.34723461847858,31.9983877678874,25.06554150885874,40.34123209981119
26.72376576446305,30.38245899740716,31.943698345851118,25.36143643781988,40.3556503469342
26.981958108087255,30.371317361908712,31.68499547137058,25.473534110857226,40.216596724324404
26.752098528725064,30.342207528234624,31.623519229349636,25.520808572047414,40.118324661939525
26.666769589354416,30.390426400830492,31.216643927037946,25.549572631021427,40.26032304733079
26.610349442523074,30.34180141693674,31.2682047019164,25.64827546638537,40.169296021323056
26.371554032921402,30.208221201441756,31.231806620557215,25.528852148204,40.02190229738149
26.192981790307936,30.33397112958469,31.03799476916829,25.666438881038392,39.93989678576757
25.944868213965062,30.17758202121584,30.864678253375217,25.2824509104967,39.76305680051866
26.13150731006162,30.087689700268285,30.783585596488347,25.227628215699962,39.89270888066147
26.15077334684204,30.439638827550734,30.8020175527427,25.542557502865932,39.9726810673316
26.066869079355765,30.50019892037461,30.83752042103829,25.50783185519746,40.1456654925243
26.248384359681836,30.356526239544824,30.655244513391366,25.504761086121217,40.01140774028806
26.229320872931464,30.62829984917666,30.829333721291892,25.870447141796667,39.906307560674634
26.322882993072596,30.428552874684097,31.032079046757087,26.215455855816145,39.92542777899762
26.033827147453408,30.373904415918584,31.140336850627204,26.175164239405532,40.01408995775854
26.123930184040752,30.23454394358218,30.71145621820624,26.041489527221813,39.585095079373446
26.21552516978492,30.208851675349862,30.840070669901582,25.870742086049276,40.06199104829064
26.10875824023497,30.259654764488584,30.845980864773747,25.867495297987713,40.029914561477305
26.34781435972885,30.180896019714485,30.56652029149074,25.998457007095084,40.03319599043601
26.361066393367896,30.13263227602223,30.575494181797474,25.846791174986812,40.32638165682261
26.340389808686503,30.381569330321188,30.812532784825077,25.78701093441924,40.28218846881836
26.273793551440924,30.40188634663601,30.81574684057212,26.167151808816428,40.3121059467338
26.087552664328424,30.394851308958426,30.55423631765703,26.210587560918654,40.36585144868141
26.132415206440452,30.324535093166652,30.10527679963208,26.00939897421365,40.32340433340767
26.305076405848258,30.345104708042662,29.892565860828352,26.1320409381119,40.258662712751466
26.34697788414615,30.253816882453044,29.56345689818291,26.109726438355548,40.30628625439772
26.678586604660786,30.395253705551134,29.418010380617616,26.032983638005046,40.27560269534645
26.940778954578672,30.379967914464217,29.414316689931333,26.399235033103686,40.19572896049885
26.940675097919097,30.383848128705367,29.550995326568618,26.060650555765196,40.33381189029151
26.580102616516612,30.12541028862595,29.622413512631802,25.972571987178064,40.30151379094786
26.55978205808733,30.2304361152388,29.43260015301626,26.051123079541046,39.87888368446153
26.5904727352842,30.232863023199222,29.47180470609239,25.67355067618094,39.88087872248118
26.458126024398197,30.460429882665636,29.56440615271603,25.768211371531727,39.89582431287097
26.61987476046242,30.561574221907055,29.87900500041981,25.82962915338193,39.75197403350241
26.338501507676842,30.518476434961755,30.15114965834886,25.640068965622678,40.06038229010798
26.281899359827563,30.269147205562778,29.767047442992276,25.65198510365059,39.85241813479744
26.23403232516382,30.279991567289485,29.9528901840263,26.038584457814952,40.186888347582794
26.13711967389894,30.185287569789338,29.945662264143383,25.633616641119723,40.24417420810277
25.95841578830613,30.13723964358728,30.099003753415722,25.695204356591486,40.270263217674234
26.277298062284295,30.09706918347306,29.929960358200056,26.207354634453626,40.18178851052535
26.183435373673294,30.13991870726739,30.109132328451963,26.351567720647708,40.05814995993597
26.422845159541705,30.326181569646437,30.375797269479158,26.516881176307262,40.02608758421162
26.39179111164034,30.320549283545056,30.49624882006211,26.668681095523862,40.20816247412093
26.438202687126434,30.183478750457635,30.780749446887338,26.442622437867303,40.07664224172494
26.409032488197358,30.03112897209364,30.7344156714098,26.61949706703599,39.93887868297818
26.52959426599502,29.956027008894687,30.598213281932818,26.772958418938224,39.97352831177047
26.586096392740917,30.006704262616662,30.716054251200756,26.470471563819686,39.89928609333025
26.63231520811644,30.10652969285199,30.644174208174054,26.5298947554168,40.02564285621387
26.688590927662375,30.09825621268033,30.305902729627586,26.810417513013657,40.111158485306134
26.502361387147793,30.27605631281343,29.92813040844892,27.072041956796973,39.96053083129062
26.328644356276122,29.774053434297063,29.64398072582842,27.061017266740603,39.65990772647432
26.344537686127968,29.912190709103637,29.329439736381495,27.05947912909289,39.68803202262573
26.493844583987002,30.05883337882955,29.47129024265478,26.91465117347811,39.7375569574076
26.38571637753678,30.05602987448805,29.843955023960937,26.904260130723372,39.60833984125596
26.613352028985144,30.207304777772727,29.556603013864382,27.022325075620934,39.53712603284482
26.81755573432006,30.192544526632922,29.79537571725738,27.123482818993818,39.70959789331873
26.964342853389553,30.080159909916752,29.90464130727667,27.14799959317133,39.5916597150298
26.939010764977848,30.325874830002835,30.05608693878165,27.196612432268598,39.65214184539898
26.657548510873376,30.110451548236266,29.950720857251028,27.049341015407435,39.62730871506678
26.6346337066833,30.21956814995193,29.7614784460632,27.09672346761519,39.58639170890356
26.79213524755467,30.404530024378786,29.380647373910985,27.315151694849014,39.90750712472023
26.993058745122855,30.225842986950628,29.45963606746389,27.27203492561599,40.122622330502764
27.00066611620774,30.153041342565867,29.792038909324273,27.185115495880225,40.137768195514994
27.138772747569067,30.224237327827264,29.988069306780783,27.275348028228397,40.38137850570355
27.352584795626765,30.232536015479877,29.682544355627094,27.069367811821866,40.372677298421365
27.09155197949799,30.23351770421281,29.84049991825859,27.08659190081149,40.293004146684574
27.01398790734342,30.341232233483442,29.89578775334072,27.155636372466084,40.45818730409375
27.000233041741883,30.40199702467061,29.91225837872937,26.777782716754125,40.43572757882502
26.975975228309682,30.112101986533954,29.37808709867947,26.753531683538295,40.21978167030347
27.385903668406655,30.342806468528156,29.245790660136585,27.2811139697566,40.40877753869214
27.332560700753813,30.52204808401643,29.213239722090833,27.001577274974334,40.08605169891173
26.99412831557333,30.383089772657797,29.486525864005472,27.039619562698995,40.11525015381458
27.3546087469214,30.328144920592138,29.672467758309946,26.88156695486798,40.15888003549652
27.200892520326313,30.378660186036868,29.977452122684305,26.709729776295713,40.32920775169379
27.114496969388966,30.402883498412834,29.618602509699848,26.886684244152185,40.33073908811456
27.01341221329012,30.40112782428274,29.807934385867956,26.727669589447768,40.33009034671635
27.320690765386843,30.663202755932055,29.907704602902673,26.601405872132563,40.20436708488775
27.23251723826645,30.5424211880686,30.06218951696216,26.735115401119067,40.269897644503416
27.077639684700316,30.341918351735202,29.906871096928025,26.454490964745272,40.079535030596304
27.09571236957391,30.684396301203183,29.79853927233197,26.35348094274578,39.999152826750674
27.15283170743144,30.379872598732618,29.747956115012986,26.18826497308951,39.93269756317449
26.81982468074418,30.338387039023914,29.6286086864286,26.1438708002879,39.95324181461946
26.796862986886605,30.274590720959225,29.58537543095798,25.6899566224661,39.93583981671891
26.911888060350975,30.177891120522506,29.532620614371854,25.670722933462628,39.95376046077405
26.530194153615664,30.15723334649221,29.56379038765397,25.58878754934548,39.80364544292362
26.694176826242078,30.086531736203288,29.33585997658357,25.524418110341863,39.66076356949892
26.615067085319463,30.220141138008596,29.598040753103092,25.433195560149272,39.66508396630317
26.362016740433887,30.23017357570234,29.39254337778106,25.42853807845156,39.76437529290015
26.492302071428018,30.13650021130775,29.276942306608515,25.30658593213673,39.74610779932771
26.582812686035034,30.218381670207762,29.561340374354245,25.27503751317695,39.884792796560696
26.692547867985173,30.226835117994703,29.498391330314117,25.330241194298786,40.06693954608926
26.464434357501748,30.354036782123785,29.529417599156382,25.06013087171852,40.0290734762668
26.822441401443836,30.392833806015584,29.28797075995157,24.95881099613485,40.10376697512819
26.7552154564431,30.341235429828835,29.43981599051145,24.771398994080656,40.194825421153936
26.810782981946385,30.409032093847983,29.551541683706734,24.557411067667974,40.106608486075274
26.71317005737324,30.311260482134177,30.03684467578059,24.570683235866557,39.84219549176722
26.533398610699805,30.279987897471536,30.19693422125154,24.707476634693517,40.1670043612975
26.448861324788414,30.23966629042749,30.401593539896513,24.86816818700132,40.14727162935254
26.5795884605074,30.233275369002065,30.514548578042287,24.60786251513693,40.00194003458452
26.413240915164696,30.222759885847644,30.58328295199468,24.53952982998487,40.00202592935886
26.655654695973283,30.232173807488433,30.80369154754375,24.196214918916276,40.26445560311638
26.777529803457682,30.197484314226475,30.553027365530877,24.454398469761397,40.141593398411786
26.728098080768223,30.279514201710718,30.382482579059804,24.639576580918522,40.089716295729396
26.815248392121127,30.109899490812467,30.504870310530787,24.438067291273946,39.94682900604899
26.613297134780854,30.26579518396033,30.783922442849374,24.586882161197487,39.961588985884404
26.687620201697573,30.392488694315627,30.594101569005392,24.462918868177525,39.837001548172566
26.872569419706775,30.582459224163895,31.03021530871858,24.694220273156525,39.59576297783579
26.753000822151186,30.707128070980573,30.751692099177042,24.946539558749816,39.5747684620775
26.744130511901524,30.480020692536833,31.06333465000897,24.762517816285182,39.44439150842612
26.874592260701384,30.368735362705475,31.33123599356988,24.536112895087033,39.541852045448174
26.993646606036663,30.238882322623745,31.6034222424962,24.745172025827618,39.76773034143825
27.061431396495205,30.352581895315403,31.760723864745632,25.09136408545255,39.85094127786787
26.967851208995793,30.4791625100044,31.646311363739393,24.913663207391842,40.139294790582824
26.91340127371695,30.828184754878343,31.394815809168378,24.70022974571992,40.21092177559843
26.918044891620585,30.764794110561365,31.34442858106074,24.527542781189272,39.7950799494196
27.30867449066301,30.836368029795153,31.23442840824502,24.380293211630864,39.75738017658368
27.12089861865479,30.837039931451418,31.449657090234204,24.84559900483244,39.61284364405242
27.01551241132469,30.672729902541803,31.280070522635388,24.58483641111401,39.65076564495222
27.108567673966892,30.62454770613689,30.942695755826033,24.583709785514095,39.844583234469866
27.020559667939082,30.63180111282951,31.07230657459554,24.732410637121884,39.890049393239
26.818681368415923,30.684942361394487,31.014769376577924,24.4410994887266,39.907894494637766
26.814972750857148,30.587008229111262,31.19436287746299,24.581775730506372,39.70757554628001
26.856670171554953,30.733548970634907,30.93708671070161,24.563526913373124,39.86376276072336
26.648909743578578,30.747406727928595,31.042659775403724,24.657610552582415,40.08483175062276
26.649719651654173,30.52752488507218,30.997641444120166,24.981229064263754,40.20314463232555
26.24127109453329,30.493035559148858,31.13636683956352,24.909045158705144,40.16653238345118
26.640054810540573,30.549082658660165,30.9224815613936,24.91192471943031,40.23952107241449
26.715039393794587,30.51502224979143,30.794620178666552,24.88276541382558,39.82332146927226
26.751236095853837,30.257391726416415,30.79538557424431,24.757805914094632,39.754263286853124
26.73460653740682,30.137515788383517,30.703553256260957,25.337778478076167,40.10304446158868
26.860741966127485,30.143371951456416,30.588532255849714,25.129811776950195,40.02310719257866
26.848101609835474,30.135597902220642,30.90266387910092,25.468978092286275,39.93855076420219
26.86957578707541,30.14367879673665,30.671738314743454,25.63830554815351,39.707590625858494
26.69096542595888,30.1171837399866,30.494670828482384,26.15485169444319,39.47806628307153
26.965111625420892,30.16839431354824,30.344353192936598,26.148166211639307,39.34948680732859
27.0595758458968,29.914010573875093,30.347811369426363,26.042756399598264,39.05435516422566
27.10633446567739,29.869823127435417,30.20557582039645,26.25746087101151,38.94131973017131
27.138506196092045,30.070811039453844,30.282533588545434,25.894300525165345,39.06300892352256
27.24195013279509,29.953154049066715,30.24362655744134,26.169226953022743,39.24212692785004
27.15638141983874,29.811953294802404,30.164580147835878,26.106850135641874,39.20773115694444
26.99528786651984,29.61191766963622,30.42253165077905,26.137309882172865,39.17996181244468
27.19063225523474,29.754892992934415,30.62796578582706,26.204997854033373,39.1608627481016
27.123495721642286,29.90506984800277,29.92672904842185,26.26433824665234,39.31400635007284
27.11514371059994,29.950214009692512,30.019556138965008,26.555685228759113,39.05493051788552
27.0283494240703,29.953542488504393,29.971656414622757,26.75626260490198,38.94137556978546
26.945641785095262,30.17919602490269,29.78297923809972,26.37920353770151,38.90282374743005
26.67031547780055,30.086731841029724,29.860860643394297,26.401815103571057,38.8647754376648
26.82226112266533,30.102899094598516,30.213940161572697,26.33937037593432,38.7808090749971
26.737126341658897,30.207625998777967,30.303279463151608,26.568030184430878,38.782437532798674
26.76136092406174,30.16143501900738,30.01207154026813,26.463353159182613,38.868066558193455
26.888310178467258,30.02617901252973,29.93062110778525,26.637888675818772,39.10215218227812
26.759688677751154,30.13036038756339,30.40993670362231,26.515316836902947,39.05853661888625
26.633373417126485,30.17687439653929,30.43719858710487,26.485221448368875,38.98081910545216
26.808789696149194,29.986757534254334,30.44496648424887,26.99024185649809,38.80334725180254
26.668489504578204,29.943176673394827,30.56986075055656,27.378708315828945,38.788330792746464
26.754990433136093,29.852469985174217,30.502866654253417,27.32332891288565,38.73478954343405
26.91807069664439,29.95575804091695,30.47483238480835,27.63355948444144,38.74616597507313
26.70095074715925,29.774131414211315,30.690311086364588,27.678649223306397,38.300482402816
26.794270216677486,29.579848619464197,30.873964200312873,27.58783042101521,38.575328376413964
26.697747207467497,29.686776720910608,30.704246021723428,27.777543661585433,38.40708736422789
26.6404700945582,29.79686568212706,30.49961973787358,27.934778016402763,38.45554443795687
26.855160317388304,29.77874675677874,30.294787770986076,28.090678865579694,38.317443086602125
27.040099235603257,29.88930237643671,30.20314898837063,28.105709248635257,38.353281844636975
26.955632866730923,29.719432667403655,30.130278810862933,28.319104538166965,38.04604614192548
26.90999811752352,29.780997709440644,29.926265799881378,28.632092011643266,38.34067794722113
26.75821586428353,29.814669410200867,29.971693039141634,28.94975342302392,38.37856002508354
26.591281776483772,29.678837408165858,30.186527526796645,29.050047691517687,38.390190054198065
26.754409715069635,29.88799845096321,30.245710703902432,28.95771766615144,38.41651135322102
26.807194444138972,29.818534837289185,29.912300910433615,29.12268532518287,38.47032034437409
26.96720697124971,29.812316809640294,30.152934801290392,29.032116726364656,38.37623883517283
27.17509196375749,29.8525007993464,30.371353712194807,28.91782774273084,38.31403735328421
27.037333838054632,29.83519165328931,30.367400624912015,28.89218833709216,38.28121973812837
27.011912587930006,29.64862416768926,30.474546556205794,29.340405562860575,38.32469020007371
27.231852965322314,29.769692448828007,30.913757456999768,29.27832230222838,38.04557896314694
27.194902140194234,29.762767007953883,30.77800164073887,29.168240728496816,38.09917041539481
26.97064335608613,29.85670904536015,30.827091378750062,29.299947399483074,37.974127332911266
26.982582831238794,29.875459204171417,30.84100588107496,29.284596615313216,38.095328373691345
26.632272725969067,29.798674922399876,31.154373500155927,29.089975881471254,38.21208311946587
26.585761762799713,29.877172254102177,31.182717762060797,29.304048147640145,38.135345727582234
26.584560216797364,29.74356578502046,31.400517796714887,29.40917725486579,38.255537666267884
26.434117309359923,29.761399051315603,31.606339155036405,29.31768103515974,38.28051934244946
26.323783965779654,29.65927835857738,31.599426156221472,28.84807389243368,38.31181403819772
26.155362973895617,29.636347706419937,31.896778614370856,29.162320438224008,38.313036014543194
26.16025097939612,29.77949581820789,31.574916131258103,29.337934203599126,38.415963298872896
26.35621577998346,29.79432777741732,31.36252484509023,29.3253215120266,38.363959176713706
26.08880011205479,29.774231527979065,30.875950653228674,29.011386124766634,38.44330375158257
26.051869761107568,29.864617668421488,30.786133309046768,29.17097704973526,38.42900872424785
26.18572478691054,29.73650928406618,30.789026315645994,29.63623279694361,38.399839658938966
26.391562410382544,29.58836857431603,31.050425686503978,29.700934726769372,38.45578266444007
26.445272089201982,29.86707086583634,31.146654805446996,29.45316532554518,38.363019012764305
26.268885551897107,29.545455704031344,31.334089758793354,29.34448654399761,38.10162357848431
26.19531836555524,29.74753589214688,31.044889169643582,29.46576639489225,38.161432036902546
26.388311868263713,29.879685611896562,31.21603850607917,29.15947343853488,38.33862291525929
26.437600484969536,29.564891200529406,31.54822456026072,29.462208525155727,38.26849081860891
26.365889157615847,29.573962659219628,31.406745082331295,29.740890195723292,38.17889221922245
26.65781404766035,29.597279960200023,31.704152479448382,29.608045797291794,38.09494618472809
26.821725945688872,29.645257679140638,31.67677111202442,29.7783894210208,38.17602138020808
26.67423423910846,29.66942379104527,31.765690910650953,30.114886881132893,38.20992346166151
26.53354231634919,29.6736518609205,31.643927712911733,30.323424138132598,38.087663215384126
26.360367961871095,29.680402105932554,31.61962426629782,30.069278922363154,38.18341134264205
26.530234466258683,29.711064960764702,31.56237967755668,30.39807869466966,37.95828126388876
26.72921097852859,29.70541696837078,31.657509463726495,30.133138578339604,38.11419895428142
26.597422202880328,29.91968385024193,31.71095325883096,30.054652423287827,38.105669503638794
27.111619636812943,29.77114861184721,31.811026251642684,29.81807110935915,37.89492075154517
27.43407033943255,29.863218676782004,31.915041977720445,30.305538006946428,37.83195344144114
27.54633914572396,29.82865480983595,31.857787024949534,30.243251294553083,37.92109397999972
27.28054489856053,29.746205450152836,32.001574111698716,30.408428638744507,37.864007263551805
27.127728790446877,29.790480955749384,31.856652712527254,30.447973088096283,37.964434446093904
27.028377004369805,29.799844213940045,31.640155058542472,30.77437060897302,37.89401713431635
26.965492562877753,29.659247514889298,31.530568370036953,30.85743359883335,37.938885005865124
27.063317723098137,29.716851651381713,31.32543598439508,30.61945606729501,38.113889834014124
27.0054949085642,29.614696389254693,31.365036547528018,30.674852416544706,37.853990169509984
27.067030379103333,29.58572311293814,31.241565017855567,30.578354761130292,38.0691122220571
27.116513531566582,29.73639172209801,31.24256717330762,30.724553247955914,38.03515560158377
27.097850977094204,29.703816604663047,30.989864712653244,31.055097315411615,38.01878563321157
27.167191809416554,29.57875498611859,31.088871624351363,30.920308032332212,37.944726068816024
27.513022756497175,29.48346402948106,30.681013404757277,31.12449961052716,37.92062978287703
27.719838473454644,29.620273176609583,30.673938370169655,31.188449519020406,37.95360551216784
27.68936391937482,29.693922499122763,30.46824638381678,31.01173909310857,37.83310878879564
27.90314765543015,29.811190822740333,30.886321832036078,31.12522795716351,37.792598011286024
27.964504946133314,29.793686890459114,31.188293983629478,30.912213625207574,37.87780172338644
27.82123558857562,29.769922368636877,31.2365124822393,30.87099244947268,38.1727698432346
27.868904050324506,29.50917383408635,31.30847068046321,31.248609232986407,38.05204341988556
27.739067982434698,29.896641343243353,31.396638355661345,31.393602841349864,38.01837095989485
27.863866621678266,29.95891261810975,31.002671522691713,31.497358070304333,38.19003742679265
27.996356102683755,29.856389733631282,30.896126137873136,31.214973806586364,38.504105349220445
28.348766266422896,29.788043795813604,30.911450188283116,31.263284008341234,38.33440914554198
28.145508928675586,29.85576298478789,30.91675644694521,31.178782287315922,38.25876402532045
28.259817669744645,30.007210978772807,30.669385064710703,31.21685916056784,38.27706313781506
28.354449269951157,29.919960614645863,30.522740570890175,31.52134664593775,38.16207447614529
28.238028520997673,29.959859632549595,30.806293544238663,31.23367702866965,38.1736170773094
28.13599652991422,29.91477525593721,30.643756830011885,31.28163810558074,38.31082683116522
28.20041288387175,29.843977428676503,30.502233263088225,30.98159095141448,38.389601446332755
28.18849840731923,29.940519517567335,30.553655070914775,31.060180635951408,38.20512582800373
28.359049532597584,29.701262287776682,30.59996480103499,31.315250486453042,37.91099414085665
28.313014825214555,29.5532008596418,30.620017913766905,31.449051238621237,37.99545659771632
28.17714926703619,29.708220161528267,30.76355641589629,31.817203424091204,38.25680539061027
28.068157843985436,29.57380171921581,30.745630531532946,31.785606613869557,38.38129335742536
28.11877576013537,29.423703175774957,31.150384860683438,31.787938555542876,38.356716354794656
28.514342740844214,29.623456917620942,31.38770255184494,31.67459724290733,38.622290367158776
28.745954994462625,29.761787698082866,31.360092995647978,31.59646729193743,38.40937359846818
28.70637786573701,29.74604609320966,30.826948774154953,31.885315738233228,38.43249080148373
28.780318821060668,29.70221160231396,30.741468198538563,31.70403440084658,38.6740622905191
28.925847336747935,29.592470745301103,30.866601520305988,31.772802213358737,38.56126998139997
28.762946777361215,29.737499059470956,30.687346621083787,31.69333075352798,38.71650313634558
28.646641394873523,29.701187394609388,30.567900667607574,31.3949811250364,38.888812436569516
28.624500761297124,29.718006402165592,30.781834525896535,31.232752742614856,38.82896449240921
28.761262959480188,29.853815280619433,30.820213774565158,31.07459362076012,39.00918462697827
28.87261137734443,29.609538958867223,30.830403106886493,31.084087074152983,38.848812913297124
28.742903800120448,29.739088060464173,30.750889701889005,31.08892089440028,38.84924417830451
28.342861516049524,29.731407626808014,30.492743055081625,30.578337952310974,39.089015209597875
28.362073449003642,29.696061612701037,30.503529612903193,30.690468020091906,39.15814815282099
28.12045815684371,29.727031552420783,30.55321668056717,30.9554293615001,39.144777333968435
28.092687457809728,29.794132569168298,30.251870277656842,30.927527853294794,39.282533951428256
28.170536200068263,29.570829828329945,30.243334704861216,30.98513274688604,38.979020375365884
28.04124410365834,29.596986919094995,30.162999630690578,31.023774752848016,38.93391439207952
28.057291295872893,29.82060108130949,30.20379367971342,31.00921906805094,38.86621577884405
27.865720799928845,29.806772552240105,30.18427423016275,30.83448056158092,38.8833384193132
28.07796716483413,29.78118411059575,30.136707960613112,30.973149868704816,38.76537927260285
28.11360558127733,29.585156524769264,30.258863702793906,31.0253451630944,38.65649419662528
28.024771954731083,29.3744759606314,30.06590232531385,31.074751256316382,38.575642627609945
28.03556479679439,29.424021034648675,29.966380532288635,31.036767180376376,38.66674680728267
28.22869499317842,29.329827114533714,29.964019700522925,30.837002960923066,38.55069228252674
28.271849705719795,29.59282599715942,29.998307366892895,30.907675633749527,38.39465856212385
28.35923361703301,29.480590164315224,29.94940212162171,30.87045938646337,38.69041193672512
28.28147582068394,29.728195127184392,29.839170299254842,30.646585246632036,38.534749705223746
28.209604611613372,29.839195739535853,29.91292388945492,30.372296923922562,38.414665479847315
28.32297826819189,29.52616270649196,29.779898977743347,30.37470469737593,38.39544024671691
28.36311940472664,29.733266518785953,29.717033492235,30.93877275550173,38.60080676078915
28.14262011784412,29.664146220448,29.877916271998465,30.788560933007354,38.637186656740354
28.07087374859447,29.720116249590898,29.47463034530718,30.777824106307044,38.67244501664814
28.22416638993951,30.04810394349528,29.665249789319425,30.832762340438645,38.505455782019034
28.378255757580806,30.152579027816255,29.805888393572186,31.160866564580406,38.56696197790857
28.073636945959915,30.303688345431603,29.78422046010319,31.48919844304697,39.01187931708882
28.14082750590569,30.123944889651987,29.59996718165789,31.26322706055189,38.898262530207596
27.888715666287467,30.09962504581429,29.677266287599508,30.96577953898858,38.83102026906607
27.91166868222019,30.102004786788036,29.980645737756948,30.825293344339823,38.87378122894674
28.001351500121316,30.40056129563344,29.993787250248005,30.864026564315477,38.77505170431661
28.114788852725592,30.46791144271117,29.889042229398566,30.89726141971715,38.86502689616586
28.16570706253652,30.406599344132424,29.812458177014193,30.866194547568437,38.80586555319579
28.215623137810844,30.249214466384,29.61612856901342,30.61425845614421,38.84848173992377
28.02921284406778,30.364397411874005,29.640770505226463,30.671760367045508,38.83213961757117
28.023657319896497,30.364933353808862,29.56959409265955,30.865584141209606,38.58068639483162
28.42663880518238,30.141419985851464,29.641721435344095,30.906769853874575,38.54106702106965
28.43149778654704,30.26163330307636,29.66782219766842,30.803041432201393,38.849170770432416
28.352610907588453,30.073102349837956,29.543392626521292,30.456053813764843,38.89143521469858
28.415419447744828,29.935981225279125,29.469029827103252,30.319932274013702,39.0335090911714
28.51543876288986,29.920051004096297,29.510422803461584,30.254647974457143,39.068304645656966
28.64748209833067,29.978401642568702,29.543977536031562,30.134813311368276,38.891955537276026
28.454764367158663,29.748067910801744,29.513359133073152,29.80393629769526,38.94929025136777
28.470956779245974,29.913745296347916,29.0377426227677,29.451282525029253,39.114672335459595
28.291524133047744,29.86613214589399,28.86050657698995,29.539766382866585,39.07770374729547
28.34033353434104,29.81004646806593,28.908971195976466,29.563054486486546,38.92093442317665
27.98163022930442,29.76026469234608,28.79388838947897,29.593282447788333,38.569498317521784
27.81023180943551,29.75251291872868,28.65546401099863,29.934871782257026,38.63341354512903
27.994421381117558,29.830118489052815,28.706308002820084,29.78152798445337,38.613925603732675
27.82760042383868,29.868557678112385,28.592472532476823,29.40419249116352,38.35525212089827
27.57319233011413,29.85157698406091,28.749166479946997,29.373440982986935,38.619481742180035
27.397440358803784,29.789091597199693,28.226851105691438,29.197480986312875,38.712638564573005
27.144878104775433,29.68938198369076,28.380675411225468,29.17532373204984,38.61154278724113
27.229788211176515,29.671136066058043,28.54010820088072,29.386457786405487,38.60320277454388
27.067259113724138,29.658346428150715,28.512268543007615,29.480162407050123,38.615813518580325
26.97086946822208,29.56321646010222,28.503264881407414,29.8845880687552,38.61945931863706
27.21122475437223,29.719374289120555,28.57210996165022,30.057562792368092,38.59867995917706
27.09012970031519,29.729855176160626,28.18825502732432,30.35847908687381,38.79962844611019
26.938030867886322,29.615531229968102,27.878244871991058,30.679091715786935,38.53249769924571
26.718779163596643,29.687143762228906,27.797066088451512,30.477409184835132,38.35615318454198
26.83203063452156,29.67505634265868,27.97090022386101,30.287324286985115,38.50006485460194
26.699840770320975,29.612532484196816,27.81181625293115,30.428247846337545,38.506050253685345
26.613991578228873,29.700529266561144,27.96948935518184,30.203318740838366,38.62018077611656
26.848725103860804,29.7688997256475,27.97883957646299,30.062951367537103,38.310587689294344
26.945620488301824,29.694123423423296,27.812171809538672,29.852745176759516,38.553632150919206
26.93083273357752,29.65458508457096,27.619443765132463,29.997605586077512,38.37992470209633
27.09987479197949,29.618835088087778,27.909393833040177,30.12844451154296,38.26665054507727
26.856394792973777,29.525414226077956,28.027665627961536,30.286619642235674,38.27260215291905
26.87826048742335,29.54436188723809,27.970974625224134,30.341070292602723,38.501816667342055
26.790387462489264,29.427359584407615,28.16494296175135,29.95886484072526,38.407761321873025
26.909736359258513,29.57373404621356,28.186831948289292,29.945941555500855,38.6764049970742
26.86421667749228,29.590819319876537,28.062051344013017,30.229685222365937,38.65404214976859
26.78126598290692,29.565299428172448,28.113312753591746,30.05514180099876,38.79216933662923
26.496007107999464,29.671745264723576,27.97736234759878,30.167111082155763,38.94304358803279
26.51321869429598,29.595271838010973,27.771213402468607,30.191765273936614,38.948477619243924
26.742915323019083,29.715300591108814,27.916150451087205,30.04199509583324,38.745392778057685
26.616844955485284,29.795908841394777,28.112993026630104,29.999150830631073,38.967969347848396
26.626270334232913,29.5862057226115,28.167314730213665,30.195426471694354,38.99392984004935
26.703062295023845,29.520409154502197,27.759445369880886,30.19178765477079,38.78045897206534
26.650497756333657,29.513485944352304,27.9497553047087,30.076653958726258,38.728486734957215
26.86181050526399,29.685154129582774,27.931785742350776,30.096069670793593,38.7238261381394
26.955033724049876,29.586381072010123,28.00170386927783,30.144143288870232,38.934005636559824
27.17647778580988,29.583510101110313,28.07022991434545,29.739525786841835,38.984354285561245
26.882734183133042,29.71570282722313,28.16796817999622,29.809656560250048,39.020442329796296
26.947440223533075,29.598430746473124,28.32791642202669,29.917055238101508,39.13422363411153
26.882467914538434,29.723639938990782,28.259107076694598,29.759534123502032,39.28687199636003
27.017088498136747,29.859624536574355,28.159933326584913,29.662840278392107,38.96758107857007
27.159195951108575,29.82281582489463,28.479371170449742,29.661375413643864,39.086874902202574
27.39080239382124,29.739048956529263,28.562871393019275,29.422710362636273,38.89550163627607
27.504044343629296,29.657089329381588,28.479970143767822,29.63865118836534,38.91030294825786
27.60877169452711,29.837338524926,28.202334955061435,29.357421919804512,38.92453317591695
27.594491626414058,29.861537238460667,28.31635823615588,29.448877355002214,38.71056098214085
27.72062864938655,29.804852532899442,28.113362913206487,29.51020469425477,38.83399652220975
27.50499264053247,29.679273775650145,28.352526848975373,29.370841332909873,39.009576743413554
27.604693648810247,29.54201931481873,28.569816496569057,29.30444472849773,38.940276298530954
27.870951700480934,29.71010710279778,28.972368937325477,28.982668354229983,38.52840427080646
27.7652678293408,29.79921907301955,28.930652224963026,29.108195727494664,38.59013994980514
27.92191048760647,29.73198313781925,28.89776331452489,29.005245539214027,38.48797315133179
28.09508190124679,29.578121477403883,28.865042112813917,29.19873270694204,38.44823108780115
28.031351669570462,29.458005314172613,28.58326012171335,29.185487650764223,38.393654190267334
27.952932442565544,29.346377597083542,28.501184022933334,28.974147492395282,38.496693849248075
28.03598161158235,29.459135694402644,28.82839242481413,28.581181998885548,38.46536719480485
28.07914724493909,29.457347336032647,28.908845132622616,28.90003108288825,38.49844078433197
27.924318267199286,29.414168917042748,29.389162077388086,28.55762476987792,38.25542762643278
27.941670661959066,29.750715226023924,29.231749817077542,28.588931539302553,38.43842253909768
27.894756372670997,29.725317478383502,29.124126328745376,28.919716688754008,38.12163600805352
28.332105154483617,29.687452844521584,29.381315392672025,29.039933340489796,38.094236152801074
28.362857166035177,29.86407387449251,29.09228853722734,28.982841994912935,38.327765189115716
28.255572301757372,29.798932465942727,29.19805475682909,29.325257903244008,38.003076579632356
28.25826567325343,29.810843863367978,29.285041070589845,29.537035408341,38.147129105335985
28.44279896874577,29.83931933482588,29.282878538330294,29.48668995227712,38.279367140907695
28.334193943986765,29.784235644864555,29.663825238355138,29.472143798450215,38.453018321102654
28.217136952061445,29.731282554499412,29.671434418346323,29.274532920488408,38.52156474508174
27.873966326535133,29.60886694430898,29.431585636646076,29.931404333620982,38.33722152538872
27.95264779488691,29.753602729567735,29.216972940092795,30.229720279969527,38.196606710057345
27.864993775100174,29.576841519786157,29.41932871749864,30.302020618940062,38.04047959290781
27.805844666729612,29.75878896046633,29.811615268982738,30.434897694266844,38.00388769257944
28.040070595280095,29.602928957743654,29.982110722201437,30.534519428660865,38.1306077562019
28.129751716533843,29.54955132118612,29.949219922679482,30.158758888533047,38.41771917920006
28.466606922621917,29.63238948536698,29.775927132295223,30.104078035123802,38.47036147554583
28.093849177813755,29.433125349480505,29.918522499837735,29.663392027280118,38.675948483867785
28.239869796270902,29.36714807701867,30.121982677282595,29.384472101387924,38.672754867410774
28.471448365227342,29.537980613875565,29.810824917135026,29.529655376347737,38.45297040411984
28.530817895596385,29.264097511957726,30.150055658042408,29.53963631379412,38.465164114480245
28.302598055369803,29.383217162247394,29.786165124219004,29.928534331674534,38.45805265246117
28.115422074014415,29.288386451270366,29.44297749577414,30.068253383891296,38.24319341086927
28.164315647021322,29.532253580790076,29.62035655946724,29.869874527629214,38.157322858880754
28.168854286812778,29.678712553290715,29.5168906341663,29.794745494618873,38.1487835545933
28.049457050774926,29.751913826856374,29.290989729053642,29.735161324905388,38.196245291709175
28.184291071094872,29.646936683992433,29.24260798370604,29.6653186541618,38.40833747242944
28.396767594624976,29.533295041384477,29.27442843589712,29.533160585269034,38.51038148395342
28.347402959731173,29.362198819492008,29.502646479998138,29.453876132215633,38.511165809652574
28.261486439413254,29.34500677326761,29.41259272326536,29.761045035812984,38.21926057457717
27.976732696270066,29.336149801604652,29.168644151620818,29.819105191367253,38.111680156520144
28.014200343123658,29.435959369453496,29.00302477454612,29.665386412762288,38.272804984313844
27.978776545163097,29.374834508409528,29.22577378118215,30.228349950499304,38.321748826692016
27.862020547528807,29.343100764145397,29.22930224050586,30.051288590408284,38.500641931023495
28.183459434020865,29.369546541971737,29.563147570861336,30.176284786815927,38.64917707940206
28.512378711852893,29.23549078155327,29.395492682217444,30.48057984051506,38.4703002699733
28.728220725547374,29.152987359868742,29.533023009456002,30.572569230588652,38.34034850905128
28.619801988628584,29.483103670104903,29.701959142333227,30.736964994422856,38.55561008236998
28.552066704353972,29.473063445318516,29.705012885437736,30.54367013606872,38.5790736557535
28.23853604207232,29.241940392005233,29.571166562301112,30.789276713330935,38.80387825444296
28.439668351128976,29.269838001999634,29.516480368077058,30.806737647473266,38.62969667050892
28.534284165681452,29.323778600691707,29.335668905221343,30.667223293469096,38.9312296781112
28.405647733405644,29.344431221056528,29.099472764427993,30.91240994593572,38.916243272394595
28.139065293094212,29.266932754724923,29.27918855805989,31.17411353771246,39.06818053307415
28.425605240359644,29.311438637722148,29.399897204367686,31.169203304344382,38.92432418684237
28.283150213916386,29.155434555975734,29.481360336351578,31.185524635371685,38.8944071047181
28.155765629120186,29.420562444247054,29.121294524694875,31.500398633611496,39.00655421200081
27.964087297940473,29.395179091250018,28.982556577941597,31.466742049167287,39.008892627501304
28.088460503281144,29.493074862676746,29.02712562952172,31.232875701507048,38.97967214918395
28.248628509723304,29.377336352939597,28.691345609870023,31.20059727682623,38.84750754289719
28.285002234076526,29.374394241844502,28.566051134729886,30.968838238030468,38.873222450191925
28.573054546353916,29.39059454513577,28.51171089378155,31.080050538534948,39.116684750362445
28.702154582236204,29.190848314683606,28.752719739623423,31.011622095614694,38.95291383149267
28.753486696050977,29.345482131425445,28.780748995268784,30.71716115058444,38.83612683594513
28.592589830763327,29.387110104433532,28.696430658171455,30.982324077486936,38.85076863042731
28.33205896483531,29.400693074588816,28.97211600604334,30.96449551982826,38.776732432747245
28.297656689422766,29.50934304860012,28.938939975935348,30.69125880024066,38.84696042670986
28.166706725351872,29.284702040010632,29.14376140710738,30.45111162000418,38.98319186059015
28.181605317660605,29.29489989866734,28.959780078589585,30.136697121514704,39.36708642685339
28.453145481082338,29.381432726176417,28.887736639561794,29.897550865615028,39.199557812396876
28.525279781148896,29.254761616261156,28.697729394579945,29.90674372079977,39.076096620563625
28.535267326094296,29.39426172883179,28.56749462098784,29.49293318220701,38.962426112514564
28.59543985143679,29.341475322308483,28.312134944053287,29.5258078582016,39.0805221308198
28.27486351932914,29.14350944502985,28.40737068645579,29.591385235538326,38.655490903380006
28.221527996855556,29.11984609609451,28.390341688528338,29.491169893604514,38.705714811187256
28.05454664328364,29.219389462233785,28.659818906905,29.974640043347,38.575791818355356
28.131790378878204,29.347972189143515,28.773858445526553,30.113663220822755,38.31004104041961
28.195774187435543,29.331999821974684,28.899336942557383,30.64686247074772,38.537130329748365
27.79309288133976,29.379363160558515,28.92763607197283,30.611713037827194,38.50026272853391
27.789757849690712,29.02292399405237,29.17317896210054,30.275948117252877,38.67000911611685
27.95014253177905,28.880893844438148,29.088354324493825,30.091414038018584,38.7352860962867
28.080010033667314,29.006489173491378,29.447045616987538,30.100790901181103,38.701451126472286
28.022576808469502,28.773796171341637,29.57332816865917,29.662632924842598,38.54655562852749
28.032372145862947,28.888764588607373,29.66072705881975,29.73607745201567,38.421005876538864
28.13518475451429,28.990902849291622,29.406897592874493,29.63210860652946,38.259977520036735
28.074628244021987,28.808167702836045,29.58291710593442,29.654048477644707,38.32283735154086
28.0430186794928,28.990794363196574,29.583802113299143,29.743527520791083,38.26363440514721
28.403456245688265,28.902574743522944,29.27461894937666,29.663537444689005,38.38417316684187
28.236429418345594,28.846185144051958,29.37849829474959,29.511078456536257,38.57881551090221
28.272612580402235,29.04327696354881,29.493389206170818,30.054142754276107,38.46739489435597
28.229811384745357,29.01121272341781,29.7385000407572,30.268777059166,38.582108661753146
28.321633440940165,29.079224049779775,29.675952258126483,30.223469668642363,38.79987347531186
28.276877556042624,28.943938341856132,29.640229755901025,30.237826333401753,38.708442897597074
28.317855291480104,29.08426309032082,29.700710367534857,30.337386193517208,38.74794783396211
28.078599953153574,28.955128998270137,29.427704219352467,30.52125801532599,38.6225202131462
28.082086964683295,29.10281458439974,29.43314585640853,30.518416437790272,38.74236725986169
28.077021188345714,29.09142217538893,29.836060344438085,30.795200982104944,38.84648986364566
27.925567698030203,29.181456988461765,29.872170428469786,30.3303313051977,39.042903205189035
28.056095287546917,29.130891746776804,30.04027913552114,29.86349425167451,38.882119850912055
27.87897189738298,29.10085217580672,29.861864735751478,30.221314633693627,38.8612851324441
27.945025496376847,29.19348411530769,29.711884022718102,30.39362608746314,38.82022919343249
27.958771849408503,29.32710948399818,29.52436514661361,30.358347639867823,38.92475677323205
27.890721286953056,29.313268696910605,30.106583873965373,30.49119629634344,38.85284149059297
27.73491517326588,29.39346530980111,29.98512997142188,30.617436456652136,39.078935813841625
27.9577096049124,29.258842786282404,29.74559546452713,30.3729212315104,38.720704509990085
28.26258593735508,29.14201953614286,29.459327435653243,30.442448242108313,38.70998993392318
28.133345675407814,29.487710133776815,29.710195321917563,30.33652398469526,38.73026076242492
28.05168639539458,29.630001432495334,29.897479553249735,30.03364905501684,38.808970491127695
28.235122762834695,29.743923965047873,29.50818478482541,30.211939472862145,38.5504515165534
28.27131269116796,29.64599790554817,29.674516675707938,30.171253922875206,38.7041900298859
28.13253632091548,29.640817112174936,29.678470806823906,30.313907527917987,38.77098309077909
28.157358710454535,29.70269324613426,30.015328836372003,30.310824383744595,38.86554173689532
28.166296871422517,29.547450664597424,29.925834803195674,30.318181114286926,38.831746442743814
28.32606942769241,29.328312056131068,29.972034549960156,30.147474056996916,38.956084439031095
28.084122814937782,29.405134425236458,30.092104643145163,29.54150108371765,38.85910619287154
27.935077147712637,29.21337565278234,30.33766381578209,29.60970725517398,38.88817577119169
28.285755481015048,29.158034755661927,30.426704730202577,29.555284926599768,38.743925943394515
28.196313420046405,29.28459842504644,30.706335190512828,29.7479134412665,38.93053353937404
28.421784936008816,29.248694621520773,30.572414666308457,29.71373173575048,38.92906070917791
28.429145269876557,29.301279125646133,30.683432872952427,29.72335323820558,38.912571293748684
28.680885834290972,29.295406841234424,30.74056515568609,29.704754390602265,38.85034209429585
28.423942826811302,29.302995589964812,30.525044377794277,29.648508848163434,38.901439067481206
28.375404152334646,29.50695830662375,30.324227781911482,29.736758891759646,38.845887886657145
28.32926035316646,29.37549695573305,30.098054454557925,29.391974583500225,38.88850534534981
28.286326573582038,29.234339510321423,29.933470703899552,29.646133999793697,38.91494571135626
28.070010295776115,29.398016529288327,29.848148733388445,29.42226010643057,39.0172999388115
27.896561688028463,29.49704671411425,29.91012574852123,29.53136515028462,38.93967618984008
27.806328597237712,29.689890272934772,30.01853713464512,29.728390584586457,38.88938871532118
27.935773350148732,29.382302651533056,29.910365656536726,29.93589161262452,38.900869498511135
27.881828427414085,29.57675169312452,29.921955574433728,29.9832446621579,38.91418008975415
28.164131093485555,29.655952828982944,30.23609523634578,29.87584044701545,38.80259327908322
28.178812127345598,29.588014363910418,30.393886421811125,29.987746079411224,39.010676345276075
28.089035600479235,29.434789191409873,30.014928820900543,30.041196008633847,38.99921114036718
27.914342710926967,29.32265477353059,30.232991236123144,29.943878173436886,38.85067365239825
28.040863260772568,29.28308205550142,30.284073098602505,30.181474236487237,38.91534654949013
27.895985532808165,29.43366249319025,30.44127058010754,30.541573133698286,38.788210613201564
27.854414904726106,29.69130026372724,30.126807523759886,30.335029184519453,38.918996527654656
27.829574146872197,29.539589012361432,30.551046730297283,30.121480501687188,38.989586461523196
27.83120630190561,29.803817650172288,30.25339442942177,30.10892976987167,38.73589394472254
27.984587442234833,29.899838722622704,30.387846627315223,30.5096321283205,38.9433289320574
27.980580349913748,29.91124351216052,30.650189707976747,30.468343677941874,38.7761362117195
27.997877400748067,29.913219504040665,30.78257633291751,30.29821515870049,38.771709046946384
28.04664124351287,29.936063768567127,30.797506455683035,30.006176726837452,38.83741147165163
28.08100842854266,29.82613382737954,30.643972454224745,30.27288841609563,38.72019551902251
27.689333489457816,29.64725883406261,30.990943468981154,30.443854678901104,38.460309641763494
27.849269108564215,29.524523399157466,31.216120889587057,30.54775089638285,38.573183449536124
27.635953742121636,29.323870650014474,30.816373975527036,30.620533218841675,38.68296577674995
27.530216360122026,29.339150941349224,31.236975715638767,30.850455524543086,38.40472019437928
27.87651509274975,29.28616721711061,31.391188711285018,30.8320289207312,38.35190824803116
27.957072492714683,29.45408092798212,31.760378704057622,31.331237223157185,38.57976286173062
27.96363320738787,29.59574333548274,31.76456844608975,31.319037258560797,38.3608244015302
28.067677836110956,29.930369229364935,32.19938833507305,31.39662680959214,38.57136148674413
28.133248905628804,29.854689684326488,32.77863115412258,31.465001195788133,38.43909128540856
28.12219587013897,29.920590079445404,32.97668715866324,31.182968665835837,38.41738562698786
28.081536486946707,29.997027526798966,32.997888541181695,30.94702933600685,38.496719617254676
27.736194440008575,29.87159122867139,33.1055830884771,30.951766206122155,38.121583368813916
27.970616571618724,30.17599078644621,33.04608815512625,31.1314155911,38.31330957262667
27.51283002681546,30.44011932927023,33.04641572062671,30.978671401889574,38.29113562795006
27.285945502181498,30.126379008548763,33.195497347487866,30.91628565588202,38.1287735677392
27.464831857811095,30.09205251201868,33.14170336645451,30.883993755588477,38.137023403475766
27.382654080387503,30.17064283800362,32.75732400659505,30.97857530873532,38.237027636877144
27.42688462719379,29.9781866482461,32.537772978132395,31.094169682314238,38.47281383985645
27.199283665501742,29.959371666483566,33.00463551958996,30.829289119438048,38.307853131457385
26.983273824960804,29.906760294024334,33.12463604398622,30.750484346836902,38.4489925435311
26.83810627262688,30.060263302685346,32.973925410928466,30.91189296630742,38.447722886856745
26.8450165507159,30.205187953755797,32.86823605949045,30.723259539241315,38.14028908715862
27.02934177383272,30.162658415302882,32.873343630401415,30.52198952487896,38.17613758982547
27.39540885412372,30.078737813445812,32.738377362349745,30.72884537331349,38.17399891495324
27.374290234410918,30.166590796380767,32.593727422401216,30.611486839920193,38.102820813344564
27.34601039475911,30.23675410618096,32.477511928454085,30.48599294508643,38.2545513579206
27.126911855437115,30.13183179430682,32.3038324561372,30.464519937463375,38.24137965811941
27.213692532897763,30.03356995982539,32.17710328466541,30.763842731666976,38.4906523966457
27.39830979117103,30.091379274843977,32.45754951111777,30.689319527754986,38.77815481654494
27.21232942455346,29.89426219707737,32.56803815797566,30.95148753261722,38.601800163979405
27.326765880062716,29.996859685944443,32.65575966138868,30.975999317204092,38.57232821483057
27.24046242848677,30.23819178554522,32.568775456480395,30.933959768815768,38.345440500426776
27.163540154000724,30.323124108918396,32.49826071694624,31.18890669244026,38.58540497115046
27.273912923002367,30.23753570672009,32.73407536756128,31.201250548826625,38.54291179055376
27.212845366795268,30.21326195437416,32.697563777832464,31.423473002370702,38.408165055404325
27.145190018807966,30.28908534974591,32.899612597438406,31.517090855478717,38.47225265476492
27.297460209016656,30.397393278242294,33.05005086052835,31.443059277485236,38.18717974199791
27.270902964668295,30.521985134897644,33.1853495113593,31.62682713597978,38.030621703793926
27.385929107158976,30.17505920786253,33.117554973743786,31.549251222652902,38.155345823511254
27.32945883855294,30.110861090439574,33.03689280954892,31.79857608925612,38.2308426582444
27.367329429990217,29.909493680751936,33.110755413120536,31.89638068293089,38.426669380064084
27.458112000211763,30.007952150015953,33.254356635266745,31.890665606036258,38.44766395424893
27.459611133929513,30.028067231642652,33.102710395141926,31.8389610039515,38.32537748610955
27.518799577028926,30.04025616838885,33.10723776314474,31.751162806267494,37.96720636246077
27.629573484650226,30.110761497189895,33.30291957730401,31.625682400789838,38.13715984246868
27.37235667455545,29.895978644608046,33.49297971875829,31.36159191760149,38.10709665752516
27.131545508458327,30.06539794476596,33.74676813656338,31.407061575526843,38.04180076141893
27.01277970692359,29.864463227854554,33.96010639685519,31.38611563757219,37.95235435544335
27.210534896460036,29.619935845116004,34.12284346894634,31.40213070660262,37.85928814592234
27.299206358908602,29.886599926397945,33.88462909813623,31.529822356339036,37.562799626247056
27.329488357874304,29.799531801291927,33.74427028337477,31.47078829375952,37.503911151697864
27.441745731126723,29.830750898596374,33.573060778734316,31.15559024247439,37.7869701621829
27.608389888544547,29.928710708270785,33.41398423149742,30.85835293948306,37.864171116525384
27.64193318991234,29.88817205677797,33.351957973560005,30.711037156454836,38.032640089532556
27.742115702632418,29.629931156717515,33.32874934810467,30.748987230321607,38.406234238004
27.82953375351936,29.920976182204026,33.14342051939133,30.486674397191827,38.236966437177244
27.79376755686952,29.750298150276194,33.231342328521784,30.30722894647085,38.19653524972266
27.545987108227653,29.92159219348107,33.4685680492118,30.172100357480353,38.28184457388943
27.42057134857251,30.134087526772003,33.45749463617643,30.43405048647151,38.35620583106142
27.576782598702135,30.224810044975268,33.41496016937816,30.350850487605406,38.37476045484146
27.522658292550947,30.343412814779015,33.66674969228335,30.449100867009264,38.166265735371184
27.700157482774966,30.509829461064346,33.56155535426484,30.58262530182401,37.996758091440334
27.62324089494765,30.52761201190686,33.50090474673832,30.431413902992894,37.85569749273064
27.708110596873397,30.597547203059555,33.49506645762874,30.221085418069155,37.86181512091869
27.81131974968128,30.6893699952795,33.56513508284816,30.156949411948222,37.85281405587718
27.674470728495347,30.58115831055598,33.65108621654267,30.093623191198297,37.87889686177652
27.907339537763843,30.321542246142016,33.79252708178998,29.727686761195905,37.726197625332205
27.922792632163503,30.15101286886506,34.06082870036863,30.074454742329486,38.08751241663597
27.691309328158297,30.214311169114914,34.14551039831116,30.020530179507308,38.22037584550429
27.696457970650428,30.17318885893893,34.43839139938081,29.70922789877735,38.22998873020416
28.04869629883738,30.12711112733538,34.59004833556346,29.541609160756767,38.45478931413853
27.7954340492056,30.069862664894536,34.7336444411988,29.71714909528339,38.2225663982785
27.69612082063968,29.967745823931665,34.539604396596076,29.40763724117166,38.035255911966644
27.896183082449266,29.967211204247622,34.543599209964476,29.366904104854,37.80132797815821
28.063559031843745,30.3727662335892,34.584292347806894,29.276269176739177,37.544876970948
28.08354228737133,30.217301152883394,34.80249529856587,29.127183082962528,37.46125985940182
27.795085269496713,30.143710261683427,35.07408478224418,29.229266235935405,37.434340840604314
27.965035319464683,30.20934648507545,34.775127385117045,29.307721227656728,37.43641589970934
27.910888066759735,29.966492127192677,34.998307414508425,29.140430015635168,37.03221613527814
27.9443102816233,30.044741352484234,34.71415848481376,29.225352569785215,37.200319557527564
27.71099383344966,30.145582061916727,34.64321669194368,29.374531460852914,37.0050711205066
27.531909577502347,30.085451660286264,34.62384804794608,29.023304774910756,37.055242922993926
27.6618444773575,30.148202120087024,34.34820474971702,29.12741999458454,37.337019723413825
27.59626834402383,30.115411494459604,34.28848523845128,29.295328087126997,37.10462875554224
27.43570760115089,30.001442804042796,34.20277548668605,29.464740496645533,37.19709812309919
27.632200354751788,30.060658532328187,34.02481825051185,29.650524661677185,37.374160369008486
27.611459432416076,30.12239191044421,33.95526259247504,29.700404529543658,37.13719207745609
27.952778304972327,30.022865517162067,33.867121900660685,29.83543895898259,37.01448420599618
27.717261230313984,29.917228933317247,33.90668875089766,29.805118038388798,37.15899287708581
27.908692806741126,30.032101501741078,33.57676347569902,29.822430446446518,37.16345303928283
27.97246359630481,29.758041879754572,33.16862294820237,29.779002425256397,37.29233770995099
28.044566839506405,29.581851217251593,33.27642766063481,29.884058017330734,37.462311913082125
28.14753919621691,29.527673487255637,33.429627696512824,29.756039101837487,37.40659596292796
28.01725399192326,29.776402882239722,33.22249289149648,29.559909868194104,37.54635357618728
28.180700943671678,29.80916311279345,33.15912616233874,29.59003170498977,37.581267964148346
28.102449473451717,29.87813164605295,32.65711424693827,29.583152654673995,37.71381922325348
28.36098494155608,29.990313586220203,32.412969266152345,29.827205130509622,37.425811768364596
28.44621665401307,30.20791408323948,32.58783844958014,29.78528488137566,37.68298043434952
28.25778942069653,30.159165688352115,32.492345270064064,29.778491713911937,37.5543178233763
28.40253397952036,29.911239754340404,32.64488299717112,29.78049195223819,37.71552913378151
28.15723554143728,30.05525234519161,32.782946605562195,29.41385479969607,37.5542959490714
28.13137376071505,30.186967549235334,32.68645800314811,29.524933350267176,37.61508836717752
28.1402049239047,30.32518516052538,33.10721412062589,29.4157412706565,37.39222941861463
28.029157054359327,30.355944383176812,33.04591564114658,29.16454097956148,37.44525540591489
28.22758053480027,30.367247604733592,32.973073806357746,29.116130356352922,37.50716295807667
28.312035100267448,30.341154861127436,33.07307077276278,29.112501216060966,37.65679116669293
28.47930115682611,30.041871765347402,32.75746250852965,29.00405869050618,37.542203859729845
28.84572370261962,30.162736352071924,32.53845360272885,28.960473709089115,37.615166956124014
28.791348814770856,30.25268338954795,32.37554063196165,29.311727991168734,37.63617632814575
28.80472773707073,30.123221693087935,32.04531443308959,29.257935762541447,37.624323245591576
28.7876007368542,30.152419936779964,32.180467461135706,29.37465001876388,37.73511721490902
28.705917977466378,30.20673333454457,31.875038696119404,29.365015842689537,37.60329172538716
28.73034750308883,30.085019214189725,31.88043082507973,29.770272869720937,37.3553458284153
29.075423127010005,30.268647755186716,31.97106513356005,30.01367573509958,37.39711828368578
29.08753873310046,30.475196421837758,32.16469552618363,29.852564155216058,37.36588926311347
28.902845326719703,30.356994992753243,31.971946850100405,29.686211018629514,37.31997531573539
28.92730559155949,30.296488326295023,32.154299940509915,29.673566020323637,37.42522646005862
29.06274622992328,30.50411156742595,32.06245312236912,29.948129531519456,37.450092948247985
28.68953939145845,30.57629764682244,32.31386834110469,29.88859772721915,37.50262345479124
28.477686840858215,30.375870428741962,32.31433758226368,29.541934534007243,37.71669933799209
28.610662595475958,30.504775929590526,32.13035205855645,29.57306480490548,37.367230443273804
28.68242301146424,30.552605275726783,32.1291264438736,29.57602840169082,37.31027709744054
28.52786399399625,30.695390036417642,32.013502620152074,29.37123726677852,37.33184132649962
28.424438251234793,30.738270426947896,31.9153754563846,29.551021589123867,37.19690882591873
28.530529488013826,30.71591842586129,31.991415757783525,30.041606599241273,37.104593562488006
28.4703847976121,30.735440153891584,32.06578682543335,30.234244459195875,37.425385109821804
28.55577317423532,30.893377252475275,32.19457034476356,30.147006970449095,37.37683592327476
28.51566196091492,30.653716872908,32.218502694816,30.3383602474615,37.46431500436813
28.475325367480412,30.596940479885944,32.1398443242215,30.580798392360478,37.383819433264904
28.705651698381196,30.66031233413725,32.35413951343657,30.846668046630118,37.41569734130347
28.69746820839888,30.717621833453155,32.06068817722878,31.179112884286525,37.68720591154202
28.76222112189408,30.77323831079302,32.10264331370739,31.42328835016014,37.41466832940366
28.672205345442123,30.731838148387205,32.10903275367165,31.072801133417048,37.29859732322032
28.71487628686838,30.740050869401628,32.27592896932085,31.079131917294088,37.23260877435095
28.64401649369339,30.729752596553624,32.46919980849449,31.02253306465218,37.12198414599469
28.403135323342983,30.83394013900195,32.28334086194597,31.230079980132643,36.98517603943745
28.4626578629523,30.7682421480257,32.38903734129668,31.387865275682756,37.07382235460173
28.31418739361727,30.68048979071359,32.28566863328547,31.18447551842208,37.144672412322606
28.32112764813726,30.805369661951502,32.599918311142744,31.28316922017205,37.05973932231981
28.39090355096091,30.716161366119543,32.530212552112154,31.08115910738485,36.95085871721519
28.36261248727856,30.479469598483664,32.44389378797893,31.454469049731706,36.906819973742415
28.44867236478442,30.47336927764673,32.36372223144522,31.172491106255485,36.58433962812415
28.699045081518776,30.56058370998485,32.436498658098145,31.102272823295934,36.776851731550465
28.881581387412986,30.65296113162163,32.46918187576612,30.997411132608736,36.661577440055545
28.940937584964093,30.526353466687596,32.29258023236845,31.157464821378763,36.54786421245066
28.91166334851844,30.54547825005708,32.186794371543805,31.35008614130244,36.81430661049998
28.594572708622668,30.336529367945534,31.899450199612073,31.318972002495705,36.6081858968474
28.50648298527633,30.366496646471816,32.06646540257629,31.26616006203161,36.63995402819816
28.48817875195514,30.34224304332687,32.06424989745475,31.40788129960948,36.53772803458158
28.554545550866987,30.417585489799396,32.1030029645041,31.15101564711392,36.645385928654186
28.499492139697352,30.38249784599184,32.18325057723309,31.063845895454286,36.477634599514595
28.586297702969162,30.34438915152469,32.110501257225074,31.05632661032196,36.33038590559351
28.630125552370583,30.041457188567517,32.04236912572011,31.095449660865956,36.293781874799976
28.711132842961256,30.30279011708997,31.759196934386072,31.302387158933048,36.35221686930005
28.672509482238844,30.364575327079354,31.671010241514416,31.615481702075424,36.50016464209729
28.525321551557386,30.15867617790089,31.552900468317528,31.646444639931907,36.398592614687225
28.546524195113403,30.34311169113243,31.49606902459976,31.643484325242042,36.460647414380674
28.353712879329585,30.292071835998545,31.369249135099196,31.839544715225152,36.36189727871031
28.362887115957452,30.483538114056888,31.312746909770706,32.01300007439032,36.15920516394158
28.432704024857966,30.699299244315153,31.525197906044276,31.976368432242854,36.171534166438164
28.126978387058028,30.44322838156067,31.471789681162036,32.10964628629434,36.25003806716171
27.844587976007784,30.303610741214417,31.3586458440629,31.79440635882005,36.11591112871411
27.78627350228392,30.51857678657923,31.289096649545304,31.92844911812119,35.968910368924696
27.865284720382846,30.30874461786317,31.351886719346467,32.09071665745651,35.9672919865311
27.72389597274605,30.47275349589223,31.3047133319643,32.06370588055861,36.017332785412705
27.561402340363447,30.602739228889337,31.326878433194295,32.15108711921039,36.169737039653576
27.698470946258645,30.5706977433419,31.434008986385074,31.909231205338358,36.15068559357109
27.832182081566927,30.689670636806724,31.538396376523558,31.99463036116365,36.379821562372626
27.88652932843409,30.686490060757997,31.34187112447409,32.27201700480862,36.23074234420813
28.02834783426729,30.57321898534631,31.285520003121373,32.48502356841067,36.23102410497037
28.033958789526682,30.722053375240467,30.900341999897872,32.450445802149694,36.04371577491423
28.255415934163857,30.708413545316784,31.532079445354064,32.42471309228121,36.185643059605745
28.343410116067812,30.61115089800781,31.408863681998394,32.0471635927177,36.41648633332473
28.584084595354803,30.610698844429443,31.265692724078644,31.93880299111789,36.6449236012553
28.66350402524182,30.752707238437633,31.006651305014774,32.30706293745743,36.514820003366594
28.64751830045847,30.856572506626453,30.982023541428944,31.89116315213331,36.44593166040289
28.385638682654093,30.92717033339034,31.031760825389192,32.167575780735696,36.532410478857365
28.43327052623956,30.854726134267853,30.936403534239595,31.84265832509116,36.550741175871984
28.39345792426562,30.744424398704325,31.054261192780295,32.00527448603995,36.74364299218766
28.42343068967089,31.027068597876045,31.53308307122983,32.24708199220705,36.769132421309756
28.54478826233329,31.115442642694006,31.546711972420542,32.47229569461061,36.73474631185066
28.66425454540243,31.084361503817014,31.43356626394425,32.295562727606516,36.70820988569249
28.41592543159799,30.921236197384932,31.303761332665623,32.214279458092456,36.383107932845725
28.357186888816717,31.09962482531223,31.08598557519239,32.41860971671222,36.50076509396167
28.15132866296247,31.145073970638123,31.008849196999265,32.357542220754645,36.475109382907256
28.33458889539794,31.20301284097335,30.94625714561659,32.43898129007546,36.61411156482243
28.263538858120874,30.946374265199964,30.887939035935553,32.3052172325057,36.84360640395686
28.16746111270691,31.455303028071334,31.20422481845087,32.42971221864247,36.749451570185585
28.15736036544528,31.40758697265109,31.292125303544662,32.21266163484979,36.427045030197526
28.358488615473284,31.39915070293704,31.393046785915672,32.410191252650954,36.47007652329132
28.302183559657,31.453548616984126,31.713871703538807,32.36158188267348,36.42126544350715
28.19802109926938,31.730458393736203,31.845169963554603,32.50948767750832,36.40201680156251
28.07891264613929,31.80064590310392,31.732605070796392,32.70054063349332,36.18075873182239
27.841042716863765,31.96328106691033,31.726867616984215,32.673469059205836,36.48460031827173
27.862270065713947,31.684490963677053,31.815765400918,32.52696967596567,36.410668597038494
28.07753558809065,31.84209142474963,31.332014408859813,32.687847917051435,36.24364359238444
28.010247801721828,31.95508552699577,30.833960799811376,33.02945672628633,36.367645399939086
28.071751999111154,31.827986162794172,30.983196985605694,32.633352325494926,36.35272769876689
27.95106040279103,31.852804358511346,31.010980058441042,32.570061155648474,36.58846381245028
28.28895632161409,31.620523827257454,31.06566064227827,32.70752094947819,36.422745666255075
28.481941082645974,31.468812410730717,31.08285959018599,32.87835895630317,36.07450202718607
28.2769798018375,31.556940900517507,31.059818996252066,32.84204354975743,36.101931541796276
28.435507660072258,31.411975678844207,31.00755697830935,33.0888317108128,36.27064401343852
28.25021246082075,31.42365673466644,31.209874728103024,32.966651784933454,36.205576963411595
28.331860610982183,31.215979723052037,31.68110966467738,32.86334340493416,36.17481913418905
28.09028010062411,31.358561522749554,31.493598418859893,32.94693183491214,36.07221128712062
28.03662262638481,31.280825074790325,31.521442634124426,32.7109214155987,36.15180920430253
28.190609832021355,31.069645912331573,31.548021856880055,32.64147185111815,36.01797554928034
28.351226601242782,31.221724365738396,31.765580072614547,32.404398529465524,35.86893201316376
28.487703009848595,30.958490693695225,31.856148048807636,32.38959961074669,35.74259039195298
28.523736423342235,31.272685256095674,31.83872886324976,32.01655275936275,35.83238317528414
28.6453496093694,31.148165924526477,32.04735417839699,31.919976183476415,35.79072703069383
28.66557656304972,31.136028203976924,31.98872212888246,31.889351389275422,35.987230801154844
28.596786649914623,31.263621393408453,31.937309770450998,31.704836937200884,36.0278761053564
28.659644783447295,31.042945165606593,32.125790270640294,31.66934726624513,35.94500323917075
28.52268031680309,31.048408651849908,32.586623036477015,31.926090685581045,35.984382568411185
28.597396688409933,30.93518389473803,32.46650768118959,32.078630127341455,35.91914573621345
28.330361733595012,30.986264138911167,32.38806004435385,31.982012303638182,35.818591832801474
28.470502412419357,30.96226907808458,32.35874043779493,31.879184611981774,35.78591871295791
28.56432960354911,30.899294033149687,32.398643632559605,32.27821801723944,35.70805517974004
28.648043323760348,30.796322179079965,32.1173551023737,32.40914482308214,35.905703818667305
28.68674248375825,30.591928956421974,32.1990882938298,32.5289505908311,35.95893656009146
28.63930932394752,30.7808186458282,32.00733650960081,31.991105029555342,35.9108387502149
28.495116766784125,30.751868558637945,31.861128065482664,31.905485187754593,35.955213450712805
28.557094841511486,30.98660329647488,31.766272244273214,32.12418417584595,36.108640593659764
28.806995236317796,31.067290479401105,31.554491664944578,31.87370162929122,36.14368686507313
28.770544843275392,31.20698716889191,31.444807155041925,31.828880237678764,36.123781410760536
28.796693410893575,30.993621384211266,31.650222906459973,31.940327118985177,36.171508934410205
28.717792190480097,30.922400812812473,31.772940676817626,32.247492937352426,36.14841680666346
28.554665090028898,30.92354442793431,31.71911786259551,32.24775032490316,36.107112884255194
28.56187609041928,30.960502049699596,31.81520353396646,32.23759323945489,36.035095826806334
28.631562908832233,30.937867825211285,32.111702675085525,32.38604739370268,35.99346858510616
28.439946218584545,30.747416315302797,32.086507818556996,32.23508561673355,36.103549769420695
28.61364570476943,30.692996777324122,32.22041866989664,31.91709881530013,36.351568333375674
28.25745108185493,30.585221558130467,32.23155201898436,31.871187010844825,36.22718338317316
28.339761061240313,30.79249025494372,32.4751019370153,31.797932294860356,36.36678177627257
28.287113360927265,30.828632715442843,32.485935089942075,31.98054731854399,36.325914144591444
28.314826735161255,30.43819057837309,32.54806820712135,32.047782791370146,36.35092754781094
28.47878513338712,30.50909336749491,32.62224327946709,31.868275155883214,36.372123651543255
28.19831401434216,30.45497855605766,32.636081678539774,31.766244852301135,36.27749219080779
28.450211732800142,30.381945379098383,32.59970028501722,31.709484776135202,36.27592270042615
28.186146477688425,30.678819853546837,32.76893634268727,31.58023278804183,36.23585113636366
28.538156589448423,30.690250977168322,33.113062447651025,31.637956232217643,36.14113225525152
28.766805979822156,30.870738653073293,32.927846174341624,31.966073847696563,36.0263010194899
28.89363280703052,30.7170221934912,32.976270460504615,31.784035424128728,36.18224937407655
28.76208211335899,30.695870046294566,33.20046125336815,31.67251138998326,36.076893910275
28.980835843168684,30.52631163945512,33.352548777252906,31.481627312676913,36.04262173973973
28.644905083452564,30.64313479060198,33.241818625554586,31.488151963184617,36.09966103794553
28.80157768891247,30.89082492925731,33.30662231844789,31.312773105417907,35.87279951954296
28.82918347365702,31.0188323772055,33.15987829323872,31.6234035113714,36.007930619105764
28.87971189222825,30.630618375655104,33.35106745224672,31.714639207498482,36.02477110804017
28.93008877096716,30.69092133314506,33.167921797041856,31.857327472156605,36.278887739790434
28.91579432245467,30.62534741730246,33.240972032382686,31.957398890398856,36.162424626340304
28.88172428435857,30.83856759399597,33.59090494360886,31.861111717080984,36.09208860699492
28.882624610620066,30.996061740446407,33.58255511640918,31.982428630189414,35.902264023709776
28.754537210945312,30.72562566380261,33.847235535876464,31.490946661371826,35.88412702176301
28.907427766904988,30.546887212899655,33.73330619771689,31.536800994991847,35.91741753222722
29.040158541775213,30.589867946318854,33.94811505555335,31.64776534749285,36.00884994006884
28.984306911861538,30.86775656376786,33.95708931932991,31.220466675790522,36.033624742791005
28.805478669804987,31.004091074959916,34.09505994331841,31.11126374733796,36.126621978214565
28.601255694461862,31.127937314125333,34.093486013634134,31.055952192086522,36.10131498865604
28.897215732817887,31.003539350673332,34.12810132592766,30.906526100410254,35.992738034004134
28.759331264833325,30.93182416884905,34.017921079342976,31.322404995982684,36.35353283132127
28.78095447627142,30.75420841458076,33.88094759017676,30.866298674103223,36.36149418699978
28.556417499169832,31.152269885380882,33.892623635602405,31.007732759193484,36.43536574812293
28.84613011530843,31.13850656741622,34.00978859954564,31.2217556903218,36.28772846537138
28.672764736032214,31.032047002502434,33.60608660615891,31.137437367223296,36.309388526296296
28.74671925031833,30.884966824151213,33.4974349839379,30.727493645998578,36.022398690070084
28.987753921898857,31.0878061787497,33.501112388841605,30.661020162641776,36.06766942818794
28.923241231813204,31.118807457870858,33.572275331753495,30.695487202471057,35.90211193769542
28.896526953754776,31.16539802761554,33.69406973573099,30.791609102199022,36.20631357685813
28.723306641549485,31.30647056471545,33.675322745384044,30.847438117259713,36.03390026824455
28.901602452668257,31.35725248757867,33.42550611639448,30.72418623418728,36.34248063956753
28.9050459853236,31.441969296751193,33.77063964752649,30.911001184520217,36.275947443944844
28.687366972653543,31.459471845853482,34.07139424033042,31.022452220687978,36.02798426870744
28.597470483186562,31.596584484770386,33.893131263215835,30.997288898329497,36.13447942691844
28.347500162348062,31.325570150915986,33.96421151508849,31.029351967043407,36.12613622407516
28.49685224208999,31.308748664603787,33.65081263039971,30.72363795388857,36.15389484032437
28.640103081371613,31.528326514027416,33.129743749834084,30.892856742068272,36.433543492866036
28.71825924025103,31.485783592719557,33.338323751610844,30.85859608751689,36.404874977510566
28.80853653318686,31.498145362889204,33.0472536155859,30.93025762866365,36.23680530791098
28.925896741489606,31.256128840337148,32.9033598537337,31.007727685458956,36.239066093936174
29.068853085581633,31.330512437134587,32.99143615956843,31.42476968731031,36.28512288274035
28.68023351751257,31.239333888799624,33.12053811011657,31.235536008329465,36.215889883407165
28.68511084184707,31.32740603752887,32.94894495851041,31.425750721292957,36.0388287469892
28.752278816280636,31.408765109883,33.096491340808065,31.64531452804772,36.01613836204937
28.84626623179266,31.61296072322955,33.26524489889581,31.519479508252665,36.01879730987129
29.10245621265395,31.474395697033497,33.57054844654708,31.43684866476226,36.22791082489886
29.299722315413575,31.602509208033513,33.41858113852652,31.40789591068379,36.016368656307776
29.17795426207885,31.480116153994487,33.42299113408984,31.428815141005195,35.90202034661478
29.015505575909867,31.45224487426373,33.252160160054046,31.20334639564218,36.01867206670762
29.089402900027007,31.48024517226652,33.12748133747261,30.91021039672697,35.90207579624721
29.042230986957566,31.544835582399084,33.16129809708479,31.333367142013138,35.894468888073916
29.187998949004193,31.645951322216447,33.34989580727283,31.435203013566753,35.93782269227308
29.265452058295992,31.73518400438638,33.06954056306847,31.313112225814308,35.90754974453681
28.990563218900782,31.737567417212002,33.14839003852224,31.07061140961849,35.93196076624049
28.80313524229151,31.60765458507231,33.258595494848755,31.200481901820094,36.262412120442356
28.77248287458955,31.68940643819067,33.161637325485096,31.40473173490497,36.21719122738305
28.99151221898284,31.498288091778004,32.7993738086344,31.496059990311686,36.34589479881222
28.824391110940596,31.430773986701066,32.8187235839923,31.300763661888688,36.41720661159522
28.78509281468805,31.441248535884423,32.57657201227203,31.285642576861687,36.295702354767286
28.830401455599233,31.56508286531999,32.47049872452022,31.134599311774988,36.25925141589598
28.774549331605975,31.695063236476962,32.53518926192131,31.071283985388703,36.35880520639993
28.970996831778884,31.639322955894016,32.76542338119773,31.19685063998599,36.14565301528471
28.817258285877944,31.5090213791331,32.79289582257925,31.22554320984979,36.206115925002116
29.140145934433896,31.342945995972627,33.022491583973405,31.035615988393534,36.3732029156173
29.039110072625597,31.23852837704496,33.1746984436196,31.28663949442305,36.26116110227229
28.874041358510283,31.222463241834763,33.39663814980246,30.816901152401964,36.24089898192188
29.089110617039676,30.913534435736437,33.099481596132385,30.761578631686078,36.22546381565491
29.140072053804726,31.07991059054449,33.29833429803814,30.981945220837478,36.295246902227014
29.305323397876755,30.991507880150987,33.36115003557557,31.13668741709074,36.19612984323065
28.85793635440207,30.98843922148442,33.62050581457266,31.253161611916404,36.24899449644351
28.6462143662787,31.065798775515407,33.64500769810562,31.073816484185055,36.40349484150652
28.556891178039518,31.23398073569168,33.287938306522506,31.073530039848574,36.529263913872846
28.540338772394758,31.160962296852542,33.52515007397473,31.031351932362675,36.349951025300996
28.776099352139582,31.361510074697183,33.42560360688836,31.03965800235986,36.26746651404334
28.682529855499453,31.183332530345528,32.95921808395152,31.013063866717197,36.16136076666123
28.794715042693312,31.27653414866101,33.02917255153813,31.25824468718581,36.22613967754619
28.891407352961913,31.259724335121355,33.02074491713345,31.443204610142832,36.07509751854662
29.068877407392854,31.00692425947728,33.12956589433659,31.335117790535456,36.392764021233305
28.96788642425041,31.00240847182315,33.31017031255272,31.111750668557644,36.393586904782204
29.106267878788092,31.165922789667672,33.5080006015127,30.76684452395024,36.321133396181956
29.128118910971004,31.19246667082754,33.59716692580128,30.447053391955823,36.46388687472817
29.376995516402644,31.22845935843689,33.65353222332002,30.722935017043337,36.56005079337905
29.348912906778285,31.006049103491836,33.5217888038944,30.61262006071063,36.437740019583345
29.164692489759066,31.03211411845571,33.052669712024375,30.08782959817408,36.50951479155587
29.0130329101224,31.175567075217636,33.24204416150635,30.63447539033145,36.49686305616704
29.225753877872723,31.225490854074618,33.23505085850233,30.305029724062248,36.48596979072451
29.073089924413786,31.24928074829578,32.819933983206454,30.435812160926062,36.65523029496067
29.20289323719547,31.187006557844313,32.97652100216742,30.305130882988603,36.744852219859624
29.363464969563886,31.28837854700099,32.96936041933189,30.555003333070314,36.41933777492713
29.39979045541747,31.157833044123283,33.27640218036507,30.513257721561907,36.4282133985879
29.54372607313316,31.24133321764534,32.679757978513265,30.42410795648855,36.57198074348355
29.405795407750094,31.110328378330454,33.26086485120698,30.43978008066235,36.49141640399458
29.38873109565883,31.289454468465852,33.494762688125526,30.42342917111787,36.39156318419334
29.124741660008358,31.329920041655704,33.453880966569656,30.512867446334553,36.52779890935096
28.68684213751154,31.247803036420617,33.32442930931391,30.578829014908106,36.86738188974818
28.64211658565567,31.16414256871884,33.23047269720067,30.762272929289676,36.919922818587395
28.457597779164402,31.217399425687237,33.119986373960636,30.75684009536075,37.049056276028054
28.64772078712156,31.21825635330853,33.42932251958686,30.528002299336936,37.07927312674021
28.84544533544753,31.19602707512545,33.36390461756436,30.56204642045956,36.94074870471524
28.776463855415734,31.19828396988673,33.478793200162876,30.59524557088769,37.051878688863596
28.99223195823746,30.991646524900336,33.597423267619966,30.424892144777544,36.90117246094003
28.882454183194287,30.96701526268431,33.36889381386909,30.460793304384676,36.69238865385387
28.916291420881908,30.88672412651963,33.456474256399545,30.112919249482953,36.66534077528045
28.855081208039657,31.064315731831716,33.32458163323804,29.93790570460821,36.65473025646122
28.847887644470703,31.207614151367437,33.77613103714977,29.938794161069715,36.514459222133695
28.769405959317815,31.230171856698185,33.90148778161359,29.957228567062355,36.43829662849824
28.69827985870306,31.076340251845142,33.964506025464146,30.19421798004636,36.471040441896804
28.79461084872692,31.00742529248841,33.71888946914437,30.368860385930795,36.74203914237705
28.557555429008204,30.9983784120043,33.68568933712488,30.392527845214694,36.69213639517877
28.60279794645108,30.874410950982487,33.76274691353532,30.477869745918813,36.595943871135006
28.79886430848775,30.73847755799977,33.499826270580755,30.834665570022374,36.60792080371477
28.7398266885335,30.80015830472607,33.36883192217997,30.84728102626953,36.554849843187824
28.64570047670294,30.934865434066907,33.059078756735516,30.886855799605954,36.490963689008396
28.82112882177073,30.894310073318035,32.95824538844838,30.738304314819413,36.459415537718264
28.71558054266155,30.907736959055505,32.87126768092781,30.453924914815545,36.44324306392136
28.786790457241707,30.859303834597142,32.81190084041895,30.376653529643875,36.26960937229287
28.848669849615007,30.831579590695593,32.900934916686076,30.373511409089502,36.317180521001255
28.886316711789444,30.813461141464323,32.42703120594289,30.269514685296944,36.23544241996678
29.02744333391885,31.048348478898934,32.51289823915987,30.195800238553918,36.196800160819855
28.952178937172793,30.974175554350452,32.42124681784595,30.23463143647904,36.29715750240823
28.7506320709345,31.214296652723,32.59424551662292,30.147832067879865,36.46345698566096
28.67399311756809,31.359905474905077,32.807985900824605,30.063622661102425,36.50211380274069
28.783806268883637,31.341643887645073,32.81878556802259,30.182543523452036,36.48447265853132
28.624197812404514,31.200263784474384,32.73142054519749,30.15846993429472,36.59389566192189
28.867538479827925,31.365724486698113,32.91136776572259,30.11281433520222,36.66777633719304
28.80823786003482,31.253293944515352,32.4764935147529,30.14229197996099,36.7518958219751
28.36346313022611,31.285114530684464,32.50715365645719,29.897893285689527,36.66892505950184
28.236917863725704,31.078888193307804,32.81502779257374,29.890593038850547,36.48006486003129
28.34889818267266,30.992923704234286,33.0012949959112,29.825734793178544,36.322931615737524
28.526678244184826,31.097599767738014,32.81675633970157,29.605517673072285,35.928933303742916
28.820483474379163,31.16903818027001,32.72772265930371,29.67066889986644,36.10414157042829
29.14156194285699,31.08468613739613,32.699037168588376,30.13002276855123,36.18827782601526
29.14670590147763,30.870669413972443,32.471980117731356,30.40709829655344,36.2950593392161
29.262363743781034,30.95508088765522,32.400247689376876,30.150700275949802,36.1443255562797
29.30949818950888,31.057657364751652,32.697426455208095,30.04833589515912,36.177630332778875
29.18788090262943,30.975561078074968,32.894947517233646,29.976328846649075,36.20841423845616
29.01534717164494,30.98029680146039,32.75065419862023,29.7694822357438,36.05236140071341
28.983437450029687,30.983069777788074,32.21148716506654,30.013527706047785,36.07868599820985
28.908618324995974,31.17565073553146,32.03441178182132,30.14011808661616,36.358385060108546
29.121657294828147,31.37775263729863,31.705768780544528,30.347406026070132,36.36948807502607
28.989494375484735,31.11189951139649,32.38752025223367,30.085383430055344,36.508812533029655
29.203612517750308,31.269613716501812,32.61677516171092,30.098042283243906,36.39416512838116
29.098179521920443,31.23111430769312,32.708346822630965,29.651803187541223,36.310349129736096
29.13423014913217,31.28101173880964,32.807082409073274,29.466035958691716,36.12478042678869
28.959306681427588,31.381163264795994,32.56951322068115,29.67056721807167,36.10305577238072
28.959521117517042,31.317811128097237,32.7710654271105,29.90958683016071,36.006607765575446
29.16560179109416,31.36695982926451,32.85262504469787,29.88118179478088,36.09306737160155
29.142137827912926,31.463206877174045,32.86659179215454,29.841977037900687,36.257627737081265
29.001751623261914,31.31913633255916,32.873021717207024,29.395201518506926,36.254754061798614
28.92034296398711,31.113722348069814,32.888921523978254,29.762294938449035,36.316297536690634
28.912007565589928,30.973878518163747,32.764270805489346,29.679220556498173,36.26244077860542
28.760021013393594,31.252907673405186,32.855059134561195,29.65072335612976,36.24048118668499
28.93402370109551,31.234214725879728,32.97531018686903,29.743993574109982,36.06172617594935
28.912981964275705,31.287649018448953,33.03417056326208,29.787318211503525,36.0497915562329
28.997840539709024,31.25643774525771,33.39696123038688,29.43327112766009,36.09205564196003
29.28378610143291,31.08987637237322,32.6565834499354,29.14537999022226,36.02230408725356
29.01672636941599,30.89257824667581,32.667091119637576,28.785555211499886,36.157200382643026
28.882441310507946,31.02437953087477,32.42770666986409,29.197844408902046,36.124539130754364
29.025070474413695,31.019275321255474,32.64544771872908,29.060708821158727,36.09570388854161
28.78588902730853,30.98183022427451,32.73409612581557,28.98470698567975,36.289723449086146
28.833042090042934,31.046742247416276,33.00369478252729,28.939890431765516,36.25774144735553
28.74254938151387,30.956418100262827,33.27108702330239,29.135890158278325,36.34317476855599
28.875450681872394,30.916765494956486,33.32418470159355,29.38266177731112,36.17601360468408
28.582574041152846,30.908588842072874,33.466236192973284,29.48876548376281,36.04032301731063
28.591610895402873,30.733112323247905,33.2075182846087,29.7928931854736,36.12087909724539
28.497855182392488,30.76986603415083,33.099433533626154,29.81741372522561,36.264887891184294
28.490879641577784,30.795399744046065,33.274793356879165,29.84481569043368,36.309738016563564
28.23925344993069,30.88836786708928,33.43787994703495,29.924445463469013,36.393257548230835
28.28410361703372,30.931142693616806,33.70187139703809,29.626253605618803,36.39773825928466
28.163260300569544,30.93072618554546,33.81523330366429,29.78267687792516,36.35859570838854
28.157768423492172,30.905861525059443,34.13477819575906,29.98630766210033,36.218085581583615
28.06348034756225,31.24508586728825,34.193859413224885,30.008652565165804,36.01743751894166
28.218214829124587,31.378188479988676,34.36470826597332,30.262844544231754,35.95222887656325
28.617213294805968,31.239751115167156,34.45989295209482,30.271465717813204,35.997210730019425
28.50629735134529,31.45049481532683,34.39679168845124,30.44724709525479,36.04798149911175
28.527022897112104,31.318340857953455,34.358269628758535,30.28174066723727,35.92883171218724
28.642999208262736,31.19616082918916,34.35280709323878,30.204850962203537,36.00853593073926
28.602106565862254,31.28222947897785,34.37434680500852,29.883080439722526,35.895459227483634
28.855944161010726,30.991147210936262,33.9072614294532,29.758029766477996,35.94694305319894
28.931499371720694,31.03787268801016,33.559427847439665,29.851812731176732,36.147767769264455
28.80476035584724,31.046504146073605,33.06083117622532,29.863687944456338,36.08088701478692
28.768201759200238,31.101053969078112,33.0147986448888,29.901252819546684,36.237539334983175
28.784856858930954,31.04534146050732,32.89219304980274,30.204910687631095,36.3602066150557
28.81305165005067,31.03920909352052,32.98018932984939,30.087455051231967,36.45201691675026
28.893766864624187,30.906442038449065,33.304515676524744,30.377041555292838,36.37953448104424
28.893098343481917,31.069184318358097,33.16325298862731,30.276373137702723,36.245582273023764
28.873415715536517,31.148152432174143,33.579838449435776,30.144067919749983,36.21177434774796
28.562275155238975,31.051119508246963,33.730877948485656,30.16636343087973,35.79799796886124
28.64616153158529,30.908690471907978,33.81821365280559,30.04587333926605,35.65165282142475
28.863557199781933,31.280818881399597,33.80321880214873,29.617012497644218,35.922269785654336
28.762522209582034,31.267206738929318,33.48285695411446,29.779796144614753,35.76439568729841
28.55024968121709,31.331373957415455,33.21355349632158,29.635253363030436,35.75630474100782
28.51583622033034,31.470253181471698,33.245045142058245,29.794328063901045,35.878902351828614
28.576672520103923,31.503595697104437,33.234127005700984,30.074745365860274,35.927374598754206
28.65115596117972,31.746042703244058,33.033520035878205,30.438668331458217,35.87030476501361
28.72127269350765,31.65123360707992,32.89831603749943,30.636183596444425,35.920198605496
29.005282268570713,31.78243914709721,32.726142496761504,30.629929739103005,36.11714504249644
28.981817046303178,31.66990928921063,32.6609245218105,30.371601964143714,36.0802951912074
29.0074631826058,31.697675309044886,32.99684655168934,30.489539683746475,36.00698322445964
28.80763695264374,31.670064029377237,32.91647647444194,30.579189642608785,35.897420018049345
29.128725740226997,31.420676147936707,32.98890739277706,30.709669018372104,35.97261665869011
29.087707242729724,31.566594057153782,32.786957677005304,31.02695973211352,35.852514228085916
29.122363511116973,31.515627084965708,32.65347424182857,31.10529277672047,35.95437694845544
29.195538678482365,31.51800846848376,32.3930046528994,30.67174701704903,35.925792071101526
29.163705900806637,31.62389566101135,32.17923477089459,30.65070774703767,35.930860120153525
28.94321036946404,31.50410736215332,32.36143826452383,30.851139745767693,36.18100610605982
29.173927856871753,31.23114738375331,32.83104000559002,30.544920460057348,36.115971874895614
28.96704735526618,31.282021402843363,32.667099333922565,30.45219246378868,36.10059304780359
28.843078793428237,31.229396777167153,33.02634491807717,30.77899174034432,36.18500212489657
28.8152610188447,31.35006569677332,32.747291429378684,30.640285012495536,36.30267847003764
29.18845839319106,31.46755075120275,32.85009094557771,30.49739658518352,36.43053619272805
29.231810324664202,31.35922476335955,32.75964975812982,30.184993698168302,36.27071076890625
29.21835268507256,31.184689008164003,32.745838130851105,30.131323155298134,36.33864535955137
28.97163720765286,31.376335006545748,32.90972514289555,29.98066229441842,36.38210526907723
28.8878720238561,31.514256295825966,32.756371104155825,30.246431294407568,36.09772875305578
28.990363752398526,31.57457867754004,32.98623950237916,30.010375932435558,36.01224750158275
28.963006160324063,31.5604346929552,33.09408121781745,30.389568473954853,36.02579803623119
28.888302767825742,31.691466104415333,33.4058100724763,30.23941112179462,36.080418537355726
29.052561182373445,31.79740255923353,33.63884182503276,30.06452930941913,36.07204271034493
29.13242137213215,31.879308422421396,33.626702761289984,30.110008302093668,35.98508015931208
29.09822237821201,31.927194126356856,34.02060888772279,30.435499868322385,36.20306421202491
29.140866247173825,31.963246117987946,34.0989356760223,30.284634689992878,36.13563165856964
28.939639015857235,32.349155280529956,34.22301592219242,30.16363423387002,36.402426437286366
29.169575087977883,32.01730209557696,34.01830627922008,30.412280546132457,36.21500300010545
29.41518072516992,32.03122619036146,34.002459359935735,29.981874204123734,36.15725530847576
29.25574903078516,31.965698229985676,33.8977662184772,30.006845186535077,36.28887965214138
29.283068071367286,31.917729953638325,34.0849572304637,30.016790501181486,36.28339283872598
29.520464602456652,31.62566244663785,34.14931564392639,29.860935487419155,36.13079830975767
29.60073157055376,31.451093974638695,33.96326082685705,29.763118282717926,36.27998222670069
29.85761125268099,31.505596122121013,33.81182258713872,29.56587223108082,36.04962548518026
30.007140048818293,31.34415388386684,33.63762222034517,29.530502101563798,35.87775878549581
29.751767306280353,31.40442206044717,33.54521504033777,29.39651675533619,35.70836938889697
29.696474502846304,31.45585673996436,33.78040754538767,29.22539895771984,35.84691348875917
29.49347899157254,31.399216809003185,33.651804938375946,29.550723797842874,35.95323941864878
29.19529715118592,31.424619458124397,33.31112390093312,29.566720769945984,36.09670084257547
29.202314836846632,31.640784545808735,33.233307659207576,29.526160465053046,36.22407467283549
29.33588308331586,31.572709288571808,32.948651030930556,29.95895885057728,36.189120432596745
29.443835322000695,31.517629423791508,32.67648782169404,29.859556108976985,36.31412507242518
29.2965337487509,31.37904422959696,32.61616637312526,29.7273124124251,36.13417919317693
29.29177097974303,31.42750968227466,32.82339481070909,29.54844563526997,36.29864455946415
29.712374732220727,31.38010105114443,32.58304852161521,29.558376751534947,36.4762878640359
29.610624254710782,31.48084642987008,32.6793014111388,29.625596119741047,36.36257105538766
29.56094578980554,31.404135368661187,32.33841884421643,29.63133503299303,36.383203908176235
29.553516402408754,31.448574428475034,32.244212243886956,29.549190166598464,36.770312497662005
29.778236785264625,31.483571823097044,32.19004870570795,30.015511179746834,36.75580792077322
29.86253283847992,31.43206246321695,32.33815758188286,29.718434167041607,36.54354692699854
29.977860146833002,31.444107332067926,32.57480016131619,29.24475657845838,36.3248456753921
29.6621011366389,31.41933718388384,32.997986402397146,29.61309011291388,36.414802878738534
29.770724655993217,31.39147597686678,32.930881215176456,29.663392343383844,36.319617921036155
29.717387300994385,31.242579436468827,33.00378391821107,29.757933220416795,36.17270426461785
29.48039890808379,31.25968751387292,32.94413101724103,30.035792348780237,36.24712605554599
29.374627552257344,31.15038965186072,33.241279591986284,30.137234273122015,36.21432583156672
29.342199527514392,31.16389847917254,33.169510072478936,30.09953220900633,36.14041938545632
29.231412439353427,31.246113463047813,33.07174462604868,30.154196891934713,36.00211034114392
28.964657015458357,31.065387460914682,32.9228570465513,30.438311274831158,36.10245858089858
29.446590047177402,31.17163875572206,32.890907027875656,30.33734211500134,36.01405010722629
29.38415327233063,31.15443018334157,33.02684837432727,30.25556000097098,35.93315014592131
29.350435945397816,31.253480385403996,33.37472853258443,29.957012911522853,35.915546136393814
29.64247681149997,31.259813960547387,33.3789903773314,30.157484471281453,35.7258733544644
29.492675935660195,31.22090437772013,33.2787156866992,30.145794854773577,35.92974704282506
29.342918503077417,31.1536377140879,32.75695131022743,30.327767165264326,35.88470737878168
29.39253197300938,31.105765543229968,32.97360760862119,30.46697958434535,35.75819377379388
29.37992353219374,30.89031941413688,33.37784353304739,30.349142416952922,35.82374976178015
29.494423316754993,30.92446812283663,33.27773413959518,30.438028643314386,35.75475229689964
29.375288637314263,30.86566225869853,33.345464373277316,30.56663090864503,35.72962335760012
29.627273350503444,30.73215461218099,33.09395231613872,30.65734281568343,35.4654991042309
29.459834716371045,30.72878629296904,33.1319078552217,30.410328418045896,35.31259133212281
29.412655589368978,30.781294848613104,33.056202016854314,30.057257195158446,35.575970309951394
29.557955756349237,30.675437896495982,32.67699357199282,29.944251750758717,35.591233288113
29.442244211415446,30.593881506045026,32.77781867066182,30.037299150148,35.73006545131795
29.249055446692232,30.54109445760334,32.54128607617005,29.76041503660664,35.685221925840516
29.53259462811856,30.57043842673528,32.63662560534168,29.776885923805114,35.84829175597601
29.64775924196214,30.30875862123742,32.82401508031099,29.756785255324484,35.83024374245557
29.59831134849515,30.78726028529356,32.653385683378204,29.802428911844267,35.78551508749263
29.697065938858437,30.685077843227038,32.78221026336827,29.767025944179967,35.8899624580927
29.84838034938753,30.742460284630553,32.74169223970911,29.73409989848458,35.96931733063819
29.730911124844457,30.647111419779602,32.80735222231855,29.804649542596895,36.03838635758548
29.655462617090006,30.86755992608432,32.95886018294416,29.747434852567388,36.2050515334801
29.847414714579845,31.015329891909207,33.04809463296283,30.118062790571564,36.12524324976685
30.012900580279606,30.902766271016198,33.23508046578145,29.827964806763585,35.87590336084052
29.917949268861005,30.65131415342701,32.75785456373612,29.986347621858886,36.07774655769913
29.688241802914035,30.841716410234145,32.33037744800155,29.925702038482868,36.259157423655545
29.830520832942796,30.737536844876036,32.365832566385215,29.99677933161433,36.159723689263004
29.509387083856264,30.926949951974457,31.88008175077549,29.955508770543968,36.23424664262088
29.547436719373252,30.882855098714746,31.5737047083633,29.89173565437025,35.89759909535201
29.526835553431567,30.877652015072446,31.853186355866335,29.89922515417031,35.853567083446954
29.439160703618107,30.734583666579862,31.894141219978014,29.680689126344014,35.690225881262236
29.38661383464349,30.64887650173145,32.43226400566463,29.8336310042373,35.86283456668063
29.287311173424776,30.71521687819591,32.048744354985644,29.9918658634876,35.67010674759568
29.18811020373012,30.446830034533463,32.610533843204415,29.396833411157942,35.62737868344557
29.53633629154865,30.290450548802767,32.67255643515508,29.333366424151517,35.52361796635567
29.518750612708814,30.61235971860038,33.079489024794036,29.338744393221862,35.50698802388144
29.64782074072754,30.611717328795002,32.87656970893568,29.473974398968274,35.45066207842599
29.795568877428774,30.48655631908043,33.12041284787066,29.367584931080362,35.56124721110699
30.192992721937138,30.5543484472689,33.17036865861113,29.31681549086152,35.29852445060035
30.150564124447527,30.30771497199531,33.533631027282645,29.259915524952646,35.14762982736791
30.11688780513052,30.41934890432969,33.49338865883279,29.227196724731275,34.978763303484016
30.2638060950443,30.565874907816593,33.22071078924517,29.177388386453178,34.99094477955805
30.08739373266665,30.24738718943084,32.55210540009391,29.127393654250188,35.03294008410522
30.065820242224554,30.284801728797998,32.609289885764696,29.319757253661333,34.8393795727048
30.11574014140457,30.399900560035107,32.54943666098871,29.409524242047784,34.948949039329364
30.37357891109516,30.23984181910453,32.183067169238164,29.563472814852517,35.14368701507526
30.387059544460897,30.347793275710067,32.3020793645665,29.8243529191306,35.28902328282185
30.45608133974174,30.557297176266914,32.49698773198331,29.604364790602144,35.10730025151018
30.34753849529762,30.50770124987669,32.48354629547267,29.442908715576266,34.900909175981376
30.507327013731963,30.728296465550883,32.21505665713984,29.68117250140501,35.085467478366354
30.246334922609865,30.77359090930717,32.32214305240364,29.40089199680086,35.228342580061714
30.455020016050746,30.653632387607622,32.47163562030201,29.387648479030357,35.435591705865875
30.580074619670004,30.815757926856865,32.222471111501804,29.393957514396703,35.35730091236524
30.58047310825907,31.089408819791917,32.60770036719598,29.2277893687063,35.27724260719725
30.491485938605784,31.025504698249925,32.66102094323359,29.42333991238612,35.1227426154663
30.59619244874313,31.137356350789325,32.38558232582495,29.547562901781685,35.174221135345775
30.256345011779878,30.905885489443243,32.635795533263,29.553926930987814,35.18643582135351
30.393725441573856,30.88524903035218,32.31994588885346,29.67576225585027,34.96784277239567
30.452660087671276,30.920285196903325,32.66068736192938,29.64408166978555,35.118201017053295
30.468556597895635,30.956838502405443,32.69015572664308,29.803996583728278,35.35136871384547
30.674443044308145,31.13291636827146,32.58080346159007,29.682267192160456,35.104914932521794
30.764347706514872,30.86864752443826,32.76425009054078,29.68222039190996,35.13980605714459
30.907669381637387,30.84280628391374,32.690515897105804,29.77085966981015,35.133174518088474
30.710682614222108,30.691574293983958,32.883363889385144,29.712737626249908,35.10842181243984
30.74250549688789,30.630417687673834,33.44224115920159,29.270293507794936,35.20307851235445
30.883804603545205,30.666454427289374,33.51620191895775,29.290905509557383,35.11630407302195
31.01460570238805,30.7602043029325,33.25611472420749,29.158984610097793,35.11591419909278
30.922152671201296,30.519841528505715,33.83618248048429,29.09242526119941,34.96355003294387
30.768983708951914,30.68029589070518,34.128335404512406,29.153354410833753,35.00567726633961
30.96510628238058,30.690454939678354,34.18175025410956,29.336486544128366,35.14854016045842
31.032113321988053,30.794636015719274,34.11631958494675,29.46535592312486,35.24287904444051
31.18928578331914,30.63557143070401,33.957854527419386,29.362643589446353,35.22904837158451
31.171484866463963,30.728468706061417,33.84118695607308,29.291783796986252,35.05034861086406
31.05281781498994,30.997646987010423,33.78921867824331,29.225395857088134,35.120589379528056
30.915809525535355,30.97341399313565,34.25780010813558,29.40231042541535,35.085007576197874
30.86069167215961,31.221140692039373,34.69814265955423,29.3514089943185,35.37281182480166
30.710063871423777,31.197577094200668,34.63444595675889,29.258900175758285,35.49972289061575
30.976171290015508,31.05749580697429,34.62978991072231,29.48402626686288,35.502254268647434
31.132135853923295,31.09646783282632,34.280086489508484,29.531532829841982,35.77981059259608
31.2168663988674,31.03406193447099,34.104720610075574,29.31520492364267,35.64129427088258
31.247078105046743,30.865599349622077,33.679248309197796,29.404112558714626,35.73359385963312
31.15319655393084,30.731105314723294,33.682723684409254,29.256479166828676,35.771807173390606
31.21591458868011,30.77714969947184,33.86360318428704,29.47092582099208,35.65830097400036
31.434363103589337,30.97213640691214,33.50728487182994,29.426977913191852,35.64399346409238
31.110796887203733,31.24045096619232,33.44492858428885,29.379603135924185,35.71874637080748
31.185945234832033,31.22003694431034,33.43769617991911,29.345946302418035,35.53735882103568
31.012159190384203,31.634260646545265,33.71927830531569,29.12759468910336,35.811237246527824
31.051279023921605,31.569679988176137,34.067840392683074,29.234034654466935,35.736708639235324
30.95829001146636,31.38906731162893,34.067044688895905,29.278052615861757,35.85083374913976
31.0849420337305,31.485291570535427,33.73516094854219,29.126375226687834,35.819475215659274
31.028723255360813,31.212673816429085,33.607562669609706,29.23004480055277,36.04802794130607
30.981593420593253,31.069050936698375,33.60101641409875,29.361833952889306,36.29977671548749
30.863981414867958,30.702031054701703,33.81293345916305,29.341754322180797,36.190140365125934
30.646259962645715,30.844966625851946,33.596038158899624,29.158280897972585,36.32274315285645
30.738450383259767,31.07118157777605,33.73492480476738,29.10627390131069,36.46489050797807
30.98360733496676,30.89314524528379,33.835066159828926,29.050350912293787,36.453748283342
31.035631857673764,30.824828609572286,33.93865896434588,29.269995088797707,36.376925335761314
30.848493214931,31.1030666184571,34.01861134630081,29.351743665943715,36.27803060332224
30.78714430497239,30.994857752413317,34.033546290509186,29.578503220876872,36.4706188482702
30.845127891481226,31.065781512836708,33.76997887988643,29.973691452210314,36.40497280243744
30.753678161773525,31.086272818041536,33.874426844706406,30.025142286384163,36.333917955345875
30.82078871928769,31.065211078266262,33.825826765325296,29.8578216194488,36.181102290830815
30.91124575542277,30.77732536942472,33.9587035857916,29.714711760612374,36.389919430439264
31.036338162344236,30.986850422866034,33.85184637133696,29.584074364823376,36.291317401393755
31.280201645446198,31.01832127907736,33.61517302410611,29.39728141469969,36.094594600844374
31.541323604531268,30.85535774167653,33.67179407301625,29.419084288234973,36.151514732871014
31.456400647227678,30.924189149621686,33.818916775105414,29.348476240368633,36.230543707810675
31.243626144731188,30.85805376299156,34.22056591795493,29.589791475278012,36.266080309725226
31.142539422233366,30.888312151938234,34.51036050089251,29.350124061577475,36.21824189915718
31.035485140034126,30.86635723518386,34.688603228759305,29.150825177308793,36.046701881074554
31.07723159337451,30.87547836490384,34.25958974510231,29.223017139553253,35.88930034802549
31.024063354482603,30.9127863992681,34.1856047463621,29.16495163800762,36.04924572427316
30.974301884588744,31.041581162093348,33.87881167530668,29.051786366221737,35.97919965528948
31.19639568734678,30.884055144792587,33.476070534438975,28.902330983028733,35.90928148136887
31.408225295900998,31.026522953749065,33.643002456067464,28.901689270103624,35.859840398638774
31.21547449732938,31.06573486405357,33.47164676644452,29.077906680466143,35.84718133842232
31.347627530144084,30.98774016832906,33.38214697060424,29.288448143694417,35.86034823432441
31.438239212490668,31.319879729499114,33.17492990338901,29.008871844803803,35.8593882388061
31.582400837775122,31.209046161150084,33.640992635141096,28.974523951905805,35.67437980869975
31.68758576078986,31.309117075491454,33.32120728273456,28.924053232345983,35.86984329165413
31.66018548009161,31.113663315463135,33.366275165568865,29.306982337240914,35.87401718860542
31.710233815761278,31.02962025337727,33.063630071987454,29.45934594107544,35.7268759214143
31.74379070001508,30.698763484210446,32.93905531925812,28.90490193981058,35.57403228864394
31.66840573285828,30.858591049340113,33.02813979603105,29.46866814533934,35.94590549757769
31.429422527146958,31.014527115599133,33.184041006458315,29.387028289726903,35.996480979620664
31.684643060348545,31.09845583126347,32.99345948980653,29.34306561385405,36.105805233708104
31.299597903523427,30.99615719165315,32.964479897065985,29.44598518245301,36.026231836954224
31.249730061508796,31.198748045491005,32.95364520170065,29.52887753667279,36.06526976763886
31.06177399271771,31.254885524562752,32.70776252728654,29.290117916210292,36.19602611539248
31.29983394928813,31.2547424792404,32.87266729267389,29.689591037349484,36.0686656779413
31.527523417553155,31.31456435264683,32.64460800876018,29.832166475262184,36.108545091039666
31.558753059152124,31.30796095557794,32.32804711970655,29.78527989443915,36.03989553625717
31.539504974473854,31.24367605052319,32.27299135974649,29.970145315390592,36.09355436940516
31.25545713384482,31.39077547672436,32.32157559900293,29.739671927203588,36.17330195947289
31.239357119002005,31.38319492161425,32.32813302141634,29.643620707503615,36.26987186758187
30.915944814498143,31.652643382022795,32.27065021920929,29.104057998235238,36.31751992030128
31.193757730613672,31.71819652441049,32.999516781195304,29.324024340580763,36.41676459985078
31.181830247270337,31.71985961316224,33.09305337979463,28.86978253719461,36.36985997975691
31.329658491814403,32.09807594071118,33.07898136497336,29.107361627416523,36.326767304193574
31.113574080712272,32.062514960930585,32.75295117103941,29.163727824075703,36.45296837164665
30.93569272444007,32.06292215868055,32.86859353784128,29.543968167575947,36.56086908457005
30.594785005368085,31.712733236269255,32.983024521191524,29.35030044878965,36.59275716581699
30.459268853533967,31.814704487034923,32.83024320266534,29.358048512477914,36.587265438086106
30.51131551012364,31.986802602591585,32.4008526600958,29.394704861913358,36.46189577715107
30.776177012482663,32.138317402252845,32.45948473462981,29.173696313880125,36.452914326586026
30.523241046747433,32.24767389348312,32.502816497978515,29.25478185208933,36.15143474919642
30.236099634206646,32.32731524278124,32.38770469382972,29.15050887211895,36.22647168225248
30.285928387093854,32.33413213602398,32.433966530292274,29.02882982336614,36.43248200409641
30.3623100427413,32.04213689695459,32.36236105444226,29.031433146830473,36.45029933642237
30.518216855667987,32.318443354252366,32.2199698496171,29.12063373936626,36.33450981695188
30.737758134012207,32.24499708681142,32.38340590115918,29.313892771177198,36.53896363359253
30.780183554157112,32.19354625875426,32.47212403517875,29.369835346553646,36.5608966133178
30.734841691623824,32.304110418125816,32.731538701963935,29.50318348991206,36.593368213960034
30.86103450519486,32.22929925059413,32.908017972504176,29.585232156491394,36.39763023488053
30.576381849160764,32.42758489789007,32.82226251051779,29.43604659078683,36.60761881876355
30.60510185973341,32.102882436292894,32.64266523550162,29.64353549162498,36.49491440674305
30.657275931983015,32.17837412229592,32.836922899467865,29.69675505002314,36.644424469051586
30.496968147715876,32.22683169167043,32.73892463889121,29.724873941442087,36.69105335053008
30.5068477226225,32.28419830818736,32.932685711708835,30.105586595728788,36.66939833548815
30.444475155729695,31.880733243653,33.04669979276621,30.503583223141014,36.545864444314454
30.170819325246928,32.211505246434,32.9608994586393,30.23773453742874,36.54461603678061
30.410942495242974,32.36377944250449,33.00221036961047,29.915024970408545,36.6147228368796
30.22438077446349,32.27568545805645,32.65038400194511,29.895816117559807,36.760613118538345
30.451642411516666,32.3875844226125,32.46465519937382,29.85548352203604,36.770476561460875
30.281896111137304,32.47343953449582,32.43414703962844,29.78094596859012,36.880582727771845
30.616542666762598,32.614425200988904,32.80946333096228,29.817707351180925,36.853428205978176
30.63403083453761,32.60629958444484,32.83134029420669,29.669501377812328,36.70720764779971
30.485431957116557,32.85480657645265,32.297514727723836,29.318310170244047,36.54971339659785
30.51068915356547,32.781916812868744,32.59817332720336,29.54211666893505,36.375234859861806
30.464392232416042,32.65245093313996,32.94346507650618,29.54676960581373,36.431311040907666
30.244825874524274,32.57940444130746,32.95576783823118,29.311664912864615,36.333500253645425
30.41604301694175,32.49478315848946,32.91679497609523,29.411867847512557,36.42374417004721
30.54352347393531,32.589593310743,32.96549631269521,29.37331743548341,36.31630390497109
30.33962918818704,32.61113590137307,32.99518472819542,29.37872095903802,36.202757587783225
30.383870815093108,32.288979376950216,33.05731841781275,29.591308567344043,36.40427236565292
30.674896249340073,32.1478514284154,32.85468637538167,29.4858870584727,36.37286621498568
30.595391891028655,31.780146679403117,33.07676774677371,29.469250721395195,36.46806146579698
30.58478042555236,31.68874568142245,32.95559137492047,29.323244665387687,36.62986343138436
30.79422965248178,31.82079931959464,33.14374569074617,29.145511918045933,36.61788162384567
30.701240861622658,31.9060360044711,32.724398930076944,29.02590007968217,36.41762101637859
30.764922247195035,31.769936298309815,32.99693857155112,28.93750799135988,36.48903788607041
30.75094820561045,31.611234590161434,32.87247217159881,28.894168283875906,36.41125366109465
30.59741275908375,31.530347237730133,32.77693833575937,29.22946549328051,36.4710214151157
30.594058864471418,31.58011295426262,32.728281602409716,29.054592966638868,36.501194137416135
30.865484589932027,31.62353379777898,32.728481262732025,29.17917612567454,36.51837584230073
30.6875274299091,31.807738770367845,32.601121806732785,29.290625400101547,36.538402382001834
30.803139885918366,31.471127014020265,32.844318305894255,29.03956582657068,36.720773059846465
30.967256602904733,31.735076193924368,32.825575357122744,28.90816271155897,36.59179457116801
31.03495726312361,31.68608514543323,32.60343571381893,28.785369565960284,36.57974002691401
31.318542081202565,31.571096583352976,32.81336022291198,28.564840780872686,36.6146999185434
31.096649831588056,31.838909690239227,33.00633825577966,28.653205796273433,36.8473585038171
31.0824803710395,31.661072122846598,33.07688181541166,28.898449937704374,36.95100774140494
31.01349318393735,31.57944165318764,33.025792680002574,28.967676549416147,36.90886620188294
30.872254758181054,31.575526226788543,32.54067835898141,29.377003931483276,36.70537825570876
31.334656950753484,31.734076011771485,32.27572386258449,29.088721776550344,36.58133219467445
31.43385887901635,31.647293381730606,32.5242961303778,29.059589441579323,36.49773803791598
31.555414818844472,31.496363886683266,32.50139240324198,29.18040425055319,36.50478743778196
31.488134318091284,31.411848875013515,32.65729045436204,29.0920123025304,36.458079276448004
31.550429185371126,31.266420238537215,32.987853976926495,29.062421251975316,36.314797724229436
31.270316504798632,31.384627083664824,32.9796155886258,28.939420831929333,36.357684230189875
31.125151071789766,31.428550870171506,32.68476551646044,29.06958086831854,36.47894406378838
31.099556408405977,31.068491459489966,32.91183999488482,29.070539534559106,36.47309563072568
31.282817775389848,31.157174877650064,33.03670280107696,28.94267912002743,36.538605906057256
31.23297130069198,31.09879740999762,32.90598036096239,29.035986081872704,36.645315785797116
30.921692770004434,31.231958086029294,33.35464928967296,29.12991776877842,36.46144143445352
30.866496708090406,31.113944424487283,33.320975296372104,29.347685607753938,36.47041648448287
31.259239592780894,31.171007963748572,33.367416433735954,29.305400795485376,36.6594426506954
31.306454662821857,31.02487112422191,33.15082232603786,29.458923754201944,36.40311270300407
31.17633057410935,31.07820633260228,32.91178437325449,29.317564128817967,36.36728335724467
30.98335088047138,31.033954020815052,33.04227445492214,29.3900054093818,36.29481053850977
31.004997728846753,31.106316661634562,32.71688548721222,29.16398423644076,36.25074823518624
30.95174906225909,31.007449874689634,33.154143380478146,29.272185460137734,36.462973769825126
31.166877527514643,31.000984033312214,33.48298031849647,29.270528049017177,36.37296009057121
30.904763520339767,30.851922057005883,33.63168807015187,29.296949672816638,36.49845091984382
31.025097872542997,30.903970960573673,33.443308217510086,29.399087742545277,36.22373708380443
31.13762458896635,31.208449812982824,33.329186720398354,29.390776083505273,36.1613603061004
31.176818043819647,31.222955744771028,33.35125711362968,29.390724154744298,36.15376154009479
31.284504911939106,31.029306273977095,33.28483954867371,29.19402330426507,35.9851473145612
31.243659827683114,31.169210369060803,33.26103012517805,29.247720285132836,36.13618466915711
31.24960273381535,31.32765112392622,33.42247105696946,29.40158741682593,36.29882714476299
31.380977166749815,31.18770065740986,33.73807885767,29.392099372616535,36.324645328600894
31.185145053606842,31.008626961305286,34.09456432269573,29.41811253149464,36.17775427341028
31.32562635927641,31.148173980522508,34.2715012733419,29.354165523576015,36.13385371245509
31.48473909235843,31.252176669370986,34.12873927794282,28.876977553341487,36.17663286609482
31.476718289483994,31.3884168363302,34.0653842665117,28.85556324817192,36.144497663525065
31.549433550625313,31.5847954126792,34.20489692407391,28.810567033212642,36.454085519241836
31.62534704949866,31.57522100904743,34.16343192295418,28.757005316903978,36.62181006766499
31.711638374576356,31.482182835612665,34.471135680386055,28.897700058778877,36.55782574230439
31.512315486717014,31.44008625765874,34.33403120539777,29.127225912345484,36.47089223092051
31.672887682139432,31.64067759677431,34.2315341023615,29.192000348766015,36.3225532149709
31.772697236444404,31.38215258517168,34.052378245749104,29.11483035006141,36.410006371920915
31.769258546007567,31.40259350267214,33.92147782922612,29.100532907073703,36.64214133641246
31.789733226700164,31.56834975800142,33.97802112458724,28.888427929244262,36.525442468141314
31.886117585475617,31.614067154656258,33.92619824284649,29.0720529480433,36.340702234057574
32.01828249759697,31.620366861277343,33.93383550686258,29.127664336414615,36.672219855455246
31.958509735980055,31.598973638728314,33.89254603597411,29.060377912349875,36.88705917787616
31.8416687283823,32.036508431739065,33.953530166687656,29.217182359897663,36.94528340459845
31.50997505015477,31.88871074810629,34.225033499464466,29.114336413226763,36.91246857634807
31.305873050133325,31.756907471053267,34.23129526415017,29.441003604240457,36.73498425732293
31.104785154666654,32.10713724099776,34.14623744133086,29.46446910531866,37.22110125143163
31.217789337357804,32.08604634208991,34.16253950146936,29.570631827582844,37.289938310665356
31.340481795088767,31.99014232590067,34.018365574297995,29.474676192331962,37.27630827278865
31.376188213603434,32.010954074774006,34.09637537538799,29.127440625970294,37.165942362846934
31.14370602015436,31.90132007338804,34.23158062912411,29.19830613306251,37.12789342333674
31.082398233331656,32.09808434130461,34.10107344108438,29.271394969952823,36.953786174714466
31.33688482722988,32.122565131812756,34.397366923973976,29.26254830284739,36.927382864306814
31.30617880223054,31.92832254274483,34.537682124794756,29.243843009673537,36.66329499047746
31.21443607947834,31.96201946239651,34.69840905199342,29.413613271827383,36.79461010308303
31.423901046943634,31.90841022179776,34.86545554463691,29.113648724648804,36.97624557246853
31.263960248947157,31.77381577395242,34.8432801150895,29.175300249287687,37.01036256984146
31.568922808145903,31.582128474267986,34.492300102042385,29.506304842333687,36.91537043846799
31.588090436127835,31.700955774691792,34.34027187875339,29.689482521873188,36.73401687304005
31.292446892855793,31.800917651049424,34.73373563610358,29.560951924068195,36.62735799990574
31.407781715213385,32.113538465238186,34.73768171956877,29.46008560825116,36.664218018268464
31.588605389207785,32.114869342609744,34.75474226998393,29.641331953793628,36.55716984247263
31.463761287480686,32.16173108487043,34.74968306443864,29.588990519141532,36.5264472238845
31.645888303790407,32.03598738806227,34.71990293251412,29.697670274814826,36.54835435986514
31.602624590508015,32.07149710942766,34.70247944795761,29.408936378294822,36.647736733988744
31.60025241264043,31.967390501341427,34.57669145708,29.18002424963095,36.502305638744645
31.692825791022145,32.0419350270547,34.72171786141415,29.060489346952014,36.749414995263635
31.516559581439132,32.07475554929487,34.942255865037694,29.085675601167168,36.70811717021389
31.855360481717742,31.80498356141481,34.73624852625604,29.13521347085856,36.6913792139201
31.831621127615847,31.50717428027641,34.61306076225,28.793780410746596,36.816704978776826
31.935259961391854,31.130271608682904,34.536987082822236,28.719817822501174,36.76050442173287
31.83686216255846,30.95838789611941,34.65605467432985,28.780652191350544,36.696965062764804
31.96133386933039,31.067259437501725,34.70477867715401,28.847370694225788,36.33719742762937
31.922650959794385,31.05462901996631,34.812745352320796,28.784281721547277,36.46708638771064
31.72532856185938,30.902373452072176,34.98868304623685,28.57825157957979,36.55880828526215
31.460518791739634,31.155627913150134,34.70406604241362,28.599265670440047,36.553630503901644
31.59538288373069,31.065467009464385,34.90375923450993,28.76312687495232,36.7797456888761
31.674234243411888,31.10073280443824,35.102173974417205,28.68606179873931,36.98236243172024
31.723081626881743,31.003395910801995,35.1328500309723,28.702714084269893,37.05197644448639
31.905995457410093,30.812583282095993,35.14325221655763,28.68423685852103,36.92306381603777
31.677985857604888,30.791482927398448,35.02170346741219,28.750594962379825,36.86190807339414
31.56242377122634,30.80786200733956,35.123021842881684,28.819838648351713,36.883107395412175
31.508628400728238,30.754479064156467,35.13555415921499,28.918848661264384,37.017331379530745
31.8230670482562,30.606004775426396,35.2213951660992,28.89421142834143,37.11170569683607
31.63587665689328,30.481006573754424,35.17589047540063,28.75845963955899,37.10176256572367
31.529956346291332,30.421454141160215,34.9757207683864,28.957707703090485,36.90227142445211
31.432641201173027,30.703608375429724,34.78888136524025,29.182425721654205,36.970316950402136
31.257357992595725,30.603127965087463,34.966804407637746,29.23460145273192,36.848098274882304
31.236502559449924,30.494448365732783,35.29328923910769,29.234287576765066,36.87954189073049
31.32990637135221,30.48278888164475,35.31893279186606,29.283231577892042,36.944967003471646
31.623345414376587,30.40779031299966,35.436476925786195,29.3432455292917,37.09693826633938
31.421097407616642,30.227159645902372,35.251614997512,29.477483593782374,36.875990929420574
31.689043164347147,30.376230530810147,35.20850978676647,29.77168344315456,36.80542887837298
32.132988652490816,30.465718119337396,35.385124258279404,30.012275884830565,36.943167650115555
32.094383949142305,30.6233923140269,35.20314526630258,29.973796500598723,36.96192829980566
32.07079855282784,30.899399752076775,35.14398631925999,29.852823485496238,37.08805551428495
32.520871051229804,30.94445953860893,34.96621476223176,29.72349030785116,37.069747936275256
32.465621157229734,30.88482749801505,35.27985039140219,29.484258196482347,37.01670102023095
32.39537087770415,30.99551325526048,35.35625022566645,29.850294716925195,37.03894661737789
32.345638682843514,30.83267615315298,35.432847036637604,30.239898698462593,37.2032965492109
32.3311112540849,30.786262081292556,34.919095219723076,30.148667401682875,37.01950467355625
32.275829685314555,30.983276074736782,35.04554909478333,30.143820703380257,37.097357253577705
32.49101922682069,30.896008795927607,34.898076053388394,30.118538357971765,37.03019153520937
32.56800823092182,30.971210433928015,34.8301881219606,30.076600870229598,36.893678826652994
32.569097967298624,30.814699119700087,34.85730126818382,30.27852546642124,36.62628263320845
32.8185338260217,30.889334095329442,34.8402678242206,29.974800132580413,36.6259075508928
32.903352200579896,30.89203336245834,34.90462868366392,29.760358064487544,36.62749780285937
32.78316277283692,31.10571061062188,34.89922043615966,29.78993872294492,36.664633227219724
32.99219421616882,30.973896414665475,34.94779761661016,29.583753239682363,36.63671263649045
32.96792130712791,31.107815608309856,35.26409882153105,29.462688988287564,36.52162207317906
32.800860948055494,31.0623298582481,34.897718879548776,29.23890708473391,36.566059464315714
32.54322323876287,31.195298454020836,34.9036360175598,28.97495417398865,36.70642880091849
32.63133981892846,31.120847008743944,34.99990075787688,29.139301204019826,37.01051182537285
32.52199235122764,31.296989105395507,34.7929195522887,29.288733625133965,37.13796250853678
32.47830872501866,31.310964093061145,34.38673700087838,29.359313402645693,37.06603299435683
32.409723000053994,31.085744268755036,34.29314924650375,28.95939580911412,37.0157267722312
32.537951635145184,31.11318510951235,34.458293366683236,29.062341100506586,37.062816520783514
32.51940070130838,30.985739851647924,34.80813765364013,29.010825244609556,36.78143421669466
32.44065594272067,31.10076690925116,34.737639944622636,28.91104406321185,36.88436146225908
32.44893236777629,31.09436092032933,34.75247347017597,28.793602140708717,36.7559366609194
32.67056276120257,31.12028203993508,34.78065356093099,28.769657899851666,36.840832112950324
32.62681365316156,31.145163471482668,34.52819689065413,28.803347729937407,36.77947456124281
32.44376770087347,30.94689680661331,34.73415140812801,28.86440746530709,36.992048014378376
32.313692274263545,31.018694355405426,34.731351696771554,28.778918788538547,37.132979595366336
32.78100493046989,30.92571594026231,34.66864504922964,29.07431665862764,36.9106640233861
32.49952590239437,30.781139254009844,34.66870384280632,28.88675828364494,36.938191167435896
32.45423727849793,30.75117002581277,34.76048139733683,29.085119603648653,36.75765959516813
32.69201374704109,30.545869464502676,34.65418421697932,29.438554002934996,36.846044359007045
32.59553271330772,30.68350557364601,34.755462380973654,29.512918555388524,36.83038502561751
32.283956200288,30.656775817259422,34.66313022484808,29.424046925064754,36.8391848841423
32.12326067361673,30.584815161839487,34.683923469747285,29.561396928708525,36.864445802216935
32.13917154188028,30.642455531278063,34.650328094687964,29.63118957910811,36.653187356548194
32.34734366254767,30.693469751528852,34.60375006320345,29.650641061153056,36.53546873598336
32.53792418770622,30.43269713553388,34.38662578757685,29.526231892498238,36.22745271864609
32.59631159970307,30.75932458215229,34.58463637003535,29.665418251062537,36.2381440223463
32.83879853215455,30.88102595185547,34.42311313642345,29.668140226903066,36.109647671750814
32.95556199199195,31.133045720470697,34.436465503435265,29.333106019622758,36.30170796882758
32.982631507067495,30.817339041361944,34.4369291467828,29.23580536844964,36.10457771273731
32.79748071196884,30.63636621593706,34.289689997641084,29.33782475796074,36.19275635810208
33.07668132424394,30.798300859783946,34.48240165217759,29.442729220405365,36.0602235739628
32.95408107384235,30.709205276487126,34.49444191715685,29.490390432483597,36.06145511727717
33.134931670667754,30.701576334996354,34.61689954365193,29.462008806943032,36.12375441344436
33.31537802579939,30.750677864087066,34.58305848535795,29.165772352738085,36.24908810757924
33.43884508458571,30.8008628376135,34.51612673704576,29.29672731172123,36.28949122004885
33.61647805610387,30.810248113423647,34.36888895040242,29.258605413339474,36.453228626667375
33.60916958098677,31.146000297302386,34.45640765676726,29.017492372877363,36.259176104181655
33.42013160035132,31.199095828360445,34.422531266827356,29.081949557267972,36.357645890465
33.61172734380522,31.097433599617673,34.35108544256867,29.135073454794323,36.41123043719461
33.844818193418995,30.90043521523456,34.25909927910864,29.341794235806493,36.24699343216544
33.84961775376587,30.70737925537479,34.488399502229306,29.399585154288015,36.37218968126886
33.53401560042418,30.666655916951783,34.49105267287228,29.710664588424063,36.625412046096805
33.68715478970874,30.719427521305466,34.684828373216234,29.67899511943465,36.59897826349536
33.46468504642271,30.61770751486307,34.4903982695295,29.878286396369894,36.63552277663689
33.57680108587798,30.77719667925794,34.38079819533242,29.981347395420602,36.612067088019835
33.47118340090767,30.8771240712981,34.539141363143074,29.763418414044658,36.43672629973694
33.25509092896205,31.020484266991172,34.55609646671437,29.738647501948495,36.40275144386837
33.14407649141652,30.93329605225985,34.62183636632601,29.481582522136563,36.35437286835327
33.08522561421249,30.78965256296614,34.42036491049334,29.675307709962063,36.36288549976962
33.19207815162597,30.69449293496344,34.40830718294019,29.397155684397806,36.28267715169591
33.33129604666893,30.53224155034938,34.75731803245989,29.381218698829386,36.4465639724131
33.31763833636236,30.564190379318568,34.726869953766425,29.28936459700831,36.36551337742685
33.134236349025684,30.535684662878783,34.75501541668544,29.36761795061981,36.366962059495165
33.13705713081563,30.39068550064999,34.71682103015488,29.46861401564527,36.3206387510693
32.829112397241516,30.525996086402536,34.41761270239725,29.682194715426046,36.3417963568929
32.74377303833042,30.754315247955617,34.48980924692218,29.363731636596647,36.34887695721852
32.58344736478258,30.599316923770253,34.51093060416237,29.4928082243808,36.54085291295759
32.21923498517231,30.72445120501409,34.39224412722747,29.534594794815405,36.76912009717651
32.31637673483621,30.569267682469015,34.61162446528027,29.715727221136593,36.59288625440432
32.29171568511031,30.680464837757008,34.752688392782794,29.644414618522028,36.38760108806416
32.287042813974885,30.636160746997646,34.700300112086175,29.551133368920453,36.43681584809795
32.37527368077869,30.511532654853053,34.83167944135041,29.64426494406057,36.32792087934533
32.44610586169353,30.424723251035008,34.793688259066435,29.314629297511097,36.41612351788844
32.66738880800461,30.485096871627093,34.87745891489268,29.329862254463773,36.55047411913637
32.69753621716053,30.414343845799532,34.9847829094097,29.29751984195038,36.45235527845599
32.895875749150825,30.206570526870525,34.87658755611143,29.443324687064504,36.42394727360455
32.73310494239362,30.3381015670767,34.94079216060854,29.579592752711335,36.66035302322702
32.51655299775034,30.334452345570273,34.90851775081645,29.611043169620967,36.44729219205775
32.49765246504351,30.23014712254982,35.12960544906893,29.62745654254244,36.457427106839255
32.64834140302381,30.20392382881991,34.93863972787248,29.8736809451794,36.51426008365602
32.54687574446082,30.38660869825512,35.07773636796679,29.63865863547283,36.584285169097235
32.45472671728684,30.222754323510763,34.84105110595,29.848163765982324,36.54484055950212
32.643188501894514,30.01812363450416,34.93410572532713,29.930318583855108,36.10596309220315
32.58556930264759,30.129507290459717,35.044009006393665,29.838127441475358,36.39510033949838
32.654167619461546,30.133161478778245,34.7571749446812,30.03673895748481,36.31315304690317
32.765725900737785,30.19234835564019,34.722220205248895,29.92618621137388,36.442988310192675
32.68997402642543,30.427981634051438,34.60218210206154,29.831728415152963,36.592149435005936
32.58337784636052,30.603352567221314,34.50798731405235,29.857838342554285,36.5539793068145
32.7055897245953,30.683302980105125,34.7225702015158,29.975634179490918,36.59235304230437
32.71764286640559,30.783452870848723,34.6461645199707,30.0033970755845,36.44163083858185
32.702889514534974,30.80180834026569,34.61136408314338,29.70233665744592,36.64802037855391
32.597065033339724,30.693426952598458,34.4395013304455,30.047217019199508,36.90902759213474
32.564437807654166,30.640282049056342,34.51091015648504,29.909151957493457,36.484023820634114
32.5173152196123,30.517911318530118,34.28540738435838,30.028803599029136,36.47764033497608
32.6101662982607,30.527156235812544,34.39787870914019,29.84678287533657,36.541973125489
32.26020989273426,30.671610729179402,34.35865370703492,30.13704335624284,36.713360726405625
32.340836158844645,30.904963904517036,34.218072789471066,30.253852136119423,36.792583223779275
32.53932999080161,30.835041361624413,34.271707874910945,30.247647022394634,36.69975332735056
32.69041960426636,30.81654633171628,34.460791001441265,30.229516765943373,36.53578039144081
32.528732376045134,30.817790060405144,34.52761919761773,30.26349268090672,36.572880832854786
32.6703681295056,30.994186628740497,34.53683739041584,30.018717553056533,36.243219384873704
32.62270042409747,30.82733224724097,34.56533373331319,30.09975531817753,36.4326350051727
32.58312677991101,30.902300528438563,34.48171324004002,29.90698634015328,36.36580763711178
32.96710249910672,31.063945510911594,34.57362484625402,29.932456952250778,36.23842563092489
33.08161958974446,30.993369287888157,34.407504124507064,30.15790499029641,36.19711914813491
33.097501008791106,30.857336103905155,34.43929790883764,30.562254684548563,36.347329563469685
32.946968074624564,30.74255885499187,34.780498066234394,30.834677242107798,36.35890027073863
32.97958552285916,31.040722751273783,34.9504457382718,30.403251793742776,36.171351666318046
32.9734937747815,30.88134753716818,35.1078515673639,30.203779748099105,36.14945456446519
32.95876367053098,30.907388001382905,35.19854143002892,30.379953253045475,36.10993911948029
32.87493747445956,30.893831306612928,34.86528023674223,30.541496979349493,36.33890540275134
32.80733220790211,30.889372034682918,34.75720125502502,31.161405819133726,36.38119749691778
32.67115700392286,31.0957762757463,34.83950476405667,31.217244635523926,36.733531042639896
32.74444156100205,30.791560631131993,34.845435520030236,31.028634232229187,36.71185289271438
32.59149925259148,30.758141277326576,35.03056679114736,30.836947880531564,36.98768711438663
32.45326816713103,30.5803794114387,34.78849100517945,30.89441333563406,36.964233700723604
32.25628652814468,30.56975323852157,34.70803943801165,31.110233446615283,36.967577305663944
32.497967339544175,30.719066777593223,34.756336733349364,31.267854084284586,37.046311598303724
32.651644385781914,30.54469524083732,34.58608594011515,30.93716882679126,36.95658195492092
32.80087743605232,30.688113984836725,34.72700662935484,30.712947580723547,37.118121416497516
32.694109110320255,30.714784933803674,34.7700133928108,31.021882617770977,37.15486971584724
32.88313239537443,30.83172284053156,34.76322619313405,31.03673860318965,37.211164919309816
32.59613175169251,31.017422567660155,34.63256934496545,30.950117747809177,36.99143691295247
32.60006153590293,30.978574513913717,34.8573440509159,30.743955997096712,37.1070000264443
32.68494569635937,30.846892016578405,34.717506342137106,30.616043943127767,36.98388602815769
32.5616595837312,31.014203925354135,34.76941584643113,31.048423231062017,36.919847954792225
32.62879677896759,31.077757968241112,34.91708153470421,30.817150434787575,36.829631309504634
32.53843473247404,31.002506876840734,35.18102602779103,30.56137609680061,36.71081672202575
32.66383405752067,30.82228830947292,35.291407529448655,30.56480764240334,36.656345145275935
32.463987875757276,30.6576368838128,35.08789888092488,30.707869036490994,37.0480726054727
32.18281507180028,30.710190999324386,35.42790354497347,30.61439558677396,36.94118597301096
32.06296057398647,30.678725162694366,35.51082570302623,30.33697857170932,36.82856568516121
32.17248675919131,30.920475429438014,35.62724662216249,30.47056324501246,36.74298577907234
32.18927488441469,30.78728414788484,35.72997079823229,30.596253706910005,36.476583279184894
32.34429408732225,30.81582015442778,35.8830717983647,30.63563120885289,36.49259636568839
32.37437823538652,30.659029484010993,35.930424760378926,30.172553839504957,36.34447228512437
32.37985196540109,30.769530656600978,36.0632473242693,29.933573585537435,36.378446238686585
32.7323966964129,30.511003492349698,36.523439596502385,30.02677552419194,36.665048150308586
32.807005527162815,30.618837703429428,36.45922661699862,30.111040412426444,36.72448990592233
32.67103339299023,30.708522052483808,36.3769126391821,30.205190535794824,36.88672038025444
32.60477547799652,30.747635705998263,36.39067673697524,30.131651154229274,36.991503275852494
32.54794879494042,30.786172288353544,36.65065122230723,30.258262307760532,36.778967355218555
32.41091948493628,30.609906875932342,36.24873790316401,30.252488455248155,36.87927698521209
32.56624768777869,30.773855257470725,36.30749481946067,30.140841068540766,36.89358249396627
32.45543118823551,30.93455229763203,36.27460567974193,30.165262053983263,36.85011618222255
32.28077798989631,30.91408273426477,36.336777897217814,29.845647231508924,36.7385524309386
32.418026672595595,31.00537385411445,36.35595498849279,29.82714601873935,36.552940674853495
32.31767842577417,31.081886037628927,36.238542875351946,29.999418933560577,36.56482344395032
32.33653797353039,30.888410915158143,36.027546462016474,30.093935898743844,36.594163516312236
31.97349196023633,30.669390796624644,36.430920496270126,29.698471834243144,36.6329635592551
31.857921759856747,30.911961276337994,36.22696852050358,29.84640118860861,36.75202149315885
31.918752094138416,30.891221044334795,36.434063608216924,30.08327044467639,37.01028386294558
31.841012239287156,30.893122548459313,36.37598038269459,30.11001522315303,37.01007209531653
31.918596058340036,30.978820063366747,36.29953014583217,30.071638944568075,37.017745922586144
32.04591086735683,30.8827736638522,36.301015801876154,30.42234601772655,36.991855206095266
32.29723648136581,30.95830341371622,36.315026004637666,30.410157873494953,36.88404768989326
32.157069964724776,30.77737212518587,36.103914196867805,30.478250853287292,36.956644988807625
32.445262254078386,30.733985357188605,36.20005533147871,30.379246543943175,36.99005047729759
32.40886034888326,30.77844259359525,36.40521155843935,30.56669292271713,36.836064450813936
32.524696141439776,30.610642219099578,36.41008387587351,30.29581142042041,36.98814617291143
32.548272982137405,30.626550265309927,36.5307949102512,30.487377716373263,37.126682419605174
32.56815090100969,30.622799068577656,36.613914431851256,30.319350097765703,37.290492478399145
32.44147010540653,30.60911535789106,36.836888667871534,30.422871008420888,37.215578177850745
32.37798194947808,30.63196794904501,36.77003315730027,30.126096529549436,37.0403369674142
32.465704903195046,30.829550870193337,36.91034660831009,30.091205029337594,37.08488249025998
32.6563012955751,30.707375148544962,36.8008656117188,29.885686098749904,37.15733749585062
32.41928938691275,30.54169559639329,36.64891325759548,30.11696754213193,37.317485358825955
32.67688963306136,30.636129885443008,36.52123049695364,30.082410442301054,37.437287783762315
32.813413463295355,30.65511509188381,36.590930040415415,29.995854957588847,37.22136576832954
32.90095947184587,30.491120521812288,36.39240381932786,29.72690598232324,37.18036848220861
32.87094839436909,30.372568477075173,36.53989142968549,29.75826088312209,37.03062476151655
32.89136830337605,30.294923957581517,36.42340326633255,29.55934857642946,36.873592808742465
32.95169834769676,30.372683785950386,36.44463427039844,29.45375404481874,37.01921668721157
33.22282109871649,30.702312777700698,36.61178138446725,29.657959412331433,37.11647873661355
33.041180750590534,30.49114376013674,36.82974542705788,29.955817036787984,37.14925229280934
33.10205289541624,30.277743206252293,36.656936440881395,30.20455258308598,37.27293616054757
32.874189176222494,30.30213893747487,36.351355367057614,29.98485130159077,37.11479478992268
32.917592403285965,30.408087198807923,36.42774033180754,29.995214142151397,37.246439362745136
33.20208514756937,30.35307366460632,36.644532782079416,29.455377219541734,37.08639403570634
33.486453221143215,30.38165469262806,36.906045380477686,29.706163216802285,37.18964163819941
33.700283193929685,30.359292209064115,36.73101197994236,29.48696685324867,37.11773655768044
33.60161268719005,30.6310264401191,36.64026229984583,29.146864410249893,37.17241681821151
33.65997504347726,30.571600977155697,36.67793761973309,29.070082135637577,36.934202897761296
33.41650529354388,30.554806491818066,36.4568599991456,29.361860110777407,36.97928324975975
33.438975883213516,30.529174913827006,36.45763488682084,29.772479891977213,37.27282450515776
33.41481694850341,30.57505119615027,36.664652268472636,29.65935536208349,37.32314303229028
33.52774731935966,30.718313786712898,36.55854806752132,29.395771209321843,37.430424220453595
33.49007740056804,30.75773907589368,36.49044445181153,29.32325817365877,37.15386699115473
33.67556804966749,30.644895614143095,36.415787674715226,29.56243460746283,37.125876677469634
34.055535712978205,30.522273816758105,36.42060440085491,29.39824034014178,37.077823204608464
34.3655070014384,30.515553677271953,36.398214028494586,29.229013153191186,37.26646477801831
34.29464055908579,30.4433773869372,36.08045289044197,28.75082961769114,37.22828212175035
34.00363283717843,30.51197833565002,35.97256968200819,29.02230309286254,37.31696851634741
33.934213742448115,30.50559017367662,35.96559567887424,28.916530617518834,37.22977933159558
33.66603143573926,30.552371198227043,35.94355984348708,28.915348551524975,37.00731808939726
33.60302287109734,30.672973968462777,35.92693544213323,29.194887673840903,37.01981757040027
33.39977865186939,30.628494433967784,36.12961611281805,29.601381351455977,37.05389139786962
33.3452797610058,30.7543493095634,35.86305935363412,29.287123857851075,37.08623090628807
33.43894339839038,30.56034804483603,35.862280246512604,29.28593534960508,36.9114633897992
33.4042421073426,30.599387970960912,35.603227843172874,29.363966803127095,36.92331558219938
33.29688142700625,30.58901558282778,35.863692393969785,29.46193672917016,37.125766191760526
33.45279460635889,30.625859655316177,36.05086791310319,29.439677390748432,37.233352916684375
33.81069705669744,30.654985182878352,36.08304410287696,29.744099273419245,37.111995293407354
33.84778035703196,30.758095589478526,35.846553227583485,29.60735500647044,37.005476153131966
33.75827522088152,30.741779232998034,35.84710849262317,29.48498561112185,37.017996284450476
33.94552938419588,30.499176198538002,36.07434373400086,29.26264739608952,36.85117271897058
33.95136182653916,30.714478999493505,36.125160102171805,29.395188209672078,36.73378984199951
33.8622458257983,30.72313390872863,35.960819333372726,29.210609852020767,36.649024192202326
33.81479493071559,30.782925827344624,36.095167451839835,28.820277277109643,36.72696560668476
33.95056003689894,30.92418954905515,35.98560221899576,29.071274665586138,36.77627961032201
33.845704230589924,30.86810826287411,36.097661169217986,29.243848414214078,36.84294501623989
33.78494754114125,30.63133317761074,35.82535089932211,29.2322372194109,37.154688918791166
33.6553529325874,30.579741959835772,35.82192553306532,29.031570998719246,37.090492142144505
33.370500314295356,30.526953647250963,35.91386827469108,29.04154641680242,36.85122625146454
33.48824184963085,30.60910450190547,35.89611689392791,28.933068398799435,36.991161519694444
33.05860393116633,30.496582235547688,36.15474704698042,28.77124689475687,36.93611740894901
33.374052292606756,30.26008449017944,36.294872446935784,29.10019327071457,36.969105165876634
33.69642519970418,30.28188677972238,36.26630401168498,28.937261407793006,37.07108875116292
33.68386564987806,30.239068608198835,36.2107021078091,28.860575971706833,37.07833866515857
33.924472945274715,30.16165772155772,36.40929411911813,28.907081401954084,37.32402320648311
33.56078304949506,30.302226157788578,36.49482187181737,28.554996253710872,37.46666065446009
33.48676541102483,30.542190444094683,36.694177126347995,29.058209415500638,37.3611729319831
33.45915301650879,30.542317855321834,36.79781181382169,29.394902597827862,37.54392361137529
33.328457431952515,30.483519116100798,36.794303300743124,29.213664630340745,37.55329216726897
33.526920103424835,30.541697583938504,37.03343169415562,29.253071496769376,37.4795939144897
33.43389681275798,30.50822278235559,37.109446770240325,29.16350488529781,37.23607920492987
33.75826849179662,30.502005676449063,37.06989197416882,29.10547215128096,37.29653443074214
33.80389415712938,30.434964355790193,36.960946398976866,29.108239452776868,37.13162917943331
33.83978508953628,30.327950112007134,36.68140980774518,28.98716984892689,37.180816553765325
34.10420036165956,30.608191732314904,36.97131472510178,28.97588935509936,37.21761384100971
34.09835233470681,30.527791259459327,37.24451311033654,29.1471869101781,37.24211335090446
33.87476219117132,30.44142689365582,37.22029220026586,29.319048107425676,37.1560743640193
33.81768690709032,30.824576409825074,36.789516253533826,29.28522382035717,37.21326878787497
33.88914849912044,30.82758717096994,36.8208245084326,28.80408769447737,37.30869870667967
33.891490004449345,30.925750053701304,36.61131058100076,28.824528834455553,37.284046373037945
33.921401629972884,31.17785470785708,36.425092637222264,29.05575196054259,37.48482455073839
33.93719670461207,31.044976987106807,36.47384615521279,28.861701596100705,37.6620363586305
33.811176696106735,31.035785266152434,36.29726222656149,29.13455149536086,37.56383665568127
33.941674135813415,30.93222546770991,36.4923098832024,28.85203917343048,37.48808334826894
34.07312574477431,31.01589728658294,36.551537924157984,29.276215202165563,37.202804319565054
34.19194241520338,30.891284538918203,36.42715002561028,29.23564268238991,37.253668761496996
34.21548900270399,31.036004660477136,36.3714697616303,29.211766350652283,37.12876137037255
34.13832807873287,30.959065686180814,36.609482747365476,29.091895352947482,37.221574564828494
34.25985045826918,30.79059156582746,36.57429064360104,29.12163731009252,37.47136427303943
33.74405159279822,30.64107748973134,36.789024177316676,28.819477351509196,37.580627258122476
33.869522106633816,30.87083772987658,36.70805570200345,29.02566838492674,37.59097604915131
34.19928145029282,30.78044775051217,36.5493060250941,28.85353628925731,37.69029235921129
34.15922028300061,30.858659346617088,36.454738764717725,29.140291999326134,37.71688714877689
34.40443802609205,30.83316908241042,36.44118532811225,29.267554994479724,37.7414419772008
34.44519816577321,30.851945293929315,36.615607968445666,29.14282835341351,37.708877966202834
34.10240043491008,30.73461760434831,36.315911586529445,29.077915475504106,37.48737789656243
34.35123178884605,30.560419460101926,36.399370217051064,28.934493026168482,37.430564036585835
34.42475487153208,30.87061301024756,36.295798966308325,29.0305553719723,37.2939963470312
34.11037616580725,30.70259781562414,36.28603767202986,29.009523997160414,37.39158799975293
34.08846268300505,30.685820863755566,36.342387224052686,28.772570817494586,37.528006420863065
33.90159045430325,30.677569328780937,36.50400593685053,28.70564641486326,37.478495782993534
34.05692085363506,30.729777803106057,36.61954001816763,28.574765863579568,37.47583733881918
34.01561968680233,30.61790018967006,36.730889561575985,28.429668715699272,37.67105379580177
34.23351275070991,30.72929151293138,36.58758359293872,28.443580776223836,37.72185477314773
34.28527087237343,30.76428982592793,36.77267626578559,28.584371252991236,37.580266431224494
34.23648766583396,30.65142831782905,36.71956627521365,28.7556863913504,37.29343857318553
34.38700103003737,30.557289339445852,36.67372131981445,29.3692531143475,37.38996737437548
34.19052134299037,30.677754588136377,36.74253658414454,29.353005745701868,37.596260615770085
34.326398555293736,30.79799415911268,36.55797468244908,29.140114512104123,37.51792456945834
34.17090120341572,30.68233740681735,36.57202672111132,29.5920297575952,37.49684925310407
34.243640262089464,30.804565758037178,36.56120243959389,29.446320182411366,37.65785457327202
34.355989273804745,30.95167317807586,36.603325286838796,29.31306342482804,37.53607115326833
34.325403025113594,30.882219521072155,36.56835209447338,29.290729232594074,37.57463144771005
34.307695178563634,30.937599393043328,36.36945944641043,29.253340704510016,37.56648509056274
34.398598548743664,30.921903733505378,36.065144451521995,29.46937945724001,37.543393378308814
34.464186853398544,31.004042777785696,35.78267569401737,29.2614870075997,37.52133666071079
34.62090586810407,31.047150434040752,35.98125057042911,29.38060890663231,37.624904214122644
34.65897425814853,31.07398036850398,36.138343665271094,29.799330758473552,37.701267937419686
34.588436736174245,31.117794064632392,35.79298596444868,29.898231017951318,37.598876634468304
34.22744836693505,31.1234224700939,35.73412772210981,30.120539127967582,37.91441506766291
34.10307962526811,31.021967896201915,35.37820849367411,30.408429922361066,37.656885721474865
34.32918804461352,31.016082545299895,35.6077353272329,30.404795233766922,37.73853146550623
34.262848742312904,30.864207034426062,35.65490682674733,30.279260534858434,38.0177033191123
34.08137942957682,30.926532876898385,35.543395312215736,30.094801759125502,37.93282118378784
34.02814044008815,31.05186913991907,35.426825268204,30.082781600266628,38.028023018855905
33.97063560478972,30.857229344038736,35.590823148623336,29.76052947283779,37.861077649769186
33.774703662075396,30.973023721501185,35.60510198617922,29.73895338604468,38.04220011256228
33.99794557566056,31.063872156868126,35.574686656279155,30.068589622024238,37.91826738459211
34.133137610750616,31.08229156059429,35.54455543623174,30.29301792238771,37.92854760436578
33.82111275017678,31.05801479340054,35.399518218008886,30.253922260882753,37.97321162631572
34.07912828859708,31.052683938435706,35.550137171545025,30.435849306247206,37.88584371569591
33.87646513016642,31.06185333392356,35.520984742763936,30.420239860147383,37.84234804169652
33.742541709725046,31.054068441033227,35.66396252948279,30.250178743020015,37.67713412033647
33.91975256010172,31.212474728830934,35.73515810770707,30.27657328699395,37.76068488618908
33.76586140407917,31.136889048668923,35.748910499316274,30.18940049472485,37.85117567729738
33.8019444946724,31.155442486797572,35.76177613024219,30.522612256833263,37.91709707023847
33.92469519921712,30.86001351845833,36.13872881796673,30.50685076479179,37.774018069749076
33.97715547821556,30.95299991177142,36.25070259218041,30.72033225930033,37.80986646804504
34.12097515706938,30.90097038058914,35.94734257041497,30.441677333018752,37.89167691423028
34.37672136268757,30.935014167568983,35.86673840297551,30.53101975972255,37.86369575027629
34.37922680293362,30.86418542716001,35.766918244498264,30.52081377085541,37.72251097374489
34.20182472428238,30.943758342077587,36.09017399096503,30.6842345454742,38.11259153357771
34.03090488122071,30.79655684407771,35.7437731374196,30.799798887885665,37.938570994808536
34.106011137931525,30.858472009714337,35.90582926739386,30.426851496547123,38.08549074837706
33.915011224882406,30.997900090264647,36.05235892456629,29.953305285196585,38.07266673579265
33.87671819159689,30.779767690136143,36.21658904179163,29.971428113358577,37.90054944082665
34.01866625305133,30.579585903783556,36.15623438241988,29.90531795423318,37.50856617404484
34.20556258743589,30.783035314059234,36.30109322625891,29.87029146481037,37.533542653330564
33.85358332723004,30.6643064604313,36.220958013492556,29.661884171350653,37.597138822490045
33.84753708752124,30.84329964565328,36.12670784024149,29.640518863799574,37.6436402494432
33.591307395894134,31.049718465388423,36.02986370399403,29.809675270663913,37.55437770589914
33.55198065058434,31.132036948954777,36.14078967078609,29.493514304188526,37.77549130524692
33.44347090418253,31.170640733277477,36.115061245925006,29.574442588651657,37.64122957319735
33.79706443217855,31.03356553985472,36.198460949112,29.469932919337914,37.44700524111451
33.62334644906211,31.162738073722327,35.99636496855798,29.76341869413848,37.16223359763936
33.50545008697547,31.265551247786192,35.99139041564277,29.70145638704702,37.265598813827744
33.49796835165185,31.162999492058717,36.100220146219456,29.75540331608194,37.12483531189118
33.506830873924805,30.941109252267527,36.14065687004613,29.730349673361392,37.2526487922729
33.77820544265719,31.010430332100754,36.41643740987287,29.71568005370705,37.447332824368736
34.03092594643288,30.84455729919642,36.49490351836531,30.247693972050573,37.3596736827022
33.8833585891493,30.8407925181499,36.44977667876963,30.026977915376396,37.204269516140315
33.97311283733164,30.6087380484568,36.517730188230075,29.855602948894116,37.45332640876157
33.84655412144132,30.806010436532173,36.4369849706815,29.702458929577265,37.235494836911094
33.80480556043371,30.881810375198985,36.42861652674598,29.7519903592487,37.26967137362137
33.80174285637557,31.14927724293149,36.37152036880407,29.79140791485318,37.28888151203661
33.73868020326991,31.012988687346677,36.07383311647787,29.6427112154768,37.17759564591331
33.80381353495753,30.9394014709258,36.420269326929485,29.294440863912765,37.17108255043792
34.09185660575435,31.03972882389602,36.55763726933224,29.29611351440595,37.26628678613199
34.22085807959005,30.98452777639659,36.377649082669166,29.493451074709228,37.51859583810631
34.15633434041228,30.909598209942917,36.43807100984778,29.589424295000537,37.58889262331241
33.85767879385457,30.825637315195667,36.557507925588745,29.5296861408616,37.569636351228
33.489771692218504,31.02975664914552,36.40584285701329,29.576948369849823,37.4802960247366
33.787720909167945,30.758696497289844,36.49959241466698,29.772485337399758,37.413709227282595
33.62598409899013,30.6841987993864,36.35690029057726,29.6531254369777,37.49515953751236
33.57782402236704,30.627941122109107,36.40474807449956,29.571073303204393,37.48425459342242
33.71154461341741,30.816232711593507,36.35354341144637,29.177287883797828,37.4984372883414
33.88302644007129,30.498377127673095,36.23235140697819,28.990887782241828,37.659523966435934
34.12024512180456,30.567877982938743,36.068290903316054,28.67353327958102,37.51917146821207
34.31827119332833,30.699324395845125,35.865741383917545,28.82893073697619,37.44806706471085
34.10248396217925,30.748385068034356,36.153621829470566,28.758310439234563,37.319995305758496
34.07570403575249,30.78763944191748,36.24449943128264,28.812745235794694,37.2002403957266
34.21844362751881,30.615105381928853,36.42612985798751,28.947741555775686,37.233376417393494
34.24545524055531,30.74868107944759,36.18630397422686,28.411484717477197,37.34830419848286
34.077906505882055,30.690564769440318,36.47676698963522,28.41908927424624,37.36522967400675
34.15654123040977,30.702101868596824,36.36944560428475,28.474703476784438,37.1742404032823
33.96701633432799,30.673927525195307,36.428024634156046,28.536713422668942,36.93995856274808
34.04884006694773,30.725044695373928,36.250598774019046,28.58009173832093,37.12958726921368
34.26188669422465,30.722572835943915,36.17352672599721,28.623719573046486,37.24648489589278
34.51311272423404,30.580548264547343,36.27387244911242,28.52640809027794,37.1936550725208
34.659651391904916,30.6157435727833,36.256927563836754,28.636833249932476,37.16280167952889
34.655259147095165,30.557016549141544,36.236900415003575,28.562627145486825,37.02853792165648
34.646895975064275,30.61439948941827,35.9302346379958,28.449304006776263,36.887830548753186
34.63544708091935,30.6202945106569,35.87693169381199,28.6848661615022,36.838129263401704
34.40849715243436,30.739522360953607,36.13206985219966,28.302550240341862,36.73305798370477
34.31690500070645,30.469716917945686,35.878151874442686,28.302663433226222,36.48455593742842
34.25255227363734,30.480971936873697,35.68415250018187,28.285904369108646,36.71923197628205
34.05858553597558,30.558736887181,35.83893238182116,28.38579749925868,36.70277062255973
34.4158766174615,30.580824008009127,36.09187960513502,28.598690550952607,36.920432891658656
34.42115340324661,30.630658682320657,35.98781465450449,28.371062901443405,36.958560375899914
34.38454676828311,30.552088238917854,35.94719625722142,28.237505438467164,36.87979857233893
34.3564656676474,30.614062475154782,36.075097406266856,28.308247254239557,36.58655638790595
34.668076946185366,30.483807511387017,35.84618282289271,28.342718702195807,36.612250977740835
34.8367912435312,30.413517561726998,35.92488153162815,28.269215894352175,36.86183727714492
34.83958638390916,30.53861665236842,36.02173610428137,28.176830371025062,37.102227503180956
34.92923816709011,30.498938644677168,36.321300507718945,28.172295960249656,36.997926497499556
34.83756344005352,30.521548968948892,36.160382527733915,28.18299589807333,36.89483023196281
34.95096125534719,30.577870059287616,36.36646331429556,28.455982460575964,37.01160583199851
34.99842167732172,30.744020421439604,36.1951263778218,28.367355047836135,37.05042535425358
34.78548788767152,30.565748435199048,36.28239287603481,28.139579755342737,37.00313471467947
34.85494596366513,30.367680810723524,36.23247656946427,28.161978815442914,37.14219851092454
34.75495419045767,30.366883191791228,36.26986341466598,28.070837723534755,37.16112552470136
34.742419200921816,30.41089924894884,36.476768248231956,28.105460286489475,37.15745863062472
35.04000922544687,30.371583774272096,36.43499089567421,28.090902636015933,37.19062570732907
35.26142998271881,30.41918932307527,36.45702298460761,27.99467911402028,37.366564153298945
35.03082019796586,30.66769268955975,36.376168679213826,28.137940272089104,37.28940261327098
34.852232833998094,30.55308047785615,36.30269533420074,28.078426944214318,37.31705977653981
34.804846613801566,30.665883206833602,36.1144575307014,28.044515190176572,37.196570495214644
34.81204412897761,30.825284007373657,35.98922642741586,27.875128142445853,37.38535246137989
34.72558693216682,30.747388875823678,35.95069246497611,27.865985883270138,37.250923552869715
34.56383375335355,30.8456568415409,35.92322961794381,27.87913375963032,37.432709397779085
34.3008773245558,30.796597486416275,35.833324486315014,27.854633612629847,37.348232244535716
34.27542485736208,30.83274110591662,35.9534630279488,27.74234903544151,37.49321494421762
33.88156106551607,30.885563681903456,36.11860730379702,28.093847680702538,37.771586127735084
33.97908105812482,30.820018387551343,36.0648754405175,27.866971518727166,37.75722589346304
34.01566406897068,31.081577313165823,35.98462711635414,27.750143930078956,37.68598517795716
33.8270683785136,31.04153617962228,35.970292098610784,27.947203072131355,37.595238524782935
33.82428609256413,31.173378234946025,35.98612076845884,28.00713196750667,37.584900013101276
33.681045033952074,31.156817850461795,36.000938369159286,28.02295616248,37.48584196209881
33.84301373278392,31.27949138917851,36.070597233814006,27.962866952045413,37.54720051057857
33.614080469455324,31.055443860999468,36.01784092263072,28.07379652073304,37.431565898434464
33.74500959905309,31.202884694336174,36.019382766024826,28.04554699578806,37.39674013459481
33.63664808876617,31.119044210253985,36.049100201923196,28.403819419518474,37.21543650104665
33.621903863582695,31.196544500717035,36.14384165443271,28.41248581396422,37.144562996767384
33.61162496984721,30.888341278004646,36.21420807659466,28.55250712805433,37.09085721489163
33.71608415052548,30.742240834948692,36.432188497245136,28.403115520243436,37.351091855828194
33.55503613103015,30.91831173903066,36.52835350445476,28.14573068325882,37.194868258911704
33.497383105095665,30.905826993934866,36.64631252589136,28.268687088781636,37.471704375257524
33.5145375610688,31.03958537814708,36.62180357492568,28.338627393494725,37.21809707893448
33.75227523931387,30.962555322942315,36.74196927038666,28.378141347697152,37.38590561238463
33.75205784286977,31.034037074284917,36.757799719499864,28.40527930208587,37.31975877887602
33.98273648576171,30.94661244313896,36.72790325884286,28.477681247603204,37.33825115312732
33.78880391568739,30.942217530192643,36.810044028801386,28.257887436490797,37.41059464373675
33.75277696812952,30.90319099972537,36.62243060107346,28.380114282582486,37.300385470951305
33.71274222798632,30.972495094632563,36.46839311958092,28.146754335851536,37.5723508497994
33.60692145184775,30.920754392156866,36.39657627567427,28.00687665571211,37.52729892718431
33.56553928076821,30.902954534083086,36.263529446303835,27.94359753559805,37.60792709287518
33.611809544240565,30.822212294966175,36.278935334059526,28.06736948388419,37.588602743652395
33.731878540012005,30.90499660313477,36.36395324722464,28.073687623994626,37.6984598551537
33.67643398078413,30.617536756990724,36.23741985107833,28.075891636582707,37.56574845204009
33.67715979803151,30.45386206588417,36.089213282886334,28.316990470460404,37.641821291651475
33.80991001610535,30.635886092498314,35.988630390799216,28.139716613820664,37.693853773269204
33.78116375383094,30.61564900969342,36.00977257433012,28.153375722015806,37.56854229410473
33.8682343912639,30.85179994233354,36.194838691837994,28.119752763323,37.747516782887466
33.70548719621799,30.847246035410073,36.045035417339676,28.14996191395903,37.719940746585785
33.69333513615631,30.759877350331408,36.093493848548505,27.903616236057974,37.54047863109481
33.60081017754353,30.93340536206306,36.12493488791867,28.216303488239227,37.368334618876105
33.367706379283625,30.560060722045836,36.12947081704686,28.196642690164154,37.45804734100465
33.47870367163641,30.50342872781308,36.05344341824675,28.08546642242577,37.48887711752083
33.30219125396015,30.55820638138606,35.80850723184478,28.000159280790353,37.49596476487751
33.26365087819305,30.464092566002307,36.05340031825033,27.97379720666414,37.392101380360685
33.28207144808095,30.255950735703014,36.20797898323681,27.941858855505732,37.45763109059921
33.37801136158104,30.245536336895874,36.26880677869412,27.99042078576978,37.4824380903328
33.440051898144176,30.13730356289952,36.208464221048615,28.1765687005198,37.34712804343016
33.3979491945079,30.356946452033814,36.09521054254594,28.12883729875952,37.20983486202775
33.56089990002992,30.428783807717398,36.21623186554405,28.034423362808855,37.153949728300255
33.33046737179174,30.197615889516936,36.076160919931446,28.023581069285953,37.229228745640846
33.39845736492533,30.39050802220278,36.21000255810224,27.93372470131048,37.155780291862236
33.238065804922265,30.54055655825498,36.327895378302514,28.14444110636022,37.47097711522036
33.25904340990118,30.65733718187363,36.374689211674905,28.170991425926196,37.57678046340481
33.46601968521159,30.753294595857884,35.978851679921895,28.25647612126789,37.4420568822055
33.6572745827923,30.676895456820287,35.739895351493516,28.06715815202437,37.12994558826823
33.83904750058244,30.559669450482144,35.93665179211276,28.46366633211467,37.268303858506385
33.95069375197871,30.704731786194394,36.03530908403639,28.352415985059615,37.13496995830085
33.73494709520861,30.715167520597973,35.83558807762123,28.443058171033186,37.2907714065233
33.519645456602625,30.730683989741536,35.93739349755942,28.197734923812575,37.2473419678615
33.528268428103345,30.714188187253942,35.737931838035195,28.210526348859084,37.16394139283916
33.406637459886724,30.77115254769079,35.82648486677189,28.1357783976042,37.14757779244922
33.49389764876668,30.917207472273038,36.05485390739081,27.84979942880817,37.02563157799646
33.389068512480115,30.801109316130184,36.16597696426858,27.841359462215976,37.25082814810712
33.55919202366868,30.87795055958426,35.933323129933946,27.594646592093177,37.15390297006952
33.39343729764513,30.828875834516836,35.96067475548983,27.749937666350988,36.83386452390608
33.28595681490856,30.92291402023588,35.91522283735417,27.84660049175295,36.67741004972306
33.195539424790795,30.733484816973245,35.92897924409953,27.844874979506674,36.77036309988267
33.210505815618504,30.74587926141043,35.96563956339708,27.992713331243387,36.78506019785471
32.77615844014764,30.903353488863132,35.912460069157,28.130429325661297,36.85578640030496
33.01174099794805,30.948054417420604,36.0964222364309,28.448401775508273,36.66385712989055
33.195800457370304,30.532627105735877,35.9747412759395,28.35407673499744,36.82193567078215
32.888874880014775,30.53344681442644,36.122895285663404,28.444410891497988,36.978721846124294
32.76360681985665,30.472611709963928,36.20630994991501,28.427828285665363,36.95029163528647
32.84683067316698,30.730632556615554,36.01386925693683,28.34263444293483,36.869309695338714
33.273282413151705,30.756356447798176,35.846120468298146,28.25065445263743,37.16386884964279
33.201001523823706,30.927145412956417,35.946763058326184,28.126803617433783,36.799352788001066
33.183782558199944,30.970136429662972,35.85678468326284,28.454682298366333,36.89290297215591
33.106290934475425,31.025267236799767,36.28669930856774,28.50912183696158,36.75948342936615
33.05544456962036,30.84036796709932,36.03198243005381,28.579650764406377,36.848121134249645
33.09319477014447,30.962463171171958,36.1028142558984,28.697959107721477,36.92281964491122
32.912540661677674,30.956755312602198,36.01797705449726,28.697718292595148,36.9867807202187
32.6681024566612,31.0183218353567,36.19102652381887,28.89509448419298,36.796100439445276
32.89801738036947,31.035408103678208,36.17356693857026,29.46337701287018,36.702352123943044
32.836890055064366,30.84560168188382,36.30903739792317,29.579815192784093,36.72535455891866
32.938881453420855,31.024339922861646,36.3432189184386,29.715184903314604,36.71841532256839
32.77361659312466,31.106976786708955,36.40261737163521,29.766830657893152,36.596491498164504
32.64866287460287,31.1631613782933,36.01572419041423,29.697464576803213,36.785674721484654
32.64341951228045,30.93651807621681,36.23579434877348,29.51280174618619,36.569316662530234
32.79330939743396,30.960896653230737,36.546420491978964,29.402818892859845,36.6051598139844
32.461989441131976,30.768688380338222,36.332754098485225,29.36218011116035,36.46408207911999
32.33254405458711,30.94755148152568,36.302184299603574,29.176939848752912,36.49965145570308
32.63816768657264,31.29002127305561,36.19844159073757,29.026631101662502,36.584224288835834
32.92515895755323,31.14502070891962,36.13670161244541,29.43159634068122,36.49513397231596
33.085192198191955,31.136350072368582,36.09733676895949,29.316803400248645,36.47915980490641
33.15165811382925,31.212100971836517,36.107289680219715,29.561816180545655,36.44708245168136
33.0884695555047,31.307308237538415,36.18679679042998,29.747251126159114,36.44654644896564
32.81422624979629,30.995892469777576,36.21984212597365,29.598948468500762,36.33883167254526
33.12572142350379,30.87897576631111,36.22557025027935,29.44847497566341,36.3934874681383
32.9679402010087,30.91375061506073,35.96885257424331,29.494255279701452,36.653414921568604
33.1325209796112,30.882323948358852,35.76949427098911,29.513192025657432,36.53184935029729
33.20203631300092,30.775007313130967,36.127897390605966,29.756827730032104,36.65129337138377
33.32529859619637,30.936430003627425,35.85539802602381,29.62899800672341,36.52242079305783
33.38700714022291,30.65851991131723,35.76516634980386,29.488912228303633,36.60943344054027
33.135113828942195,30.533934361025878,36.08069448957941,29.541569889453356,36.66784805990724
33.0185634446124,30.577173285041702,35.96457571217375,29.713904171276283,36.69241028126991
33.257263576129965,30.58343286868443,35.9190065012192,29.726581313165894,36.74408629173086
33.30409336050996,30.877624391485472,36.07877502247503,29.852779207993834,36.64008241398772
33.17582896443265,30.852028767599027,36.24828207376016,30.00935121567553,36.788184992902075
33.10837958454559,30.636856316352038,36.35399127575693,29.826958227809257,36.92706368068224
33.08144946051388,30.832993100700417,36.3920293733164,30.091121612989664,36.77496438056577
33.029265618634625,30.866019566950225,36.49407900283409,29.73512562368781,36.918454503743725
33.473332457764336,30.839264617318904,36.53638862589143,29.892324412868774,37.00004501809269
33.50599940266304,30.70703266891582,36.48421530146721,29.755777062777717,36.78573045922571
33.55974612247808,30.564036304401352,36.41206290178634,29.724620616114592,36.785445861286064
33.441597106138616,30.516712850091682,36.33706138993422,29.854751901850012,36.758063198835494
33.38708967731048,30.465182355182876,36.42165797318981,29.668149997899302,37.15305940806436
33.56602356585917,30.5148089699653,36.497710802094254,30.008568463893422,37.17910814067338
33.71352170452273,30.5276945209678,36.356886014808545,30.20645861643644,37.14150426713423
33.31197184349879,30.79195202371927,36.45052071796634,30.158269536674833,36.9800629405809
33.279386260247286,30.677432871372098,36.31859827165754,30.13600262174434,37.05610031904735
33.30863090981631,30.57370094814987,36.55048096280599,30.167423355961038,36.917104946637835
33.33130423497838,30.725238628992997,36.55802962111979,30.22332746168068,36.97672273531473
33.4011491852945,30.658594220008382,36.57440631314096,30.232847284709507,36.87045955237013
33.28137606843641,30.844194199916206,36.6180139975393,30.083238815605707,36.912920815856985
33.17251113398474,30.9597155336087,36.61469395019467,30.12596243153058,36.94784567923634
33.31112197145026,31.033316436688082,36.38271801244902,30.054432664569827,36.819867199144795
33.47375947948565,30.932229412640687,36.420025595526546,29.910954754219368,36.575913067039
33.56405435008043,30.65476149788699,36.42981614315488,29.761356899567975,36.721108228830175
33.32858506133061,30.931184307431245,36.44369178642519,29.672623904958353,36.52360411179547
33.44029167333713,30.778196810653824,36.35257921696586,29.361459758698867,36.486414872684165
33.40487540563205,30.766579730220275,36.47860408218178,29.4434481950003,36.22348809553085
33.37837124759088,30.641581181116532,36.30553823207909,29.392800541999634,36.33641338227199
33.227914755197446,30.61662406407478,36.30223439425447,29.433278423575885,36.70477397376602
33.296541340340355,30.26050097632619,36.46814763897125,29.641097685338398,36.683792714973485
33.041558218242145,30.312859372112943,36.40072849079864,29.74734611915733,36.87774779726094
32.84786346146124,30.47512410917862,36.39156318096261,29.83629106018893,36.74148630152023
32.69881695278983,30.523532654281908,36.433369123852394,29.871975001014274,36.96313619369615
32.65801236239639,30.53681320341217,36.20332714637647,29.720949642161656,36.804952847622836
32.78852250138441,30.382897700274125,36.19400078833708,29.536048754146044,36.67241499226403
32.96876369708399,30.34769827694955,36.46747430070784,29.42559839594379,36.566552719682385
33.165420399469156,30.618540488447707,36.54250497872389,29.647472824414695,36.626462915914864
33.05900778633327,30.541615742078775,36.4732815181361,29.452476064849634,36.42963030527535
33.004850867331925,30.46249521357848,36.46220027380541,29.76488338377664,36.45626559896321
32.75863807342604,30.648358075708966,36.359349396065845,29.741180113064743,36.32796620220864
32.67500076818346,30.583167890662175,36.32024831454986,29.648781480899782,36.32306772929722
32.79333783203501,30.742512586363834,36.33019897492214,29.63561743968481,36.021120486918676
32.940693336227156,30.60084790450219,36.26144339514264,29.662887319425774,36.103396712095616
33.03567618718612,30.660054920512984,36.384029328369365,29.65419056490132,36.09376548612983
32.571598493271786,30.388672069119004,36.45546043539323,29.710402929495164,36.004431641825185
32.828761937128505,30.464483600519653,36.59479371970669,29.538409347397387,36.16597676210332
32.64544394765918,30.471871150389234,36.34715291997618,29.680175102226872,36.17164900870619
32.58565849729961,30.468421686951757,36.54107124103187,29.40259889731472,35.93114229190932
32.806743699308534,30.449487807323564,36.362474577389854,29.354073915374826,36.04135995263353
32.608489860461276,30.280877246548886,36.29305339572524,29.511808595689743,36.11480803400947
32.35129211158201,30.44605691360593,36.39798944835033,29.44596711326285,36.34332403444329
32.08411244709929,30.47136655645485,36.52620147055304,29.13585799095981,36.419237731120745
32.188753418215256,30.287201168742342,36.62768068271189,29.36784570146256,36.4785755559477
32.19007643077284,30.449877948550863,36.536835474337074,29.084222474299697,36.438652213201685
32.31391650844821,30.550339626632102,36.52407987405681,28.85983613742683,36.51598924488045
32.04304960177546,30.45422111344428,36.538831510930855,28.829961632029068,36.71734207262524
32.246085583259266,30.449254673922198,36.59530156988136,29.003506090466935,36.70983334903743
32.31614997185361,30.64281909314083,36.37576482913306,29.00301036788024,36.67050759431966
32.501307423742574,30.501948083954325,36.46022538796009,29.214554180543,36.65908796067855
32.42317137887641,30.443155216451434,36.611520727085804,29.162575979314884,36.84958981345752
32.50213598557449,30.363907323710315,36.53995837651364,28.899840221232076,36.94914993873998
32.69816571006262,30.750489559430516,36.506153545578925,29.020754843472506,37.00315840587517
32.6982161836871,30.831564541906317,36.63768048552008,28.86567074264817,37.02147758826309
32.511734572881124,30.708365081564253,36.585964269572074,29.006166315148445,37.10463582337467
32.21521472120876,30.96490777055022,36.89187966765663,29.09293075261826,37.09467220261871
32.45879405401744,30.897423378101948,36.50181749422347,29.150820486224884,37.00080823839703
32.471224164746125,31.06305209137971,36.581834098792534,28.798143777893294,37.03103966473608
32.177650662668555,30.90709267175685,36.43192564559092,28.85240818967161,37.046232530282936
32.29853082964768,31.102949857335087,36.08237181006903,28.796705635029365,36.89682579059627
32.177054064387555,30.889006663986684,36.204093918746544,29.128653385740108,36.793131483902116
32.100973264077254,30.954366061108434,35.90475852391575,29.05931899363173,36.71055191951513
32.31522684881369,30.868879144369693,36.259970974579936,28.8875832821692,36.838048383145455
32.27077125495216,30.747187390950774,36.405621857610804,28.707785484156673,36.716295128511184
32.37739941673421,30.720746942790083,36.791885211449575,28.556667608693655,36.74240705442649
32.50566101348062,30.874441596655128,36.673003622780286,28.687682458283845,36.72901700621247
32.372779582747754,30.845073968176518,36.77693116053904,28.676609569876945,36.77427321939578
32.47498353663699,30.769251531984043,36.78271866886579,28.59598391889665,36.860315388442494
32.56773348514957,30.635738083952255,36.740596094957674,28.481405696714607,36.77536697197683
32.87307371574757,30.69185507256423,36.434253186825956,28.53881228420619,36.74206641726649
32.983442294294754,30.622639823368303,36.475888542294165,28.68250753406121,36.64735486046323
32.894544507288636,30.57633565823633,36.51788492647099,28.46521709119358,36.619774054976
32.97182990926939,30.650887736504558,36.404832761182796,28.674188900385282,36.64642163465527
32.91375216932568,30.39177974842308,36.28819099461128,28.8882811196599,36.62327830605733
33.008391777175575,30.396551638281032,36.47271954089551,29.031641189699908,36.70349711061175
33.21094021779823,30.302103553961683,36.45078806525255,28.83750708312393,36.78892824493948
33.19456393987089,30.344507399367973,36.51712964257603,28.80494549199903,36.93085757019392
33.32529134126526,30.16314954031273,36.34462652537796,28.90413782532695,37.02662764045213
33.38620855119897,30.231949011281316,36.59789785823646,29.080799083135954,36.787235008258676
33.25226407088316,30.534788638253005,36.70827428609977,28.86934381918784,36.709420451654665
32.87074267611372,30.579881232853698,36.569398342457724,29.08481928723159,36.692246913810116
32.98829852182294,30.51725667323148,36.56793091704702,29.25645309350683,36.69173926312433
33.01270097794025,30.680200825019465,36.5044316263136,29.270776913326564,36.785000826108956
32.71318042226188,30.65095688105661,36.800035434815285,29.170139412607046,36.861183193236215
33.003868900182866,30.471668368415234,36.650259139961285,28.86508959226583,36.69735967077171
33.09573069637539,30.704246980074235,36.62374103962619,28.815940835687844,36.87257857528956
32.85854115510002,30.61529247893316,36.26822473227723,28.837058401757172,36.80942874036951
32.95246675688247,30.63984394084156,36.202155846107,28.8701670893954,36.97290499953882
32.981571788296705,30.867618785322918,36.465956964595804,29.157148038074087,37.04578306221139
33.17501459422842,30.713736498517186,36.09751098865226,28.831850717238208,36.868801869213755
33.348743059823846,30.5985959758718,36.151816565427545,28.975672195894656,36.80200957414243
33.437217152500345,30.758382378285464,36.23721640343532,28.954783784124967,36.92560815472685
33.445551011119726,30.643946308966257,36.137129997017276,28.856658669997934,36.85876242774255
33.43385254391612,30.665199679125774,36.142548028789044,28.783526518446354,37.09823034880309
33.289585075913514,30.744815721997107,36.196628442126304,28.618967701900328,37.034327005109596
33.40609668425687,30.581199051506783,36.13709394103462,28.60275755302152,36.90265440275918
33.37769682892066,30.511332851115395,36.29631515815,28.45041649344056,36.65008157988954
33.60599601094563,30.630687782454714,36.43781747240831,28.455313404359345,36.736901117323626
33.52302234604576,30.750325652208385,36.37616054912498,28.453855685692666,36.649064479503984
33.507654889651384,30.68875037865331,36.151533412553064,28.799511113755162,36.75876936275643
33.47960233538467,30.81513277594284,36.24678299809177,28.875692405414163,36.75977118403567
33.75698718843587,30.795793489675532,36.25297754266619,29.31430833184027,36.81666773772433
34.197112284314066,30.844361446343406,36.29835194282858,28.991394504172288,36.62156982035362
34.08185729424455,30.73395144227084,36.38049812519525,28.586112758632513,36.698005563077515
34.01311521269979,30.752349047598713,36.29042176118382,28.513987425395346,36.49679158197175
33.9463201897401,30.64305706478252,36.32489315985772,28.722104774832143,36.35005426032904
33.77932169841402,30.633867142909363,36.191035030775616,28.51789641161919,36.5042968511346
34.055127258332035,30.672289609114195,36.35544459647768,28.603785860122596,36.354459937808976
33.940476848516404,30.589732382505147,36.08102646795506,28.517034337242755,36.592034303678375
33.92117426660121,30.47183486226612,36.372589576362344,28.578435071492798,36.6965045339392
34.014828846775565,30.480426704240163,36.361274768993084,28.692825020564197,36.520454270875184
33.94554034764285,30.536954877918447,36.471706729577996,29.01431325603083,36.607589748687914
34.20346793254621,30.71167123704772,36.38942593568122,29.16542057351233,36.49823988445318
34.172907513512776,30.68952159662592,36.32209274399321,28.934894232853832,36.44334307456248
34.35064070839971,30.808836108488993,36.44187596704312,29.18109287368211,36.38247678956048
34.16705607491672,31.00682087448704,36.515401430975956,29.10048429206999,36.62949138969778
34.297756205255645,30.834179332286457,36.45822485300017,29.0097408452494,36.717644647817075
34.20966948742225,30.705670234381657,36.606908458776125,28.895151908851695,36.85974465138151
34.1239443827267,30.56631006607632,36.733685410346126,28.916790947309018,36.91398555493319
33.92786757899378,30.654010717035472,36.62834573804534,28.873082957723458,36.76634475890517
33.715976103475455,30.50021191597199,36.746480437766806,28.98887410050212,36.74721322424922
33.706360388050356,30.624588156385617,36.75471204799782,29.19933392371198,36.612412889123675
33.590855893844214,30.84319350849433,36.62912806182066,29.00721503362239,36.559181374544686
33.47721831567647,30.811091540169144,36.424715928532784,28.960133862177805,36.49031004215264
33.66418630516488,30.90675210972481,36.547112937838754,28.83232643246665,36.5780813089355
33.76528213476948,30.7251120499501,36.35867805301206,29.065544310413934,36.33003525141932
33.65013593419052,30.794666157926915,36.482654914963135,29.084271019592887,36.44840239304266
33.91831606114249,30.63136673058076,36.66102092741321,29.012542957357955,36.50778660676924
34.12047678485756,30.55820846827178,36.70048576782128,29.118058603932113,36.32678587826482
34.03020345129421,30.58294742620893,36.766622554533235,28.95864812476656,36.216942177475104
33.976851839132486,30.65100584348965,36.412089122129515,29.027535557748067,36.03604792691732
33.85738684996059,30.56611714683394,36.55761057646853,29.06234834782865,35.97661738437949
33.898748610788516,30.59749381527349,36.38139477086483,29.105002249915003,35.917975762105094
34.03065592806482,30.747775223208514,36.15223331958824,29.035134611701707,35.82439910554829
33.91987781178922,30.79295907414299,36.31150588394234,29.09284104458622,35.73693509607759
33.929829365675964,30.747597938261478,36.39024955257263,29.197266052917197,35.637999382895096
34.144175887166114,30.609611770878963,36.42299580500186,29.273735960291056,35.80623139915015
34.142519941456385,30.5046628393882,36.6428897769089,29.34437162453615,35.751143681966816
33.94371108164381,30.49969985586712,36.5292244323201,29.26060656906175,35.86069688479712
33.455676592929734,30.366257662899443,36.635046843839525,29.195090590432184,35.988148696347736
33.537541487798364,30.312852198781417,36.492728427054615,29.141169590046104,36.043370499947606
33.71507005514365,30.34912511062556,36.41654720041164,29.150880006430093,35.82595494778863
33.91850829242259,30.34268478309378,36.30980960885179,29.159983690711094,35.99676603628526
33.90247313402205,30.428165307995535,36.25200514445098,29.285341277793574,35.78012612183871
33.868462607226746,30.378086052894343,36.28766938911146,29.296364707943336,35.811888339972015
33.51883776654488,30.51693774751053,36.191415126383546,29.30256311550078,36.06504869020517
34.032882168347804,30.49157575317314,36.32269723392739,29.06251770310639,36.22956224924873
33.95434059673545,30.520996035387764,36.218259048314266,28.898640689403354,36.061075637494305
34.01517470923803,30.61988721731948,36.31908281308891,28.716918829077414,36.116845804194014
33.83307406499679,30.834512940731763,36.31640163326287,28.769823568111665,36.13285205765827
34.205055208174755,30.84566630720383,36.56508663725389,28.659980475865694,36.161713624251654
34.14954438647004,30.733675325728388,36.51193088227076,28.59206978535162,36.18521258446684
34.30592944103019,30.806225095807488,36.413104810184116,28.633200001033547,36.01500508110811
34.16662541860466,30.84743090425302,36.59328772278589,29.00070139866804,35.98068535616487
34.23331145170247,30.94102985772881,36.474969984846766,29.218034360584657,35.762150937455175
34.190658258866044,30.786040512840714,36.237712594925185,29.374872659563355,35.745593941498036
34.01566548360693,30.855569675018636,36.336898186292395,29.33130001794612,35.69930347059201
34.11440041166807,30.895245347734377,36.4486003458839,29.592952247979422,35.726269685230605
34.16226375400015,30.97729360825795,36.581391395910046,29.552613863720644,35.571450462272715
34.24531311617507,30.85576499089448,36.465046898771966,29.673882943070957,35.50117944412465
34.26827662974024,30.96059927980824,36.68344457040454,29.641169197798376,35.49997299316536
34.34661257640338,30.908965991033103,36.452146799470036,29.604590407993374,35.46700780027485
34.48590797475911,30.932276127585155,36.29210399579866,29.95471929276989,35.583702016163755
34.30884048536129,30.885853303806357,36.37452613897594,30.160969540718277,35.505840681645346
34.244454860228444,30.897942141700742,36.354071398553586,30.101439160504075,35.69532520819584
33.92635866100726,30.924940211475885,36.75707571779136,30.146149941752107,35.66647032457346
33.782113921377686,31.071088619318758,36.767110408582276,30.104062430270634,35.65692695875462
33.664116337504296,31.176288850424275,36.7377182028889,29.846202678001298,35.51323557697806
33.70317065757054,31.19866775948477,36.80273314943699,29.570112458077272,35.66947753983491
33.70655596029244,31.133604546087906,36.662720648289046,29.46750274248404,35.53672354044723
34.05733961858772,31.034460358488086,36.95327976330854,29.454974399476995,35.4009192050867
34.04443299050368,30.87653730286108,36.97289787855634,29.50990531739253,35.489705871544096
34.40187185878536,31.02789604984386,37.0882732694244,29.587082757095054,35.60846984786763
34.44414695258491,30.96696541448039,37.022661164030986,29.770789633149636,35.7371328398031
34.458648859367436,31.114974607456293,36.75907731974456,29.865965519439317,35.73746998333264
34.36780181446967,31.01982363566374,36.92059704389171,29.920716001822147,35.82910982654893
34.52803561998634,31.01641448429773,37.09177862653143,29.977597731185284,35.97866906763829
34.77870082390731,31.214097277928104,37.085351157080154,29.967935839437704,35.92774112680337
34.582996105669295,31.02013168772392,36.74985732372717,29.741356902397996,35.980542424550386
34.7671271028368,30.833282084215178,36.845083370447476,29.486130403445532,35.91820341215507
34.78355004871188,30.86460862153292,36.89341208749294,29.647082132192647,35.98600637672697
34.743712983081046,30.79625414638777,36.76717508821554,29.488207917069644,36.14447281183672
34.874760250270306,30.890470539016892,36.79785797019304,29.317222924636127,35.958590089124485
34.8442425010455,30.792306285645648,36.64847212242335,29.42133643849464,35.88368158725573
34.661493067699574,30.8724757058497,36.8609697699918,29.405793640509568,35.972049065494204
34.65722032752347,30.762287970350073,36.86980790658168,29.492175138489383,36.04437597328992
34.65284240705877,30.706850778864972,37.06580688449098,29.011187998131263,35.936737251684846
34.69626282588652,30.858711059867748,36.750417678539684,29.0839113560795,35.83942507531869
34.6070202900589,30.749664627430523,36.704633573501276,29.285928617895397,35.82154496633703
34.644964451072404,30.532909687007773,36.63046795729517,29.474217329755096,35.831592666943365
34.7779311769665,30.694064032214346,36.503962298208435,29.471645316346716,35.99037916901839
34.88211117720541,30.885522565793472,36.29629051469996,29.46981452575881,36.0251209551438
34.9889073200533,30.65904631943346,36.707756496323555,29.417642106964372,35.86934974687423
35.05374031647362,30.637671597228366,36.484858632932806,29.716190831450866,35.93334081100587
34.90395107638093,30.804137279834517,36.38548046314758,29.880111403267204,35.9922959634195
35.22034066947641,31.050986092458043,36.499299735175946,29.98726117380156,35.76083846989054
35.08805892793364,31.037082683473766,36.634019631069236,29.904416335699857,35.43811124290819
34.74152923953765,30.82161409841142,36.6208562812636,29.747477011110252,35.49171034103751
34.71323043623579,31.053825407558804,36.59176856054424,30.18767595768971,35.57073426097047
34.720255761004715,31.11865100390645,36.57632261547091,30.04835595813603,35.58246267616085
34.803600042646046,31.285242229168613,36.650530470249414,29.869479965421604,35.64616636749633
34.72308015820347,31.17758647272534,36.36467093625388,29.662903735814627,35.904966706485716
34.64926721547777,31.298827210443516,36.56984967436699,29.67066655193969,35.868276323688555
34.46317932712245,31.123361022710608,36.832079665792214,29.566615241009018,35.690537856046284
34.31596982636336,31.140632056436743,36.90795855178572,29.59390171457659,35.67497584735565
34.57011411019726,31.365236565917563,36.88767980107651,29.475560849860234,35.626554608809315
34.38946286428794,31.21006531389615,36.77576865295167,29.458480575605616,35.40737510157332
34.316037888995574,31.390733355366244,36.669529966835796,29.45829840633799,35.417670507761635
34.472849775321606,31.35026252866091,36.53201216450334,29.497642518178715,35.40265944809257
34.528542813870274,31.238969235366795,36.51666018553358,29.816263403962598,35.67153345287264
34.688346674382686,31.281547575277266,36.62537086181051,29.963301125197823,35.73810860451159
34.399820453953446,31.190920693901276,36.61495016138473,29.759292119129288,35.754652609696606
34.3373454120877,31.16629005384117,36.4503886080477,29.78144344542501,35.61254117232711
34.42501216370324,31.31909330770574,36.26693536991967,29.716615834754204,35.57944266844854
34.462802773902524,31.335432712317907,36.272805251821296,30.055551090676815,35.49109343548628
34.53779393969249,31.2071909510022,36.2213932624826,29.934865136895922,35.74787538091405
34.42118494150249,31.309393327406614,36.14926658333556,29.843738416500653,35.34036249179656
34.720033453282426,31.338021005582892,36.453576426886144,29.952873279046344,35.54709504684223
34.59230645311136,31.344707648339874,36.529352958677386,30.37494812105505,35.43442169061709
34.4598801774834,31.272919330653693,36.51733749184383,30.185101583457328,35.330416542034
33.97256551896924,31.119472224032712,36.361750377859835,30.17924450251047,35.29241855900792
34.23307429217125,31.135702479290753,36.340893029014694,29.93668746085393,35.135829770606264
34.12999100940023,31.062342349821805,36.29625636353485,29.929368400506064,35.06618661282606
34.36890494491626,31.269928045634817,36.12940322260716,29.897711878111373,35.08377862379744
34.46228222883177,31.174271266733573,36.01294790336075,30.010576869618557,35.25675468159803
34.53523494608438,31.21882630431746,36.173627800325455,29.708505340211442,35.1627313758792
34.73703926638116,31.313921060151255,36.176894597387054,29.703398816115847,35.35423920359963
35.09769602238261,31.151115123491905,36.46521194550834,29.676212032828452,35.3257835374064
34.92870817081378,31.108216475174856,36.25468077434613,29.81053762040961,35.25869351541099
34.8430853182536,31.277710943548072,36.39495419047812,29.82496085191319,35.2883926061804
34.8152411847538,31.26139557714881,36.60562505218256,29.67641389173214,35.37562088685709
35.0764783207248,31.38575196175184,36.8861231924824,29.998401389312587,35.51128545261246
35.043244287999016,31.342366137092164,36.76522165404984,30.090716454641697,35.48767009122931
35.03095128114056,31.38016605612167,37.005379637279795,30.377635643082566,35.49996446462113
34.81977199334494,31.463435507300026,36.9197643781484,30.159481377456874,35.45483482449294
34.73884784819559,31.2012749075851,36.92775237195559,29.928178071225755,35.46487932705904
34.59897094979128,31.29234978043934,37.15535036585302,29.73816969264347,35.66435359680317
34.64944568925149,31.32704610253182,37.02513088112947,29.95282496195173,35.64678901878999
34.50276884462146,31.492233826415767,37.05469371948011,29.827219487667172,35.66176221630717
34.264431766030036,31.341904615561962,37.05295558739208,30.145855589367883,35.699764146753395
34.144798307681654,31.430304089712095,36.68240069342738,30.25723146875903,35.73226743888491
34.30920104414431,31.380142471351743,36.671150724827534,30.2760045610138,35.73379112727707
34.182552274187614,31.167844369597002,36.57811039393195,30.38562845789829,35.84147433414903
34.441754366751006,31.146186119869682,36.62121232409355,30.159434165522168,35.82163362780677
34.12933737832954,30.861546190977283,36.804458514453245,30.290841570109865,35.76251688028658
34.08684584979484,31.20502278178042,36.71529898789985,30.345424557429375,35.65675086692212
33.87217304590601,31.26304507141948,36.65162847934014,30.040852844177774,35.740717007437226
34.18020229995911,31.182681249966404,36.59516424549501,30.055856373646947,35.80154677669853
34.215021060677905,31.21389232534944,36.36773159974009,29.779991699844047,35.90396009864734
34.44276311082975,31.195696162511215,36.501406057486825,29.850212986408525,35.87789794258759
34.6644558866056,31.195926024100405,36.68912241601931,29.850421030521698,35.83980646100154
34.76811881248415,31.234776077582392,36.40013975196059,29.822007969685842,36.15898811260949
34.48079536646947,31.192651957830453,36.409057077934804,29.60254940663628,36.139295079239396
34.6956664229489,31.115135578390433,36.4506717431737,29.947164158138694,35.98446016048265
34.6675548891778,31.312520771290735,36.366034110853676,30.20119343679843,35.934207059891946
34.713368908763286,31.478746686096102,36.16885285441091,29.91645933280051,36.22285736213303
34.531128676152875,31.28194520877065,36.149831941100246,29.679584885973284,36.34678353735472
34.49087739989663,31.300051334246664,36.224717194366214,29.654102472799224,36.462343456920046
34.40526473961028,31.37810262524806,36.39250443222237,29.696550662725603,36.30347740538673
34.76280989426615,31.324443970944902,36.220296527648166,30.145077242001467,36.19313006708876
34.421724782834126,31.417574796591037,36.243550557942214,30.457975359765996,36.15836867641181
34.40425109644811,31.333889418576156,36.28182185262795,30.652426455840494,36.06298154140179
34.492377851699956,31.262041842003228,35.954693885014365,30.621409704922698,36.280878385467666
34.42347484122039,31.161864737751902,35.85388635704412,30.73388971395578,36.36653076776093
34.44080582143733,31.067744289141142,36.07127471440175,30.723714624816992,36.21649814460893
34.37090503290227,31.08887243517397,35.97809840911022,30.72416767873979,36.32214518550083
34.68935833335421,31.06802424771225,35.92661079584604,30.804441176068696,36.18414864285721
34.44306903557594,31.121412558529972,35.996734472184315,30.83682908832603,36.26929233121886
34.4311960136116,31.183868673027927,35.965387978173936,30.745652896420378,36.399829277704626
34.62155094005842,31.013594688153706,36.24538817669887,31.029972906784348,36.29028321304531
34.374473527061824,30.981932632223465,36.19309686616632,30.88849187304145,36.44315813280736
34.070725619114725,30.942233777032055,36.2406160024689,31.036736602151123,36.44738101578672
34.216448596249954,31.104911208040484,36.166987976357866,30.865439680462217,36.48747234483935
34.21660387677841,30.999041699214153,35.94486942719969,30.644489391916572,36.4324934870626
34.58731026939602,31.13605434169556,35.76552314949509,30.50083218413461,36.490244016808866
34.48851733951195,31.091284565650593,35.97689311887108,30.65300458708832,36.485295103902246
34.27502258871938,31.053590573702593,36.28198648439133,30.462997761569444,36.54712362376326
34.11558614599023,30.987716589081955,36.32531075339977,30.33228564078666,36.50442210259395
34.33842605469883,31.21644790395006,36.24657361960663,30.50292785089913,36.45636704244357
34.041009459137136,31.13493392899805,36.053031412379354,30.412432539012773,36.52310535049507
33.94051591413259,31.220955409047374,35.978511581171375,30.50581772526869,36.41032026328887
34.23303031021981,31.114598533457684,36.21317156628456,30.529109036252862,36.53147744347095
34.15712675802593,31.085004988176188,36.20387513235393,30.812774954394605,36.486689147322636
34.22463729347854,31.04863241663262,36.149141857514415,31.21761020265527,36.52458967132961
34.383566111492534,31.019087987723562,36.20878352278754,30.889392049130286,36.69723203058993
34.210101655177695,31.203579029147907,36.01175089635305,30.910465204190967,36.65254860068347
34.196406620213054,31.04806740619631,35.735004869244015,30.943106038685535,36.65355299787906
34.21928587593393,31.12609762410471,35.84081345033424,30.947449029221413,36.578730051551666
34.125193847105635,30.867704340121648,36.04345777809259,30.93609240439791,36.41832790922027
33.841291306309934,31.28842982989678,35.94454069715363,31.00124924900747,36.47764789552497
33.715463727984954,31.33068893334809,35.932572255513165,30.845494948772007,36.75220170411152
33.64136227110143,31.316083385664726,36.07774623637193,30.756678853447216,36.733782777223354
33.543694739233125,31.392241125657257,36.24380838537605,30.937534298951217,37.184678782961534
33.72685160952391,31.58660335597029,35.750720271934135,30.54252089686671,36.98463230139196
33.78245137692332,31.689757658447334,35.748101044771396,30.745460907884247,36.793590921200234
33.67610443685947,31.61813354447348,35.900517958052575,30.4455648229969,36.680511523173536
33.69380047403083,31.630359432028246,35.51594166195588,30.30882179027143,36.61704860364835
33.929768014502564,31.50287352724932,35.70951133037812,30.39441957073858,36.49478672177235
33.995871411345476,31.750711883617058,35.51857578638531,30.29589172371577,36.48089323590806
34.01882637669225,31.488452014138815,35.604056352152725,30.41308742921435,36.36353432232907
34.373251225336645,31.474099333083114,35.78687129149212,30.258779618945248,36.607409096912825
34.770320521554936,31.311721534080583,35.54298769480478,30.30255811396899,36.72184755065195
34.80787646041432,31.34950988038777,35.67229193895698,30.541846255367634,36.73916619735587
34.85317527637094,31.286326726455147,35.5005665032525,30.517966456242537,36.47327729054279
34.56081629251315,31.29400018670716,35.71179922537192,30.3941822354718,36.51707531874882
34.59689874582689,31.13477761269344,35.84606497602731,30.311849757124094,36.61962752596417
34.64186220456769,31.29646299686927,35.73255124170973,30.285826165760678,36.473036626179315
34.4608916800119,31.402029700571543,35.828214113270874,30.4950866132763,36.59905250107837
34.25738531265053,31.475759655959706,35.92857006572267,30.27835507080169,36.54937166141334
34.25515465508076,31.664744549446024,35.7284146561496,30.338980056120555,36.55901036466858
34.10652256691098,31.721180441319714,35.82327165180466,30.17023660747522,36.5777220059126
34.13808395046607,31.55195989575428,35.79753531634591,30.04434888655267,36.67869902125285
34.142675829541254,31.61045758495176,35.723739807488975,29.989530383426217,36.695607760710054
34.21350837336647,31.536162878240457,36.06971024740544,29.935473793804977,36.61951268872305
34.11682799325478,31.45341969283917,35.9474755341881,30.33808718381362,36.688010827643986
34.01037871376436,31.409324748179074,35.94714607855562,30.4306184967314,36.69678615216722
34.08728446174254,31.457733095797433,36.02732603559841,30.37375373507298,36.639008563437706
34.00260393192329,31.701687315999465,36.00529428177132,30.28518393144226,36.6848125359008
33.98435133832023,32.07248443921357,35.70796513153724,30.404832855447445,36.780542933006814
33.9725254431977,31.919774088969795,35.82856387419045,30.284398291889957,36.74188163604764
33.84394708196399,31.98386701568998,35.9835802941379,30.552157108305202,36.67222969843651
33.866876675153904,31.80038251710917,36.024556724003844,30.42755094011093,36.81387540625306
33.90078383158166,31.976619763035114,36.40262458309509,30.383315908952216,36.73663363188019
33.99944947175703,31.738680770755373,36.20871149435927,30.35711144860187,36.900767771205956
34.10431165999161,31.667430265206765,36.35834519983548,30.251860299447152,36.89522728630927
34.049958495227926,31.594080616451304,36.076248481582354,29.958579535688262,36.83364568524137
34.275443768354236,31.48014231605983,36.30182554606079,29.847702351064964,36.94213357281277
34.26676462798781,31.48885752928039,36.40709316767917,29.86602358846962,36.96808254291806
34.21007319697747,31.485618483527723,36.347073963989835,29.771530592927906,36.99926472073307
34.15663932390655,31.61478784338233,36.57894163990862,29.789661854161977,36.93292037977152
34.28211480010683,31.64366088757888,36.76779883843007,29.773524565446877,36.66047287816832
34.08465980319979,31.740194584298823,36.79679533778935,29.824344097004023,36.936009083784256
34.19657336121903,31.709838054202905,36.54057709421384,29.711223296613294,36.888187232783174
34.26417590190614,31.59449769338286,36.618731579097606,29.773442457307358,36.68975563462617
34.46771815025675,31.66549757122744,36.630807303260916,29.81802195214345,36.744101147396115
34.607312411900615,31.847714610651366,36.45079282453129,30.074291418575932,36.7642665306258
34.643497467064556,31.857051065502414,36.4024989187253,29.94769679246746,36.73334016377545
34.8010691677551,31.70699540018725,36.43577456275077,29.898442979205793,36.57537287682603
34.56682697001402,31.518518105237256,36.401462973655725,29.710623652430506,36.65265456586106
34.49146359967029,31.613861046668987,36.46176122705727,29.554631973428926,36.70767741761735
34.232786867739534,31.519378820306077,36.27859383477898,29.76130225485033,36.42035753479639
34.481600106479604,31.38347936999324,36.378706884749995,29.773519729732016,36.66616250919622
34.51744090699413,31.262358978473298,36.44485702808051,29.891335481173005,36.63228284697617
34.68802968016923,31.259340985711617,36.55556464439383,29.745884484037,36.75818463107159
34.73284640661201,31.152785408533173,36.48272065860789,29.681035016858942,36.84099778382524
34.68473248942086,31.242653859552558,36.54390681201785,29.83862826281497,36.547867252273704
34.98564448084628,31.321515762000082,36.52728187265206,29.740463116462884,36.59976356426768
35.12567449831059,31.29966845021491,36.56552104839726,29.724151388910187,36.59841657741409
34.926358978509995,31.339217688946984,36.695126388164084,29.911307442994016,36.45372269197079
34.7263196944451,31.57213316504021,36.62778949217937,29.922814218477328,36.533898867890535
34.908784226013786,31.516854293891488,36.52563042908561,30.141249174801864,36.569215013409206
34.64414335507556,31.34840377582933,36.49926809605933,29.91224365905319,36.480669117164624
34.50033687640606,31.29225138857198,36.535199433202706,30.0439565778094,36.40792793737116
34.49160396255682,31.398449294522223,36.53417107794503,30.033978309666182,36.482346534633066
34.52466319540282,31.338062851753836,36.472111575827114,29.872381674948592,36.632918568495555
34.510489680586744,31.27861642573046,36.545476852779956,29.724261476547753,36.793035096202324
34.72503239150306,31.270416759302538,36.26271672091719,29.917957102975038,36.546376702828645
34.79304072719258,31.408688613027405,36.45702783752403,29.796737882605736,36.51697509350929
34.73122600109986,31.191839166707236,36.32624964215836,29.66439092460657,36.54281129945306
34.75672589629899,31.14253286462802,36.43783127189279,29.73518623573641,36.425684909922836
34.82822004919305,31.099781438773363,36.22370150223885,29.831040218716005,36.33592693231638
34.744762449835015,31.27200923420884,36.2350647104914,29.475495308634414,36.21971408551662
34.739204452274144,31.284773842828884,36.12611509097054,29.646031097556715,36.125055526052094
34.39462123871933,31.330559315562326,36.162058495498336,29.699464503748583,35.99884929263813
34.5179633285588,31.388452030002945,36.33376220685667,29.805424757426366,35.802139326779994
34.07363102035547,31.44436707048886,36.21952863817762,29.948827731741474,35.94205579463372
34.32173828820579,31.25113887704723,36.49585702914996,29.93871342916479,36.1067241289795
34.23962373411028,31.34989491262164,36.83143942197142,29.948744636558082,36.027728536773864
34.32483581615954,31.300921723852397,36.83865773396986,29.91086769506403,36.06384602025982
34.39269195040378,31.36569241557801,36.62511896940744,29.889259882952057,36.103921756154726
34.46784463909709,31.10380071212024,36.695012017387704,29.866460091774883,36.060162156802235
34.41620846682984,31.1198921141012,36.76525158735772,29.990314816868192,35.99246343533742
34.55192723573285,30.960148736311094,36.593727809215366,29.818111685453164,35.70719294234076
34.46307108538899,31.029188875830222,36.75093141501675,30.036500945629843,35.72433259348541
34.38603325568563,31.20461872491133,36.58382991110551,29.895768483231993,35.85976421101566
34.4904409254214,31.11443745020378,36.42664674452889,29.954573016343872,36.039726082047466
34.34439981917126,30.999416585466975,36.46102168510225,29.940647181790766,35.71629458393024
34.40592764107337,31.08665196621221,36.48035803220022,30.00452757647947,36.01739633187132
34.563749727252926,31.08357412078901,36.73600852656632,30.042034313970127,35.81663208472368
34.328159857316535,31.088583855133432,36.83426862338685,30.018565799166325,35.85353622674913
34.15515957923859,31.012976064172666,36.6896144247713,30.05450581166896,35.86302821004026
34.3007444181955,30.85984472541068,36.70844145566823,29.906193334825367,35.64705003541802
34.18146351250932,30.87720162500069,36.637335762747874,30.294368923773394,35.83522552870259
34.193585563888334,30.857809293545895,36.46102622963028,30.465701810486067,35.75674070998094
34.00384055566753,30.876342406527076,36.634781661460465,29.999267927516932,35.89576936186921
34.129620715003504,30.79828570300013,36.707119518764394,30.074052181525193,36.00192356952499
34.06496611172923,30.97617963673098,36.51200335299502,30.023933451816855,35.939393306700715
34.09000060110547,30.961545834752297,36.780573573823645,29.91607970699956,36.117270356869646
34.01306514993279,31.008991853975733,36.733750114017866,30.077307746903912,36.004292072658195
34.09421485672185,31.0665079945942,36.521657482641125,30.23915062977621,35.97604324891508
34.27884374847646,30.98720780240023,36.6368277862305,30.224618268350454,36.01184257873978
34.034464916086776,31.049846119288006,36.52756298302703,30.242150323161034,36.10203924604155
33.92987046499747,31.249751126808732,36.4379131728236,30.187153916972417,36.30134535701593
34.09208715562349,31.263195719557256,36.28021516285935,30.44897077240032,36.27793781702653
34.24720502415938,31.234249433452263,36.32032048602206,30.519893075356567,36.16105038100662
34.036125216638,31.086682257830947,36.41174604211013,30.443593772859188,36.22885756963182
33.39935029170904,31.106098723528714,36.29956831936731,30.588787266921905,36.25213352746356
33.46123734045453,31.12396799198617,36.39207355085302,30.617433623056034,36.118252398663486
33.660018519270054,31.479570444266557,36.525536634723885,30.887717087227376,36.30157330126196
33.76978163434594,31.68213683107296,36.679108934136366,30.653743025674675,36.41692623979939
33.604946522115156,31.541426551325866,36.77034530592073,30.531471518901846,36.34254448356882
33.446092020467965,31.55215089608206,36.80097417735153,30.432781814192527,36.37731387858034
33.60960161706475,31.565896824353896,36.777752991439606,30.32114346343197,36.3258160414103
33.5689150689894,31.61912868960975,36.686098479313436,30.440205350372395,36.46676739599191
33.62696492796299,31.508241194299455,36.566630007660244,30.41696006313625,36.38640036063033
33.6844306061436,31.74068961407335,36.50104747661201,30.707601561004438,36.53037400535219
33.63737959804864,31.734684464464085,36.49848454924938,30.67901457049935,36.40833641892126
33.43917174197805,31.721891122905518,36.66198027456145,30.447390383304853,36.285626837518606
33.50770434609708,31.263059084862384,36.57751129520284,30.491609171211575,36.563699335728835
33.616123842236,31.203446595767282,36.77309903869435,30.649648690103426,36.3899879735376
33.54368838081764,31.345568992897498,36.6370908158226,30.591343881709033,36.40972369647153
33.3641194906478,31.459544645152807,36.777516293599646,30.642623043983217,36.38240525287671
33.16037068702548,31.363385650288166,36.86773913897307,30.79442438113369,36.42131641141944
33.176524090810716,31.10603678524602,36.75557743306831,30.55297754600259,36.51855984407771
33.18175357663557,31.265265100322683,36.73768469150382,30.605052514961955,36.297330141563116
33.12743324021637,31.133523797949227,36.73593803261324,30.61099690560934,36.068451941887766
33.18602885995656,31.305472038527334,36.81391043246528,30.769109941752358,36.16731431960194
32.863749977576475,31.489595236284234,36.860909067572074,30.609664866775187,36.16208819026333
32.87366825947271,31.22307563948366,36.898707877445275,30.232268053870317,36.25876530841775
32.98614995859411,31.505161125726342,36.55843297754911,30.39122472449499,36.1296614393247
32.686632115349816,31.316808024009212,36.60933362277493,30.5984024593211,36.05013472056325
32.3885858306712,31.446311696895012,36.65482336451392,30.643348409264707,36.176340740055885
32.41191603476689,31.46558333835545,36.36780896893833,30.451521330081835,36.29420266822095
32.430455985441036,31.336783817059743,36.33723009325619,30.463207321017595,36.44999824153947
32.375627258351386,31.524120479624838,36.38085841735473,30.602898696859462,36.23482722029247
32.721313565914684,31.671226025520287,36.37987712689298,30.302527421983473,36.29587812462664
32.68685730092134,31.62607635583974,36.49343943070844,30.521827861265916,36.26141827927849
32.91940476251562,31.507191056309388,36.756269626632815,30.61418629192422,36.13681651218873
32.80565704167229,31.422523235534698,36.547478070804,30.608414860918124,35.96350833553982
33.10231456717829,31.276981375014902,36.517885490266465,30.505988869264844,35.98625859968499
33.28931728936575,31.230540271094423,36.59559332331035,30.661903802983325,36.13141599130418
33.15219821732393,31.048737815345103,36.37048642549204,30.68590022515047,36.132013217523024
33.09046125891786,31.192559078677977,36.37704080045609,30.77441638717095,36.185543522325986
33.1806193111318,31.16620927942605,36.44985000749081,30.45686712321731,36.059624369383094
33.08297313924075,31.153982971893708,36.353774735650084,30.565337219655923,36.06554339670399
33.194060012567085,31.239894510038454,36.31383432500691,30.494685643469026,36.20245837780536
33.41992773319448,31.306413453696752,36.183537469422554,30.52071627544943,36.00812812921038
33.1191848810029,31.312406114739648,36.30776926698188,30.5517302168112,35.89273794132181
33.188985475678905,31.187247296619322,36.563407168768244,30.398347585889688,35.81911628909289
33.30826231856896,31.482123148816942,36.56351158414791,30.300974232639984,35.69382655525772
33.25572463920647,31.399848034178543,36.7811258622892,30.071165490098323,35.77834091581678
32.95736835935105,31.495724140277378,36.5662990545442,29.890561184314656,35.81521468698039
33.2477778054606,31.492839812688278,36.36591651767772,30.038374630141732,35.70711137844819
33.280365002059554,31.504641562617422,36.4131540514185,30.10110887990384,35.695999588421635
33.412766917230265,31.35605989773746,36.57642243505319,30.32909643452394,35.70219818530138
33.65893698874369,31.379110876807,36.4898665306253,29.750175955014765,35.81587598751889
33.382453097778495,31.568047543761764,36.71761663693729,29.57113565826294,35.793956097210696
33.155604765617895,31.670273525090902,36.86372115515729,29.56968778201198,35.820451009443715
33.18088045732212,31.56203139171562,36.77437977377261,29.800171633812646,35.849548085475135
32.755775351875265,31.658129733023475,36.499500743414174,29.52101709045621,35.84385752003675
32.61643609717266,31.78350558982139,36.618191830985886,29.720984016398436,35.827881739601544
32.822078717248694,31.850899613109448,36.465362113877255,29.739216168958812,35.95899426156504
33.103168413887694,31.782116177936107,36.72134982042583,29.866812940801672,36.04076123383588
33.057928237088966,31.831654558736204,36.715251630345975,30.028903213430397,36.1284333064632
33.20616342867567,31.740519958958448,36.778278386546596,30.14034798500573,35.92448839790684
33.12961655768643,31.708397637730883,36.62564209637405,30.156781906645797,35.9218640082807
33.07460945576557,31.7152126614526,36.5618087938015,30.24045107339599,36.040382575512304
33.193856643164374,31.59069516122303,36.46142113481923,30.07999634786922,36.1269681540676
33.162868506364354,31.53617188977867,36.71195254464795,29.989749852043115,35.94951552580093
32.99854623109472,31.558437280451876,36.60540570080811,30.022563541699036,35.97181266104303
33.03988928715822,31.847396714382654,36.46992894827678,29.97823445157132,36.24811814386767
32.82873457353189,31.57423105842774,36.59790824116625,29.91589256585676,36.33254710356318
32.745095424960645,31.555170175825634,36.56998926488375,29.86402436212678,36.420855019155056
32.51875859491036,31.469555618362783,36.613871924928794,30.38268566617153,36.32319919141749
32.5422044898974,31.37893468589418,36.75301647843081,30.390317811581316,36.36347731858458
32.74201869919119,31.33017627210925,36.76488472411454,30.396833253491867,36.49103704466645
32.90901530140557,31.445845084442347,36.81082376379627,30.39662583254933,36.525426347762206
33.03064202655238,31.350515246277883,36.45812981510195,30.602310757247775,36.4063327896115
33.13240957932666,31.197824601068273,36.89677739441738,30.584869231597377,36.465337960468666
32.993938083716486,31.410808752261975,36.872222394505904,30.60148645267948,36.48099959269835
33.03038662530572,31.374671821748873,36.72271881812625,30.728249411213948,36.55495315713896
33.07126861025142,31.512819162927933,36.674493541734456,30.976990025988595,36.3473058342392
33.0811884302214,31.50089378577767,36.711038352465486,30.474022052214316,36.43564805192498
33.205649614772625,31.398911662064705,36.7810403139111,30.457647232314287,36.379485272173405
33.306451047905526,31.527553331047642,36.88555637207649,30.39931970272595,36.576445034130856
33.39503972591242,31.447640425938083,36.69990530639704,30.42947950991843,36.56004603071273
33.21099446500301,31.410496273050178,36.476412771507356,30.505971702321975,36.236702155598074
32.92891684488379,31.428492134277842,36.59393540293432,30.79802434390579,36.236909809044704
33.089965272854236,31.469128772466057,36.92001800630264,30.522039326099026,36.52022432850894
32.97901439079186,31.48803376758974,37.184547741034386,30.6485364432255,36.305044812329434
33.037110878387146,31.438214295484222,37.41148805265771,30.37350831155167,36.12673596809908
33.122219572971375,31.54840540557311,37.31911403893652,30.020040367219583,36.19810455219334
33.10927648348736,31.43613586094324,37.306090663666744,30.42798019770221,36.43373267141505
33.30630926647367,31.45517084274496,37.41651940030689,30.35875372539782,36.45756172344455
33.37732958159355,31.41870408427431,37.59384449014348,30.63669703389749,36.39265608235481
33.109533376478886,31.354030882752998,37.612398788677915,30.69249140710824,36.391674705101636
33.35882592346604,31.38473459635245,37.60917930045827,30.537800473468472,36.22982756174871
33.1995518757899,31.403275863077596,37.545677708631466,30.461633088103724,36.138732544167794
33.28999665520125,31.468390238385393,37.556556336601474,30.502424881712013,36.49123143460933
33.42267365694264,31.56780855013902,37.351622292638574,30.463149109588965,36.256906009715436
33.46350373992831,31.373263369277154,37.773595895329244,30.38581216364223,36.37524747606739
33.543987037736784,31.07542957464983,37.92704995332054,30.48289879271074,36.467384068236406
33.65125848912246,31.103739811578123,37.7126091765752,30.35025702654132,36.40259576174333
33.59036947962205,31.003630318864445,37.65995130423725,30.538939386400383,36.49313164439962
33.41014080685558,31.197547095860983,37.5570200130977,30.38523283570391,36.34452787097712
33.47433587208592,30.909866334612516,37.41724453958027,30.34815837018645,36.31896770254957
33.79925007681196,31.074983944975052,37.58172657295736,30.607027323221494,36.25036520202975
33.64579950663509,31.052122513528445,37.57946058354672,30.72087498819976,36.228879960333806
33.677684264039655,30.86004530863355,37.52484024205908,30.59666406049636,36.38386618897913
33.771229653733386,30.918856599845338,37.47046736568475,30.484422390033032,36.42506969121951
33.79485655160567,30.843896347239717,37.272867094622406,30.257002177578528,36.49895933627181
33.513823432075114,30.83797884091138,37.50378089628366,30.497195858384057,36.46954834380298
33.514082065563045,30.739372536220415,37.537053867288456,30.52676125172541,36.72748475784215
33.544521511263284,30.81736694898564,37.54530155147696,30.57809692713235,36.637049489596734
33.334437136019936,31.03606626558574,37.439773554319004,30.671179805274488,36.75163488908007
33.27908764684465,31.323359806345998,37.46973885604407,30.572129392563443,36.643595340154555
33.25898145391806,31.39953558492289,37.43733639485928,30.45920687389098,36.5190873004978
33.283875531690384,31.588460191507643,37.408680830397536,30.41680282973141,36.74676603119627
33.384705546676074,31.727077307289253,37.551158734321255,30.376659030770124,36.91086015644328
33.13707344876992,31.49300816877364,37.56494894505459,30.34432118869364,37.11167474273478
33.4114804910208,31.457717644997615,37.58032173364822,30.28590195429668,37.230493997458524
33.2047858129404,31.465379033049054,37.512012637055115,30.472069183616643,37.13671041411599
33.20909030923391,31.28265644787514,37.7218303574191,30.213480086178365,37.135651305098534
33.347536055761836,31.525399036607833,37.53033358530175,30.15901266181592,37.080023919460224
33.407629072192044,31.554394632237113,37.49441259675028,30.046926080164557,36.88550816258961
33.27090093824416,31.46326902312621,37.507029490076114,29.772392255260527,37.16462674898496
33.233707514207985,31.304766987598462,37.58498983380484,30.050176886170355,37.20211548641087
33.307998100127215,31.16112988511266,37.551419843431006,30.05166276027685,37.177390516206316
33.09009816847829,31.500479022546294,37.53777857981025,30.01234162296465,37.03302854456839
33.30302321035382,31.690528088483443,37.645236173220354,29.970978412350117,36.99957033617518
33.03332342554435,31.765383721623095,37.80467575359027,29.783995345310633,37.015749862432656
32.68447648301827,31.74989706162035,37.871453287751606,29.801253954849972,37.04487410619511
32.82195443648453,31.886696775663662,37.77274963962062,29.968276349187285,36.908262013991624
32.71027013717066,31.518444478374477,37.63815698431402,30.122654322720326,36.993738548166604
32.69710685503973,31.26016728687509,37.507716264602365,29.864466223713407,37.07314962130697
32.78318228823232,31.410133930163553,37.36159496559152,30.015708929620416,36.909387737711505
32.97065510084185,31.48921168425332,37.31058900733756,30.143087328094758,36.69889701279949
32.99847841193996,31.25036951758074,37.28558589854723,30.01687627381042,36.88158940187621
32.9067597422019,31.037151512177093,37.400332901691925,30.137152209409702,37.105376094906326
32.87131506082208,30.887089203162997,37.26209484144051,30.280989652161715,37.38609737620302
32.90703931377065,30.89236784029571,37.39326714105996,30.311609381922953,37.37678953282494
33.070934602308526,30.916941378101257,37.29556982505899,30.202422406572722,37.15825384507757
32.921517481558595,30.995871223012966,37.18214750256286,30.166920125016013,37.28955993112932
32.87731315573131,31.027751771929665,37.276417660260186,30.336549066864382,37.32510941360167
32.90519477743178,30.910310554130948,37.39493680286306,30.321458716248543,37.02786816746224
33.0340238717967,31.156332005555086,37.332309487537124,30.247860270820635,36.985654514252545
32.976385123572065,31.060426253376967,37.487666024046604,30.37006657945912,36.915297128471956
32.82762730499294,30.907684826348998,37.480749338391114,30.331196332703968,36.996337897782055
32.91166789745082,31.03904079462897,37.53120332969057,30.22665400602091,37.16287217375354
32.92192875853262,31.0901386637768,37.2932508286853,30.17708587211673,37.335917131438826
32.851593978942894,31.336881432345997,37.4301819862411,30.221447444028993,37.485466476592705
32.834678143772486,31.308888873202395,37.50120704742463,30.268792123688893,37.524133496498706
33.064005591331984,31.33872964090937,37.685954008144755,30.241335655375966,37.47292541731108
33.127709406007064,31.112660448387565,37.77227113221147,30.228723574957222,37.41313649152026
33.377556029895274,31.36138847053729,37.753721659812975,30.398898806715557,37.52987614002679
33.19742915296831,31.394565956540383,37.85419549304366,30.450740012252616,37.42255686789161
33.16835842533995,31.483178066692705,37.98131911770454,30.60568684366911,37.40795983524906
33.37616359119969,31.357844421821504,38.00730114198777,30.68871435688081,37.38861446590373
33.56317708117238,31.488363510113835,38.24931273460194,30.638011788902517,37.45402839738273
33.66865801812135,31.51837880006479,38.1505394424746,30.48959596839479,37.398618066275006
33.51575867281586,31.76698016048059,38.301846792422296,30.33004662968482,37.350821251196365
33.60172855152017,31.915671688565517,38.22417795002672,30.431077255298636,37.37640429855661
33.62700947565942,31.775552466611135,38.08014183574723,30.162202650146394,37.356780426635694
33.656622785605386,31.83012039356535,38.035852687399654,30.33383978218595,37.51570326838003
33.92464861118709,32.03039702535912,38.03797032706763,30.348572415789963,37.45039911962924
34.18241305192161,31.989928336828022,37.95544353181873,30.5960590770497,37.44354653552696
33.94662679113007,31.93044027132361,38.210068166087915,30.743102439324442,37.67075980664811
33.91964961164731,31.859869069743393,38.188268938307246,30.61053042062101,37.55384107737
33.82293569806196,31.983265107825368,38.24065881627669,30.41023222044938,37.64368652285564
33.99209189054984,31.811213464746004,38.40539412765611,30.527359428946795,37.36920756351031
34.092220106927165,31.527407165601264,38.41532572882763,30.25501101932947,37.610543974450145
34.046878021003536,31.78546509504758,38.45776572667514,30.369166294200078,38.04368726977261
34.2816072274306,31.68748830099051,38.520181774276296,30.389063057772407,37.88519608336267
34.31072977720992,31.600755091881222,38.380547341225764,30.094415698119533,38.04260111708703
34.221497479319495,31.74114936905613,38.30103944290417,30.187636541131646,37.9036382922961
34.15722812246596,31.765989636980024,38.593571035869516,30.482524045658277,38.08925692311334
34.3443059277685,31.968008891029726,38.53156066517953,30.311696198061625,37.70675331465352
34.34238646507733,32.04149129899135,38.43438743762547,30.212409345308924,37.89081886915894
34.35301346508617,32.060395758399736,38.411271116495,29.88262217540641,37.62890305627397
34.55618327936228,32.00594293633109,38.39010920196455,29.893217587457535,37.61235072234057
34.31881985687306,31.71319463890444,38.27555282378106,30.132358568202793,37.62462341576318
34.0038574448587,31.652259093633482,38.039845735218336,30.21471430578989,37.502218717433095
33.90834235552307,31.684092234388984,38.014340894371024,29.80834061743442,37.27366365894907
33.91366889644234,31.88638093572242,37.787042222477496,30.047450795435417,37.65821187588789
33.91355559522878,31.722214190402514,37.890507141962594,29.837176806746818,37.53607237781511
33.78708113680879,31.590724977077954,37.92903216725466,30.051100086492358,37.59080662581993
33.51150890794076,31.670585139861792,37.89807438075178,29.80333695913821,37.593281023794425
33.58172629704392,31.88128803621147,37.85042097365963,29.9022169929261,37.55935309251698
33.40788814410473,31.68847330521125,37.79104411823257,29.887466377890206,37.39224717870129
33.49539583458105,31.46194621808913,37.960191499558185,29.998071723966508,37.23641894836114
33.83032228421206,31.38533731697516,37.93012596541265,30.35387256120852,37.39506102506913
34.024196111990946,31.355731345365292,38.1026921185269,30.150360620828625,37.43309193174737
33.99178971214253,31.31203719634647,38.31798163648444,29.997935233301792,37.57547765991009
34.04289160789207,31.368839555289803,38.18989974945921,29.98164009738368,37.41762988925854
34.18277914287919,31.364928965230476,38.01357106056771,29.92529185718622,37.35225784111951
34.23784782909136,31.436276152786323,38.013408761641216,29.897937885742877,37.272175304668124
34.114799095218004,31.241940868392295,37.89857924334993,29.958233450498245,37.25905471022908
33.77678324408923,31.062435181289544,38.20561990430018,30.351486671974477,37.0503385920747
33.76812177509069,31.03158404066512,38.09487135499477,30.331950373757916,37.09150565574551
34.014964400784564,31.169549284188037,37.89950791167881,30.19437253872621,37.03396860294267
33.999508456324634,30.925291724406765,38.00316204429324,30.220131528261856,37.05687777477084
33.922481847611124,31.041008834351583,37.909360634993654,29.876757544716313,36.91344951953177
33.93104365103208,30.97047877241992,37.96190266035988,30.154209577626048,37.095755932002916
34.15855462817228,31.101149813448224,37.67710074706223,30.375611378364535,37.16184281552636
34.272476152226844,31.300778289061395,37.58696943281951,30.212040999127012,37.098012962378284
34.26397621018174,31.308603974123844,37.814563804960365,30.38214399095433,37.194696502492654
34.33503530759129,31.393169871446748,37.95095510986521,30.55810388213665,37.27485732141554
34.11046336668409,31.208557833911833,37.750507501928475,30.354446987740296,37.492186420637715
33.97925347274991,31.346908227989214,38.02579612490434,30.394524658157938,37.33679777589658
33.89162763462466,31.317169865277652,37.71335306390125,30.07968853533365,37.5668721847258
34.012316035602936,31.086726625532005,37.74092605584425,30.109536247385122,37.46211059106057
33.883426441147,30.941755935362007,37.76722214679136,30.161957395542633,37.60029747881081
33.83428493209437,31.015791413088305,37.92124979338092,30.270549819740378,37.26605067762579
33.92609897365545,31.20390452266102,37.80466391693281,30.74790098078593,37.335180296930105
33.61908005494307,31.262125845327066,37.74483097394167,30.746326562167695,37.33402813380309
33.57171193176567,31.40316044661034,37.74522126866492,30.30449131545671,37.58467845699013
33.50009136967783,31.38463594013558,37.8384156125934,30.360392375903654,37.639154661040976
33.57718169431908,31.360208507135738,37.6011886281863,30.397714095738376,37.45862957976288
33.45920793656169,31.496275433571302,37.42734351903889,30.193151740223293,37.35553938132772
33.51511993967069,31.173460929977203,37.592705597858405,30.282273474045276,37.5010261121789
33.50920183594136,31.23507702518287,37.480356248284075,30.127046385488924,37.577935324860206
33.59595578212023,31.349879946681284,37.40428063358088,29.78397173018232,37.47865856967378
33.49814074580541,31.35670414992281,37.69432048369139,30.005656026463804,37.38175850257624
33.57385249014996,31.42052748473653,37.53557307211801,29.901723032557996,37.280110402196115
33.71930044151677,31.326521509296892,37.724697938683654,29.999079528871416,37.273950106491526
33.77376476802836,31.174158432713778,37.63431417364852,30.033445347188238,37.16193603366666
33.88239742400088,31.206359163270548,37.55285675943582,30.200972268182618,37.2494325123731
34.106290836992535,31.240223834468758,37.61023236285204,30.165958155551102,37.111411695126236
34.20041052748063,31.437495554501577,37.72699123360119,30.223473122298913,37.219688474521625
34.025888756604374,31.285860625749862,37.73332934268347,30.102994778044547,37.262313124109866
33.69591733776984,31.39107830425058,37.75913301856796,29.813729973415317,37.37855321078627
33.53154921439645,31.38923477455791,37.888369770291575,30.20884097494009,37.294274263013506
33.70649543839737,31.352367146578278,37.69214409965809,30.583115819540556,37.48081870561823
33.734533623787286,31.394253402286072,37.528258775948565,30.70049095475364,37.44038312135869
33.78687717016769,31.079916817248847,37.55492663213657,30.66641453539231,37.52759892221874
33.76525618733389,31.22589260891058,37.584604051544815,30.822329730596486,37.30990760792918
33.6066564649123,31.19639394380471,37.47827860958475,30.990538856171565,37.43180890705345
33.259287936415504,31.158334296425004,37.5824747445239,31.145118420960227,37.68235523079146
33.20628304281655,31.232382877632766,37.50447548207832,30.81443890411153,37.72436182225322
33.13786250046125,31.463516847767554,37.37852565034934,30.521553504081833,37.63289422286968
33.24899232584485,31.566802433336115,37.253348819390176,30.270688958149247,37.502430057231635
33.18579714581252,31.574937123359163,37.40942043534183,30.25706717075912,37.55366274974849
33.04427966449642,31.560696681920007,37.65287135822437,29.94898388613049,37.656417917996784
33.17598923264694,31.859446505055576,37.41267257047546,29.995184080007196,37.4817437606959
33.21450353200283,31.734200707831008,37.33671659474533,29.704773575898134,37.44970023988535
33.008583340383225,31.62516756498106,37.3528861436167,29.86783529001553,37.42426354107963
33.090449339693436,31.534892014006292,37.483364575118436,29.7941990935365,37.67133340515221
33.13087683824775,31.525959245867263,37.3327546828122,29.823961648885614,37.42100870767604
33.00258271694316,31.467806028542924,37.29639670769149,29.779992261265715,37.537843772800045
33.001217967147944,31.340203237801873,37.35040495096089,29.792402481911854,37.69215835021811
32.64281795962366,31.397600402140796,37.11144417753799,29.62477065995,37.767276423050156
32.46809438388124,31.446751665465392,37.20501613408355,29.616342733083783,38.09360804639217
32.55868167866823,31.279580878868405,36.972913135652895,29.50705348138598,38.216117654886986
32.622531762744174,31.245565765245896,37.017379761020436,29.48866123291542,38.10161990621866
32.59292182313733,31.31847925526192,37.06107860798998,29.3751127507813,38.147071364062896
32.56571360457298,31.547773011418005,36.959462131233906,29.514615055184233,37.93873218064926
32.808363012276615,31.388474473990286,36.906129741269964,29.585358775228947,38.02542524772986
32.8903871067539,31.518837091772596,36.934186567671084,29.53381151720492,37.83935014125311
33.08354581908045,31.397416328706946,36.74907770310546,29.655272723221707,37.893293817749964
33.15217708817801,31.360519040199247,36.705773975621604,29.655771136388136,37.998691365244525
33.16972011701143,31.268047347664208,36.66213256235588,29.65254280992256,38.10388154317304
33.28066773247793,31.11694267552291,36.71694047322186,29.527704538634307,38.01081547031516
33.365668591053996,31.158175866630923,36.478173205725106,29.795895979595393,37.86327764858724
33.36377415613017,30.94958212600738,36.526350374322114,29.846172271414797,37.992546610992946
33.55195699163221,30.864589321452637,36.62724891958284,29.736452832752295,37.86233284224724
33.38177474237898,30.729831554643805,36.761718376368954,29.9668025772294,37.86590757298847
33.13212306417972,30.845737172263473,37.12037442654078,29.75356477311846,37.84010089097377
33.0772464347511,30.91112066912038,37.26819752585319,29.6538539672492,37.94909942085899
33.08881688361021,31.075706087767895,37.16677693103131,29.695181158640054,38.15533607300175
33.115034417505115,30.8681820507105,37.22021886857364,29.9999216423409,37.83027875430599
33.0561778922456,30.769232572788688,37.336471368151564,29.797641277246637,37.86500242983343
33.16606443507339,30.850895220417893,37.058533594592156,30.02453531069226,37.73386104990372
33.18230713486839,30.895844543124397,36.91714606445628,29.73560023321816,37.7580308193602
33.08570428349108,30.89294238293148,37.00439410799074,29.8329112557779,37.75280635266491
33.427470014727284,30.863701668829105,36.98405859854142,29.973959570241167,37.67113384025314
33.70859450200422,30.80101122112583,36.77744625226777,30.301284282589236,37.551513566375945
33.47267532468069,31.053300274553834,36.7133141250066,30.24755225076646,37.48233180032503
33.70165084821228,31.077413953520068,36.69795538182611,30.028883448904647,37.71340571545744
33.56512791837519,31.33236105233954,36.78560834170414,29.910593908338885,37.71096671825365
33.49873865304281,31.145574466133763,36.6102095526513,29.864710248706682,37.91796608247527
33.53958120004378,31.19323078041324,36.393262391104074,29.804712370433982,37.793383845271755
33.732920044462304,31.2024761332481,36.33382572208878,30.08251075724974,37.987387805955215
33.789883823226866,31.064278306489953,36.341333686812426,30.14652399615798,38.14495096023923
33.541800706713296,31.157452721471106,36.382824982617116,30.005450395969735,38.134200221985544
33.50040466635586,30.975936845244117,36.288871613562755,30.2221894037701,38.06915612742735
33.34237962792136,31.134806412606277,36.07333159275937,30.394850393508364,38.011776160577526
33.1149431451304,31.14085333592228,36.36658543050384,30.47232553875278,37.852238203269266
33.24238491845105,31.40437730654382,36.36609038924021,30.18790275307519,37.94405511599161
33.40500851770057,31.526885484239788,36.39126786058185,30.284158387582114,37.94243951255434
33.44586550304792,31.467471908377007,36.611552822590355,30.606105101031094,37.61747842185127
33.41843657419883,31.388471033196335,36.87442818616334,30.71641933602549,37.81254031456756
33.53321502578822,31.271584359391618,37.08678631886515,30.638547691748858,37.730710338560556
33.59740716772778,31.01474999700895,37.08759845191894,30.463254921276636,37.82465007637047
33.42474852581532,31.09963672344559,36.89135780431004,30.523093507743067,37.60727739853998
33.457137166168145,30.985201850957356,36.518291596125245,30.335907607447282,37.68261097987696
33.426345338258734,30.909858880738792,36.45538406559381,30.295499843716,37.55378250292168
33.282128752793845,30.896164925774904,36.64795909986517,30.64034910262745,37.79061259099722
33.46443202748084,30.925236564865692,36.43319771806212,30.343717337342014,37.82893818744473
33.77508783633111,30.69844372673054,36.38515560352513,30.398605074669774,37.86152618771859
33.39328510614248,30.868825300712228,36.519902801256876,30.045045701970412,37.91433196307336
33.22818497959876,30.91545564499988,36.50684447506881,30.143129486213766,38.01484812318045
33.092930172244145,30.96458573513945,36.51422698001278,30.165468408593085,37.80611419793375
33.15838405773912,30.955099307072924,36.5892437330319,30.276023136703536,37.440055754744044
33.29555176048487,30.901217300631913,36.290986840503024,30.064580843539094,37.622264258590604
33.14583587443775,30.999383294186607,36.1877304558482,30.072541472520545,37.59236757475829
33.18154929249323,31.200140003605828,36.20148762884402,30.007212086583763,37.779068160676516
33.143256498924465,31.280194006061432,36.19425145468885,30.264294927520517,37.7492000901895
33.11959247259265,31.21539291279878,36.084587563584805,30.237243497826082,37.75611645857859
33.19258575951983,31.1693761469307,36.269490559788125,30.182494040140266,37.81454398769139
33.16733641373658,31.220128063133853,36.26561133300999,30.2798248442116,37.68567969727536
33.27732590540984,30.960659326872207,36.47938964277458,30.35539084564479,37.5825981968574
33.221068036359085,30.890239900402797,36.41881115230403,30.297296616950266,37.62187390776837
33.43718829388265,30.743790591027825,36.66126664404973,30.15684171801994,37.64916656911745
33.41022918568561,30.82101439701161,36.64698045006095,30.153271629420914,37.655496063459864
33.45929035719934,31.093195645054465,36.60920834068037,30.278109783877223,37.70814965828097
33.42095958622604,31.027032815411054,36.376094259892454,30.094373025747554,37.62989338393642
33.229868564791396,30.738683907696654,36.57231071777369,30.094140390241662,37.57786154068638
33.36152150231054,30.961764493157734,36.565866425246824,30.03865636600074,37.49986996619605
33.2922874896552,30.8579815190277,36.516628525630935,29.907329963943898,37.64455938948345
32.89911824327212,31.15028114529153,36.67281152979469,29.842830449614283,37.91973026914129
32.709145198511045,31.15064255858191,36.59723911328157,29.898281186262313,37.676942906502326
32.68293033563268,31.130276585147513,36.41835467747556,30.069955863810414,37.71965336613085
32.713694039701494,31.240596539574153,36.39598992358842,30.3035147367553,37.66788808216375
32.78891978180623,30.893377595365212,36.20327977646651,30.29655607637921,37.65575611980035
32.79636942664132,30.86678107558428,36.26662721337369,30.0504111574211,37.680792387017206
32.736513087178864,30.817325327037576,36.14694162436077,29.88441407092802,37.758316899993
32.851379549275855,30.820000429868447,36.35140201767333,29.639562814461343,37.898622708803636
32.99690596162572,30.936037208493037,36.165776249135476,29.873979270085908,37.60167301657186
32.94237586388616,30.57501647192714,36.186944471144024,29.696050561988283,37.63040649082981
33.14802890617005,30.37252485188223,36.27771627415218,29.529473564147207,37.51630140268325
33.138482300545185,30.419140844115418,36.361369256103224,29.700116184710925,37.50472548069486
33.45523119860869,30.352686694617695,36.484501568015965,29.831298230761444,37.54795858917383
33.56625506711478,30.429924326607896,36.44700748596703,29.361132052201643,37.43747370358742
33.63586651878609,30.636697104617223,36.55971995817478,29.358382072097314,37.37261245640222
33.75398617068671,30.662777295925416,36.51017886704712,29.341000571762986,37.44357473959416
33.38542165622624,30.911282733616783,36.43683069122528,29.296864781653444,37.27605124592636
33.3544011331263,30.793841923716876,36.49379494840659,29.3586373696222,37.26179990780845
33.27472486156183,30.5476159075871,36.61809594002338,29.711314114467154,37.37456814994605
33.12785692052172,30.683875721768473,36.396101852216155,29.952257560181433,37.41611808416851
33.13558558460765,30.893005365384397,36.28640052600773,30.016889400566004,37.51483664270371
33.03808743497178,30.740121000016476,36.30291871567766,30.113704686028488,37.538909384539814
32.94155480634552,30.792469310540234,36.298382790181655,30.276620558749016,37.29354038134581
33.15505577488121,31.038464044098827,36.33034949921263,30.150591673246574,37.44679106752543
33.202776105928486,31.238594822472987,36.47571323201226,30.008840414814347,37.59240921091156
33.16952809975255,31.195776589781428,36.52541819339813,30.086376059221983,37.81524419636728
33.13305817314014,31.133052249476794,36.54310762595064,29.944652090189344,38.064640863527835
33.05164363274317,31.265850802061635,36.614403149341754,29.77702959341934,37.91955201505612
33.12680698823939,31.364403257955804,36.582195643402194,29.8342040607642,38.19412155912337
33.196992951015105,31.569896725446345,36.60366872355569,29.67402391026282,38.440953802872784
33.18763377592601,31.377991352701535,36.59718734004594,29.765660488856764,38.27052937485035
33.22255452868667,31.30517147937318,36.44968550487967,29.636992433524707,38.260380206567895
33.14041634502759,31.212109195397243,36.481806305578154,29.51119988328234,38.37264629833663
32.88796781697694,31.003686553477195,36.74743920097473,29.882460446932924,38.31732634630936
32.93382833701188,30.981888088106572,36.608395577392216,29.81988942624893,38.090154619294445
33.17614314742785,31.072624546741096,36.521783787690275,29.929993939523115,38.03804843182905
33.283926414062286,31.152585067861573,36.77541213253617,30.114504023420505,38.205120186757135
33.04423696828969,31.20559968248273,36.54175279141832,29.967322492587673,38.29556462114023
33.038319065320906,31.291504752023048,36.47904292697956,30.045384882670806,38.128647856174425
32.815975663525506,31.241871764762724,36.52829765641923,30.010696314712874,38.236805032258886
32.600817263264126,31.291904522951462,36.4830316275782,30.170976197602684,38.2377925567761
32.653708402157065,31.240132328044634,36.57073274635125,30.116027846940973,38.244356036634315
32.7657550861057,31.07712143334368,36.70317017558841,30.160074867438613,38.07061135321529
32.5791457324353,30.911394903046812,36.6643483479141,30.44365944715695,38.05862862664563
32.4552694828293,31.023647763547366,36.683917783878584,30.096891500746914,38.31706494385642
32.20238477654614,31.412975144489177,36.681043889242275,30.361632487524137,38.30520184747443
32.28135397965535,31.753573470360024,36.675650313131946,30.009991599963442,38.38757345903811
32.34841145749769,31.632095411707088,36.725899750801915,29.931837955293688,38.42458181096783
32.25326203572513,31.76783883312334,36.7332287863635,29.887123717051963,38.36273162426994
32.307777969850655,31.944546182904187,36.782480810577376,30.207973403643667,38.33362870218933
32.40718704721687,31.966716304367097,36.876117624073046,30.47151587851037,38.15670901236464
32.29017186562863,31.758143921649953,36.94998491180613,30.592781400300087,38.39742648072984
32.271277827077526,31.905680332331222,36.92854489439409,30.390358604241033,38.547586007738694
32.0763331154657,31.846064247357464,36.91424497871736,30.373103575214856,38.40124587505315
31.951359370233426,31.808673179446355,36.76106923323995,30.45218849373831,38.286855703179505
32.082408478154534,31.55851433273441,36.716593845361984,30.370309145072667,38.27250203651617
32.211650687820764,31.458814332482383,36.687910667364214,30.395069377430925,38.4817891929818
32.27413236307693,31.46230657140136,36.82478044410943,30.135989036822405,38.38067522660592
32.41682048657792,31.414915144965214,36.749553103262876,29.88904745679809,38.45726942328778
32.28777105044014,31.50273420762696,36.79706622700775,30.05852353615385,38.3688140255942
32.20078431998018,31.613923010121205,36.885504090879444,30.29837679576951,38.51333092865647
32.28220344017038,31.63536596917392,36.80179975320908,30.2574958489526,38.57536047961067
32.21465983387714,31.733250004761516,36.76512589891008,30.4504746666217,38.73535394546839
32.220766877677164,31.626264793638644,36.90366389545856,30.533227945157044,38.79295716130336
32.480095190178716,31.618142239392355,36.95660966252336,30.555725614827033,38.909373297936355
32.52157145004544,31.615871129322876,36.80325133491892,30.544765208442676,38.80503172564642
32.46259635302443,31.484327792946967,37.10368312194093,30.429195099533697,38.71874489865552
32.105739491222955,31.3284026577434,36.75165396678605,30.68239000598972,38.670634468530245
32.11713010837608,31.170094177842433,36.855460634064166,30.798921350502287,38.53141666209866
32.31042378432051,31.415227376553766,36.93956059708832,30.833758162920457,38.565326551944295
32.40568945461002,31.543703848915666,36.73499886453853,30.825675484120342,38.44132254979203
32.45983858479429,31.48794139008904,36.694586795804945,30.75783603956572,38.51910850018315
32.33421600992669,31.215093323819442,36.60082436765418,30.619027760607555,38.395923142598456
32.00014620034625,31.521017081628372,36.50810844641455,30.700569095674247,38.32420709802267
32.333734824997805,31.666572936312654,36.61116556646408,30.63334965407791,37.96598336932741
32.47116420778244,32.01925868812689,36.82844582086707,30.71553021261875,37.942847287442355
32.29460810885057,31.787251174997625,36.9508379735862,30.34363538872369,37.90117649272386
32.56582569198057,31.62437432094737,36.74924828847177,30.626509066858958,37.85634174468624
32.65149286041908,31.629076792977777,36.81292878811604,30.51574367506343,37.868624117728544
32.58979712730775,31.609708784372014,37.211286365324334,30.49826874393898,37.75026588893681
32.39882022639276,31.489123623239053,37.051520218873044,30.643117970325378,37.89853899085947
32.59225017074651,31.40267340866364,37.403089658195576,30.738451579973848,37.65985494073098
32.627253724076816,31.53675827102195,37.27354010519128,30.60935255120781,37.946302926732166
32.509932919222145,31.65089528025424,37.162143994975985,30.382705100320884,37.69917902187487
32.64106997134805,31.63220759245634,36.848143367263106,30.580509354394326,37.53836998746886
32.45948799394627,31.462610855084865,37.043858715530206,30.52451594169689,37.797930348584345
32.75028971854889,31.376989642792513,36.89433787904834,30.352001490861852,37.86382641764142
32.49268700622993,31.248511808014506,37.18980335584927,29.855087231369875,37.95344494945228
32.233756944870805,30.948928628171622,37.182330874286485,29.5990347460916,37.72526243218008
32.304674076678566,31.040177951466415,37.24040649176088,29.71126477195588,37.90483645312958
32.313494630681184,30.97869187816231,37.45161013914265,29.590931074367248,37.805650336497735
32.227398346678214,30.989541680246816,37.388973514013145,29.75448422855746,37.74147193136721
32.25697482840718,30.803465101479784,37.265102020263036,29.4619028469602,37.770237184324245
32.329779182713295,31.07063890796933,37.23034909764277,29.762471345019108,37.56138415386972
32.64312817873917,31.202453884451646,37.370396496038666,29.706688381745117,37.40811073364453
32.415298511746336,31.0733301442423,37.244483058696574,29.653394318579267,37.11426169029833
32.40218019068737,31.105015557543773,37.38412469812781,29.552744470230518,37.3526887682999
32.378638545225925,30.983246353885214,37.30746511821113,29.700622098553545,37.329679909877754
32.16740666234809,30.99914854828333,37.363061671856244,29.6827118936238,37.401637686984294
32.19395250648039,30.798872326631123,37.37644765240312,29.356139491049213,37.26962268032039
32.24532474288242,30.551536870251166,37.44418899506899,29.490513204931524,37.08029254209686
32.255837767270776,30.50306016133075,37.247281112157694,29.36601148662124,37.18935447592662
32.458097701628105,30.58334635643689,37.19982991434442,29.503966130388275,36.998537094080056
32.36244945977325,30.532287420286885,37.14001619727947,29.43630837718965,37.16201306456196
32.57934031432714,30.16513428405016,37.13745288085822,29.20520512439738,37.154862861653896
32.68100436204769,30.272639717512426,37.049205412456246,28.985627817690176,37.031962291510126
32.56018812526607,30.484215836474718,37.09642279906651,29.25387667611311,37.01986837943991
32.29783979037508,30.220951911956043,37.20359060633893,29.400018014699718,36.93984305743388
32.51096576557577,30.364241367249324,37.27556812214116,29.59638491800011,37.003298953429734
32.736967900749704,30.577382112529037,37.065250016464084,29.67963542578687,36.83645746514387
32.78002659962993,30.577992706576296,37.08719021810559,29.93997313038228,36.81050979768991
32.88212020599922,30.75994970549864,37.15178905632059,29.725053322151343,36.82490640132944
32.71096319118158,30.563129794782355,37.236315893780805,29.712903674606476,36.582552073293044
32.74211802585767,30.722267923165976,37.49737843807737,29.502750128389007,36.43508549435352
32.70450458423554,30.965197660197184,37.5011169786127,29.517473228436206,36.65688818458981
32.82589844329236,30.94243332853072,37.58874171961476,29.35065202286947,36.59601589310363
32.59283368985851,31.144390731281877,37.51110595521901,29.4782091021786,36.82153932600962
32.52806212943733,30.72896654873795,37.4739409402228,29.421437783676605,36.71512308448329
32.316206583458985,31.009047859319512,37.45973477134412,29.664552748313696,36.806575746368104
32.39010016100411,30.9832325735555,37.904175721271116,29.93621788946112,36.71997870327064
32.54176210982772,31.02876387289369,37.671772554639176,29.9918322113305,36.64345234092388
32.57235137064304,31.12353660678037,37.59482795750937,29.95266218646646,36.51191408069145
32.605716026490235,31.153717498476166,37.44208047711549,29.818420136246885,36.494953441130114
32.387759162955234,30.94155878070215,37.656971271534815,30.18152318217686,36.46647841265649
32.493945931698725,31.05811745920797,37.70399558849615,29.997788633074215,36.17427947209461
32.300050332747084,31.150293936899114,37.52881974463438,29.857419223250265,36.14520841465814
32.55539152957344,31.380556687917405,37.63214014392191,29.873100815269872,36.265549627129715
32.59236373347293,31.42714735425087,37.415891732448,30.08304700656874,36.28785322891434
32.78732651117628,31.205501774337286,37.341284243069275,30.340735956024933,36.12536014837107
33.03924207090331,31.11343659983356,37.33283745690748,30.17148396164262,36.20992935012421
33.577790923729005,31.00012103448378,37.4211230075604,30.434588156831378,36.196592158552704
33.51444614733728,31.080888871442056,37.55843838554283,30.305139856179526,36.2854331255592
33.46147461651483,31.29511086858453,37.56041499064706,30.17241950087186,36.403371581546274
33.47752630010812,31.25022099806724,37.76258935503363,30.185862078214303,36.223529875269726
33.36441886900461,31.417688583353506,38.00256806797776,30.295212563161723,36.276777262011485
33.07840979539675,31.077593714261173,38.05649663950167,30.67543597754701,36.4069149330137
33.238057049339226,31.487407210584152,37.89892992762747,30.502805138589085,36.388077262250974
33.173684810406904,31.37974243948637,38.11101408730193,30.25072622607412,36.3248119883119
33.046024041646724,31.357174518439525,38.02933012772526,30.346214511665305,36.34200287585745
32.870763379845876,31.61165576145654,37.99290763262328,30.580417506593253,36.470296893711314
32.72489848658716,31.82071527641884,37.95264128749686,30.346736602589434,36.51994963284953
32.82448011608048,31.740026833052028,38.064773242854834,30.4437874732408,36.55792433434705
32.74037116920213,31.570785498497163,38.121447341700296,30.672473323108235,36.499434021167545
32.80860425707026,31.452319643706005,38.12549608542676,30.72007855952512,36.46293228424798
32.488897661453336,31.428073162234092,38.07626293626943,30.434699458247554,36.65450747024931
32.46636431851995,31.5257613642911,37.93807020328039,30.370415216630782,36.59367783887636
32.47584678817775,31.342256695566004,38.252829818347216,30.338932360634928,36.62052183883548
32.56872718742459,31.204788142985283,38.029629149049825,30.750991828834604,36.72088913879887
32.59444367494746,30.94269769800074,37.99605541707352,30.757075032977,36.70481954584015
32.57767071836969,30.948243571547923,38.07777388499906,30.700683519558503,36.835971577022974
32.37814341357082,30.758433255385327,37.9154534371683,30.740078670952144,36.70834964599882
32.28619737556987,30.889606356227823,37.920558312351595,31.02202106450708,36.567992007161266
32.286637905969926,30.836113451588737,38.035813725314085,31.102131994172428,36.49871317476291
32.44018925624352,30.36851082380926,38.10218999558939,30.912740626543524,36.63504872676773
32.673388432968316,30.550108670571326,37.94289426339034,30.96047397643352,36.57476359740009
32.825466031156616,30.28223678727703,37.953056992380596,30.920281381954336,36.67749456282087
32.6616040335782,30.381519777830487,37.972185180437585,31.097123887460164,36.50328356471159
32.683541338835404,30.631318075742954,38.00518020338064,30.800240405780713,36.73726326120515
32.76480961436596,30.86392660939019,37.737866370304445,30.824779901315956,36.60340358392516
32.7300139772878,30.755637924208305,37.385834153253796,30.620346961565637,36.79548046291854
32.589834461225315,30.797532939323027,37.39873360312217,30.923970473653327,36.82844766168824
32.53394049575263,30.453547345232895,37.59057487837902,30.365316701891317,36.7644132141858
32.51811769465777,30.393332258749584,37.63131898784762,30.56349699154242,37.151470600017575
32.618476305369335,30.606160451103495,37.67040364638797,30.55817249454725,37.34666589720121
32.70232071312714,30.870393963288716,37.75946355708269,30.685236476848626,37.25501314763782
32.60896624014557,30.904229376256737,37.6660840552544,30.470045544127455,37.267040234428386
32.76979419476289,30.87138384453472,37.60553810790715,30.258151397593515,37.414265896054616
32.93354369449693,30.74134323233722,37.58081417800196,30.303743815293988,37.38657085839432
32.76169262419718,30.644631742542465,37.67439468492885,30.371141298274484,37.464246333683455
32.60218501568763,30.550645791263914,37.68407886062926,30.28715031110869,37.36505936990904
32.64213036412582,30.43614849012059,37.77248287964258,30.41038174616258,37.445592639420646
32.59398942150432,30.564221929090042,37.63949579178877,30.36899774769129,37.10750910486853
32.6261294470802,30.46229888391515,37.574873163170835,30.23125525838126,36.98830457981177
32.650156910895156,30.302017525098876,37.41778371636837,30.136819434715914,36.83495757260324
32.979906150043874,30.325578648038622,37.49001786218127,30.18118929206679,37.10822590399746
32.886455350886024,30.066485543969634,37.435160929560865,30.05901769432804,37.232322223798384
33.07724846094117,30.101541491879797,37.42676508642256,29.896106337708165,37.1231897875029
33.07331583389028,30.14864232197431,37.37651221842248,30.043164967325584,37.1994749760911
32.91156869485033,30.020478546232127,37.252744263893504,30.21705272352376,37.37497779411125
32.96803028178975,30.184705017808216,37.23484416147241,30.164972713462262,37.16668103629065
33.09729576326218,30.02782549649815,37.235064251756945,30.06246736489877,37.15111812129546
32.91330301126425,30.1117658561137,37.37955100839002,29.801914684295586,37.26749335052267
32.61526104846639,30.11837658145432,37.20726126418453,29.748237523971166,37.115396430245134
32.613364457045655,30.092807225567086,37.33719428996195,30.09388839820704,37.24259706700198
32.77568668966333,30.196469752220835,37.55772225787837,30.10534374724586,37.14392028263567
32.88271333296436,30.42717346787743,37.53549256037381,30.021059597274924,37.103912955982835
33.154303861348005,30.26816841748699,37.606670561362684,29.813366515779354,36.94236647074997
33.05948225801701,30.257706677553756,37.525313792958315,29.58998673639717,36.858741108480245
32.99080600614994,30.03987448193988,37.6566790193869,29.821782567617706,37.00226915031139
32.90191407847654,29.88280424778717,37.80077502233601,29.881190489684457,37.13259983632834
32.81536490896535,30.057035456995667,37.68806646477795,29.989113444334674,37.13961589565409
32.93641045987901,30.061379988276805,37.7165508172791,29.86820166770073,37.1527836154313
32.91744683183277,30.054763717046754,37.61029061815125,29.866690296534493,37.14116526489416
32.97386206518915,30.243922104672063,37.800770201069994,29.828143094602,37.09444097488538
32.926026688026816,30.19179562599079,37.88774380901865,29.56263068571813,37.1729149989917
32.93352121064635,30.312447048185476,37.80951628912588,29.56155783429968,37.09673476986703
32.7622990530421,30.36837885930445,37.81325505463962,29.74744017064903,36.76635678178242
32.47891147414339,30.27967497130782,37.92354529768001,29.971980485271153,36.85550966063314
32.773498175080995,30.568825900472575,37.84429231015117,29.856466719026677,36.8483969128423
32.80601158308749,30.49885254064533,38.1711674663193,29.990827516948045,36.90659952019994
32.7502415917207,30.542705484056896,38.16105096609745,29.960054954566434,36.82976442537459
32.68400612984136,30.52363538798234,38.0415602703897,29.940494532310836,36.82670524653266
32.70168759061672,30.652624162570486,38.161698578605986,30.09475791618073,36.90550849614324
32.84696632952911,30.505834192260952,38.14734693677301,29.934815840108307,37.08195989941325
32.799628195038764,30.522296752579006,38.13098023114389,29.97690411148557,37.006661879446696
32.95942908738965,30.751627165447257,38.1005719515586,30.18779270788423,37.160756166113366
32.946244885445395,30.832064050281883,38.15028748720755,30.01197291447789,37.14041121420429
33.048415758925984,30.854189457448182,37.91422107028455,30.148209709629434,37.18305481063711
33.078179668749726,30.65671898930212,38.3894207005681,30.418100130229167,37.16755405981634
33.23535449470872,30.520839451762836,38.47390795322588,30.751971476788672,37.41575123819099
33.391508316895994,30.325419153251403,38.301800825380674,30.819839926359254,37.456384536565665
33.205115108612816,30.397203647159245,38.18456325117132,30.55887302811933,37.34201050293905
33.5036522075011,30.40938098659144,38.24955823185682,30.467952054424277,37.33141498408649
33.668212623057,30.430962945648268,38.234002518330165,30.70175965835516,37.317021780136926
33.529945956992684,30.610942741908556,37.93512589188443,30.539279878707973,37.243703755003196
33.41574080382536,30.752408336135204,38.0012604861734,30.45026009275587,37.303793349329766
33.311828692120315,30.647637890285623,38.0618073820409,30.4433613806364,37.42079631206869
32.981212869175046,30.766682707782664,37.95425146623411,30.601893237975933,37.401602254242604
32.804160624407416,30.560490218197373,38.10745005227487,30.530374817543024,37.58795918723629
32.9580484716475,30.54252601166594,38.137658024083876,30.57035059681107,37.868954461864575
33.13815671806398,30.527182310343353,38.30218673456188,30.60282203346772,37.58604027498937
33.31655844611334,30.44266318465517,38.14872789072612,30.651251633743215,37.690582249409516
33.05099458189308,30.484968752766264,37.99098482554569,30.997329732152846,37.839815645639064
32.998655754272505,30.625986059294277,38.256628598207996,30.96142243428851,38.08874898628944
32.99541181171906,30.594760557427897,38.24465454727493,30.866051489841784,38.2412266064448
32.9895561767016,30.586819112838946,38.1545245687568,30.809318049615285,38.31345780508624
33.1490240706217,30.69717316138922,38.31702102841031,31.038416960622264,38.41263414535275
33.20422046701684,30.63127894687718,38.41931728404241,30.892381266808517,38.350388460612855
32.99898512361809,30.971651362623682,38.261539596457396,30.659105037487027,38.422311795966486
32.87876540007852,30.86250824117294,38.36803492712156,30.663495505094925,38.15959344227745
32.77800288149655,31.003700577589143,38.60308723340713,30.67702952258712,38.425406022869026
32.829100579775584,31.125491084788138,38.40342071503882,30.491322292770292,38.22096502136699
32.895087183258234,31.303012549940004,38.49069904810646,30.581468299623335,38.16355160914787
32.865695590236996,30.876283508465463,38.20558616049298,30.63909208163615,38.290959448208795
32.794357553110444,30.78692398522222,38.059720853212035,30.50907687033699,38.17706461090039
32.76270208440572,31.064976532600042,38.09766902326591,30.55747975357716,38.11987697860768
33.12895568807556,31.122487584825794,38.01738246061488,30.773315536013914,38.27697461036521
32.978117347045306,31.09746816607789,37.82838910571561,30.644553582276938,38.02464036214275
32.950096171506374,31.11419810959633,37.761485509154035,30.406422668517507,38.259955653136004
32.77332689386675,31.398717106399015,37.740628962445186,30.576854299543776,38.20446791254413
32.87921001266326,31.414118586007927,37.77866329639212,30.58089503754198,38.0908438041067
32.911018726434236,31.378300268982088,37.68998433189913,30.49334925064916,37.91522169432711
32.68055289232908,31.27026233928265,37.68760945946372,30.681824672313812,38.06394193207144
32.90553056214977,31.218156547896932,37.52035961277775,30.523781934909582,38.21271650096316
32.87445008537906,31.130548927940655,37.6549471960005,30.671529382336463,38.19578511249796
32.7677235502581,31.032233630940116,37.546226562319205,30.541675247070785,38.219873941840966
32.922714260429494,30.723362653320347,37.71696338357756,30.533586030399828,38.08557930755038
32.92390647827257,31.065325935064557,37.56936529262313,30.504868573226272,38.11162807046921
32.66873605286306,31.348298584367683,37.392314980154495,30.643477560542898,38.1985569147199
32.67068295686262,31.512634886987417,37.40910988397085,30.420654659822713,38.4219538436119
32.50218455684875,31.759672393716386,37.70952693598749,30.54119697798761,38.29550117510914
32.61042694301968,31.745244599652768,37.91608078110707,30.582751848601184,38.34671449567546
32.5083934312169,31.64405456360806,38.033436379033745,30.6439331215363,38.108911030635745
32.41924641833682,31.588040766295627,37.763131226582445,30.961222628533342,38.07394871037047
32.35220794406225,31.44130458893611,37.96300981730184,30.80941884727629,37.836453814437206
32.33527310618651,31.2939224565383,37.915981499821015,30.55764626596711,37.87720692443862
32.07837678456233,31.440509911697145,37.831761891487915,30.701094050424707,37.708973084081954
32.081891264411986,31.41626241778601,37.975560395080535,30.787291291613247,37.69267350040573
32.0662324661077,31.47347856238621,37.78711638240313,30.800012808172315,37.707287647370656
32.06646576787359,31.43101375514609,37.842636296443786,31.10434672763526,37.61489521459491
32.050762159298216,31.296681169593462,37.61679028083418,30.936271645941748,37.47067208217552
31.99798782343803,31.51803204864499,37.54905246000007,30.937915127785846,37.68869949009396
31.944559817412955,31.595136666758613,37.90426318611218,31.002420489412145,37.9294613842125
32.243367186771486,31.445221478474082,37.89279154881099,31.189175508043423,37.868946971809756
32.692994309294164,31.526455866371244,38.04175296337552,31.178502798165972,38.01858794013726
32.73901356806613,31.326151328074495,37.81367708554933,31.260499232340134,37.793557522107385
32.70423894032948,31.24444409488387,37.875348207668075,30.931843864714963,37.81748831613399
32.449480338854585,31.29350173307499,38.078687785192656,31.00923078186425,37.969059363886686
32.57550227052131,31.192377797723235,38.10882531410792,30.973234329871676,37.99188349485898
32.80957711645595,31.112336895047328,38.05941789975725,31.08084069499526,38.101779628215674
32.70808294951875,31.065028770144625,38.02882475700084,31.016915405151547,38.12023910437148
32.76497284276044,31.089843467171004,37.98751548863011,31.162674758739232,38.118573273277796
32.6932929002797,31.162103266900782,37.99926492992848,31.10664758024508,38.04581326823714
32.65144085932399,31.400290555199685,37.8807578940161,31.049880553752455,38.076324895473356
32.59913422682988,31.551024981546853,37.91534770887287,31.281169190897437,37.97970428887306
32.548494210048936,31.650413445711607,37.72679607427089,31.297352531328553,38.019032658091376
32.59804551519353,31.467890225621282,37.996708474506804,31.395867405664198,37.970890179940824
32.56544760517244,31.603992907157128,37.77314527538681,31.498038479493935,37.808752550328336
32.774711918330006,31.6418239856379,37.77793412153526,31.506451167026846,37.73049919775066
32.72355010290238,31.60467315512114,37.931690850477466,31.601681515484778,37.78209471657928
32.72299627403111,31.698665942552307,38.07425876917713,31.37377304074019,37.778497513479444
33.0342523936133,31.630201454087334,37.823146008432985,30.876218938001912,37.712863973168375
32.92017397354015,31.75748453012652,37.871709676507656,30.923376289194884,37.50388771942646
33.04892694711463,31.744772876758535,37.923460965202715,30.987656952567743,37.57629070545706
32.84589303610371,31.65412902013597,37.73212428843467,31.02135394734707,37.533926947617395
32.51742843625639,31.606859663454195,37.851097700009255,31.005505584504903,37.646620274349786
32.36054557151055,31.407434296400652,38.04299962052443,31.00439940834912,37.81250095635812
32.033022308800874,31.51891478219604,37.93066250109615,30.890434382529264,37.82868136777263
31.821652376690377,31.81123691257639,38.02990541656726,30.89065942494693,37.802167358057055
31.836939816432984,31.767117534472987,37.61741291276019,30.897092675448143,37.7440118277549
32.14095852161529,31.70338944017091,37.798771829125904,30.91487063511404,37.76245865200318
32.33815795021806,31.714386465726626,37.87945490769881,30.840720595011167,37.81612828005595
32.381703216924954,31.626009174791953,37.75343293897841,30.61478877807875,37.86271952092198
32.2740644175786,31.78809974453464,37.726533688095856,30.60411654861554,38.01015130192038
32.104131948126856,32.02669502741365,37.701410682322305,30.636135148522698,37.83163057278749
31.900148679521667,32.03304525396629,37.58881886592272,30.598599831782664,37.89170585163394
31.87519448828429,32.0243585878148,37.76936100934698,30.624302076815614,37.905046091288845
31.640866336267248,32.162505789843955,37.9365032533954,30.616435976951227,37.75612767769393
31.837606108420612,31.855827145652846,37.81937310011291,30.30456023444697,37.797419835679925
31.556126537132958,32.08117578081269,37.83632177164066,30.215396829443964,37.72931252372467
31.51500901791842,32.126047138716444,38.11985600244564,29.901947847621067,37.69574449254424
31.6682427695506,31.93708224790995,37.97702383022974,29.743496091521802,37.68323843161339
31.837980693066005,31.96232494260927,38.02192101468187,29.56761819006075,37.71206124208333
31.756594864143757,31.856374445413902,37.91143577819017,29.40837582525711,37.56060272719354
31.639911667102186,31.785314552265145,37.63058604131095,29.620080871764703,37.729731049590036
31.48886385621114,31.848672246991743,37.226621166290315,29.97464301054467,37.65408310212451
31.494646635012693,31.88376518481851,37.26927002104274,30.295767216579474,37.77464124467779
31.43190566359856,32.040864643251794,37.59076513234376,30.403555856642598,37.781085055009825
31.59062788681369,32.069433592236265,37.51140547551492,30.65926777343571,37.79168555136363
31.523562856582007,32.247700801026,37.523114030805864,30.543090669092756,37.78583459032995
31.37035246917691,32.18189728046039,37.50479735214245,30.702610285765527,37.87400355225915
31.410370201687623,31.947236677782186,37.614864217983275,31.044484352845622,37.910743741797965
31.435074714089982,31.925655116052628,37.693088956278956,31.05549393903143,38.07349328872388
31.357538381490567,32.11587075656115,37.566026415328565,31.029261282282302,38.06635060768751
31.38301626610726,32.055519094607284,37.55480429638337,30.990232859648152,38.02466559217592
31.568765997839883,32.19107676401939,37.5790799514512,31.074534340501906,38.12983462899535
31.59557154866957,32.19280001595907,37.65673487907745,30.862565844624402,38.01934992279095
31.76507029923872,32.15935060439922,37.407950150496696,30.974838714502088,38.06420457900141
31.955938015996658,32.012362632237235,37.498677218511475,30.70405090087009,38.12141922773297
31.744625546728845,31.65870101820348,37.48594295822389,30.552602342234184,38.08283200473849
31.643923394658714,31.785000810574378,37.403534346994114,30.54959219306232,38.13741169754119
31.474075149053462,31.92323193294618,37.52780517030185,30.568989623555165,37.929838192460586
31.46278283056213,31.664967514189446,37.63575265447417,30.665099701148435,37.83056483580264
31.37562106362203,31.80166104144576,37.82666474802233,30.6909673090867,37.84521276829226
31.561242390708003,31.874684657239857,37.95528165211086,30.562406550848227,38.00362484414818
31.44503377372414,32.08784494326604,37.799883974509385,30.670338710719523,38.046389484382075
31.39216712771146,31.95765861345706,37.83300660837862,30.727158021252468,38.01085540958394
31.217981741372707,32.123488859671816,37.634458308980385,30.59372221711984,37.983407884151106
31.279790165135495,32.12033120212529,37.792865090886544,30.51151240987842,38.02790242951106
31.0908743127543,31.91947256578032,37.81114757185342,30.59834689811116,38.046726997999784
30.868170084501344,32.05589009550292,37.806829714982996,30.610007903957765,37.93547505955161
31.118073772717896,31.8932806343521,37.84582311341816,30.64647279356326,38.130298831475976
31.273225594240262,31.914578436869828,37.797313565809304,30.404389248920463,38.040139551494306
31.234029679048486,32.170559780718484,37.74535359197671,30.02257338931935,37.89152763918477
31.291701211295845,32.04866449497905,37.67874914481263,30.056536317042948,37.83714229027601
31.39066652462136,31.936308348602083,37.67833831637039,29.83997454763185,37.57631201575796
31.477835230773703,31.83105479889717,37.54362057356726,30.03947493695545,37.571025754081695
31.47155550530354,31.686176468034414,37.62637816628385,29.998436327704493,37.52321807247831
31.59240692275381,31.297348567312046,37.778590773350125,30.292602691072375,37.711170323820305
31.598559004810514,31.21822436501584,37.94985569219792,30.129276038389158,37.71528636409469
31.733419409428883,31.290593205141338,37.72244927715942,30.1412489200077,37.755738360438514
31.830832845806345,31.28763579148191,37.63084104151607,29.85993594374023,37.79525404944472
31.857324307301443,31.68616725667902,37.7917224556806,30.169891315647963,37.938283709404814
31.76249082870405,31.543348406759435,37.657222029931624,30.167679659363685,37.81373193469911
31.885298965618574,31.699417330032052,37.54115844170595,29.936450432139512,37.800768233249094
31.92041088523634,31.505116609530987,37.633708823024904,30.139501115195852,37.892440605591474
32.00951809584017,31.57300619393167,37.507571365307236,29.575870571414185,37.78308287530053
31.9726559270349,31.786994076562593,37.39937485903636,29.72929027375683,37.77147312138949
31.822037925845393,31.73572224570802,37.39093153609503,29.733736359216767,37.71987357674893
31.886863336339836,31.47567713828675,37.27849819064739,29.969499906990258,37.56762956523894
31.758287437315186,31.889875426029953,37.28597189501516,30.001477623185888,37.533844202384465
31.860593220074975,31.963072059276445,37.28984811383213,29.89028623023098,37.81381253813618
32.0107939749913,31.997509533241384,37.27633158479958,29.797321720799232,37.89201004862574
31.982493008739382,31.941764590999593,37.48671882503218,29.817816058833163,37.825953281236515
32.10456934161256,32.247431954000696,37.42181424415702,29.925821337886,37.98207721497219
31.99258632834601,32.30260775499253,37.544404843907934,29.833137282555434,37.895120481089336
32.00830763471248,31.998448136507683,37.491516952727636,29.909315941543095,37.75961463527626
32.078337580217784,32.12276253647664,37.58321256533289,30.13402397205935,37.91480903983404
32.06149664848592,31.843282730357554,37.62020431662903,29.804887441551422,37.99006504280001
32.117935273716604,31.9502300398392,37.6298989412162,29.993897232883995,38.08848095460291
32.395489100385134,32.18817154332464,37.544025651325484,30.244371018601832,38.07748346181693
32.43036492115788,32.31615174064054,37.72279433706805,30.283860440135197,38.15787181174478
32.281819429183166,32.249940344119366,37.771093900302475,30.447637753855183,38.074423003599485
32.238054767815406,32.080491619285354,37.990846965206,30.499688696761385,38.31419838053467
32.07947262990379,32.17654635523157,37.6688696722,30.39840274860668,38.41055757138834
32.123161263476284,32.17369513108554,37.76307615737644,30.35220836575102,38.40535724794154
32.11873051627844,32.27550775163994,37.57888037280434,30.41041206184573,38.51643310047577
32.01185675721134,32.42404895222638,37.660949475287715,30.270183737625626,38.44465954455463
32.011444312125015,32.50168234433421,37.663766966476594,30.356812595683785,38.28868705523707
32.02777746962081,32.60573183239831,37.51099402013346,30.142232734989555,38.387207741129856
32.19189878538965,32.50155250892386,37.64754368452302,30.161366612708274,38.0836199976287
32.22256685448565,32.19432026308706,37.70973108930098,29.981529819578128,38.012591533260576
32.49001918844467,31.942404098928705,37.73977559375656,29.845679225126837,38.378977397177
32.496465950799134,32.11333855697802,37.76946842839995,29.844520523675257,38.52772245600743
32.479568824003096,32.31106063108594,37.71511004986452,29.83342940995167,38.39081763444443
32.36938071435096,32.15236963094185,37.600438477282225,29.86035000075355,38.34757036162003
32.52908791217668,32.025210303742504,37.68986675338726,29.9499981165784,38.337222902696915
32.48181023474262,32.24002348923509,37.5953255239277,29.886910345044843,38.340385989791585
32.53956480704441,32.207420452458976,37.60194042921878,29.80928826411556,38.240568378707366
32.2722523212586,32.200614886869836,37.467693695516495,29.791798476631087,37.98671795099031
32.40229704569379,32.13258571314894,37.288391681425004,29.82779753854477,38.347843424073496
32.27874027549578,32.11414177344445,37.18979916954682,30.162001556358764,38.31885289195914
32.40156521949337,32.1023745739224,37.26631627864786,30.080926045745077,38.26023625448026
32.5224542144496,32.094082230237696,37.457885061039136,29.852192776128735,38.311000114655016
32.522413841096,32.30360526676836,37.40405012492264,29.82254498653155,38.476865834294486
32.49698685137534,32.19904109320467,37.48842016039177,30.05068762578473,38.429727711025734
32.48433264769582,32.247133873068606,37.45578318550456,29.911443456714107,38.2730206189291
32.30258151006611,32.64155178830708,37.39549657592946,30.184412398075995,38.35490652986907
32.23724638814896,32.69943028125361,37.37338544055333,29.969723323197815,38.014761702166275
32.127944951303135,32.36242995514694,37.20471902489401,29.98927914849548,38.366904480983756
31.948635526114707,32.47632206328536,37.29687119892039,29.60836593396411,38.201469803487335
32.023830076731436,32.3301064976967,37.25922826511526,29.848002634734492,38.27120866280364
32.18922414255643,32.35918518519661,37.35094467791292,29.920432256597675,38.35665158496337
32.33782545963251,32.473182017943124,37.35229861484112,29.844378298142665,38.4886279631067
32.1282565354532,32.62977651067333,37.37693854774506,29.761420040493466,38.523866979095025
32.05383539101089,32.688757802239714,37.33759946915141,29.881394460738928,38.45407366836516
32.181592226455095,32.93179600654304,37.43379530401681,29.784575114778626,38.504911249639
32.35295141894672,33.25870799351479,37.46129606851017,29.691733000798564,38.37640166240073
32.16236403189273,33.498353011292856,37.39085450689939,29.731183335402626,38.45665472960569
32.22675814983108,33.23825936448185,37.486469155954175,29.68486889355902,38.40456978803754
32.20059967938253,33.317753076745475,37.59005750904214,29.935219118732846,38.33108457469241
32.24303452897583,33.1175163605776,37.52312883842271,29.896979670979423,38.40288617359983
32.26130710487832,33.01521900827618,37.568079990267975,29.926472032260392,38.288805209690246
32.1025914742753,33.2890871819301,37.88103047836879,29.826223696522703,38.362258416775354
32.425882715735916,33.17196242346416,37.545215264529595,29.541118440647416,38.16423418795677
32.546199717029786,32.96282768073691,37.57032201438105,29.856324990603074,38.2664721874352
32.57956485935495,33.06340973985192,37.67234283149408,29.784897746631664,38.59041386540584
32.50894577910389,32.964552524259645,37.36742278279026,29.59704454376434,38.708189684089035
32.321944335563906,32.976954565765524,37.26315861377816,29.389829216550794,38.68978909290301
32.273236197890284,32.915992312746624,37.494846629812734,29.626886614707676,38.489838733122234
32.28766147565015,32.66123481117962,37.52290060928417,29.443749048294585,38.5253299597744
32.31505858341425,33.059875291766055,37.43552474394511,29.58523539721303,38.39442530612623
32.32036605523366,32.98905729309972,37.397453388644706,29.44900776361579,38.31244183156614
32.107232297576815,32.95472406069004,37.09056793089051,29.472888418661,38.343337576819295
32.16181443603151,32.99037315004296,37.011867829339714,29.550894654034703,38.32438992725862
32.088981063401185,33.09780764633476,37.02362464255399,29.541544185380516,38.184986832041425
32.11746839638449,33.30298323753354,37.22842503411556,29.73926406961008,38.06952634285915
32.14583186198943,33.078909388962416,37.21463341782198,29.841169933917566,38.001878580912944
32.26448051993492,32.90543062246367,36.95927355215448,29.90665245760037,38.09471476121236
32.31921940885281,32.8089785727986,37.08946152643129,29.873583217735536,38.17288785666055
32.28706670852107,32.88254759628361,37.00100161881635,29.741402154626773,38.24428734356728
31.939436223350494,32.88280152876024,37.02272792770929,29.726324032200488,38.161196318176685
32.071903399737565,32.825593184532906,37.03218451069486,29.926574999252992,38.3830245965432
32.172155290732185,32.666208369040255,37.1200608222715,29.65806502488341,38.27130260521387
32.10594196367483,32.61834770412123,37.16733186070426,29.641698215669738,38.16989374827068
32.210104106258136,32.64335323313789,36.96436192621165,29.49738211138364,38.0791877269675
32.11311626075075,32.91011394448483,37.11599313413887,29.256675339504113,38.173515486572526
31.971094343391524,32.98708864400875,37.1632795396069,29.445015482990055,38.014292618065504
31.761030053717203,33.121606901287535,37.120272993498126,29.542890024735772,38.08109100961563
31.708022674725203,33.14142063161631,36.908465835864114,29.250831798536538,37.84408200994475
31.656717533201785,32.98783373928714,37.30290550233373,29.283288083388243,37.90266775049261
31.646829491892095,33.00423379119124,37.04697631314392,29.337685041142425,37.84550471721304
31.78554441806014,32.9752483229385,36.87722964262498,29.426342470646507,37.80822595247166
31.698556563580148,32.922430542023484,36.76526479044684,29.296086551711607,37.81091449429605
31.739007341345744,32.70078688838448,36.589257988527734,29.34991286528353,37.86226090783484
31.751320401229155,32.4554940131528,36.75238053958489,29.65981142531036,37.93125082279999
31.551119223348618,32.54512353597124,36.843824920806014,29.861976630727884,37.88868240788432
31.581056233203572,32.61172282164884,36.836484726387035,29.513351412749916,37.944553939671565
31.64771100235116,32.48458350196857,36.76186154159702,29.466612922742723,37.897736978928755
31.667938796600637,32.20955603176866,36.88676780930203,29.396430441419536,37.69458622235348
31.78796555523841,31.950056365377815,36.79526327685293,29.354485800269938,37.71697556342293
31.74783872388989,32.04897459973307,36.80019138993957,29.216729146627838,37.66249761317603
31.691437968454878,32.264316187502565,36.892601252642116,29.248899578446608,37.76978019861026
31.53665658189112,32.41401132016641,37.07664922498377,29.305394629085875,37.6469583016824
31.95022500312007,32.40225528522934,37.382802066408644,29.32224395928386,37.73994612062001
31.926617710375783,32.292463434237845,37.18050773615624,29.02858856933992,37.73748043044335
31.92658697728752,32.19760535679892,37.050366890369986,29.082147316632483,37.844258470400455
31.75626270043881,32.024758406591886,37.04924613777355,29.30333657320076,37.99669589943952
31.86427941575285,31.974864702305563,37.00416124020629,29.185757111499893,38.04802658768824
32.03726290878327,31.80543338165378,36.96297776365892,29.012941105758102,38.053245867619694
32.183517567921385,31.931382109889203,36.932276193204004,29.09508013690341,38.17521757937452
32.12282652350376,31.96626853867931,37.03398147590998,28.946942054125326,38.09659989848224
32.057166253165526,31.777378127746235,37.16855693087274,28.98215984606484,38.1034106131769
32.13148416456723,31.928455123259162,36.84235615841708,29.07407316028428,38.03426178485972
31.70282019965851,31.808238484824024,37.083304709212555,29.129697356575175,38.24104219212083
31.591420330913877,32.01539210113591,37.11056762248117,29.07176861071757,38.378272745362786
31.60688825703062,31.610176086534242,37.15865007857773,29.031327742226157,38.283355756366205
31.722919746822296,31.814812194033223,37.02256926815611,29.110739390862147,38.22221240758818
31.600231919689573,31.931052390040374,37.09852869135793,28.924295030273743,38.24264706079727
31.65835888751463,31.778568944477072,37.145271083157056,28.93453070936987,38.30778152151681
31.85692955155269,31.873440925819022,37.13364100340356,29.270176061353283,38.326735699108475
31.86153288210672,32.142478026091645,37.0478456327956,29.365173378725167,38.52184553509461
31.667761824810064,32.361262293795086,37.1509222529024,29.112346934970034,38.518153136066836
31.774353579564103,32.125174753231654,37.073793651144804,29.372701101425648,38.31689669713419
31.83985310230633,32.011216193879285,36.88384223607446,29.494048228774272,38.37562178725756
32.11757590401985,31.947595589887175,36.764683499137064,29.63350798963182,38.2718402634061
32.2119314213761,31.7829226547882,36.8195463510443,29.704612021289112,38.37197063962918
32.18753865813236,31.6332342172062,36.958026262232025,29.60343302889412,38.528577720688816
32.15483933833524,31.457690312194778,37.012075869116906,29.47932512098481,38.41653141365721
32.07052671328256,31.28471747981792,37.04239324271671,29.371040287329624,38.22707714449283
31.760257646928764,31.14535663149906,37.24922491278212,29.403339703335778,38.323415809017746
31.701421162474162,31.317033839580567,37.26046025853764,29.117239341567913,38.36440012790162
31.893951929788265,31.57952682680135,37.145385658702516,29.016387899983837,38.43251261002755
31.96813680780755,31.38427923977848,37.22311029294036,28.92332965065893,38.191163373942935
31.728267989582264,31.437603678863134,37.397620679508506,28.945213833990756,37.909696832773655
31.712176741012403,31.32025046264835,37.427759025052715,29.093136974119897,37.75117571594905
31.732806156406838,31.43879099295309,37.29284368142943,29.16735177878541,37.84712783146985
31.68848702897101,31.551480734141396,37.24170795751336,28.936435026187997,37.92881650977201
31.602912114089992,31.758240188522425,37.154279330785336,28.71299673589666,37.75464824987545
31.526247582187256,31.8117691892201,37.015622010717635,28.951907563417866,37.45543504120471
31.551199139354072,31.98936338621213,37.21529847594654,28.868133668737457,37.44957645548612
31.405461016407727,31.93408046377619,37.05119061445368,29.08365904674661,37.81453093399186
31.680613187947372,31.997852433537645,36.88434061052743,28.88916570687483,37.725711420826215
31.791957428311026,32.06026310361917,36.94778846575603,28.869870051544535,37.76615432324512
31.557132319254322,32.09507992997651,36.89104315539469,28.773170760797825,37.70437539093885
31.53897051514185,32.18074277320243,36.93398164863381,29.00923301921996,37.342669912653236
31.650993239664437,32.18306331592541,37.10053046176827,29.075155874055078,37.22581157929858
31.64357950842839,32.2155759259573,37.14695430033365,28.841376890032507,36.990268058492966
31.614596203255328,32.608854596560064,37.19574774268417,28.82654748184811,37.124475735164786
31.36737983849299,32.61309483040186,37.20151283616635,28.718809348655977,37.121519965855825
31.315701306625183,32.578214267083716,37.20727283752078,28.50206839055979,37.12517000052485
31.34949499060727,32.74988233187006,37.22933242769415,28.586284062046403,37.036154751461574
31.36016228010711,32.5317090216187,37.18915869232745,28.579616780146033,37.01981361114978
31.258429142937626,32.49910927454414,37.187177324070696,28.548880263495523,37.181868218914246
31.147936917381745,32.42583998450114,37.31809993898782,28.448435973361867,37.32800465210517
31.312981785072893,32.26818171159899,37.224058775944464,28.486036810301943,37.46487189164022
31.12988045460368,32.51420973768621,37.151115950706874,28.528099372343767,37.242723934438025
31.16130866708812,32.456572098481814,37.02491043725492,28.445343995379513,37.116294519643596
31.071152054666758,32.288144376424405,37.01594263312574,28.66209109631856,36.85589291045689
31.004619693587042,32.35816502386782,36.8996379288474,28.93293090576075,37.07268201037648
31.15373191127517,32.36604730457158,36.98298706272625,28.876483848116884,37.444746524761975
31.33197109069247,32.31696714917389,37.05285319399401,28.725042155803095,37.38136719484512
31.46955293145377,32.430384069795345,36.91050737179656,28.702840551050432,37.51545353689054
31.550095138496417,32.41929136854516,36.93189810308886,28.553106007229463,37.76623739925328
31.634218151968714,32.26327319276501,37.15488877313494,28.578987942346302,37.79951608118066
31.66936263150792,32.122783683601924,37.26086840784999,28.65939258831452,37.85555625156306
31.631953223852463,32.05733638586555,37.20204189142823,28.880686332234085,37.79706587887034
31.745461271879282,32.151558672906646,37.1092419979617,28.789168976284323,37.984617712856185
31.70746726249138,32.16038560055771,37.099692871898576,28.527208719597738,38.260806134869746
31.643079155235498,32.11010801565281,36.97171260762028,28.47243863163576,38.44492438862753
31.705973185370407,32.21209820304239,37.051548257320285,28.74571223939765,38.117207723856474
31.588299527720384,31.920499520584134,37.16540802010547,28.581859852183218,38.07163903938005
31.33791348569791,31.762050519253727,37.19400493511638,28.63374926355031,38.07114103138926
31.214630458298085,31.761955145387557,37.15738914201115,28.770649579627815,37.98860201319148
31.280255663120943,31.83669062481206,36.961210557270945,28.647667198020763,37.87970388007332
31.244456302773077,31.675435445451214,36.8259161301007,28.64781914178609,37.9743063033679
31.360045454301993,31.657422492854547,36.971465308823504,28.508762413054008,37.90636291126421
31.437295300411446,31.622511782839435,36.92934907077782,28.412095749391877,37.8685756629631
31.52470742371035,31.85661077321446,37.002550442524644,28.53386448668554,37.9164537879909
31.52265793788088,31.6711345833946,37.07921017463816,28.641320479466746,37.76552111904611
31.497667621558996,31.731202045043204,37.11988986945922,28.784204037132643,37.85224347225997
31.47202332575821,31.703811289111226,36.95732809059116,28.76741838695409,37.86622270091328
31.58499175534893,31.81362929078738,37.055617057846206,28.752965203324496,37.592152259533584
31.545884661012142,31.728108485444935,36.850817536686975,28.678955334313688,37.596465271823725
31.563363536972982,31.519640528081123,36.82650925819627,29.065121006747646,37.779262066474864
31.60072892140666,31.422063907171964,36.839728544789885,29.041822134576606,37.65567845867159
31.444666351294323,31.320073889704723,37.015837193084636,28.714420793281914,37.64716239294243
31.366760132095326,31.34492956236564,37.09276007705344,28.89759610109627,37.605333839811195
31.5077603723234,31.253965618186324,36.926512118512605,28.837072296701866,37.76214956236989
31.389015866385595,31.40908944182755,36.91003447044526,28.88192966429046,37.645724622377614
31.385295631283185,31.743638472733675,37.022925415807514,28.61216175418176,37.465121988460766
31.446002274499087,31.796693319837804,37.11082651992909,28.315195980939666,37.55195689453908
31.437661476607243,31.91652462444689,37.00482602642204,28.154870153949286,37.718776703210615
31.545272495749984,31.93075165980585,37.02304027234484,28.244092101932452,37.53676313502856
31.513275024764862,31.884850143235372,37.31262037908601,28.162706626523878,37.44317614181733
31.35711889579881,32.07643207260559,37.32656986918265,28.060476498971926,37.562311650976355
31.406980299882687,32.09928085180188,37.294954188499986,28.05380545314241,37.41309579931774
31.520920400554278,32.027911671797206,37.380775152504,27.82828981354177,37.112444258963606
31.840762226432272,32.29546286602838,37.39062589656978,27.953474895886124,36.93836272445542
32.024741576146035,32.5802199542451,37.43583846570169,27.653431872096526,37.18519026332769
32.32908983084873,32.46971028853987,37.408045900924726,27.53881868412879,37.23516054991954
32.16898452900924,32.42179373931706,37.47879430324081,27.653832242150212,37.30818819621657
31.992110203774125,32.190147833089256,37.26296000027097,27.86116034975902,37.21597925865389
31.993312024751773,32.08816352325813,37.08225209592888,28.094355852056562,37.08665751601836
31.926194144955712,32.118825369035235,37.22266527512998,28.298644331929353,37.475165236779894
31.784298356639873,32.2326952102174,37.32654488537717,28.41639090345803,37.372890394036915
31.89620119756875,32.16039970027969,37.3854487416329,28.33849053648642,37.25344388924973
31.85617946922231,32.37583030658444,37.21493701146564,28.181797677066932,36.88824337969703
31.97305303599696,32.57642580810441,37.30560282023458,28.379850387013263,37.29019324675405
31.692352952644814,32.33923397111682,37.27996770376181,28.76243831064734,37.315156006437924
31.87716770962827,32.27271001410974,37.16528049802059,28.602383032405843,37.325360224927465
31.955075652604634,32.248374284043685,37.0243023447669,28.53635335654547,37.39201447251776
32.01472765286865,32.07880982743023,37.14359217902596,28.591583456318954,37.53149694421829
32.185302984994216,32.14150589818567,36.92404606367645,28.85760167822753,37.53244806637431
32.40220480294263,32.11831647950197,36.716683289528056,28.839365409506023,37.69060485841399
32.61164483884856,32.235732489385,36.951041447984736,28.65495138700477,37.64506305903189
32.37850812844094,31.98472274831199,37.136402212729045,28.805290963566986,37.6245099089605
32.294889014030915,31.74006270871879,36.8779706231555,28.81468119488588,37.739474646859314
32.257102566862805,31.835109020092542,37.13926135853461,28.8471246203339,37.75751734514492
32.572784087953,31.91639895292366,37.187004592022234,28.556408386708334,37.54681802918097
32.701462330889925,31.931855148373778,37.23828699208417,28.62721041104474,37.56432691684417
32.77034798058303,31.991967777131606,36.957045588636916,28.917584889258112,37.695293141278384
32.70321561689856,31.992046483504406,37.05718643594852,28.83408949044412,37.46044885747206
32.72082999938224,31.907288439440165,36.97506393612016,29.009468568953576,37.585627954063334
32.62004050047399,32.10643304805392,36.660114447133424,29.075764202726717,37.481644276945744
32.82866545685648,31.96200638720078,36.70919972198972,28.98404141464781,37.42848428520287
32.899896430516584,31.808876467877415,36.84194436391732,28.860445227792226,37.30225424535935
32.86297191893439,31.666545658311147,36.92636687358339,28.794383910103083,37.16692691832825
32.78566518166624,31.708523231600992,37.17539673524622,28.53920626736571,37.205613169906755
32.839895521535105,31.570325898027384,37.003153053703805,28.582877987102208,37.36273109031754
33.03113395955227,31.625781868836167,36.97212337991443,28.703906399891476,37.07747277468852
33.129666443071564,31.624706096540613,37.05035030060792,28.660362015935412,37.09911442502837
33.03661796152904,31.51676331747674,36.96195788833545,28.625633241443513,37.21520756192256
32.926409050733334,31.748880053064568,37.095200687175705,28.56867228139039,37.241071668423
32.96057114630112,31.8880857520177,36.853302413722695,28.677826629776796,37.15101841276411
33.08876746087578,32.152091907275064,36.88831298366596,28.872911121107606,37.27521173229229
32.82566041938632,32.12050262102668,36.80274950072056,28.962952740101034,37.12395879673728
32.800272292978214,31.972452523679163,36.8598553888721,29.210416001290508,37.149827408163965
32.6185868606312,32.0496101821381,36.49395144511439,29.142838070924565,37.111776917564114
32.719525965273064,32.149610018904696,36.641449501079784,28.934803858596865,37.2736088239894
32.8661361241711,32.338586487050456,36.776418832775214,29.103101146639368,37.17248190882954
32.73858633539298,32.27603510302539,36.64815213314247,29.042914314365543,37.21245109795985
32.85738869588655,32.37676282926363,36.77696627932108,29.098147159309203,37.35554502686948
32.96142282383212,32.36495004388992,36.775693830470146,29.18000126489902,37.36133854089589
32.97855338773241,32.15610267384353,36.87658332168108,29.307182593948994,37.54344060354596
32.83507049649761,32.14996534258976,37.00802269506504,29.54217545964368,37.60708494172133
33.068915323194915,31.828589649951994,36.8519406221029,29.28036365362402,37.5312896314319
33.03740641521903,31.876054166385035,36.98318496704857,29.205095825880196,37.5765252899875
32.99890452394925,31.97381195205854,37.200691408665875,29.175126845488794,37.574073982287096
33.10002599592301,31.891410793259872,37.16272595291208,29.100088123319917,37.4077377066776
32.906609487175324,31.91162072204639,37.02004712277362,28.96937745430653,37.49171946797416
32.831171418614446,31.5396255536738,36.993619727559135,28.991001653052273,37.35066831607
33.11343086908829,31.74927045000616,36.93666123757288,29.16277632698366,37.40262875689117
33.10118840669265,31.542009326360223,36.96228925187828,29.1839693217958,37.546107235940475
32.69753178476933,31.604620882873004,37.10473928245358,29.597536537551335,37.462078848428405
32.47046044216065,31.645080177224546,36.928734045150605,29.535500321039542,37.21154225860207
32.53018844917762,31.47139330178533,36.89329534891119,29.507925789963664,37.4003064233907
32.83095834828893,31.628478741583177,36.87885080042037,29.657502892555648,37.72151429439966
32.70092181604037,31.543278984740706,37.17531394846215,29.51049258005852,37.38864484374893
33.24688587667974,31.533276751438954,37.29031599074607,29.31388851863106,37.59500713413614
33.444996523147154,31.740446032637934,37.04992236680334,28.93047047238024,37.70807726417566
33.64022664514567,31.932231646240936,37.05181014905126,29.05579293933653,37.49854450772669
33.52121327741358,31.885072904353105,36.859263025031446,29.352635693202515,37.46130664349208
33.64783612616921,31.916781105315692,36.96714074330387,28.92600805102464,37.21436398515234
33.865532847880914,32.05173309622493,37.04096227522325,29.210733357568163,37.27977327083043
33.75597079541147,31.951775734102707,36.81009690120633,28.726550397590657,37.269822070416495
33.49677115555761,32.0518668830816,36.769020517641685,28.79059719138882,37.2849729477659
33.45070888092163,31.966979981608116,36.62328077392734,28.81348656800521,37.294184427168084
33.65795509035773,32.18785164205829,36.98858106347246,28.95037108431618,37.27172934503258
33.5898835562819,31.97382310056808,36.99453656916995,29.196191890438808,37.36681790013979
33.466913569863635,31.94013556076634,36.962647381491514,29.025287426348747,37.44761154643199
33.539318791708595,31.52274438283542,37.12557137257658,29.26472795822698,37.55163176719982
33.7693907152674,31.611061217081552,37.07256898465291,29.436262368155177,37.5067836996775
33.81051203058814,31.407595051052322,37.12118823207462,29.34443319122734,37.39069945947647
33.588746955895715,31.429969245540086,37.12157180259288,29.121694264796655,37.587129972274084
33.552860470277494,31.436959545933576,36.964081793051356,29.495645478628393,37.6567243022362
33.583451159425515,31.495352421099714,36.86767009845624,29.628377259265385,37.7180394477643
33.73265222734825,31.440375409685014,36.975156538687926,29.669301794569833,37.53846285157134
33.60299088292473,31.586716888341506,37.10672643106011,29.317985944276685,37.51091097608707
33.40441772316411,31.562988331020627,36.91298451656959,29.35077609878129,37.308895027418345
33.56033396296412,31.837786694927264,37.18214093308207,29.265723749131446,37.14622454133867
33.214348516458806,31.96166633770344,36.856651309471786,29.368476189239082,37.294358625553016
33.15585213037017,31.680286285494855,36.816539914879705,29.281255531886078,37.33676948883553
33.27737168850625,31.63915099274268,36.88669317000116,29.394539098954343,37.39983490717681
33.20637202791568,31.577970646929845,37.001126300410235,29.35559377290643,37.55135704034585
33.27091946060095,31.68320861837597,37.059978231668104,29.52902475790773,37.51248024099727
33.27681658222815,31.63997439700495,37.0021020233243,29.44312343912279,37.34889514027761
33.43196251324601,31.516767106777163,37.12713190606699,29.648529736185715,37.25976908543345
33.66138404229843,31.745669374575474,37.12229847817994,30.012879656135183,37.12105438488909
33.82635660092224,31.695381019288224,36.95998266319741,30.039721191902686,37.20823058826807
33.78521025774463,31.860709818422144,37.15438668373003,30.18215920626958,37.20425920832457
33.60060657846678,31.882344699987677,37.167280815718414,30.30902344975014,37.48794011338179
33.68576344672101,31.947392259597112,37.32743936042574,30.19024383819659,37.356335061965375
33.74843797271118,32.02171662825992,37.28949150921767,29.91314918217263,37.37716078657209
33.801814058486286,32.09129263523049,37.45882206579262,29.71303623785173,37.24573335934953
34.10040821292871,31.927489100936995,37.31871642416181,29.871980018983578,37.08695587964009
34.25549686143806,31.927030031004055,37.299193938924724,29.926201503152164,37.12461766094454
34.190588778582736,32.13080895464871,37.25603333771038,29.770911667150283,36.78353024031259
34.08102689803494,31.955103118515705,37.07681194513437,30.169937807447113,37.04807983505801
34.20997538595912,31.9109920220092,37.29499921613796,29.933664353274068,37.05801384569901
34.10616478202115,32.08263290046892,37.240481034411,29.754408085209253,37.08508957220933
34.12527682627133,32.22150208544388,37.36488403869413,29.454251003165577,37.070162992036664
34.045720683236276,31.894473060804838,37.35086277832235,29.408479724395217,37.20426587255206
33.9790230919615,32.08745705332329,37.44158773421614,29.499869293649233,37.03719609584847
34.06191224588844,32.3024393284525,37.30528441377895,29.481164115786985,37.05227766671275
34.110377444131366,32.187853137039426,37.20587162368553,29.591537268476042,37.00595964295479
33.81861822218908,32.363690382086276,37.33560017962684,29.75097994440961,36.99955445169654
33.753887213136125,32.51371380893732,37.40492920445373,29.678614478296765,37.13740173910441
33.76420509942015,32.417951550394555,37.45259893122492,29.554486325068602,37.04780140722428
33.86698301542007,32.262845285216166,37.23671883555781,29.744828077321767,37.03772019574507
33.67680050134642,32.18755295061788,37.226800578919004,29.38969719633762,36.98025572479349
33.5982426567385,32.21581141600902,37.22346782297029,29.323456102732813,36.93214413156873
33.4965094464976,32.187163803507154,37.24327582208883,29.196542471853913,36.99996881917107
33.46176401850177,32.1161341784672,37.078436723520326,29.333432884618553,37.12976956927472
33.26222938300938,31.927934301614584,37.01234687781869,29.263120736767036,36.93705689903939
32.84342179291015,31.85370971889139,37.073089357887035,29.728197442838823,37.20347558584488
32.98507313110362,31.925640780732348,37.17757860093093,29.71405985722654,37.24580963883213
33.09734887838857,31.660733879225265,37.2009275900374,29.714563567174665,37.44885454688148
33.21266961425958,31.789587708822964,37.33192183569705,29.884146251355773,37.368220143306054
32.9349406639657,31.653593132931444,37.263331108002546,30.15599058584893,37.50078319596467
32.75868996170588,31.64678651470736,37.214350476989914,29.97957991619174,37.31112488907135
32.75248353418109,31.50372929612478,37.11820788089855,30.079399060429896,37.431397614852976
32.64581675629027,31.29051947056307,36.992008057119264,30.22792573520534,37.24996610158646
32.57413804949944,31.715027295132117,36.87354963316668,30.56264130792871,37.346739309011426
32.694807441907926,31.64988177957407,36.77313535399009,30.583721106954286,37.276861843135514
32.644984200923055,31.77130040813028,36.71165963548985,30.66185776611309,37.36623182129288
32.56513200701203,31.723737145878797,36.807927734544336,30.42105294699898,37.31670690291119
32.671393085073326,31.759181561090685,37.03369198599296,30.580124390431628,37.31873549366994
32.33956345863751,31.559809349188974,37.06374775463096,30.560841153460107,37.05524814692075
32.43642792788697,31.56543267387714,37.15722248340656,30.179552685586266,37.16399229425131
32.39940795083237,31.450903376067775,37.22705656549468,30.0764006263218,37.262016263188265
32.45091640555484,31.581776739670662,37.23838840750739,30.025650979957028,37.20179830512286
32.32126293101586,31.492290252780897,37.20003934781211,30.390333906315636,36.99793826092246
32.16543680838811,31.309690875629624,37.259471669261835,30.118869517975714,37.19621505486441
32.12274576417775,31.284529785926345,37.33959342801725,30.28255495508751,37.08927588065644
32.2432127361357,31.31113561663475,37.09580355005637,30.57012814215223,37.15544382837741
32.251496912105196,31.645589320096345,37.397615716578464,30.208292285797704,37.11751118163738
32.09925439961195,31.571835059289228,37.35198249138399,30.055143951396143,37.164941953876024
32.15013031967901,31.569388500072446,37.321185378324664,30.254736607607565,37.5100173136163
32.244815686590556,31.608053332930343,37.26569172246309,30.273280049930232,37.78117959041735
32.14090265377544,31.788729237195692,37.272047954936575,30.372345494035034,37.68605495499946
32.023615993701874,31.692334438358067,37.01791431102167,30.46854817798644,37.84150660935916
32.263529263641324,31.585614144293963,36.932835828844915,30.32168121904279,37.953673746564725
31.91256647348928,31.314603378220962,36.89481602352342,30.134734506740383,37.820481253912504
31.99537724760636,31.32708021331017,36.80642138198717,30.215881810119853,37.62250000273778
32.44931517043239,31.242049923418186,36.873323643050725,30.151661776888968,37.735501209461745
32.226607944050706,31.303686889745027,36.775247219515165,30.10069448682806,37.721844757838035
32.49894712284065,31.37264659071921,36.82037484308359,30.10382143843185,37.60683437091378
32.723280608290864,31.41865093438748,36.92174178827083,29.976798075898202,37.45090275166921
32.71037279644106,31.179209635899415,36.94730724852388,30.26116300266985,37.30337536284148
32.4232272559616,31.110719951517986,36.91670721495022,30.131273257440295,37.277665100091625
32.50270593100679,31.365127125225293,36.89388216075387,30.07865635257889,37.36077128905207
32.34527520325863,31.400236156180377,36.64864708149741,29.912878334838947,37.11581473100056
32.17409850745625,31.73384935993438,36.628201178465,30.115725848890587,37.21048220302214
32.19936168570967,31.558816805116415,36.688752480583055,30.111996375282757,37.36598173037007
32.27270938590061,31.609357494023254,36.871483586197606,30.240268884434833,37.31773885878397
31.926869651444175,31.740928850247585,37.024127147470985,30.205523367946714,37.248363970847905
31.987306008873805,31.68406373498029,36.92326383807014,30.171613621503713,37.46152258084474
32.22826127844793,31.67598933054138,36.78167495113093,30.21394452838709,37.43274233018738
32.61933759701478,31.677759939812965,36.7041736903625,30.492408652639124,37.30685743706816
32.58559953181446,31.536182190216323,36.612371170443424,30.081959332240586,37.203392913437554
32.508105935754685,31.623466339353044,36.5420157951167,29.948455771099493,37.22039994525613
32.8884136516456,31.707783021599035,36.25712151459475,30.169481472570922,37.30287800763047
32.747943221189516,31.702931390702943,36.20283017156403,29.88250873767436,37.369255582128304
32.73499865647181,31.9042862946712,36.319263652674046,30.078753841611938,37.55038451698582
32.32855360959969,31.743174621143744,36.50387481988401,30.093988414335676,37.670363703041254
32.43420978356215,31.989751153198654,36.408670154094885,30.2218993076243,37.39531599830038
32.32946046253182,32.084744505260325,36.615900278986004,30.205582995220695,37.52979561432288
32.09375238321981,32.02349011411242,36.49172019734093,29.977340746128753,37.59211126905299
31.953704328748692,32.1584885550066,36.6311121913366,29.959449255634055,37.54105650896268
31.69293885504619,32.27553328124634,36.73122185480577,29.58949460160257,37.57598617788299
31.567806818128535,32.096127790038125,36.671711895563405,29.608864355541648,37.74470852154674
31.433048718684883,32.06868880677155,36.71992772785544,29.772661694801933,38.00374343051956
31.57570598747632,32.01137042660042,36.53353304787767,29.86203989080506,38.007175477796075
31.71270509708938,32.06813758526116,36.60878809126425,29.92802060358075,37.84908454210625
31.813183684810845,31.877983096811594,36.82863882631194,29.757211099568174,37.939437547660326
31.819637378003375,31.969198205489132,36.92559119473117,30.131844019462974,37.97610544429948
32.10328142748234,31.881145121012462,36.79861771316155,30.227631940681558,37.892474831097495
31.92191430260496,31.940652862145374,36.933386279660645,29.812790872713457,37.78978987999896
32.13463451505775,31.947120843004342,36.967274859103334,29.555835319925436,37.955715171091185
32.0144398390393,31.977597011678316,37.046579820388786,29.3635198320519,37.90727267603267
32.25678473659854,31.68646944560936,36.96788139524408,29.43758699902829,37.64538428258938
32.333579731714146,31.284640354304866,37.037270205102914,29.36971528020558,37.54092536702095
32.13285379646365,31.16515092053706,37.352173387697206,29.21789136845955,37.401055195238385
32.15613022131735,31.21900420748226,37.44399855337799,29.33585677408541,37.52468632588289
32.227007876842855,31.079584119945327,37.41560571055753,29.46205301933777,37.47734343931779
32.08486555708619,31.216601179217335,37.02319111750618,29.579380581311014,37.442164181935674
32.10202155620693,31.157515134191126,36.97449901541159,29.40810881642973,37.29235318807412
32.155765482111384,31.07284628308219,36.72483126352413,29.467533289948342,37.486761859689615
32.403000473035426,31.202799392373397,36.68057641366076,29.720323315432626,37.48801804275999
32.44850978268036,31.193527017997493,36.69875752161982,29.780739111210234,37.538703995774696
32.40461799517193,31.186994569910105,36.76489340343344,29.65617719319967,37.531481484107786
32.590413636911144,31.37283444793377,36.861028594846054,29.54509730914705,37.65502361755424
32.945479926315464,31.288438338294238,36.88190906106334,29.731037072619817,37.558154400415724
32.710837563999455,31.400865094627246,36.90603870169139,29.685986632071202,37.79032734019349
32.71801971321529,31.400289111619664,36.689461847516434,29.921726532763355,38.010069275010146
32.560525367183146,31.329583722612856,36.80919936662871,30.078331526200373,37.72654703608929
32.26394119854873,31.319344215488957,36.910313830625014,29.99500781095522,37.7486680563451
32.05000809828916,31.385037489623105,36.95360178080809,30.109483205955446,37.71071409237413
31.981108648783856,31.14950466313825,36.97399235465291,30.158315210374315,37.62431726042351
31.807602735179863,31.094120121417543,36.888775412068334,30.0807576244303,37.67037676300155
31.69578164660313,31.14997157070053,36.88649480400004,30.001242953729655,37.78074557133296
31.802534994966148,30.824265332370224,36.61098003390467,29.902215726060074,37.802190694005624
31.70103952996044,30.749019037234785,36.891511511900106,29.79206115022472,37.96106158600561
31.81646836227505,30.86958995891133,36.891432869375556,29.584392228578345,38.06906345780276
31.87786078866694,30.911240561651272,36.86523891407842,29.48530425830156,38.21267278890993
31.99688572655126,30.90730070893044,36.82497201420106,29.793466521076883,38.20181104358918
31.897719869285407,30.858233659524156,36.73638602090524,29.794990840837205,38.02968592296687
31.89669463425074,30.813648061899755,36.68834397614712,29.92953637367352,37.99856687079804
31.915990476669194,30.890632787437458,36.74827086699879,29.889592643806417,37.973709261993385
31.94390977365512,31.05185124052053,36.97433245374337,29.872189539690783,37.96565050574401
31.84317421552379,31.19179352102969,37.09255879587357,29.83109361646152,37.77957347057889
31.891495299081036,31.225544668244584,37.001625685701775,29.936740965400556,37.64759231503661
31.77515606778135,30.97396041579545,36.96981256849451,29.98517944057553,37.626949287561146
32.118669694006876,30.810565189618575,37.03689845276788,30.080657138698506,37.797485869053524
32.180789986266234,30.81386351695448,36.94131197177081,29.9004167284487,37.70653112139056
31.952530839386906,30.67290761536477,37.049022617759526,30.214221954435974,37.7412967981146
32.21663738866056,30.673723783311466,36.93564999092842,30.44699628683105,37.80164591679733
32.20544232503301,30.796301732728157,36.77971208766888,30.274335808773742,37.97933037139359
32.389700445066154,30.860499971607148,36.87393364338942,30.322090562126952,38.194859570763754
32.299122097041696,31.113090130211237,36.67954435102535,30.410240493461902,37.97871326112615
32.21599036689112,31.054645016296682,36.71711172129581,30.411728085762622,38.11316480386579
31.9761374191611,30.95997456086811,36.78783725293424,30.474434379802158,37.99584276904132
32.085667219829254,31.30991122589,36.95994853725559,30.363797626153616,38.08831472870531
32.11078897434859,31.379732477852663,37.14911806537295,30.179201020018564,38.128429494750634
31.94685676411535,31.47011855172244,36.856823693836716,30.227265466897315,38.15961765139078
32.02163623235429,31.557380377678076,36.974534676645185,30.603273094815155,38.025233881188385
32.09924696213882,31.543957080275643,37.08833470840162,30.277375623800246,38.129747414711034
32.147870396051175,31.485289567652174,37.12900523910421,30.243144466315385,37.900785001346904
31.956187871682804,31.56238885043422,36.98345211495994,30.014872689200274,37.88729938578547
31.994351610945962,31.688920574338162,37.111817901371445,30.06556699501641,37.80730341921012
32.140797339938615,31.78933214541816,37.223725734295456,30.214104483385757,38.046987284006086
32.15244036410196,31.513544941658235,37.26267830086033,30.128984989354326,37.995457957419845
32.11877317042236,31.354805513933897,37.262944817274295,30.222190036297608,37.94477014011129
32.056194564533364,31.38493593394239,37.3164974120409,30.532176592844774,37.73577920176714
31.871163858195843,31.373481346901283,37.40820932691859,30.520178867887445,37.740337244627156
31.9390915775067,31.533028727609008,37.333019758504406,30.776561628432415,37.78642596563379
31.92938438713359,31.478143136998373,37.42424021838292,31.145874473008554,37.9346704868116
31.899571276819504,31.479833771924618,37.506856512661805,31.350735386272998,37.90640258828229
31.857668870864654,31.481115568629527,37.21971285792724,31.469983353433676,37.98769932418084
31.95008710555905,31.254075704728947,37.174444073900695,31.355477158031004,37.98945937157106
31.969466188886386,31.160909748278158,37.19568117861877,31.36921897785819,37.95154195350859
32.02595643662284,31.220030179079174,37.04266529100455,31.40316422967127,38.11616754446095
32.08614454234896,31.169829015907922,36.90557314559151,31.28699607055935,38.137542745905975
31.939576029952637,31.283825093207692,37.09770285142323,31.20013173759506,38.089177882257104
31.670997467966547,31.41593755291208,36.99712001678651,31.212034088125566,38.07912413568139
31.606365376548734,31.44558312333868,37.00546955998307,31.106729468876036,38.07353434251499
31.738092114728786,31.38254431271356,36.92266953902839,31.075220740342264,38.18828393561632
31.7277540237997,31.092851837538426,37.02469796540029,31.164846671556067,38.12877924580558
31.75222240355399,30.983624364807955,37.18069403963325,31.381868512958995,38.06039295291507
31.61185359571347,31.025307495814857,37.120991091579036,31.138416767634624,38.31264044447669
31.494090713699716,30.91092739130333,37.129787302408815,31.06059433975973,38.00565581946152
31.600052475498796,31.15798677185897,37.24715960654526,30.967263422244475,38.02825900909062
31.593662451900766,31.192709200851922,37.20643994847845,30.828195469173167,37.86179686111092
31.528835600637187,31.291509959639566,37.33393466554832,30.548868238557326,37.90498095797699
31.678914243564897,31.345543369687313,37.219553182711856,30.69120238995145,38.0305839301621
31.593506815050734,31.22867467134366,37.43072803759439,30.579759138913047,38.046744891921435
31.46161910727044,31.182134710548087,37.48940607165361,30.643932473876188,38.14475188173385
31.611028552042114,31.007939981655014,37.702037583034205,30.63438292044227,38.36191739275725
31.5607198052417,31.223613954411107,37.42830932829739,30.516216121544023,38.527738502896874
31.42080255198422,31.44229406817906,37.361200380817216,30.78738461732057,38.4553600962185
31.602320003712208,31.405341151590566,37.32871843495388,31.053928080700437,38.58821138341408
31.453763947993217,31.35087490772792,37.22824276256476,30.921123084700213,38.62478764549978
31.56472153555494,31.246450877589936,37.39263129355563,30.770965261045486,38.512054300752546
31.431352270368514,31.523815835824973,37.35278018243459,30.476769834118304,38.34491642516825
31.57424619042757,31.58358931117627,37.479524186674475,30.613136510141175,38.31630156164051
31.780134891557758,31.440417147115742,37.206197919572375,30.584676150962515,38.07527296113791
31.70368891959358,31.28146580997614,37.29078935469579,30.558063145214152,38.237444436524854
31.651152813371496,31.614471380069627,37.06959650937555,30.37107626769524,38.07044723420299
32.01815952519292,31.438885565885144,37.12259432055901,30.29650734422948,38.11369491979612
31.93105321624907,31.54551829715334,37.15639410983543,30.36077815821559,38.11504346230011
31.866166547548342,31.58575540157233,37.3686465562559,30.301655467603076,38.11219226890251
31.984622745087812,31.416504098377636,37.15179165178789,30.174267457468986,38.090613285737255
31.986310162470414,31.48261663889453,36.98996652134584,30.067725849379958,38.18185678023487
32.10187905387065,31.551336673843622,37.32061022642936,29.732666475617204,38.23070701441186
32.13376758354904,31.735127880835062,37.15145439434173,29.8970361497897,38.3492102298396
32.204388785515384,31.91946550861708,37.17115539135128,30.440913803244005,38.58033919167955
32.50602534526993,31.918461890090683,37.47515731788814,30.648429099919934,38.641469617082066
32.65062644705,31.7356844812173,37.67378531048857,30.30435426327578,38.62720894990024
32.558207437521986,31.618874401894555,37.401170684914874,30.42944357572195,38.46306496421979
32.166109565139976,31.640710688526955,37.418016512495846,30.371192132350746,38.284700458546055
32.01955402738086,31.618964048082184,37.49744017817209,30.352763550495947,38.19198361898585
32.022832656663354,31.577467151834604,37.72221899838603,30.490151430038903,38.33913353930928
32.36438956083071,31.95313291904687,37.773177267633486,30.49996794666413,38.344052630643496
32.359083498068834,32.04925225853356,37.63499159498675,30.401753608574598,38.28288764452041
32.22279968344752,32.037676352439,37.68140889476384,30.58735926280107,38.234763607361494
31.92695437462338,31.876807363744344,37.65840101108879,30.450067803200636,38.12483316664631
31.957171292765178,32.00582736671456,37.80336461925822,30.465115167465086,38.25379808491044
31.989150126034982,32.17305568523677,37.66952264770864,30.701281612268666,38.41718120020845
32.0885213531704,32.09761732030418,37.90458408986034,30.806464159270533,38.327139662104365
31.943844813835295,32.078575980670884,37.916394575781425,30.814622472985192,38.23062518361986
31.94375663575726,31.961413921623922,37.81637474226909,30.86605349565381,38.08876265758795
32.14683909763719,31.873838286268636,37.766727426534715,30.92445157324407,38.29532328965095
32.33916778574426,31.905596594387653,37.69902540275266,30.943392341291947,38.352164603175346
32.14621217689937,31.868546968680086,37.74169759632788,30.559897175922625,38.2960279121342
32.043642409220155,31.745822938919073,37.99210147941137,30.449546433377844,38.272283997611574
32.34461215884559,31.847930283267395,37.83828552686976,30.683696852848474,38.25126365813989
32.41042350161431,31.833215170354535,37.75019038828726,30.753473479756263,38.283663001477635
32.481095988813045,31.710787329851872,37.67111959501487,30.679624349170307,38.18111688015008
32.679932108638106,31.47731500255894,37.46763468951577,30.813754382204063,38.23836297741456
32.168941523509616,31.405323503851243,37.556979710853334,30.72686584230678,38.11016014358818
32.29934883717087,31.33074689210323,37.59746070132191,31.130904924895635,38.02261155294332
32.194280966284374,31.32577802998539,37.65372507129576,30.77889923957933,38.07713750021656
32.189200272721955,31.106897271617687,37.74527364492757,30.86825071197582,38.042741312152636
32.11115694241939,31.088088515469778,37.91395651214075,30.677797255246634,38.00777799379963
32.10382264115993,31.1489340515147,37.92118642728343,30.939013635397632,37.741929834542006
32.174197817593296,31.232816268611728,37.68782778488918,30.88320128440315,37.906638853941274
32.104877193826105,30.928767667966596,37.793513361565545,30.899804654664596,37.83918733818764
32.18470437198209,30.73892662290101,38.0451322638585,30.836935277276375,37.89447466280222
32.263331163440846,30.606117246378115,37.92586749415629,30.75178561905593,38.00957621331508
32.1605989651632,30.81148974099154,37.91515618790284,30.903915566905905,38.11819777203928
32.09123138079447,31.030758144373618,37.971447263133086,30.90979855840299,38.48303690598196
32.15707879768699,30.97055596838638,37.774264578036366,31.033387465291028,38.45882110802775
31.98486418606201,30.968910588017437,37.4204792404402,30.91084173601479,38.54694263601973
32.08657928526878,31.160340464389478,37.45437707731697,31.24140470953303,38.58266667524875
32.36733555448957,31.101318747647905,37.50404225929691,31.082632493765207,38.71156515406716
32.409490555675056,30.985163415577222,37.3371519766614,31.194521109839812,38.7416087319883
32.58426763089234,31.24247424873322,37.34315063948215,31.109026023549507,38.81814489630436
32.66535221451276,31.2695924571397,37.2947696326681,31.266275536990584,38.83019123173614
32.46258343858937,31.052168321796042,37.25268323559801,31.15746986069198,38.98068842727222
32.56681829676648,31.08115489165648,37.24833582868177,31.058787554127257,38.81573802181405
32.311898481400554,30.85161633535837,37.03174256034767,31.063049414262657,38.962577236359245
32.731536047193714,30.73307248646569,36.93296597362285,31.134677383404124,39.13773115521278
32.590307420194144,30.781375186237113,37.13564648250863,31.288109164203853,38.9741817047372
32.497994704039286,30.68059590785183,37.478826365628564,31.04374984499856,39.10451402333287
32.79801087471913,30.791674094948757,37.73041268986689,30.85309760763813,39.086851543925505
32.89355162287759,30.98183144171037,37.728942343630116,31.039757555405334,39.08264097662341
32.73455926019784,30.833116335229462,37.28959583122828,30.926294572151523,38.97532477655105
32.55652658159325,30.821179955549816,37.135317064098636,30.86168711139679,39.03582177422745
32.592444819867694,30.91750542907704,37.069527637501935,30.968086791985144,39.076164820615354
32.49873067976852,30.90022035723828,36.97987975969133,30.78221589215994,38.963868628699466
32.45810935493609,31.08399692633396,36.90446449148337,30.98529258267829,38.820177636699555
32.679313652346266,31.210551152695704,37.01700570360561,30.90279176245397,38.693289787382035
32.654987117056336,31.245838444639716,36.91919695513317,30.82148781713178,38.81568354291012
32.50245872029471,31.198866331496223,37.03092672676184,30.930110845611374,38.84699683613141
32.55125694759662,31.57635331276688,36.83872567366064,30.838477621520852,38.85567516977817
32.54477967129103,31.473568121627174,37.170392937421994,30.740630832111727,38.93752793163644
32.294438637588584,31.44688588778047,37.28178288722899,30.77201556216458,38.99078287827215
32.33596182266648,31.60750827074113,37.37481333387106,30.75500568312516,38.8041135504336
32.52095432003939,31.634496646636862,37.08992308573354,30.731164083076845,38.88413706304031
32.6032459123298,31.424126646837262,36.93829141086092,30.74507513279047,38.91161763658462
32.68182164363133,31.358204515244417,36.907502846100336,30.937847243855252,39.051277566743366
32.75804673078226,31.28620834968824,37.02942541432621,30.63273028577781,39.179503115594194
32.779413774626725,31.41721570768848,36.985111450155415,30.68376637013862,39.194841424343664
32.87588154105646,31.380578268827993,37.05956881627814,30.631589752966235,39.14869881110652
32.81051142974774,31.412293502377352,36.972520430714624,30.601141518253012,38.86782541681536
32.66740691785457,31.637945763492922,36.88975819816208,30.63727238289121,38.94670369858692
32.865923242936425,31.741473639731147,37.09741654130649,30.815408158932648,38.98307260101204
33.01877961218103,31.402358897411062,36.879787060185805,30.69153999132677,39.074131801940545
32.89737280642232,31.479908909938736,36.9342965227593,30.58436910298222,39.10056029282033
32.90241276318856,31.56289601912223,36.93589160369664,30.733386887237202,39.419549779507435
32.77210666583111,31.370593753676733,37.03269321332989,30.9095178145595,39.41080592363659
32.736017425727496,31.244962557797603,37.08281065447492,30.967627832686734,39.11433628340137
32.8029989368731,31.1459524072778,37.04671498085589,31.114622397664522,39.20778362674762
32.62593252916043,31.022728576272435,37.205013320617624,30.84855539755519,39.1699957633192
32.61220213992589,31.004872509606148,37.2148782331697,30.95305748348559,39.14995822300451
32.55381991863781,30.987431168811177,37.13942148368231,30.874015674406838,39.09774238343074
32.70583306634687,31.03583964806631,37.027800063455,30.94141320468123,38.900760836964814
32.70138006504978,31.011020891524943,37.136623164680366,30.90043370225561,38.93981015330852
32.76082836083142,30.907068499860397,36.94067615519778,30.904963237724303,39.00658268026268
32.91717704162683,31.02055771158368,36.992558864463064,30.77118253130554,38.78631955846246
32.959204161704754,31.13089010888069,36.721103000992436,30.635362777029858,38.71082646185377
33.06211471757019,31.08487709753513,36.76256010433893,30.581763339841117,38.70408220785348
33.09120592230505,30.99020757737712,36.75418007851442,30.499320695776035,38.86263067084639
33.36757764371674,31.123500155617013,36.72628648268647,30.43053214808843,38.7873188269361
32.93289169581532,31.33872301000239,36.97069914854059,30.35715128323502,38.621065441553384
32.621966075754145,31.14787555800542,36.82519793968249,30.38807557288914,38.83854221284361
32.5953038657723,30.99058201445832,36.980005812429425,30.50702468318392,38.61018899190737
32.619365196150774,30.93076049550889,36.852960314796576,30.52725962642977,38.709683148432646
32.848810127158735,31.11109283654619,37.08108319799901,30.682072717451454,38.61455566026847
32.74117071414816,30.980952552539605,37.20031828525963,30.59275625666231,38.71026675848416
32.622845625124846,30.74397502601398,37.10396099253171,30.529595406517537,38.89435314740748
32.5313150203594,30.60506676296472,37.11927926079881,30.417607059034797,38.904571171228866
32.40649069638458,30.425021365405122,36.96880614371509,30.510922021504292,38.76713640581005
32.47816791914555,30.473934661328194,37.24061601336779,30.717738611326023,38.94512689777899
32.57324403646643,30.599780039583077,37.38085758821649,30.73819693739111,38.943889472657155
32.848384135007215,30.434136487111182,37.197919329625,30.814948369775554,38.83411510071013
32.907801767549046,30.39098205113345,37.24092096910137,30.774232505235073,38.88842091465184
32.97835827445241,30.401352565411774,37.18943842784911,30.93548835079265,38.90317042716952
32.77486556334531,30.639633852376143,37.09261088674104,30.81218211155061,38.95641168317153
32.75833246878352,30.592299541159022,37.100219688476834,31.013635638377828,38.82997827378341
32.577813850886145,30.784991423797422,37.19001243749302,30.979188460686334,38.79763112832687
32.57351236953182,30.694540121332576,37.18972253511857,30.691353697378528,38.81273633096755
32.50669697714624,30.710937161287312,37.06328013536227,30.817226437587273,38.77849481995979
32.7619004103716,30.71796991854281,37.009373347706415,30.94500243545506,38.63070508486325
32.95328973630344,30.760625420295924,36.80259367667248,31.062888474211636,38.73916392820316
32.61642296760081,30.807615928579235,37.03465369690356,30.945480200567477,38.925596502378944
32.43557088156896,30.577178165495788,36.98140125245772,31.08851823900453,38.99042399306855
32.5392597213007,30.43254863922158,36.92962018761869,31.267026023997786,39.01193464741077
32.42888384737671,30.43106037088764,36.931912475908625,31.194400369935007,38.821352845310436
32.48018602095056,30.61795410952176,36.993368239720375,31.49019490085651,38.84980393366178
32.40910278476468,30.962045160751742,36.90803609362705,31.457859638513067,38.821500642293515
32.377731403960915,30.754008060128186,37.12704893792732,31.2757180593843,38.534975768318496
32.40297164730815,30.452961611829416,36.88338941776903,31.50340784725234,38.383836785159936
32.269935672874,30.466777226198005,37.115169887426106,31.45192937170816,38.284119662735655
32.19750645229413,30.548399254592532,37.07080866542494,31.324933676046328,38.170721261321084
32.05805527870534,30.671858791766667,36.99924564523955,31.395871101104536,38.31106966170958
32.05792530041258,30.531815267970188,36.959096689858576,31.2885152951537,38.51975655586209
32.06573965419671,30.787392181927533,37.0964373993645,31.57768657025174,38.546557356905396
32.00192930267815,30.794021934777614,37.21724556986141,31.652541025910427,38.424874737791264
32.09864955015803,30.917203574112577,36.99723140818947,31.421211459719274,38.299067998268036
32.30274729299422,30.903391599824605,37.11748185898612,31.212453684972967,38.36744722578135
32.397062321047464,31.20990874108075,37.06810578719672,31.28649113233113,38.25877854651194
32.47350098805528,31.15044342054775,36.886006932076114,31.289936651790914,38.28504014925896
32.45053668066655,31.362715450304304,36.991959404329556,31.250634246566253,38.43343099419551
32.511549593537154,31.266544899446338,36.914979044202795,30.935840815997626,38.312695781837604
32.76733706035856,31.265025111424713,37.06081306190558,31.171305153059034,38.47400251641607
32.84577193898572,31.05621049970958,37.12842080617103,31.12099786483984,38.71927461581337
32.98544417066997,31.067966335878126,37.31479938778476,31.17864886485967,38.6198257495653
32.9208236025915,30.997097230462447,37.16366170494142,31.217557978657247,38.78721957512456
32.87737531803759,30.942703654096512,37.21414465083168,30.97279370835196,38.83044754373668
32.95071192433177,31.04196916637141,37.44277136612473,30.87849548400617,38.881816766479375
33.280254393706585,30.954337210181883,37.5510041673082,31.012160854373207,38.74864869679219
33.08426249783396,30.667634506697947,37.70655989514681,30.964316778478132,38.65359050765673
33.14389541338849,30.68472130112002,37.50739640666201,31.11129682388426,38.838489415749194
33.169643753375745,30.856072924563573,37.54180805514593,30.827833570242262,38.64373023403799
33.18515681143511,30.853757763895675,37.59722954092773,30.924502966300512,38.757068137418244
33.267057027918256,30.81951224710379,37.35773570559368,31.01474395941873,38.59556768901461
33.40180911263782,30.76683046513826,37.2819202510057,30.91411290414806,38.55471491381511
33.33272368058598,30.840572860637117,37.464685006975124,30.964078046400946,38.69736296287076
33.14399980423948,30.742607936036855,37.375414327834925,30.832382475477505,38.74224292410645
33.05032340132988,30.855001206943925,37.38734181591154,30.70520068521799,38.75225345998295
33.28738455922973,30.56443389426798,37.395734477059385,30.647950871848227,38.85575972762797
33.331653111327206,30.71357130074001,37.36526879484983,30.630635220485566,38.65059513529974
33.07477843936511,30.701687193406432,37.48415781607511,30.449341713906183,38.7045677375097
33.3601001216718,30.504738387377593,37.32754499705336,30.470613677414068,38.7736900675171
33.27535980370618,30.51078372889486,37.384970171130036,30.63910886974947,38.81571287540412
33.11126500146383,30.469218208002946,37.04036290296239,30.40426525269973,38.59375553042341
33.1546488485032,30.374011621575264,37.04815720705131,30.649247635436375,38.536869011110284
33.45109819083447,30.502312961075432,37.17363334720979,30.645243312860785,38.72789125021616
33.15179436779073,30.440197832072638,37.32995810507402,30.283780376044337,38.79133866230572
32.93635873251037,30.484106855012765,37.34857506538887,30.564959724432473,38.76606574876017
32.63898278956821,30.22905639415874,37.36289958898877,30.275890325487566,38.88626087836128
32.603383074217426,30.104632704855618,37.44528314444127,30.13625003395699,38.82747590319537
32.455421650009065,30.159459172540547,37.41634003603404,30.251141331236568,38.9443872097829
32.55508646715711,30.28388370243862,37.631744875988026,30.435346936659858,38.88811629903736
32.46463559585632,30.28633843417313,37.500835512130394,30.418801060510315,38.97864913463835
32.51446439646155,30.300384709199097,37.59663152749826,30.28431164485852,38.9165944865146
32.19916760510478,30.092352629537704,37.55034899712323,30.294102548006663,38.88006712072903
32.10348101990906,30.103776954091405,37.458909652745874,30.26558669395347,38.928698684288086
32.17309390975737,30.034891824721385,37.436602074518056,30.365928834609612,38.859986142363404
32.23103637542973,29.87265875440111,37.30259925859053,30.34427945228568,38.78288080461895
32.26082906930406,29.716422709330214,37.54689012895646,30.580108342312613,38.77814904691233
32.32725091410172,29.722089685315296,37.48762355769192,30.483368787834653,38.570153737302775
32.420367864275434,29.758801552738234,37.38087519178435,30.381050372669797,38.79692969588226
32.26095672409788,29.872692746672968,37.42699107456139,30.28225775551661,38.70192085678454
32.3687864613423,30.14415838873242,37.56721690905567,30.607405790142444,38.64713318302917
32.557668165295624,30.345655409884497,37.46999989528536,30.554301811783084,38.597394990410535
32.54014102466757,30.1463185267204,37.55119529823281,30.680467544699606,38.620453631763034
32.279545234943214,30.430714679574812,37.58790649409224,30.603964085673027,38.92882533655234
32.16889727988108,30.290962519149915,37.74103526006634,30.9543213359841,38.891430693036654
32.11132612580313,30.28643029911809,37.800081244468366,30.985252357881446,38.77340675563218
32.14235547307316,30.269057606271016,37.70574929487848,30.786197159297345,38.670788409855156
31.91869044797474,30.67052858767664,37.805707810774464,31.06402771469392,38.865559230323306
32.20067116213995,30.673525022799268,37.73883777190719,30.86822087556887,38.87063182158478
32.364268438705714,30.50546930315048,37.59145840926847,31.308766260384374,38.81478814762387
32.22161156303447,30.403902759595436,37.73712981566314,30.927224471827067,38.704629453844326
32.106089014646614,30.35489463338056,37.80705206518295,30.750996346014066,38.5771090303616
32.33420749704349,30.17633205619802,37.838447134750794,30.5900496044107,38.69900241817516
32.46697216940185,30.324252811348487,38.034072546748455,30.54536534808076,38.568551325405025
32.376740258472914,30.146205840647376,37.87043058089856,30.67763378323416,38.798007481423085
32.321267492553716,30.325834701631667,37.93712002897419,30.751121898990416,38.98852466597752
32.21406769452874,30.241414052945576,38.046073290049456,30.20930476285225,39.15575295562603
32.409976058811104,30.50383411201056,37.820588390389055,30.1455561317747,39.116635596826235
32.46960664161865,30.50708334955589,37.65982797560957,30.17537358638207,39.066166962007514
32.51767469141249,30.46396520109738,37.74697869248783,30.472948716005497,38.940177162380834
32.248440811618686,30.315793714595806,37.54298475692698,30.75988098903073,38.86130769190493
32.42885169002775,30.31040276869338,37.76842752010626,30.67390939636089,38.96591595504605
32.25058692618358,30.20728704244955,37.70610753990531,30.39280141143928,38.97371949439311
32.214013272826385,30.412005193096938,37.57616858039508,30.5699536880185,38.90517197118154
32.473592497584306,30.564333163232387,37.15181263142254,30.72463072168245,38.81435498727198
32.51131207672853,30.47743050489745,37.354311191737985,30.544190579200396,38.94533577784099
32.66927085388376,30.519745388560537,37.35962127870732,30.598787306078787,38.98245798633727
32.58958242389949,30.215837776137626,37.490746607234364,30.55829824189591,38.80802191389564
32.726750192088744,30.360532693923357,37.47081887426961,30.53337737975827,38.889990532746566
32.84447825500216,30.5975705460318,37.57973883871622,30.42853345169341,39.01751079174707
32.77555678589748,30.230629131760004,37.616244185345174,30.483109622608843,39.05816827435185
32.75453236183208,30.050349938660062,37.69153832792001,30.67920331788689,39.02319507171794
32.796337955737606,30.06895951056785,37.79643706584132,30.79691060137363,39.08384019071421
33.073929226040235,30.110485267509898,37.71478104553669,30.751043081517857,38.941458025775326
32.9119389596194,29.96043784620124,37.78221297885251,30.728779843587713,39.05750982297651
33.083146007272425,30.203313819446908,37.65047758423483,30.918606711755114,39.34646599739729
32.98769533653048,30.419685585918515,37.67264758263334,30.80019951730845,39.15015915271854
32.78735853618167,30.45808692994287,37.738121136090875,30.558640049930258,39.01840716758188
33.05430109185216,30.614064889918488,37.92718447988523,30.511812574113232,39.04476572639694
33.2755550661787,30.551756675834145,37.86801944832886,30.16008189085548,39.239755545248904
33.3447900563958,30.666626027253137,37.61671147622674,30.414966048280537,39.2470850677707
33.32651114167953,30.814001828265134,37.65727360814313,30.520894717491775,38.940745492750274
33.329102548739826,30.695078373058085,37.60777516015005,30.42070354202442,38.85479500441617
33.254102708075045,30.52380873387893,37.50482003881336,30.85489909325237,38.78855400577376
33.40650302559854,30.59684049616138,37.65973413528998,30.94834780730923,38.74614508334942
33.44257586706622,30.4629620868839,37.70154211746037,30.763063695866943,38.66073133304716
33.672083939871655,30.649523981329274,37.58745851972485,30.570684823813416,38.68519299410971
33.576661633444566,30.673767657154944,37.57980211146724,30.768646116839683,38.69622537890762
33.56870374143868,30.50678652454458,37.72630077722354,30.48198426823068,38.443663672763435
33.62353096015915,30.463082365920435,37.683977429692234,30.624090038329573,38.35794928231958
33.63368852465811,30.545152525598873,37.87374977460615,30.574059725723185,38.30545489778181
33.7613021066258,30.566287306970597,37.736757579889506,30.515315597335253,38.36489397275015
33.64333755744819,30.73634646003971,38.00993739337673,30.6276965474905,38.486500396249866
33.24909152108606,30.529824207757716,38.12277966223976,30.25552412697517,38.51363474022665
33.20002252965407,30.43089883219507,38.22887662790719,30.426654727679225,38.6258253714222
33.2480310273057,30.736556855395026,38.17709644600733,30.21381358070854,38.505279734404894
33.00170564655489,30.659926330576408,38.0057909359071,30.287536022816887,38.37532203543314
32.903050591923574,30.68331378177708,37.98129193449849,30.108944951884286,38.32268404481883
32.54636769161447,30.811894540730076,38.190924790990216,30.161134926690625,38.25871493990646
32.42775091162023,30.63001881933577,38.18583831637205,30.007829908970976,37.992033502917664
32.67291160376003,30.86462331633172,38.219955633348675,29.906777298467084,38.187709782182324
32.52794665540579,30.968261821015915,38.23027327091724,29.88206773473961,38.416491828622
32.48893652099614,30.954893313794653,37.965827828529505,29.959962558651302,38.50565372027312
32.448779006216505,30.745599241906326,37.91120270576856,29.864500492668917,38.453263035118695
32.44387769213752,30.809812550466898,38.098229911926204,29.977269115625198,38.40338291031383
32.45056838145294,30.933327609067085,38.26374874902284,29.871925056692195,38.5301692625577
32.702237114289716,31.04969103192094,38.38242986867771,29.89453359771287,38.442886622784094
32.668516702008,30.86900532752434,38.559326080086635,30.13152212273444,38.683896011241764
32.525689813295834,30.705204535930392,38.6077282693033,30.20261127888701,38.57275213503262
32.560601143795296,30.652784039432312,38.543009558381854,30.444549070783513,38.649634828638604
32.59934447144215,30.73783340724651,38.696065755735425,30.425275673861634,38.69977301422727
32.6175230965883,30.891808538160383,38.846319502125645,30.412575784986444,38.48744028443394
32.804299615660845,30.747387384700474,38.513530884035774,30.276559648002202,38.47591504658749
33.00593406819365,30.887040231895323,38.593592125897615,30.320604379554005,38.6739209316601
32.90066082484751,30.914112235689583,38.63781867306033,30.576764690971565,38.365390971301764
32.78397022683718,30.925369616043042,38.62119774052527,30.41270333178622,38.552872679619085
32.50561097370841,30.971145129121954,38.6179237086049,30.580034995501805,38.58731664428701
32.37317309812094,30.91291096950729,38.60713217926691,30.37817356048011,38.470622984457066
32.519031851538934,31.067352906561506,38.398491205718734,30.27920955404525,38.68790365046701
32.54945417617949,31.04771127003418,38.47054699641454,30.259583990469057,38.80904127000451
32.45012256963559,30.971677518163226,38.316560160817524,30.503864443199742,38.85733495920385
32.77012808496609,30.85705449388408,38.185132331916186,30.62894434866621,38.89519133641941
32.8840952472271,31.14198535068544,38.052688118012924,30.970920344811233,38.814759534018954
32.85617033608644,31.12979197984822,38.17191762092627,30.854756615518014,38.80509878488678
32.74955143139856,31.100496640783906,38.049635572288445,30.637427007918866,38.78932975527968
32.879648574533974,30.802764622860412,38.27000162146273,30.674079402779935,38.65424456290459
32.97060427838929,30.73814741775846,37.99370440510578,30.71190015635609,38.863683993509795
32.880878977895634,30.862407337187513,38.167772227596885,30.92454062569118,38.89260953536102
33.07022856811489,30.98865623000356,38.14627548406858,31.222164185215107,38.76994862292906
33.118512869436834,31.099724130819816,38.31211360452077,30.956140167573775,38.82271731902048
33.19133199678702,30.95611864362878,38.12440985142722,30.93044999560224,38.89992975090245
33.160320678690724,30.743958880842076,38.25576945364378,30.90326543442813,38.9955881126968
33.20661517359515,30.559303543981265,38.29351045662928,30.859946953301534,38.94711874279678
33.43205121052589,30.540873395857222,38.318245115285194,30.529402220226757,38.88474530546298
33.54309365299301,30.728625840772345,38.35114028286481,30.56789525418061,38.60633591799622
33.668082379806684,30.801094218416143,38.32632430610266,30.56219918073201,38.79198450160688
33.79916909487727,30.600850036394178,38.384285794322814,30.658611096255306,38.51532332294301
33.80664313458159,30.877522339186275,38.33960137591003,30.870359880796148,38.51516931015519
33.92685179991092,30.98428738646806,38.355351481098154,30.8082053721244,38.379820320190305
33.74820170142683,31.227664192401818,38.55508057351823,30.94725206132705,38.39189120887113
33.56821305619264,30.978904950529536,38.37268930414568,30.9647669871559,38.40902982011133
33.234750177409026,31.13644117194281,38.58489261444418,30.973426244553018,38.560422730306534
33.09952002196582,31.134463682847056,38.64279774551633,31.016667335782103,38.574686526873684
33.03145059001178,31.35077508960883,38.673064119442294,30.923610022134167,38.603775906036
33.15745056494042,31.200477458379858,38.34243236400343,31.160445286280883,38.51736545662535
33.1822631615048,31.286075818866077,38.26409634997069,31.112071427102578,38.65713752324546
33.520138546385304,31.15344456224111,38.21919856086782,31.197121714365714,38.62561077069435
33.38058409029215,31.251837291311418,38.3464942867661,31.070484099047775,38.63763424458491
33.31365647117643,31.15627898321175,38.28918177039436,30.909926286011416,38.69091547043616
33.15047677425094,31.158770242270197,38.21734754944409,30.814381240729656,38.539704940401215
32.92544448278154,31.375001496931763,38.48524795049617,30.84559919960829,38.51525701426968
33.15147599789454,31.562656284575006,38.29177390076049,30.8235144935171,38.471995587798546
33.04767193690589,31.63814958149263,38.625996904222056,30.58783521826041,38.45441117516113
33.041685368033576,31.36547534155348,38.54774502209922,30.723838389078878,38.453202211699185
33.03015948187154,31.057673494148315,38.405778093165694,31.064536526569018,38.455415785760025
33.17382807402131,30.80822034555124,38.160991653054246,31.064284857165738,38.37549002159568
33.29358105511875,30.9516556172726,38.12123900030834,30.981949796859425,38.140547193945764
33.21198272794248,31.177850725129762,38.52752780015036,30.81111006475545,38.21990093800337
33.37316513435445,31.177722428796255,38.491889959454966,30.91593275164059,38.2162620867658
33.26303757045352,30.924752329624223,38.35139883611491,30.643545096642505,38.12549645404583
33.34750094969003,31.03129727816179,38.458516306666695,30.78779584270869,38.06588545538126
33.34106659700584,31.075769946386995,38.59082640921763,30.85592931254897,38.10811528667356
33.35839373227947,31.167344474419252,38.48998694458058,30.865762317380153,37.905667864408635
33.35250302006905,31.0677018381,38.37961782509565,30.717295467138868,37.890280927286085
33.10835277416455,31.11503577696473,38.48578879159027,31.232373200692017,37.802856080483515
33.098515127920365,31.0193244913418,38.64226943701504,31.27985528724149,37.97535233849008
33.09506686266273,30.74301424366109,38.56632994123403,31.14967298992557,37.98140627022885
32.90655101789816,30.69396444987747,38.571144346222454,31.11793794327507,37.81910009793767
33.029460939575856,30.49579924505024,38.2230545767204,30.81000530553094,37.79899523023635
33.288177473523874,30.547549922762578,38.42028437091853,30.895599501426013,37.828139799185735
33.28640055542272,30.65145259226841,38.381335282934714,30.61719574841952,37.99548742964445
33.040025002427186,30.828752714178012,38.30150898478659,30.940080233318344,37.82698695679071
33.02643159570609,30.916844129418713,38.3164343769803,31.28039520960383,37.88882138025929
32.99608214621359,30.89903210295806,38.356427421765595,31.140374314746246,37.822056492776476
32.95260547160807,30.57178166222526,38.10113301506268,31.699193722005177,37.74616603595485
32.96687788802618,30.500950670462682,38.153929044507784,31.31154335587318,37.60649881421402
33.00973945485607,30.425930628858126,38.15328979971826,31.151153827837508,37.78728818948612
32.842061644874605,30.37164786298262,38.343148061726964,31.161365377846273,37.75766503304249
32.80252827174705,30.373304985848872,38.30152901013021,31.360315147131658,37.77193972168965
32.996914333827554,30.58415764564179,38.33426632482701,31.380509557494452,37.75847225454851
33.21083220198844,30.799367717861557,38.35490868080699,31.61938872130487,38.00928133200366
33.40495782005445,30.884964109378444,38.340555194098094,31.579730420088115,38.09396469373345
33.10059573740772,30.748604370496547,38.578296902343396,31.53522473451131,38.01790579981575
33.1991838499659,30.661186941430024,38.41144152617505,31.447137872453297,38.0956327880113
33.25758453983491,30.57866374895569,38.47150907601049,31.305771390573536,38.151753288220206
32.92038458628933,30.456491147766783,38.523729355478956,31.238853691567034,38.02114975800888
33.064972257356104,30.474289795152394,38.41612431980518,31.09811774410101,38.08883551924416
33.12785165954842,30.42861097752157,38.429961360472234,30.879056022303036,38.00010682857135
33.25339581128667,30.614185387276354,38.33049421630307,31.111163725284328,38.17796314543319
33.39351535381292,30.26668362540002,38.334165295203924,31.116493807332095,38.2394757542858
33.390954708731876,30.487498707913172,38.284640832853356,31.086252932585275,38.20845248824094
33.731367590188896,30.832666897263017,38.6354782691101,30.910356012658923,38.29579787203101
33.57532590144016,30.724872005643043,38.504681693458785,31.14789707012853,38.404983896185854
33.39618623289517,30.62975202079691,38.26567823340978,31.01306237233589,38.27301219873338
33.39625995389279,30.630549150452726,38.0409453592402,30.996915429683185,38.100205105683116
33.11913654992122,30.56752804421971,38.11223754930044,30.977616820804958,38.31017342899602
33.15779339223466,30.370051147940863,38.20080291197458,30.952021152403546,38.32815923734204
33.07218266719578,30.427994371712725,38.34757879893247,31.08817933663574,38.529929283099804
33.5063417366926,30.357937405782568,38.277813625290605,30.70601644116721,38.51399600654529
33.40471649606973,30.352061075937403,38.44382491537397,30.942429152366195,38.27686781508004
33.53513657231668,30.624393237957253,38.46913150292024,31.200982052750966,38.47529032939375
33.41023739607231,30.579369519339696,38.474372508366194,31.37185967067265,38.578050867011434
33.423322989770675,30.657611746773195,38.58077596880811,31.02950239749501,38.45584317638006
33.16119525920032,30.628722184426508,38.42174853578641,30.878340820148065,38.503255759836755
33.29440409559671,30.7337018684873,38.08952125803067,30.909753127516318,38.67582093875421
33.193947673345164,30.76498180326373,37.915566519249566,31.00802452702049,38.6340245091877
33.42222786940791,30.781263282297385,38.15939430989864,30.9227945793834,38.601645456709235
33.50613657135909,30.515900509326915,38.08962774723204,31.087828585025548,38.43507947524448
33.33863943141461,30.637547427735978,38.02506714603515,31.30094548557808,38.26887162075933
33.51143743330537,30.569540379623238,37.88864621104253,31.31418068452459,38.350899208778536
33.439503784365705,30.530693024641106,37.821245327597296,31.233731695313704,38.2809132310295
33.67268369277537,30.586671348349974,37.86609828380194,30.923257266029022,37.997892243425056
33.27891735712378,30.429567745597577,37.78918636387711,30.866186716478218,38.11732297864896
33.274955911259944,30.448281510385318,37.87834940109016,30.80149262078748,38.112461436101995
33.461682272180646,30.337897497244402,37.772198702678985,30.86668156436004,38.26131798215728
33.16799699195757,30.303463590830876,37.87526143911033,30.77508830087395,38.13595726364606
33.1976638005214,30.32182914991265,38.125239075835616,30.875020894152723,38.29917776501966
33.22065829151251,30.27852734884268,38.28133019624334,31.267600520628612,38.29605667002924
33.240100635495146,30.151957388848082,38.09603442093107,31.2067507048443,38.35777589043553
33.26233009784944,30.152740007131776,38.01495217561567,30.95493800280472,38.322982503143876
32.978509939108235,30.278592605477833,37.887464505440626,31.074944599907806,38.643815044338886
33.22666276853399,30.391806127010405,38.1317828796448,30.895277872168027,38.709822579623555
33.299359626914075,30.1746581489105,37.87691625238476,30.986112300937513,38.899538632200276
33.62124031198133,30.15983606281386,38.07983805494425,31.199919421564818,38.86332940680263
33.52783815462489,30.145802259965897,37.98698766242848,31.156581337248255,38.500890786315914
33.293677458653434,30.121014266422698,37.85854477160362,31.082345484831226,38.49195777171097
33.48692913198628,30.29038812462677,37.6169625591466,31.11277624797408,38.587873709626244
33.159626049976566,30.26655286441318,37.790787295829126,31.29063607557879,38.624172561053086
33.04301560476826,30.254840973472728,37.917889974768315,31.321998937100457,38.43348267811741
33.184548549557654,30.218348359091184,37.7908922723867,31.240780521944824,38.236127227746216
32.95476538842271,30.311920307676832,37.821419641467244,31.2678201418195,38.323432505218776
33.15662384824403,30.328590516844553,37.9548098424306,31.334100111534934,38.46101760883695
33.04387068563615,30.677973916243115,37.9463544408107,31.380244011131733,38.53754702086723
33.27549630973771,30.644983550211368,37.75235486202429,31.34363325326769,38.60932447466905
33.05346677746794,30.715774023170507,37.94790545702759,31.2540063643755,38.57106288762234
32.987903096701636,30.777866164303095,37.759444521039086,31.349452439289042,38.23439693271525
32.99696975501788,30.598953723127416,37.71328452584997,31.280289681201072,38.53094497700379
33.18938308035621,30.62874283394121,37.72578886797342,31.41919005263616,38.74057556633249
33.3274567139349,30.692557855346898,37.51163493002518,31.489170894839145,38.88343193007065
33.45347528760103,30.82583257346003,37.39779391247327,31.55072635511991,38.770780463718374
33.532922662105534,30.578272115844914,37.48101509032617,31.608625666992126,38.69248336800189
33.61863457809634,30.500967634212277,37.354055912009386,31.279256536622103,38.70364757944572
33.722220089578435,30.48053725254663,37.54842011952577,31.378019370751296,38.765179588889225
33.61703346454962,30.43252698177777,37.39483008897426,31.66338235685596,38.77673489109605
33.602838754190266,30.607724594084246,37.647773110028886,31.716541359480676,38.8025863218588
33.60896156037227,30.708480678354178,37.664222866561204,31.443713882513244,38.85411895096845
33.498425722022176,30.474703316565616,37.613299179041825,31.489962175494632,38.80145787713903
33.70595726506518,30.451129225377635,37.419000208278675,31.2486422169328,38.703522164335894
33.79473110845706,30.396109539227098,37.615185137863854,31.108787371199973,38.61490332003231
33.829960450608986,30.638676662177822,37.61850558609438,31.203255652796727,38.65892094308552
33.73551994243985,30.64418190501465,37.39625677176677,31.330183736051428,38.551973187128105
33.90827758753176,30.767510433257616,37.782857108580494,30.877401163456266,38.617520161656174
33.73791459632885,30.78383288384411,37.427067663276596,30.975557207437554,38.515699763414695
33.66621147497496,30.729164924165328,37.28970970793507,30.976736105977515,38.628638190268035
33.55436101788405,30.60315126973352,37.3905749918148,30.780690044402476,38.53808901792466
33.66523471548445,30.833567660586134,37.60790461060224,30.82994119109714,38.797893056564185
33.80751315829811,30.88904197347244,37.50502684257089,30.737629559333723,38.7346931670074
33.90845960300357,31.119024136587736,37.413341712587574,30.776464521924538,38.68668747754933
33.80967531237392,30.927988605553647,37.65419598135783,30.744024297227877,38.706913371162024
33.91510402045367,30.980015776525395,37.62319836807295,30.659308331125846,38.52628172180189
34.00407339210304,30.934450979779744,37.77524299431636,30.605119992324063,38.742089802362614
33.95672528382135,30.851555482772596,37.960978880164284,30.310651549152023,38.743460339052575
33.976429847807246,30.857687271267423,37.856743868036745,30.42335373967807,38.567501550823316
33.96631598717573,30.772930857084035,37.57390265552404,30.61949664891493,38.840349939323275
33.71450074924759,30.672761374805113,37.47751121099754,30.404252350402732,38.84341446915379
33.76702268530362,30.74223167638012,37.299468289440675,30.535521445740045,38.833512297535975
33.82302779849272,30.717283228063398,37.31389057140664,30.72941244802905,38.66353362070771
33.73247079801436,30.711636541605422,37.50772745685075,30.71265767441116,38.5277094517251
33.6208144858461,30.813931767202007,37.491158441569624,30.699563684154867,38.51311022147828
33.72096836898252,31.023667590341542,37.46160842006022,30.927915295461563,38.42936596262783
34.1235415868275,30.928081145779277,37.399307390481134,30.875150197569514,38.306599699196774
34.096970700841645,30.88280413759245,37.07950817673538,30.81152696839562,38.294036392930046
34.127283590344874,30.707699890300507,37.19531924223577,30.603841082895137,38.258028704099566
34.41025162059758,30.83278602504233,37.38669573726825,30.871178954897772,38.41545999381921
34.4748072588089,30.742300776741892,37.47122980511363,30.973425653092644,38.581685129164086
34.623381897932944,30.771717714680044,37.57119845275497,31.01259829808998,38.66285979514617
34.662054064526984,30.893109873876334,37.39372366312845,30.82138268308327,38.58121409726226
34.55575089158945,30.635350797631883,37.581452781181525,30.76561147715524,38.39085540746589
34.53735071691964,30.899608843796933,37.45690179724742,30.99803279576637,38.34929046977751
34.62728989441503,30.94177061990496,37.31153705733266,30.978433952933514,38.51570316507669
34.62899821853543,30.97419370489609,37.35348649557814,31.23498630948125,38.53225546951982
34.334086989508435,30.995078066219865,37.39316630289303,31.146604492897893,38.31654146487794
34.34321910205239,30.897750631840356,37.388443160576784,30.902110712214068,38.32198090088884
34.2613762637011,30.726342488726722,37.55962561261309,30.6963450439216,38.4537518381833
34.265848555911,30.686265144676334,37.474040813175534,30.61331505491131,38.606368660579285
34.22285532312462,30.530494824359348,37.48355758181404,30.70130355051141,38.68874954248193
34.37623991639286,30.42089748702161,37.35138064023864,31.031382826349095,38.736636808565024
34.612045019566416,30.73231019432539,37.29853345747326,30.998247107572777,38.46503324162538
34.50882435068417,30.846135421578957,37.37105769174848,31.181341690089198,38.48994104875694
34.227292552230125,30.83008098115253,37.45921082711231,31.184565230357926,38.66294305321118
34.310409125484206,30.950169411170645,37.370469043054136,30.753515877701485,38.61555020167308
34.224109029994025,31.03272692994624,37.28442560342297,30.83725379092953,38.436866425484126
34.19704460963292,31.104685552499923,37.26370273168756,30.77583302381314,38.25565487916768
34.25764994281553,31.031786766549523,37.42513574430757,31.005851053911876,38.310474547992584
34.02945945797264,30.806749255813283,37.5761633525664,31.12764534328492,38.27716812475392
33.61238226517625,30.894508268897376,37.60005392670125,31.230161216647307,38.30086811962941
33.76135480332642,30.70004525121167,37.69800751184451,31.192671251107566,38.434946095423776
33.56154988825997,30.612836603294678,37.767508272131614,31.10670069373731,38.5543199408437
33.673297442549014,30.70922708391764,37.565772998958735,31.138409975705777,38.37375817500196
33.90737471932278,30.686416764970183,37.41664971058169,31.139158779689584,38.496817580456806
33.71118034531276,30.752717325367477,37.41408818840632,31.288523261621602,38.56669060298239
33.88745174680186,30.84316369923994,37.34952504772482,31.235135901335276,38.79025418802828
33.837048593024775,30.7862410291068,37.270806558121016,31.245061482437507,38.86764603377682
34.00377313962512,30.6505712048012,37.13765863197622,31.091272033120816,38.731415770709766
33.897559401649666,30.561231007545537,37.39395824233413,31.13175173072476,38.67999281871042
33.70417881170664,30.57815166292386,37.50993185753997,31.41286062752711,38.77367972983318
33.86447965638383,30.58827397860283,37.52227878557858,31.34901662552906,38.63063089141479
33.70935154124652,30.744086846508655,37.616490844155415,31.185096965923776,38.58502464832765
33.85215424319402,30.630618636962616,37.4113842365605,31.380939209265012,38.52812483614941
33.69428821382387,30.703253205338967,37.364951317586204,31.40599504495535,38.43714129995921
33.81763810004067,30.612625446245627,37.33478831644371,31.0905273880765,38.546680717513354
33.72948004447874,30.651111641172196,37.48326200119279,31.07468198237069,38.30901119911345
33.79630285010991,30.72089498926027,37.37387670000093,30.79831312965524,38.16876878826617
33.70283258551549,30.666883634173125,37.29328062672965,30.70518910191898,38.075834666909614
33.901499171776656,30.78365295404307,37.293440408367154,30.971257317295265,38.23597879695729
33.916317872505864,31.15932534507097,37.322251001030196,30.70212693527933,38.43924558302227
34.01205888259333,31.029429504864208,37.29243919006437,30.871794730311567,38.46242186316201
33.91528971251802,30.615329885423222,37.421744520728026,31.008896089945175,38.44174316438762
33.75792934669002,30.661995359604656,37.38643768986807,30.960371598132028,38.32933756116652
33.67648787836101,30.944769591137,37.32742150326494,30.61485224377348,38.438470447563446
33.88154346895349,30.755304415928613,37.45281332472023,30.63395576306204,38.284383177883505
33.71195881185819,30.594858957704442,37.59775299271741,30.856848245575467,38.14620623369034
33.66725207963256,30.72572542205171,37.457834076186174,30.946043973763594,38.18553978525393
33.7911638055818,30.50220447134381,37.609469032367905,31.16694962075921,38.3020924763219
34.05840472247265,30.516687229086244,37.7552964805553,31.290149146830775,38.22107053991562
33.905288912906386,30.683588730579714,37.87254519821067,31.34227352593069,38.272465335175305
33.9272653438491,30.650377271213003,37.57709294846858,31.066255927215444,38.34739009974663
33.983890457159696,30.858587322976838,37.75232119301864,31.206681122108833,38.26894275404292
34.141947344175556,30.769775517051862,37.710557506048886,31.352668144782143,38.61591004167916
34.05807823706743,30.898184181757014,37.59326388112352,31.577136801184206,38.5954330740265
33.88330300467314,30.926932411613627,37.6111576077215,31.650394069879983,38.55819199747566
34.025022453522304,30.966429304276893,37.443480889261764,31.654487157571854,38.695590752849405
33.940305029970375,31.08936800797517,37.42083069045997,31.613808122772568,38.66427963804372
34.061524350500456,31.07250733232459,37.264909748625435,31.56909997455726,38.96006087354752
33.9849956304644,31.25505724501548,37.309461311041005,31.37433551296724,38.77246374219079
33.89838785091597,31.277991286962855,37.47409369370597,31.33181050613477,38.76912823961343
33.74228344298073,31.291035585816065,37.46068936748914,31.621902433406614,38.71623202244541
33.734338872179315,31.36007858134128,37.3274557053921,31.737931039420527,38.53155742986397
33.704804634296224,31.34199856699058,37.380401365730485,31.32859203099857,38.654078987462334
33.707728658298905,31.477417654943032,37.17343431504973,31.660234974296525,38.616299286509495
33.673279918701844,31.112533495437383,37.299787658659085,31.835560407466836,38.5166808639389
33.56024078136196,31.07842207233568,37.154883309335474,32.02833742262836,38.580675481709854
33.596233198190816,31.262951605460636,37.26562352741249,32.0763211475398,38.471092178627
33.86026337505554,31.528614835451638,37.23877062067991,31.992082221554487,38.591666944184894
33.83696196699504,31.681448470415518,37.24526784400102,31.841603123768394,38.92982375349451
33.697314204826284,31.655857134976788,37.07569660463123,31.785904714358896,38.71587876269565
33.77073054595653,31.241386298455296,37.108332613009466,31.749692212559836,38.67247346930386
33.81066937264929,31.41309272614185,37.09038210569063,31.51527473634246,38.634127546770316
34.02976209550576,31.280013061105805,37.482430974229565,31.58402235558555,38.688196539732665
33.84128385596562,31.311149688926335,37.55156756344283,31.699701712257088,38.764108701970216
33.95925377884455,31.12444799225522,37.463376422287766,31.794065315726456,38.75875810964563
33.81084940981573,31.089277660247298,37.51802663270599,31.531583140305838,38.76972583731184
33.773320032402026,31.21310055687225,37.512516320309686,32.01467914940429,38.6804996787548
33.776679605516236,31.335270800966455,37.665543816669604,32.04592730022813,38.66668566706208
33.6116774452457,31.36498126733269,37.66240931523414,32.17090559809005,38.73732648243111
33.538100460232954,31.517059947739778,37.709409527605494,31.99107567432339,38.70671816755052
33.59718452391582,31.425318374418474,37.657684717357185,31.92092148604065,38.78085204165346
33.715893671431886,31.350703900505277,37.506593975906185,31.83404931412878,38.666041789046965
33.73547110259215,31.463122362211234,37.53724916750775,32.05406821535004,38.686739158728564
33.94139972102838,31.27692382944566,37.57264662101348,31.962495583469412,38.61033794815628
34.03193112113002,31.3480187197904,37.36594268221813,31.824875273833023,38.358355557533244
34.01128872718983,31.208085814840945,37.380332995047006,31.798379799017038,38.11793623626973
33.94503203779202,31.068597313701044,37.43201184321854,31.348401303803314,38.28860671818112
33.82488651677908,31.10514845960528,37.192936678020764,31.589668425068542,38.1329955251576
33.919570763471846,31.002818825772078,37.53069179601091,31.61738545700792,38.30862271936621
33.822110066350405,30.871065123679852,37.567749544086546,31.53921090425251,38.068502783312134
33.960351666929455,31.03597264414745,37.48854934790472,31.31741953391393,37.90760286196217
33.85556439566387,30.958424980983327,37.5442655191428,31.393816677102002,37.94109735681312
34.00917677671188,30.991433708149636,37.48922051122913,31.571232187438618,38.00372046318611
33.95633644126307,30.963310900723563,37.8195928183039,31.407160503543892,37.82744381707013
33.71148730735422,30.932541213707463,37.916862208908746,31.244442676770888,37.81270364605752
33.47199191144164,30.906313811695014,37.513824106645835,31.4743122140864,37.86307678179906
33.512394282268346,31.204940628179827,37.669853406519195,31.239289824006182,38.075212809822055
33.55692528844401,31.20069129689283,37.434785944617516,31.196679822268006,38.18683256515906
33.416066069651045,31.037747983168067,37.487352072379046,31.261714103477633,38.129923897806584
33.12751220478068,31.20998339374017,37.34907888381407,31.338050009384,37.93011073599614
33.0549608821164,30.95536115175559,37.59730992637406,31.500048170641602,38.15629975020421
33.026890466631095,31.105406711548206,37.34791752446186,31.420878318561783,38.127905397929794
33.105165673411115,31.160311755980512,37.202032448467484,31.553072049983513,37.96262175134873
33.241778306884534,31.129165199200763,37.21455852269931,31.59032140274362,38.020573984536746
33.12050598751986,31.30263231195446,37.47147525851173,31.835801260104464,38.00747527234945
33.21867564766686,31.16682932875146,37.368526222214825,31.756722088920966,38.097303534835326
33.351789692858794,31.102810693099055,37.365011047454125,31.852538214000425,37.90873563839264
33.71860733967099,30.89350223771744,37.605208058794176,31.93721027453677,37.96517420333387
33.49776388437446,30.61596154427761,37.4964200767323,32.08632332297216,37.98103135200754
33.532643433537366,30.98025421216468,37.22706756036066,32.20676419552982,38.085849504545564
33.580875671684765,30.851700780485807,37.53390203665882,32.148399322819365,38.1167822248179
33.70143518871038,31.122455145522746,37.55918538536562,32.09733277660935,37.98255061865308
33.69994563932739,30.983187645201355,37.625831311748605,31.92029026295232,38.22907472341766
33.60418857517703,31.05579142899374,37.47219868224316,31.75638635741303,38.116076886208226
33.766485123001225,31.060272903950516,37.613039244035164,31.871964235316135,37.96746449846939
33.626052566052365,30.885286984970378,37.70261173884792,31.867540608013037,37.88684348770676
33.66771889121354,30.772134539917776,37.50221901447208,31.749560426846593,38.01324875585195
33.79962060776111,30.96553556546918,37.61170913667046,31.79017092026507,38.11852821442144
33.981141030006775,31.002044027207482,37.63145369547185,31.85884657424831,38.09238743016014
33.9033338590935,30.85009083368968,37.811084237839644,31.912480968514444,38.02798657693252
33.82672886965675,30.771796519350534,37.837807135839014,32.05929472507255,38.33050155165461
33.81540088925876,30.86012704689865,37.64812152729042,32.22271712387855,38.18242923474197
33.487490469240825,31.03420420097318,37.61755421502129,32.17707688411274,38.29069540535512
33.511274761791185,31.020386774846287,37.57510855972019,32.28166269002215,38.19178346290346
33.40222548453229,30.810251798568515,37.677251965817696,31.976724387258113,38.23354239865599
33.448310100640036,30.719643405498996,37.60445975231749,32.003258598378146,38.16235128617114
33.76147648666215,30.540568249550834,37.81855422605602,31.85385250132943,38.2032912638516
33.67121749315619,30.475774880639754,38.01629247808883,31.992725496153422,38.265639259082626
33.64745233727287,30.430988640510453,37.88293027167154,32.196444566498535,38.036579483239144
33.60228085894167,30.383766162042967,37.86431313751502,31.98145684013838,38.05987847814554
33.44695473079051,30.3786017984691,37.95706858547351,32.00226823972269,38.017794083235444
33.41095248621813,30.724372746160093,38.034646527711985,31.943460211225297,38.1719157767188
33.237424409471814,30.749054176715745,37.993704897744756,31.77074965618843,38.19319567333651
33.389542004882884,30.934133866506404,38.1435623694819,31.731035161639134,38.15926612337281
33.54245023778235,30.697430785020234,38.13824071257652,31.774893547892503,38.173185445245444
33.39575520326087,30.83132880715472,38.09095621288992,31.542157028394357,38.047929439563596
33.59674818148779,30.980883848947066,38.061713518320694,31.527227170998625,38.00649807786748
33.83043156292914,31.02670638176479,37.829184828788115,31.58742698997878,38.017372735392435
33.79407839194654,31.023712717428026,37.85742108162144,31.636366038450685,38.05043431890639
33.768459716068826,31.124918534220043,37.87768804068919,31.746835428794455,38.16052106730745
33.83527948097635,31.185021463142615,38.14316110108158,31.544878842901348,38.316717899318746
33.79505628496973,31.24779598539355,38.13123497014682,31.496485499754236,38.048661244719895
33.94207815804172,31.141593582524155,37.854609643156216,31.417267552034435,38.15689437354926
33.837433142249836,30.99328742889998,37.96455837189228,31.684282845084166,38.259588257405085
33.97286157200575,31.029659935146082,38.118916418765,31.845247923305184,38.33203687807557
33.714678133929525,30.960268242309088,38.27042791310347,31.724425592156184,38.381274605836666
33.72588858092489,30.816611158200452,38.10054620287376,32.06909293737143,38.45907834533482
33.60913202742759,30.85316069183378,37.82258584281719,31.826087152918966,38.4042633099155
33.699554037671994,30.989658700126874,37.95027824767279,31.783847968305004,38.56360774960598
33.329730587014225,30.988860319559116,37.773803069949786,31.459644784602553,38.46274898733791
33.025048471978316,30.84300215249366,37.737777730732084,31.546809961068245,38.48523828249816
33.23937040090588,30.754086717938666,37.589989682679956,31.636934740305204,38.43052733556243
33.340238971686446,30.913269912969664,37.43257478789047,31.778592388211855,38.32426334255879
33.232926428256,31.01974976503003,37.56493912758241,31.97804950737613,38.42295852520131
33.30910524410395,31.004733410970175,37.66975192454999,32.0738574144605,38.10956103716282
33.10959532486315,31.148477376839033,37.62677319472003,31.97250424129435,38.26478898268105
32.9811524137733,31.17267174884412,37.5760186680805,31.673404653113547,38.25844586776746
32.804437470160096,31.337502645009664,37.561908386934,31.91352405096032,38.15860790659884
32.92417041014324,31.233193066416764,37.55002747834139,31.68712258636682,38.07023591222584
32.76892593540671,31.17995311474868,37.64454239210925,31.806880045049347,38.17691976884042
32.52600623290714,30.904338252923257,37.67664623667905,32.0025556050719,38.15172027517134
32.666840615900554,30.82565722129247,37.534911534468115,31.759135680459366,38.14067567668597
32.58339490840779,30.91953910499436,37.66846970530674,31.808191105511636,38.2285697716531
32.36961265799528,30.95476661693099,37.5751268445532,31.67850620604035,38.22314931433901
32.3140458631377,30.824948081965825,37.76158467825654,31.9000347791113,38.20149525080109
32.08488559728809,30.707672523303394,37.81195045815383,32.047504201750726,38.151952907481274
32.27500219120562,30.669429015444642,37.72601661681079,32.3821813654001,38.08978290979029
32.23185146664277,30.61695098666083,37.746864519940196,31.984469151619702,38.22654000972727
32.36461268911175,30.71996733773491,37.852967355479855,32.27746189282565,38.21080382222782
32.66967809163733,30.653495064736333,37.757419533538844,32.11904698817468,38.050489718892734
32.46129601090546,30.49016821465953,37.775599577314686,32.1025747272639,38.116766048252224
32.49207069998831,30.58658058658212,37.79907145523927,32.1008251133268,38.15239610804735
32.711100914589956,30.69546603850398,37.78824006146036,32.307322682548815,38.20254562032944
32.678374870160745,30.717620473169546,37.770863447401716,32.372156436798065,38.088271509656536
32.843368051888675,30.803221844127986,37.510158425467054,32.494536850495315,38.098088629218594
32.8638851666516,30.614321616000037,37.44969253880368,32.51534721412651,37.98713516849286
32.663893013851,30.666560766458364,37.54804813515279,32.33130413167277,37.97397938676865
32.43493695461932,30.57877707782611,37.731682669075674,32.30517841358675,37.9121484223645
32.48898626158452,30.825027569931716,37.556088739558426,31.924199971062546,37.82358418963019
32.5847563731782,30.668405214599858,37.4056964500127,31.805317852980366,37.81501983666404
32.60717425941838,30.661861923936275,37.43857467047778,31.993867227028087,37.862633990699834
32.6273874172007,30.71556087373436,37.49503354538048,31.87151857054585,38.18853488477352
32.834493832220176,30.844321309294536,37.56700788368653,31.816926991692338,38.28885310749893
32.86998756543602,30.77960127360958,37.65630600175309,31.77328249110104,38.10911809320008
32.745272594833054,30.649935957619213,37.75314495892173,31.83272563518651,38.128999300401624
32.905566197308794,30.824545119336086,37.79271408136592,31.678267750478984,38.03016542014941
33.034223581459166,30.961823428847417,37.58903631048497,31.9073350091558,37.8666094961697
32.9193946619756,31.149357844733625,37.52589082072512,31.935784880291152,37.835498571642326
32.9383574738378,31.189860319833304,37.554592195232,31.585243476330508,37.88122453152612
32.963073048080005,31.18582750852444,37.5983531826604,31.527038283638745,37.96165202254045
32.88808321930207,31.28236018967137,37.503297813892715,31.383031204166304,38.16700205921437
32.72747517827658,30.967619592235724,37.333278970721935,31.347925119366547,38.218271688486475
32.735929338402144,31.09573903533227,37.41422879781835,31.515255532087053,38.307981444028506
32.93809051867936,30.961201748975864,37.47064662665668,31.48028721894313,38.22540031441788
32.82779692966806,31.052901317480654,37.40635601969761,31.67002916414642,38.394690369144634
32.911761947998315,31.316027397477576,37.51938689683529,31.698620232807876,38.34649771016781
32.82358568791993,31.02049884194229,37.43149192696211,31.828787219536697,38.11215964404896
32.419086354202136,31.253196104589286,37.57485486964687,31.83507567916323,37.84381469059745
32.36927499201314,31.167795381639493,37.3945949126865,31.73621360707572,37.9845626160236
32.27738267031878,30.98682605345832,37.44134049089044,31.735131196545222,37.87220035463972
32.13035048481853,31.241547969868925,37.61492417284286,31.97095970815624,37.91114958507749
32.17595624491552,31.262108166968627,37.389052955177156,31.941460014292925,37.946185703507304
32.204713862390335,31.48700334369512,37.47021423542533,31.983859689278393,38.01225843261587
32.304454574714256,31.383648444848852,37.597370478997334,32.18390155514261,38.122186660228195
32.23701035787866,31.112831995878885,37.6302707779472,31.81460989770305,38.100852792286645
32.07319754973415,31.110638997640315,37.655647640120996,31.674980887885688,38.15375331213723
31.975979300063436,30.9340582284422,37.67438333169577,31.698065284440727,38.33093792022437
32.16222070681164,31.00106042548566,37.81128196132385,31.881532934543472,38.10693968150512
31.90747113208803,31.133217365355932,37.588686068503236,31.89296014280762,38.197717424741434
31.967854380132064,31.324506833396914,37.74208968199897,32.02800868537743,38.19634558561936
31.992670120014456,31.31578982456378,37.675503385391835,31.971402351537336,37.992475201720296
31.82358654529171,31.428445029594247,37.642183143705005,32.20093729872645,38.110359174028254
31.90663512633664,31.315590766924508,37.82087885174291,32.30332510162882,37.962481711770835
31.87015438889205,31.477218983216655,37.653828188023674,32.2263056433533,37.89025111318218
31.93489125635267,31.533966095203475,37.660364604372994,32.034514648021194,37.810193023980155
32.011784210847345,31.534901710816964,37.87483445200541,31.89195637790308,37.93089543027442
32.085157058477265,31.483992168374638,37.84399575607286,31.77594555372128,38.02488365512768
32.09337386762678,31.49898890106683,37.71884945820701,31.64290543207547,38.078899936025024
32.33305625055478,31.711095788254912,37.81882971676082,31.85400416748032,38.076176092226355
32.196250113933914,31.569317868506626,37.65162609942193,32.13442377853048,38.123596614806274
32.09406305192218,31.70343163514609,37.70752258473218,32.02542018083512,38.33509189850794
32.17169685983588,31.752653910145963,37.47688376116929,31.94724743661079,38.304949515210986
32.185991390567885,31.64513026153858,37.518129009145476,32.092726042634624,38.73554892856516
31.863095605204816,31.33138011852267,37.52174959599652,32.05702705365402,38.71080373741884
31.925460788440063,31.32749166073386,37.710868976494666,31.899176747854977,38.8151762210271
31.948540198483816,31.425792140634414,37.752068914480056,31.999015742784586,38.78536994893547
32.030792208834775,31.53254927931223,37.59781999695835,32.377993283789294,38.822693191217866
31.602334631592118,31.5729824212729,37.91125303167905,31.951979080673755,38.65973382290744
31.630037225183443,31.443436650789266,37.70691805137042,31.957533490461742,38.48464297305794
31.688028356158053,31.437813618926807,37.65936772524825,32.058289002114016,38.24914382636634
31.63701682171202,31.527726177121004,37.983542354387225,32.43452901980115,38.191282717988756
31.76448652497704,31.66488933794649,37.810834987164576,32.35754055761355,38.559218067910486
31.79760105203301,31.447290763316513,37.80748923133749,32.46638657614471,38.5865434751753
31.922172504533567,31.649744539100336,37.81056549945861,32.30822852531292,38.732273566032234
31.95727437045599,31.445175895302345,37.6198679411052,32.53995666467824,38.77469475397987
31.91431479548239,31.273258952457077,37.857603277043246,32.35154926520084,38.66929835769798
32.14872572610784,31.205113015626186,37.71975449281092,32.435183476206745,38.7313205796294
32.104248311311544,31.039301666816336,37.6936479772354,32.3484867936763,38.822289452540595
32.13608039447652,31.294004730610016,37.70581719545433,32.24513305878327,38.53717733575849
32.367695509360466,31.569496527245395,37.59280414081812,32.25092406757923,38.62858918638156
32.29172129728753,31.54058130013026,37.67971812384631,32.038095535558874,38.62035823378235
32.47927919891827,31.46178757992937,37.63621023904405,32.168281826086044,38.43335123986367
32.226460231779235,31.228991482657374,37.52602347415724,32.127068079820205,38.438797228994744
32.35749973021746,31.29162849001188,37.50628913150359,31.951535838518144,38.3862949928996
32.48252389294185,31.407186970415577,37.62729353004949,31.715077643728627,38.371656360400735
32.35620305641503,31.465705823559617,37.58083343199722,31.71632809559706,38.387924996556784
32.07651356847059,31.34424045354019,37.660490669441074,31.342266831794877,38.27410721699074
32.041540731341705,31.473732988396012,37.63705284643286,31.498672771678397,38.416862738038866
31.881031576845817,31.368314395985543,37.80579399976807,31.15711806551395,38.42028510059143
31.946421906371903,31.404702809595587,37.56345882775853,31.364620899343727,38.505070351361276
31.951748781626918,31.373264843276434,37.644164826939374,31.259289148637514,38.63653636371575
32.277201686645334,31.227837523584146,37.642903222867325,31.574710381738907,38.59108758661118
32.43660500627311,31.08062407252706,37.839324039375114,32.01845500728879,38.46533154879758
32.53951338464243,31.145282474726905,37.82814632682938,31.957351211295933,38.82310722774566
32.67974265620657,31.059933877867394,37.64297482529696,31.894985111081652,38.7755791063428
32.592519457412344,30.849162632531005,37.68687417862437,31.938661231375047,38.70944056155651
32.555520462649326,30.8950604322287,37.5939842573209,31.797808523070387,38.38556233690474
32.55881071764803,30.8959309487124,37.2615119263352,31.93500521054972,38.3749929247424
32.400738143844436,30.84995675796235,37.36994735030011,31.800425212583644,38.3992533953999
32.2048615055616,30.8408184366061,37.32108610355272,32.05465087395712,38.442762586741004
32.1105266873114,30.812271566759584,37.34728231789715,32.12367817864015,38.32538620585474
32.04116319759789,31.017928078314828,37.41847963114597,31.4973262293172,38.03105511990992
32.00748163162274,31.24480911123594,37.31848240426808,31.73926754313661,38.08609425178907
32.009534625304596,31.11865720907992,37.455591962409926,31.699717072849364,37.920173350802145
32.10314382246778,31.0290594101011,37.44827824320743,31.781794838821533,37.785501944474156
32.44852334530823,30.968667226531206,37.706295415624496,32.012609813808794,37.89589448751554
32.389542651544836,30.71271105955314,37.72944775280562,32.02487272641669,37.75934474776009
32.512714832858194,30.964698709432657,37.655481659289855,31.904154481731403,37.78589531023002
32.69971303538699,30.987188946689713,37.705735881517796,31.737199705552072,37.984409029492845
32.73093490930192,30.764275809388067,37.43717725673252,31.88642513113247,37.90637693353713
32.77903137245999,31.000431629817673,37.725780513598814,31.948660083494822,37.72775285023199
32.653194768852245,30.845174638510787,37.568042023178506,31.74870194575776,37.57680727359462
32.80554306756944,30.96656945347726,37.744147938842644,31.813906394666816,37.6553036070194
32.84978519150476,30.964084108339204,37.59712405175938,31.991922741090967,37.46524368903629
32.77472496581893,31.007071890846493,37.84845739087983,32.04320459759779,37.51964791256601
33.02910432316135,31.04513765452771,37.579527859616235,32.21064047606078,37.249317753967844
32.92739496106301,31.069836797044093,37.70445586296058,31.98561079806679,37.34222489397876
33.08403121701452,31.049530758281115,37.751733970023245,32.00830050900239,37.43987192694073
33.09688920839346,30.99823809946574,37.74289914023602,32.193827028513724,37.293574097943576
33.03664430069542,31.22452567463087,37.53105806081047,32.148422928069,37.4060966764337
33.01963458816648,31.202475738502255,37.50851207870622,32.30920849261232,37.5370784484794
33.004955317696336,31.182420540490394,37.68587904462776,32.099695898129234,37.483691774267164
33.03141678948198,31.31417318078868,37.757108933149304,31.793405338444607,37.488824902179616
33.031316703847985,31.53809122378319,37.64894063453726,31.94927732506352,37.562294213384746
33.07993067638425,31.697851947182784,37.775715392676716,31.968145954385598,37.57120033367398
33.222613151785076,31.720253163362724,37.67532620729326,32.10666699615016,37.577095013219136
33.20893662403179,31.323798407090873,37.45420869802504,31.969420022652706,37.72072311435826
33.39864412606157,31.557296576463372,37.64854650177771,31.945397173306105,37.62734126387606
33.466854528559765,31.57250981396266,37.57913927000434,31.837734829319178,37.87218538720374
33.58102732978055,31.643705420214577,37.56389296978033,32.076960079460974,37.89593596990314
33.76297437510009,31.73651595879665,37.79958794627552,31.8204173845972,37.84529029829291
33.36422052075514,31.951166533481093,37.77362279788916,31.973210941296852,37.64633368809098
33.390656025511596,31.76547742391286,37.615445908807274,31.88921999817488,37.70667208618889
33.524846828236555,31.614999683085138,37.85973718965695,32.10627581278747,37.803258880592786
33.49104721973067,31.509550235797285,37.776242213777046,31.934806027828753,37.934589277618535
33.43642722849357,31.35981284534328,37.63863202566474,31.71530067642928,38.02459571035205
33.34387579216003,31.21723849936007,37.6963793418589,31.636193584231133,37.71274152431156
33.3224644107914,31.03639418395984,37.852985251004974,31.51171198471529,37.82986911924981
33.57652396389738,31.050660874050248,37.6907531033392,31.568959847321885,37.747558267265134
33.409925946000136,30.89912511380288,37.80422960375423,31.643539114416143,37.887600692826325
33.427176081687335,30.817822386069807,37.781142796074256,31.8266979691237,37.9223397324998
33.46036942102196,31.069408934554325,37.7741443653173,31.667359185105802,37.89939057219594
33.39949124996578,31.03742644419732,37.74721139310408,31.780158414234002,37.990603324496284
33.638449113887674,31.181809602714782,37.73762658818343,31.738318760904303,37.88134964491119
33.61076944345169,31.28386661589648,37.97385106328528,31.425584987778848,37.827163920546305
33.64475554418429,31.096548869805105,37.92001481822058,31.562900580605593,37.76576366876672
33.42363370895521,31.026062851626374,37.726383325403674,31.675917285021814,37.63816127981955
33.42175426112444,31.09949872975986,37.82544722401763,31.642214244716875,37.501644854454206
33.44351529690605,31.27245018381495,37.94210574924177,31.82284506629708,37.60636228896377
33.3269368131556,31.080649077695217,37.811342312964754,31.72663569789557,37.58492120019861
33.320972719379206,30.94409141484276,37.95918543493632,31.617677345586156,37.98074515481824
33.431156483133115,31.09661829119801,37.775259383124656,31.436591788240634,37.54870704831474
33.428554294605455,31.125764656633965,37.7845655825647,31.78417769025796,37.58159224213257
33.55318363670502,30.970672008101584,37.48792055066077,31.588326055351644,37.85274276915526
33.2749319003877,31.051064240048103,37.681478431000734,31.83208059623679,37.80592052258558
33.19074552680785,31.090915733252636,37.415527465484885,31.926397650918606,37.85544410635648
33.02555682456886,31.022049197016887,37.44411856048215,31.927284738731156,37.50143533460687
33.08288361443013,31.279179611437936,37.469936259046065,32.040947505529935,37.5726730486763
33.26285882930511,31.21665809873165,37.662086057166434,32.07180725422711,37.49134776558021
33.11488617904069,31.49753350704381,37.28192139105978,32.118460353539646,37.51544512096614
33.12999446054291,31.584722644712983,37.38383714089004,32.35582718618158,37.45940084152868
33.21807561919313,31.676951507089633,37.50305046807482,32.19118440767077,37.45029487692178
33.14915577720626,31.476494510398773,37.28745132930431,32.541434232252705,37.325142295537724
33.05155216091958,31.53363057215753,37.32040986868771,32.299636024213704,37.343927935316096
32.82264480395443,31.611712327369833,37.41721420834458,32.292016130633,37.36134320923512
33.06694882593237,31.729726835013732,37.6130074692103,32.027431624470154,37.271183059265574
33.00280729490359,31.499153540241245,37.67029791134258,32.16689402976978,37.45381684942783
33.042762488749716,31.63028104993849,37.68501063704381,32.235487617356625,37.43583173529985
33.07247275062095,31.464286984154473,37.60632028330756,32.2374557946319,37.2107019957491
33.1499833831959,31.254154595395992,37.80757258483008,31.945380572132724,37.35109099497974
33.19733150503587,31.345924740153905,37.91780837963788,31.999181169227125,37.388164917965995
33.044556972298196,31.52977194888629,37.91611527521087,31.800228817402846,37.23970404634398
32.96341652582273,31.322336563806676,37.73272569118275,31.65671386619283,37.130269687251385
33.05034106376103,31.393808598730974,37.800990763188544,31.545869451073962,37.201475159311734
32.838165318592196,31.42985888955981,37.77402443413933,31.741132094134063,37.05389744649862
33.086219529974905,31.403342660791317,37.76399808340627,31.648855540162288,37.00159244095705
32.913973872614136,31.67001452272339,37.65706807043242,31.76499525301851,37.1597362387803
33.04009908990227,31.665633627411783,37.73108621507662,31.762401786161636,37.05773723448703
33.148356141176606,31.927019447663262,37.88113892181548,32.08411053584358,36.76561607925782
33.27605008129516,31.818096451065124,37.65960238323391,31.866645820654362,36.83187152538228
33.29935640887113,31.775410439492322,37.66547239753805,31.76970931853922,36.870130979496224
33.132023039515886,31.886032870925686,37.46963470918636,31.82405570918153,37.03843317657441
33.17861986693312,31.979307648764877,37.41367838172504,31.87029649781244,37.04900010515968
33.318421393709116,31.838756640202572,37.547693114997195,32.030236857520904,37.379115744282004
33.36976958116512,31.82220537248228,37.52182887213219,32.025439595063276,37.22593573175092
33.38748593484929,31.788770811212867,37.62453928849124,31.952028433008724,37.41856565458738
33.23698488243497,32.009272943689176,37.66627840732407,31.896902523697776,37.31691937022696
33.35284619807897,32.003125112482905,37.833003423995976,31.637726385834824,37.47225114478994
33.10537129330208,32.07573513139766,37.76351272461532,31.861305932080988,37.365891917275704
33.04944479671165,32.16583598570076,38.00392195667684,31.583729418332755,37.52026343893967
33.059879612999325,32.16019812281287,38.032244352132025,31.3888638275989,37.50894003848009
33.00632782791386,31.867233469651957,38.02597556367977,31.448988454160762,37.309783794058845
32.98056943952668,31.849186409560456,38.166913566100085,31.52205529368113,37.50847855352979
32.899029469191724,31.700836599150424,38.319993552457,31.542625016419713,37.62869969584474
33.10813651310178,31.618447408894866,38.30758110692621,31.48022346836128,37.73122630806415
33.37263062485586,31.82931920256116,38.0755634761194,31.93491612840636,37.65424466426228
33.30872874277721,31.65631358991131,37.86408048729547,31.72166839855403,37.603084961922036
33.27550185874763,31.77867382098078,37.760929664660516,31.65998888932393,37.524995390756295
33.30291347490098,31.797609557320328,37.7703251367757,31.568410477425918,37.657604513502015
33.281072515989734,31.838796447801776,37.85015364143686,31.391820021973203,37.779087705087
33.330082362944474,32.04005063376053,37.88555193999684,31.40937790403307,37.884284839249176
33.300033532709676,32.18659913005238,38.04281505177168,31.02242769888047,38.19699130342278
33.29346605390858,32.20608652900152,37.933488888472,31.196501086102337,38.18229561135849
33.20646190912633,32.18948374777061,38.11155264402372,31.29476231784764,38.148376871298645
33.398406189723175,32.32473493471291,37.74016803793841,31.337381973282728,38.161592678037564
33.273739031900085,32.197876373297696,37.66407020171603,31.5749346385701,38.236682351224
33.389239171729216,32.17178773608604,37.70166785506184,31.590556766525886,38.39388779789697
33.22267361542669,32.14158394145193,37.69069828597903,31.394395778168384,38.13710839237877
33.09031408489033,32.19043018368969,37.778161410595274,31.59171561623777,38.35489947467347
33.13497521257981,32.09728567240261,37.82624100538745,31.45022732322302,38.20229750127363
32.99049830851911,31.793447329072695,37.77292109119847,31.52624972029953,37.99583895541509
33.00284421463099,31.62194706149651,37.846564132340866,31.836122410716296,38.020135886997934
32.99130600517367,31.473812723636673,37.79961439787377,32.02489298764569,38.26195121069289
32.988616721950095,31.161722508388525,37.846258816937706,31.979722891586185,38.20584940014178
33.08983984864927,31.314977998694374,37.89622382114554,31.864371301582427,38.15436840970883
33.178619293476295,31.308259206234098,37.775386796509835,31.76450594731047,38.29359995725819
33.312930994372,31.159052903701618,37.58294871546348,31.658535504855106,38.3689388857052
33.50298519251369,31.14527181997305,37.89588168049176,31.632605453588454,38.25918141014224
33.42790284879881,31.168664270538812,37.946750025595165,31.706501780044775,38.30449520364291
33.735316762875755,30.952837083122127,38.11215994807121,31.845883568828782,38.08417010502476
33.64817745173335,30.86726415180591,37.983318085628845,31.79169791238433,37.873308838670056
33.81319179003898,30.953084842296263,37.77327682365612,31.610503567617567,37.88912696590713
33.546022885223884,30.981639307541776,37.69885476785929,31.727535088194767,37.84142585298304
33.687315364606974,30.734364630996254,37.85553367240369,31.735117642618125,37.81956619402619
33.68101119523696,30.755407899583773,37.99482506998815,31.963346895764257,37.74227395486388
33.81174417541622,30.782923195262203,37.91189042470987,31.950854902082284,37.722389031567644
33.60682528087135,30.66536156732044,37.858041272427386,31.608774334550255,38.153670188514205
33.71288131307528,30.67934471074171,37.90502705887331,31.55154667274156,38.41709986725679
33.533887774272095,30.78458449424682,37.64756303592881,31.838832053645966,38.47262996301626
33.707652267015284,30.731927460518865,37.588464938651995,31.640187084233624,38.12211462275975
33.81454179598899,30.867017826234633,37.67578571197914,31.704587267733515,38.48727818843579
33.7214213666428,30.74357383800397,37.57319923513755,31.70963431463211,38.307989450441845
33.639995933959526,30.697189884313396,37.62600368579511,31.72467511397921,38.29369499719671
33.87354952253035,30.922388343158527,37.7595605007249,31.82312699034371,38.42040686566878
33.88681930254978,30.749816350804302,37.61416967452857,31.8981110974869,38.203517100950556
33.98879394155858,30.89422761484506,37.753718767590996,31.98437277108692,38.2859750069631
33.46344277348544,30.751452776818972,37.656593788665376,31.942926985530043,38.4158014943992
33.33829016588011,30.901434216798023,37.45026129441872,31.926627297930583,38.178654167939584
33.35528405919187,30.911620621758995,37.50482487576046,32.069556040051495,38.31835132979442
33.51931405874619,30.8823090098162,37.58817240030266,31.987007229897486,38.4450108109696
33.487692963292986,31.203883977335945,37.42875852499228,31.721847832037795,38.262902987780926
33.53752799361353,31.19373906739596,37.53733164788427,31.563260675904,38.29417497043833
33.67836588873356,31.378119364006118,37.64437334799602,31.556361913079247,38.17242808065248
33.52334560828591,31.277534212776363,37.62620834651907,31.773062085438212,38.285400809935766
33.456542771942374,31.36185173356581,37.87638764739628,31.53364581878299,38.46556426763388
33.47400233948174,31.250837253302553,37.81247539577636,31.6548823461261,38.58540751126094
33.38390317353999,31.14042295952288,37.8769206308325,31.42116207146115,38.344783500904576
33.51085351431091,31.13793586523244,37.86503183729992,31.733272687734427,38.26341659594017
33.607807328985686,31.10177852144154,37.66544108667628,31.705213599176297,38.202317831114094
33.418531377459914,31.115492115139734,37.6467105124586,31.630767311582982,38.41792916522601
33.53331417766676,31.14169978616241,37.618116277686255,31.402348137494986,38.20340959508179
33.53070371700976,31.115759207485127,37.56974420976223,31.34348204675983,38.08288425630149
33.52157259204695,31.242451685268698,37.38011376838295,31.401624028292733,38.23225503787338
33.39674246335206,31.162468033536538,37.38966325445181,31.430532344166828,38.16411038050326
33.4040284837257,31.177548549569327,37.43709627637626,31.32670936253509,38.13792237752514
33.35264889627488,30.995531706587343,37.50428872844049,31.319124073852194,37.9486783454163
33.38706813439527,31.032052326680404,37.47782197185963,31.155241429195655,37.76794103058004
33.134839294994485,30.794021304675116,37.55624978675812,31.162977054133012,37.71214849504669
33.19380024182862,30.88215524272653,37.445187379900396,31.37568214737692,37.771996649919416
33.261800747753604,31.15579074339947,37.66185621276423,31.247369905461113,37.943694486105116
33.2204162752627,31.28011663980878,37.39586275854648,31.357097047082675,37.923567362378684
33.07993446546623,31.455617708162833,37.39563482282024,31.30429950889755,37.866806492367346
33.11715722782395,31.20365967813557,37.377982373057,31.38189269117388,37.8745328358018
33.187494627112144,31.23078622549067,37.41274391070519,30.988065623866454,37.8693159125833
33.20311131440568,31.21297676555038,37.42718310298786,31.0320647910076,37.581935378407856
33.12941785088773,31.316410138427806,37.38809035476967,31.32084428369585,37.32932939966137
33.45292908321589,31.42314503519734,37.59719591705621,31.258419997875308,37.47863733060615
33.361938160804996,31.241803601085802,37.54484540570026,31.259581086500106,37.380752996593515
33.50442736467575,31.441508479948144,37.61543632992435,31.218176914164022,37.574947346061876
33.411412577057796,31.20533882650048,37.359342507483284,31.186662242361354,37.49550004621401
33.4665732026149,31.190858825278315,37.267091508380396,31.036568881979914,37.37824438997927
33.5803885860969,31.00297606640046,37.40598962249511,31.145367909892162,37.49369908612052
33.564662190428635,31.02606019936261,37.50024049813781,31.204825803499237,37.40886111156098
33.54402154015356,30.96270813548807,37.40080373509164,31.0814508467576,37.15950576561974
33.515256829016394,31.06908087261785,37.32141021355185,31.313509789925263,36.99741704229791
33.45738538913796,31.06012623553709,37.3255521620256,31.092882791488474,37.089582269638306
33.63084582718152,30.848468078553783,37.20156511673644,31.151488698019566,37.04300488144503
33.402131074561986,30.816000950205297,37.29757451469842,31.132350876469157,37.14888802866859
33.45457318446536,30.721994666155545,37.3465301403728,31.149697679323157,37.20934325798917
33.291703403571695,30.824811945482733,37.26269725217206,30.979084979275957,37.37451818349772
33.56187624593655,30.69427999374541,37.16639201746004,31.18360746063036,37.40589399352623
33.54985124053116,31.136790772163227,37.131506991243846,31.23510290431569,37.49865582134902
33.573514111799945,31.037629513091815,37.28153722194131,30.946389826436878,37.45429731298601
33.24279649435679,31.18959850654028,37.18019875039881,30.801073003921875,37.4334647712756
33.32483318544439,30.97040477071675,37.057530425529386,30.883496518257378,37.49377064914326
33.318272268858564,30.6567321871923,36.94789295140401,30.911355692593407,37.52866778728774
33.277047184008595,30.692056523970088,37.27380364452745,30.95887074593011,37.5707279491251
33.32873752650879,30.662892658557737,37.284757700730204,30.87603938807322,37.54705165853518
33.32901342308631,30.778566108074475,37.29868248820106,31.04761109789622,37.531423826230416
33.25454760989637,30.6044862681093,37.49524717533218,30.933608246800596,37.28952038307606
33.19236033348175,30.7490368483685,37.245513100614986,31.085513545099502,37.61679457862471
33.27200476295665,30.60863208313807,37.273342172610974,30.999399698315475,37.50345374076356
33.23771702186387,30.777209574654552,37.352289562939916,31.14998180979396,37.50599030476744
33.288440594869265,30.920726885385236,37.38232465514141,31.064246264063843,37.40896313463593
33.2391730893922,30.91150914929462,37.43521568586677,31.217692334191042,37.407763461936504
33.28600249347186,30.82415443600314,37.5681607067253,31.139799353015448,37.59689028573462
33.44594325999929,30.879679875680438,37.41098066621437,30.950801758714285,37.6402434759588
33.283551676776234,30.69461090668423,37.24508758971067,30.968953155085874,37.73188290526781
33.058890474194655,30.59828661819576,37.1021584033899,31.10355288373261,37.69393717105755
33.023141990522745,30.6253843247902,37.248270501066195,31.062836329404732,37.47374616784217
33.110793011319984,30.731228616126195,37.45101681548729,31.162811592782703,37.359571441951246
33.267684687514006,30.683446002824898,37.20344915670949,31.223010318353392,37.42789110166527
33.37075339580621,30.592601182355597,37.316032117807694,31.117955338529637,37.300736145076336
33.29629158046119,30.70096935781381,37.253693450792355,30.995470261626224,37.24375081120505
33.23941128843472,30.613418200945254,37.233377918194265,31.079920776504043,37.28669043504617
33.03842590642538,30.633862773327575,37.260119179354554,31.256071526870898,37.05308140138067
33.02208870192225,30.6148476484137,37.23654450954112,31.285008224140956,37.09167188124545
32.94517398912458,30.63787317830161,37.18106955446366,31.291655798306607,37.07247340011944
33.046309545347754,30.685911882228556,37.149805924062164,31.15340656066696,36.98478046458233
33.064207835460486,30.54675501037885,37.264584097670735,31.11268668137493,37.02649227927849
33.18130110815848,30.591205249611306,37.090562437197136,31.295052092401363,37.21393499230226
33.23962261910723,30.815774228131627,37.25831792359122,31.253141549476386,37.32541907073534
33.29014755243585,30.76267087416482,37.084990427829645,31.112906066161198,37.22002669724828
33.69944182928911,30.558438406950575,37.12465915485942,31.087539895045065,37.148382778321796
33.796836776608366,30.299770457098134,37.27229192867541,30.97564852289896,37.05785914892676
33.603701623826055,30.51515632932097,37.40207492980318,30.926264049223274,37.003421617799965
33.75287318653905,30.538203696666717,37.316879597700186,31.135956517882356,37.14364832111957
33.874556512981634,30.604759627484402,37.37164979279813,31.25809026552446,37.309023560722835
33.6331178772784,30.40394219775809,37.263020818755706,31.128407291389493,37.348029664750584
33.663509766484324,30.295620682350375,37.491460146038435,31.362973358307055,37.16630905699326
33.3404510098634,30.463657368275992,37.42424915426405,31.22801372059925,37.286154041369365
33.26138340503597,30.59252807612102,37.40115057871174,31.044680685720348,37.21180752491828
33.29920852029303,30.613478731907893,37.319733658659274,31.08649776743692,37.21966670434268
33.3914850923122,30.413744015930543,37.35152092660422,30.952543948066122,37.043734342885074
33.23153556501773,30.504685324468102,37.44282460042553,30.81430363690057,37.11353570369579
33.141997795149514,30.483071563185316,37.38672240185102,30.631723186816046,37.298651793405696
33.09246166197499,30.794267723212137,37.61375811988569,30.56883165755199,37.239984873026366
33.22121697456998,30.735061736455695,37.389441600040286,30.417426649858047,37.41020051709099
33.28547026140009,30.831528701868336,37.55714557087279,30.548266786348794,37.3792528406495
33.32823556210078,30.481564858258455,37.34256937397577,30.65747361173748,37.372525081212416
33.42175655268571,30.63417261617168,37.4833734642338,30.981766434740123,37.53610526599239
33.2962143224015,30.436351223127986,37.54292231435979,30.706500833122355,37.388518056316215
33.32730407814493,30.14599405317331,37.37570178523128,30.98110408401379,37.62002768561378
33.37190194771392,30.054706356709588,37.38079172032707,31.107765989019423,37.47295046088288
33.53424675520814,30.009112035877646,37.47246472902018,31.308298273353028,37.37525354121067
33.20365157849722,30.276674818066713,37.3627649570434,31.32058542065526,37.51854025353079
33.289695186248665,30.24873468938095,37.392025207672546,31.376924711614272,37.56920987204027
33.43836913629308,30.24396625712713,37.49561453130213,31.39064523897185,37.6252977030827
33.33653527941721,30.545308383532166,37.541868640499096,31.702332164134823,37.69120289052732
33.25727241223645,30.424227317314305,37.439148167787984,31.767547108591003,37.571600824185474
32.96847641337565,30.272179456608143,37.317140480434105,31.49398873684528,37.518849587372415
32.752297104405876,30.13559034759993,37.54311640417866,31.589374630635753,37.61926699213974
32.979890980309634,30.248041246824005,37.490796892791906,31.605482676057967,37.91572822068607
32.98868310508717,30.215466595078436,37.52576395443515,31.46391472299407,38.02961554052758
33.01838765306865,30.28441860405233,37.45964716851376,31.39219045885452,38.08691744001787
33.15001894711586,30.22026109521308,37.474550267498586,31.601183134239974,38.03246183316449
33.28818842842963,30.09959472869049,37.725368694866084,31.954860051860592,37.848253121239765
33.28065120138637,30.045048695873867,37.55052396435398,31.750378796630883,37.88904305814362
33.11040307003053,30.31597523007653,37.58766417626326,31.674453754555177,38.01635673971832
33.15660396840857,30.061857660918974,37.58288235985468,31.65009512575419,37.904838998088955
33.128874965731015,30.248028832657905,37.64150256046407,31.333344457613336,37.848294277738056
33.13568077785781,30.346278811378784,37.38450124640956,31.306953666038037,37.66722917706158
33.078830872751176,30.442741708051447,37.559982978069286,31.131832533562342,37.7493720266121
33.157209277031185,30.532322214640843,37.39675145182907,31.454198155168022,37.54777038286944
33.24007879037529,30.59060861334406,37.35914170693746,31.5086583734115,37.6318070819184
32.97572750317593,30.45026890733152,37.40744361387202,31.213173339249174,37.51123376110394
33.19300711186404,30.639292744034254,37.405168423643204,31.355681720175127,37.36068969844338
33.25269969241294,30.566815387479338,37.39921244957242,31.195997086305766,37.389176099909605
33.12136879387188,30.461649846296307,37.214711071148706,31.312144811775504,37.2608167664819
33.26064786153088,30.684075986331955,37.412239736245084,31.12302140031008,37.09166847742484
33.25393734129752,30.64928227981626,37.35156116810228,31.214762510829537,37.12867684611629
33.34471799436097,30.6843003479339,37.37191771258748,31.211230738590494,37.28682727941592
33.333073780870436,30.834281878764404,37.43162267110132,30.883696152673835,37.42922035567731
33.24875393456525,30.98745904007341,37.3263427185127,30.996873080079844,37.631166268907776
33.08235117715196,30.93371143151446,37.37079723671639,31.239840588483705,37.785888609801326
33.05398262714108,30.727905156219634,37.41445493897436,31.15259829294409,37.74539262895668
33.18827037852316,30.85759288405742,37.124299374226396,31.308409553416436,37.87465406973984
33.29104894430104,30.61881848384779,37.36606205104607,30.958115412505265,38.20918769509539
33.21228934323817,30.705152658427245,37.452577903726066,31.107159562252583,38.201449417013286
33.21181137213957,30.73196167914867,37.417823675194434,30.968180858825257,38.371840387301624
33.1230630523433,30.5675520831586,37.22005327101606,31.10099776999426,38.279824391137815
33.063653039304754,30.514738092281107,37.258787973692236,31.285002699784414,38.269202415817475
33.06619892536121,30.489687527691405,37.241941828797124,31.07906363999795,38.185470584960306
33.274188471274265,30.50202279772761,37.52902911373299,31.055204085025125,37.95115085634217
33.165890052472875,30.59169158909578,37.4932830269241,31.357739205636058,37.87891903063537
33.424855162025054,30.379614542331538,37.50692614795148,31.15352883272675,37.97626296070837
33.36875738977645,30.178323080265795,37.543611202386025,30.985990239421312,37.90016835041579
33.66282712450414,30.328046098454085,37.46171530169394,30.888907007999194,37.820498508488605
33.62970032699938,30.341024296781992,37.52293726612358,31.091795635080977,37.956669561066676
33.5936083712289,30.29097863299484,37.22967587065937,30.996110670912536,38.126748765240656
33.60647609443162,30.56430876329062,37.14419657487348,31.090035884642557,38.00781745010331
33.80030990624136,30.407707759896965,37.21030772755071,31.134645643310368,38.19523468684793
33.5863565973124,30.35554212568549,37.21561003171437,31.216900300871313,38.10309102440672
33.53537551035671,30.533963055952885,37.49394083970777,31.27745093888509,38.113674095830305
33.51936143657103,30.51986467676313,37.34941714334669,31.108958530261656,38.28296879226197
33.50276672446061,30.59552732155791,37.42663201455577,31.249934201930557,38.33687610654865
33.763972689463046,30.657703009307898,37.334428594004834,31.25068238227471,38.233277147033945
33.70998171201536,30.638164382812292,37.30159073213374,31.29472598253317,38.184362833480336
33.82888924245202,30.839876161695475,37.47700354314396,31.2142478280407,38.24703219001628
33.81392107995517,30.70124067591825,37.627424838234276,31.21540052569522,38.154486500059036
33.6118206182498,30.66847891368873,37.79825862609027,31.68363343470543,38.14040979094438
33.66251264626872,30.45353163288609,37.78822564569133,31.309014972124352,38.17832283170504
33.70197567270321,30.422885612989585,37.898070645451305,30.973371125786635,38.141552331524544
33.56095540596712,30.241009003376632,37.92407482480219,31.076678210187794,38.07361928456992
33.80829036642476,30.316137419907164,37.98456495287261,30.871968827654953,38.24533818501519
33.74912589900526,30.452122304975,38.08900665899484,30.780602015900495,38.523429468671075
33.6374155740901,30.592897045532375,37.85421743146977,30.791920553027726,38.349875141343226
33.330704353373804,30.773779276471927,37.769558950924164,30.76277169195674,38.55977984419274
33.274019954270365,30.989919719396166,37.67587291941765,30.61055432650542,38.50880126623419
33.242556810776094,30.973065476754147,37.52339284387793,30.673809056687578,38.16797655522835
33.20163522793783,30.83266882188877,37.681217939543764,30.6825795959738,38.412196783199576
33.16052854459373,30.854776376082576,37.7042938696849,30.655212006338477,38.37680050404779
33.28459373298843,30.77251921357224,37.613313740318254,30.694494568158657,38.30237863385077
33.38572955649007,30.741528462213573,37.485105789689,30.874459751968477,38.57611885836294
33.39893432782519,30.875252677584623,37.571045689035806,30.83208370396025,38.56825523541379
33.2635999298287,30.984612325597197,37.82152646643463,31.031089329863914,38.65691111502618
33.12915677748266,31.00475535331118,37.634956656592536,31.054855665906313,38.40752421731562
33.275027653951064,30.883047257092844,37.725082618567846,31.100176021745785,38.36854958357915
33.20004658503522,30.674879588110755,37.835510135293,30.785394270905982,38.54434705823607
33.18421844052655,30.613884460736028,37.72031408465177,30.851259447822297,38.62853508491789
33.30062891858773,30.66089882872051,37.81297508747968,30.760003580046117,38.64639028732469
33.301035802664074,30.781186479667323,37.71125999872186,30.99353428307714,38.72826246387981
33.095796647745935,30.848534485657968,37.624303811218944,31.085674434467194,38.69104349721524
33.00582864214551,30.998173487060903,37.700005540029096,31.178982805535483,38.93700326918062
32.87522041344514,31.36787993044676,37.78694115429083,30.984595007836337,38.758069838671226
32.692781468341494,31.177749942195433,37.715892268868274,30.71530243056098,38.854765955992754
32.6540988766957,31.16182952602104,37.920923121571214,31.080190270773077,38.929690712561566
32.915503004429965,31.146259196237672,37.9544577930161,30.979965307168097,39.0377804246798
32.97749712910963,31.40190975524597,38.16807475792989,31.107819708131636,39.1030852000297
33.020979517812194,31.461415619439144,38.32147350621105,31.09394299621456,39.06329327576012
32.960402557593355,31.60415626898839,38.145128158607044,30.84257717629917,39.12379271275756
33.11463541504287,31.732196959820232,37.98853281457559,30.73818213067403,39.178619010516684
33.23946848966198,31.7023255414631,38.32329157968716,30.75236832515304,39.26477606305407
32.898160066360425,31.501517032409737,38.105395954389756,30.68892353667332,39.01518143097896
32.86345078455308,31.059891508079076,38.238381921315415,30.878418098795752,38.72310979334087
33.18988641371758,31.292989236504056,38.082794385422964,30.932660931656876,38.90612186641521
33.357407542586465,31.403162407011113,37.95037416608504,30.824188712254625,38.89465397524197
33.419909009038236,31.56157555554974,37.88989080695885,30.709095269402813,38.85677952593754
33.44890392535777,31.61788877214677,37.89039264868123,30.733726522230754,39.01119406598374
33.44098573047991,31.57371116477639,37.844491437018604,30.999071518908437,38.7877027527107
33.33546663796034,31.515840254060812,37.901407391065845,30.921229367725154,38.91329197783767
33.317013717629365,31.498740076554157,37.80992044597119,31.061845279106876,39.160361753495636
33.276564164229896,31.584971244458124,37.894643682316826,30.662950208524823,39.06824947419687
33.15576522791969,31.507569930451275,37.93605314936216,30.60443211615269,38.79829022441047
33.2758182155697,31.386973685956466,37.76802211420023,30.571877424653415,38.99842764933686
33.244339591839356,31.236758154055057,37.802998686609335,30.253857856658154,38.93679955639801
33.17120264666431,31.051515573152457,37.8363305318012,30.333660444301344,38.984675548811886
33.14466140614261,31.18716937296822,37.979496063948986,30.677696547707736,39.18680752410486
33.2065781342516,31.19952865475062,37.93072140975102,30.87014291781416,39.28809757558093
33.19662167036973,31.31693409425533,37.88062230377962,31.037944372162094,39.24777865710101
33.178992384545104,31.42629492802351,37.56887764885174,30.918898536443738,39.14461531185161
33.30433871694905,31.585543460840036,37.64327993012393,31.138203996837742,39.33334715085095
33.3397824753653,31.484174857838816,37.63707457957295,31.352447051142303,39.257176558266075
33.05389409627844,31.66985499832953,37.70309768990299,31.313634380064897,39.06924683204938
33.109319298099145,31.543744859807923,37.79159074716295,31.228251284559207,39.196099213797744
33.37956085221596,31.489574017346012,37.940830334012524,31.326104233263607,39.21398977086143
33.323838781145824,31.59628728566048,38.05252926187481,30.959503492807567,39.45318791379226
33.34498099869896,31.506730988942003,37.988465169373924,31.20793217109644,39.23990581550481
33.39337087519912,31.559567780875778,37.671516485936024,31.144019030645094,39.2323105148053
33.52951911816936,31.656781853012735,37.652836088998946,31.22904883705403,39.539568415174216
33.255365818908466,31.773634817012006,37.82402978175522,31.134861156649976,39.630241257205654
33.311097373676965,31.710830329675506,37.68222098933292,30.9761546310442,39.677529025306846
33.481715749983806,31.498443032453455,37.53428126515677,30.9317191910995,39.399984650949584
33.37351488645845,31.16716029154149,37.58832975276171,30.831375684210713,39.45781420232223
33.158515404656406,31.367664089972255,37.56430247831922,30.76081126944682,39.310042406177935
33.087847021185006,31.558733576943336,37.84750435836917,30.95687119224005,39.328686878515875
33.36340462004178,31.782071026957922,37.73063679532632,31.09750432879642,39.709352010001865
33.36304838185648,31.648208521150195,37.679833263754865,30.766380278112578,39.75773680054672
33.2563120162089,31.415782363027247,37.848979438830916,30.804897359695097,39.77745959189745
33.26087348272973,31.697899239581066,37.90939257644338,30.95861656835367,39.73432062780708
33.25430827425178,31.612311417385676,37.87170575771066,31.288526366656704,39.81529276483743
33.37061033562011,31.321849378313622,37.868535786800614,31.217844141535554,39.90046590624214
33.222112245581094,31.436132217617477,38.063856626210594,31.02592733946898,39.84000050066243
33.29771086369393,31.594800445059285,37.813961442732015,31.069890556012286,39.71343842276964
33.36747541474538,31.61067318697764,37.943406833606744,31.207889333026927,39.587517523870794
33.231232805192974,31.647958240936777,37.812836103816466,31.059951199132122,39.80375981330289
33.28610950902429,31.74434889244494,37.816418850739595,30.911700362504067,40.02666646850075
33.39244768214428,31.68930817059071,37.99163856368558,31.19328746291327,40.08647828823329
33.31853132122311,31.65063975340318,38.04619226971522,31.37177922086241,40.27582437087597
33.360863878619405,31.550367064988933,38.03421587397083,31.13128168923574,40.09047935486427
33.518605963244134,31.228946756810426,37.881348236193034,31.15430202631266,39.761681782655394
33.58145131895377,31.00315677380206,37.63031856315646,30.9805582493984,39.832028264836836
33.514389312029806,31.275886221981892,37.75416596478839,30.9656015370019,39.824674988801114
33.59128246469438,31.348370373809576,37.97066777559789,30.990079720306316,40.05987339624484
33.59278855214598,31.37648470428929,37.75091385125699,31.04430040029012,39.82140620548859
33.82728920061164,31.368304980338706,37.71583912005525,31.105120754220476,39.9306398900773
33.8486027305609,31.646181948658292,37.92317587344966,30.67669743709428,39.84618916029275
33.87113986550141,31.68732336282644,37.559347203164734,30.914809550154963,39.869588983903505
33.785367020002866,31.774042030783537,37.522386611701954,31.144774370083475,39.970791865835544
33.86309611656349,31.67076289501551,37.43163022608267,31.273436043566566,40.01829246811778
34.00831244731104,31.62757746170402,37.475892173442524,30.976167159418072,39.97221786173294
33.66943567300043,31.877618622611816,37.47973137338892,31.05655795120197,39.84615934957097
33.81007003450257,32.078125747352985,37.43443799103026,31.278651369637902,39.63787778490672
33.92645605845976,31.84076453561126,37.49611391249371,31.392467059056262,39.860016569045555
33.99240536645136,31.377838183497598,37.6190738368323,31.513248113112983,39.57393196098208
33.900170480528196,31.657363724551356,37.59731249058585,31.807312182780375,39.701262447436044
33.801760483354926,31.753597076743755,37.62360611365688,31.75327302075268,39.689482213462504
33.6399815105164,31.714588045433384,37.48541291879075,31.704451446773838,39.82422303171176
33.49378963899212,31.509673328394705,37.35927804197135,31.909811181185603,39.904992058089206
33.35470838768872,31.160565619403915,37.499263254335965,32.06793565087586,39.907836158449165
33.30994819109222,30.895345720488546,37.36346817873111,31.831730219164818,39.735494785821345
33.28076352079113,30.82238380346239,37.53016451478819,32.19428423852917,39.76531474429728
33.204715099240616,30.685041864856565,37.54709491232908,31.99529051768669,39.900894174471055
33.07294925921411,30.7125393512615,37.39909521849869,31.911622936029044,40.00942685445172
32.99147467712995,30.87668284847378,37.40714353007299,31.655041606683273,40.1987563871338
32.98997084843753,30.568272067656675,37.49361633303378,31.77827002621716,40.011637431415124
33.102146104767016,30.88809344804295,37.45412334240753,31.46936025503286,40.17700225541011
33.3036379969097,31.016984555900198,37.5285396368147,31.6399232272027,40.18626194428764
33.17496976221376,31.19158364291056,37.75739745621815,31.713315312405182,40.16300390402948
33.22479610159892,31.281503727851817,37.66851779793631,31.661255178525742,40.313148873211055
33.17245471160195,31.092073701388752,37.723721640540006,31.355951810580958,40.32433997773413
33.26181062831937,31.163612920354034,37.693108988115654,31.398975275652155,40.30264331282055
33.28043396948493,31.27172972408563,37.53729159430506,31.717176169929722,40.06342315493108
33.27823706132296,31.15218230853377,37.67024303903769,31.826481437927736,40.08014448851966
33.22938018481361,31.23629381492198,37.55000894219172,31.726051573467107,40.12965345360201
33.31670189474461,30.99138315215743,37.55051093081546,31.713789344962024,40.00603032370791
33.305279609836745,31.017125279706317,37.665896911876345,31.630344622038866,39.95355605336081
33.16634760487584,30.894010787441275,37.6702984912738,31.734805700108264,39.89820717874385
33.32287042279354,30.67438588792933,37.685255825931854,31.80610043461123,39.80437498132015
33.65490115612526,30.690464898729672,37.69356524451846,31.868985207491235,39.785528316930254
33.84552744767038,30.670048531506936,37.58957425524042,31.67129611982355,39.893852019819235
33.83939550640664,30.621784575534083,37.716848606404824,31.642581152050656,39.86304817754363
33.83620833595004,30.608297344622912,37.37038011501802,31.72435155895101,40.020731892129504
33.727606265709774,30.58385084342076,37.45108571563668,31.787324473363373,40.05063891572794
33.818474619424045,30.774028769565284,37.390612429280736,31.738389735238197,39.98087740695834
33.574407948000534,30.807089692698572,37.53361671821605,31.644783221779452,40.0007004122372
33.38787848338484,30.95158013247972,37.60352276727147,31.467326080712873,39.98482193056192
33.62647374844697,31.06723195255143,37.54156216394162,31.421884940204336,39.814275678111564
33.64484904381688,31.101774236626493,37.644664577604125,31.28139519623213,39.98018161846919
33.43137776749249,30.985558040658223,37.749990498813276,31.012487809748123,39.94931505234478
33.65897388534203,30.7509976469503,37.7288396104087,31.240950569000322,39.931467002033415
33.53049004740557,30.819267662521067,37.78557892528282,31.31009793808395,39.96447026827677
33.367271351362135,30.59478874665288,37.755094789156765,31.39807366984302,39.96984068408875
33.3624420309357,30.52138674667892,37.663324672260345,31.39351389721967,39.9393545221286
33.494286484229434,30.474347788129297,37.775639546714515,31.391753608860114,40.102154861768284
33.441748519753574,30.629841824520458,37.66240353278719,31.444468220275684,40.233007799481015
33.517798851723434,30.77600733540443,37.531779309566346,31.251638401984888,39.86349921958312
33.68218904211623,30.734233140473762,37.48173732009493,31.073283752183702,39.99290365708249
33.71338861025039,30.558530123219118,37.476452967085926,31.329248990440334,40.091853207849844
33.21976376092001,30.462483018122434,37.38352365992766,31.106287487112905,40.04701402528847
33.13438126620159,30.602830910001288,37.17359948087772,30.85779716867516,39.90670661626802
32.843276449092606,30.72759367886634,37.192931349133985,31.12831980269618,39.70334069259854
32.78791376395839,30.584643257058442,36.93577745664596,31.030642715252046,39.528534578420434
32.87703321855083,30.714692568580578,37.147614550314294,30.992025537983288,39.503219556051796
32.81223156328321,30.80063051871825,37.07161249393398,30.94525815940165,39.52646686748261
32.835423018464546,30.823732506462072,37.087954144550075,31.011986915462284,39.64820405704894
32.66926380651154,31.041278918672823,36.95600803965395,31.136042266387395,39.60782777706446
32.496989271089525,31.105581186734586,37.03698256422244,31.28155953316604,39.86970100672333
32.84360367778018,31.275780806406328,37.233475042647676,31.51222389823382,39.70367955241418
33.04426708214391,31.17660485537679,37.07656508070969,31.310574977200893,39.761692483427545
33.03309925427768,30.85631551974626,37.224687633561565,31.125699117802657,39.629108335505464
33.08368065456114,30.814355072250773,37.07909533065728,31.011407792599968,39.480352402534564
33.209723090828035,30.84939046450593,37.2330463451175,31.110272388024665,39.59181277181591
33.256074153766534,30.751847915139365,37.13947702389595,31.24619551457204,39.46490201638963
33.2231776232627,30.739281736101972,37.443708168935856,31.406006732685157,39.29262129404811
33.441388741244104,30.63376610018163,37.20001619613673,31.5270465393839,39.22875078912577
33.43889113336359,30.661762769995235,37.37660093793011,31.32187742181472,39.419832532053725
33.16288305911246,30.816920132142812,37.27843365074351,31.1408230453721,39.43007764234141
33.11385680709706,30.89079150182292,37.548623710608,31.322662020279918,39.72375547093827
33.1663937394183,30.758211843374333,37.35137544079856,31.178890394486846,39.75316531369382
33.305293881658194,30.84039871630361,37.516902201138485,30.932206081782635,39.98805622615402
33.23155477052349,31.12510483659392,37.456909718933474,30.873992554168883,39.83934392478801
33.39733242230979,31.10862639011077,37.327591465615406,30.890321265179765,40.134122774833614
33.39935107235816,31.114778121138833,37.28316680834571,30.781167487342938,39.96247807272099
33.43836787789434,31.164662959825954,37.31771935812272,30.811096362121734,39.80806990430129
33.53728260574214,31.263243438726395,37.05544327382496,30.61638545077297,39.64614356719607
33.788357668699376,31.041498474305868,37.304617835826924,30.602586507560602,39.77961937925453
33.56564365077922,31.115207432571495,37.12507159518296,30.42934786288493,39.717273249403625
33.58459153281352,30.84535429510334,37.16015910170853,30.583494341975126,39.648074740631635
33.67629575689362,30.963732136704472,37.154026149376385,30.681728755737765,39.630294624078466
33.568593893931144,31.11127344200911,37.15283250157589,30.76478793011826,39.95756622914959
33.70157421364283,31.392703545605624,37.33036473376203,30.592811320705668,39.91271074926598
33.87128331643753,31.64412659209066,37.42385152728373,30.449187131714606,39.80541943143656
33.76281267379835,31.6124287651276,37.38954669015008,30.52156046718782,39.86922654253412
33.70175585336666,31.50368999250741,37.31758890685384,30.555189417113223,39.93205265516744
33.60949245280999,31.392501243828935,37.43647163510705,30.784192198594436,39.98426221167701
33.7823482708685,31.25760381685031,37.31560104402742,30.767971547005956,39.7766178790155
33.56865798424751,31.06530939059389,37.33122957909631,30.923093405855987,39.80296869770945
33.69897522229197,30.913231713164166,37.33226069993139,31.05017081486662,39.82533666047948
33.701473876030754,30.875453727220698,37.386046709269195,31.219473425704987,39.792941285053665
33.90146736790387,31.079894203344356,37.27152818410718,31.15296133992192,39.810083152813725
33.89131706600793,30.899349446372142,37.3900958040048,31.335613731622786,39.87194924285821
33.80742032868013,30.86924202417936,37.441010431717636,31.384999932721218,39.959102628996874
33.53181597467212,30.79301897324652,37.32922678290829,31.613300221599246,39.98573976905418
33.40208348683713,30.7565024333302,37.49377142500781,31.411575913960515,40.14024623549496
33.50576326840333,30.82391519317494,37.462037062108514,31.192059002880214,40.15432590397514
33.662804487696505,31.12518791542641,37.57408202419893,31.33055832264691,40.233668176263706
33.75580894178807,31.244267991580962,37.60798522960318,31.449913622974844,40.31927812732809
33.65661491741349,31.06820306462356,37.58147719290133,31.56881509354288,40.28148912941144
33.554450372981904,30.97589965958237,37.55604338584713,31.56366871409606,40.246879505766124
33.49650068513143,31.056301016165577,37.45548610883869,31.9092594278092,40.19591154280009
33.66965166577382,30.988210817302356,37.28308077506303,31.642584564281577,39.9634330658092
33.598413878312705,31.035363172605816,37.10883135181384,31.772490364841534,39.870966832677205
33.542836527971005,31.00132484611297,37.03451250953044,31.966481940698642,39.87663272939227
33.474541730734494,31.204755924219366,37.00651408938484,31.510813003519377,39.77479390514575
33.575087068110896,31.25446313048644,37.28817002460041,31.71775334812643,40.08076311336034
33.36678094594975,31.280263704535688,37.29128450142638,31.646330832907164,39.82181300252349
33.52423985496229,31.232697338983623,37.321150329786406,31.781182289358643,39.877085306045004
33.578581953724616,31.268224822678242,37.423698311292924,31.396520637907226,40.1485344487405
33.7051299704426,31.196637888705332,37.41494138758211,31.526051966925827,40.1267321597788
33.72800464326905,31.184455798274293,37.3491951321663,31.55459539821888,39.80900211212
33.6611214332799,31.03083374339085,37.53510421784601,31.52872152736283,39.602352144176514
33.73314080843778,30.857951358012755,37.514703032423114,31.76375042338643,39.63617199614556
33.804519424953696,31.022392240606408,37.461920991655674,31.62312492117034,39.722361654266045
33.91686371512111,31.244610651841292,37.9245367117963,31.7308707589786,39.82649105695222
33.52245138096652,31.08903417139332,37.949146157404556,31.447687808506085,39.6459232910631
33.59424610394414,31.36379536730981,37.83647349221092,31.457244679670726,39.68064280895007
33.674438876989086,31.22395247237298,37.657359972202464,31.234029005954586,39.43260679919661
33.36331892892702,31.293446422204802,37.81222830679042,31.21987318752409,39.61349315511778
33.43940714760309,31.270049659222256,37.77462493962341,31.285295310504846,39.58272491545031
33.644466783571254,31.27500334517303,37.616235976866854,31.39487255905161,39.50587530182546
33.6298833684375,31.51797164168917,37.454559184907424,31.27263550790619,39.53950517386531
33.766581739461955,31.555286558516496,37.42782290447738,31.234581816414618,39.866661885925765
33.897023323595825,31.237679494134465,37.60791943339067,31.289981600452748,39.81392115502145
34.22365483218744,31.159295800892227,37.75945937942521,31.429698461805565,39.88177921586244
34.20500037596343,31.166226701548826,37.80001414572489,31.379610921191624,39.89713685568809
34.38704408750367,31.09843926015958,37.647019824915326,31.409488214544,39.92175441707124
34.19688338901936,30.92713351904207,37.562933990913,31.379223607778734,39.95109999764176
34.17467817029294,30.9082769998113,37.52730607014779,31.61769198618302,40.114887694360505
34.393616643206045,30.971172232737107,37.38641421094672,31.74871003563257,39.95000371025834
34.32188452463989,31.00207087394973,37.55453264289881,31.694326385505164,40.124826993993814
34.417283203904084,30.977262337098825,37.53149465593481,31.46249978092053,40.02608223071226
34.27795991898306,31.043872567947748,37.33004663419716,31.494058408578645,39.8482683763505
34.40995634462297,31.0325583454552,37.458998066023405,31.4897040969918,39.82217901424638
34.17637390892674,31.01506172846813,37.31244675063217,31.30424660972311,39.99641272518826
34.04525366379323,31.070988078343156,37.44214895697507,31.3105975703551,39.95071527857588
33.92038440166496,31.034626388964007,37.68366806039529,31.629084019390472,39.7380146336241
34.07003140523435,30.863132072846085,37.66344344499361,31.82234995969174,39.95625188122241
34.05954677443551,30.93015549962943,37.68527313014658,31.74891723575695,40.16737355721084
34.1662148277198,30.931617283014788,37.729202893164455,31.745997476494225,40.08886984742585
34.28324125829178,30.990691394638404,37.92731018685393,31.74279416476991,40.14968463761508
34.402770487339176,31.03548733168346,37.867221526836516,31.760455569240825,40.27952362468927
34.31576663753269,31.14379406113051,37.687987709943854,31.80947125103565,40.37522988257246
34.45581837072744,31.128947795001977,37.72311061326448,31.87757858283682,40.16316572327494
34.48503268532123,31.118059238394522,37.84485680559093,31.715834158231832,39.97096372970229
34.45329724795231,31.272749930608363,37.75766836088778,31.28033316479891,39.94927314094978
34.184817318434845,31.103548047872355,37.70731915502195,31.587150431949166,40.16294244668969
34.20202206465983,30.91793853059263,37.58161923833935,31.385125182775482,40.06527884829775
34.053860119555345,31.179666010162336,37.580387462364804,31.552389515444393,40.15006826693992
34.02538876035066,31.285097379069523,37.587106507174184,31.580894892792422,40.1544566784336
33.970467316439645,31.333398809340395,37.700669415414744,31.247052358258117,40.10428082801436
33.9252205888074,31.407322742304547,37.47197058085902,31.13352146731623,39.99815532766342
33.89453114985445,31.230739406280033,37.38575571647449,31.41728805383078,40.037856083177466
33.885800329274495,31.074165004661854,37.250291953757014,31.035205363873047,40.308408319861734
33.7952107272073,30.859665256529418,37.348975463360965,31.105091636999795,40.286063293133054
33.86697517129532,31.026558718989556,37.43572843217388,31.193104485417795,40.474729762554134
33.888212689338815,31.17640034130492,37.456119295448374,31.05140420415954,40.54048903645631
33.55512598771498,31.26427958138242,37.469601582305096,31.08159429261158,40.29787198425906
33.49947563990304,31.107086651333187,37.52166349420908,31.089661662941438,40.57478698455054
33.77289428514008,31.140920772426202,37.390580613072686,31.121572783676836,40.461535220029745
33.95239642802962,30.968882254447017,37.41723307408974,31.318917169375453,40.57433905690205
33.88803473727765,30.6390995931909,37.236490769795715,31.051287250558683,40.71264723139186
34.103622226966365,30.599565600941713,37.311846384547856,31.109823628737885,40.53123099912085
34.09725484344406,30.557846882898165,37.24671574704345,31.17361907881935,40.513236411502504
33.8769151915067,30.68377941533349,37.168017475031014,31.331341475754783,40.55349201931775
33.81944802590794,30.512214132219864,37.30577014207435,31.426614534040326,40.77314522673547
33.96646032606467,30.553154820358316,37.223901755789484,31.271911954502883,40.536718203507775
33.99411642898018,30.562769619393425,37.21678500077686,31.302925378891732,40.79085388557282
34.01775898973836,30.569822508180515,37.39701300276702,31.357338625730325,40.777131510740084
33.85563116866777,30.412510013599626,37.24081398174431,31.31538069998333,41.009368519980605
33.58037870579585,30.59277331580192,37.32127196477179,31.571108938099993,40.58582873739643
33.545059806410016,30.480793790497547,37.32514550341997,31.546537377337703,40.583478490437706
33.619308281223454,30.748466864965536,37.33320823102471,31.441832750689333,40.85794389190359
33.536115468744185,30.673946324160493,37.506027023544114,31.362356146455337,40.77713372767519
33.65678290387892,30.886981567213603,37.55732555949099,31.018862410532442,40.90108938225412
33.7781877946672,30.80941410438145,37.40614101997621,30.847571740507803,40.60762924254358
33.56723520856293,30.8641716512069,37.44273209393895,30.55840344088614,40.50250845099314
33.42683306222197,30.797615474909996,37.25695280218181,30.483393536466828,40.530050980907305
33.544350809090325,31.003105382516814,37.4564826918146,30.47441200376625,40.51642072793468
33.49090438860255,30.726059012566004,37.584877382702025,30.64447673385344,40.618801055549696
33.599801363332965,30.692832086754464,37.52856673003577,30.809553650143567,40.79425266754673
33.60499736122233,30.70326041607033,37.56285662637327,31.09708910044545,40.548851987057105
33.731291578494826,30.665120238596618,37.57462786954149,30.897176938886027,40.511853551211786
33.78398591916013,30.64236034448538,37.43784730171499,31.0303804778383,40.42647310657744
34.04138453967696,30.72907868192432,37.48410471395661,30.855587181438207,40.53881573124118
33.88293672359928,30.92789277779672,37.50500696745159,30.814737903231116,40.54018218053251
33.95328498073574,30.77977841614088,37.53590448131959,31.00779236579927,40.361354506909244
33.90849372335977,30.679115441221555,37.313013592210744,30.601662972373717,40.35687274511984
33.766990405405316,30.470364735598274,37.4179257120815,30.754905180090446,40.319962234198194
33.83036502520262,30.636451821611765,37.51187756925955,30.982960204367014,40.494520738846134
34.081167032308464,30.778291157169424,37.38156771795947,30.863297308374694,40.274976990383166
33.67325441228258,30.682123760711242,37.421046054245494,30.502748830865876,40.16680499779227
33.81941463373156,30.83763833755411,37.56849655231018,30.73634461196669,40.03876881920605
33.956776106880355,30.566530061245672,37.50186524797312,30.63868562746955,39.967025109096525
33.893161518758156,30.447550031595693,37.589636953474276,30.373646847320323,40.01185538990385
33.80701132932181,30.469302414640232,37.52834680684665,30.546925509091217,39.950787640028054
33.82035255468474,30.65469674382961,37.345677980202495,30.78688047342816,40.10462705882534
33.96950210582703,30.628004079090754,37.607447198852356,30.74707726005436,40.066815775937286
34.04145127285908,30.557866283206128,37.551394607526184,30.761608897680297,40.10364682677482
33.93777362645455,30.392829727578402,37.47064612936409,30.959075030182845,39.937669185059306
34.03577513201781,30.280335945926495,37.52642070321662,31.152283285547277,39.95739417579704
34.01199878143993,30.326231625278385,37.444200511861695,31.04627424384924,40.10554776083032
33.98317109000626,30.474977521069203,37.51704776477639,30.837676691349653,40.29352403124811
33.776126344337065,30.336261872994587,37.617912069527236,30.646956529007408,40.35831767407907
33.784925256979164,30.28628332322044,37.356578672048826,30.856186051827372,40.07465010527792
33.76404484055652,30.438870732401288,37.37157916453476,30.905479520854527,40.39841494393577
33.58072990801091,30.467219083203076,37.65260822165614,30.86957222065308,40.646191901374834
33.588765654702065,30.454890667946348,37.380925598038694,31.032833015616667,40.533991577188615
33.5189095196238,30.34543789654516,37.47728825631205,31.056814767985518,40.425570470876615
33.632189754309074,30.529805188874676,37.66579798429165,30.984411933211426,40.34286884221864
33.532288491942396,30.53353661260314,37.677772007853555,31.11789549768121,40.36708972039125
33.623173531330906,30.672712922190506,37.494117999510905,31.08306243232979,40.177048800004684
33.545856900767326,30.67776754320568,37.57495544758912,31.091692013323748,40.36690832189459
33.80042561287065,30.624901666518294,37.46571984559823,31.15949345512993,40.41373513113279
33.56815544725529,30.535931853002676,37.56135611406233,31.22384198982558,40.41102142097265
33.72896391466029,30.42604768845981,37.26415368909691,31.377941073947962,40.326105248047625
33.63614655418299,30.51721127793473,37.39566707588664,31.316362009950677,40.32945879752519
33.682973158692626,30.45328044383594,37.57281024349714,31.162986276078325,40.729397351337425
33.64639651466922,30.32869565625907,37.441766301354896,31.22187704293864,40.60802817940597
33.42315514350104,30.303954761242014,37.422084412073616,31.237723105914938,40.44466287511441
33.437416134513214,30.598542824993263,37.62566999961546,31.23962693051506,40.501820560732185
33.55758065577778,30.63844912149164,37.41948135179387,30.951190030164163,40.40906228268564
33.6135289045761,30.590534670626305,37.41590372293679,30.815083988020042,40.27650670670034
33.359085126040135,30.63604177220298,37.290441200428695,31.10249956447441,40.1701363137792
33.346993478536355,30.635350463480187,37.34180228811307,31.01259589411351,40.39459593759332
33.35779910568794,30.54179640704999,37.216260592937466,30.806885384176088,40.32539257629236
33.28361574795274,30.41574151166569,37.2194956932927,30.734239288635276,39.97679642230076
33.105056147041324,30.27598096339734,37.34544906233156,30.712436150517043,40.04320502082795
33.15748693550855,30.389202735129523,37.29270353989684,30.864786052787146,40.042254728825114
33.16922098889123,30.4947211082025,37.140947119090576,30.82449206020103,40.05383780992753
33.104172193148244,30.38941111118635,37.0516132093407,31.08998303112617,39.98726415245546
33.31489291388293,30.387599417755048,37.00107727669515,31.059519351233348,40.24282074114328
32.988225288128376,30.401744958540473,37.184285863765645,31.423398169210408,40.22982652288121
33.12145683925883,30.285852529458193,37.125097639287375,31.392963121865485,39.84044363378749
33.23958920389375,30.190323433285087,37.127916412948544,31.423793611783555,39.59078549716047
33.386304074115195,30.211037362626247,37.119954927011435,31.16187944001849,39.64492804641079
33.29139095029842,30.18999915497613,37.294761917977354,31.024379927662856,39.780118026294495
33.27471749292393,30.553435517039457,37.256855816113635,31.008501841504476,39.75118809111286
33.49857167995161,30.50154988720481,37.36887935122289,30.92205168148693,39.42072155087734
33.09473129146267,30.568486470604714,37.43020209296857,30.557245110524033,39.3907697715414
33.02169307270429,30.66252403727823,37.54765558663471,30.620955649755267,39.82387651566592
33.13570177156495,30.692158829350205,37.566314804472256,31.033990677708605,40.027279360283714
32.84772695573756,30.68737467164638,37.493419035490284,30.759375197120217,40.14652937342523
33.03800357456927,30.671564457340416,37.503439887985536,30.761564414756442,40.1664917763149
32.852788668882056,30.579068918048453,37.64816783356384,30.916046844131788,39.7654701279341
32.85339401622982,30.54290787688789,37.620315512964716,30.943605159804132,39.87517024768429
32.93209488772347,30.567533894619036,37.491861780283564,30.805194871785503,39.79908877259646
33.06916747509698,30.360105081490754,37.35969912382426,30.58999630147698,39.85391656897012
33.35443848193101,30.18599892531378,37.44194853777694,30.812555921641028,39.75587065705525
33.486104258340355,30.198085671560385,37.37905295261979,30.867266790830726,39.95290993405227
33.357768178978176,30.14230028128647,37.46194387346116,31.112972178321986,40.04986339386841
33.14662100226926,30.18336689425241,37.292273996123406,31.381423086134497,40.130973788423574
32.75865937108384,30.398218516962476,37.29638664481273,31.297586137638906,39.9589902213796
32.75114671453267,30.174379873510464,37.20904146949822,31.494623667634073,39.958195770560756
32.67600346137686,30.472474349322265,37.35589678516242,31.383661810586574,40.02376983165148
32.705882616538396,30.43153555035924,37.18926271246567,31.470141114062713,39.760571998358586
32.866703268206706,30.41403135803739,37.296492831776526,31.584490200403767,39.529244588052414
32.883224257162816,30.5664129699028,37.42155474376621,31.563741845128,39.38050774379446
32.92010751092262,30.728361983125353,37.522600822041966,31.23842523065708,39.53251437297563
32.89368147417693,30.777272708849726,37.547115964832294,31.13834236070859,39.61540377772757
32.933532463132934,30.816301849314215,37.443879281369064,31.073804247460586,39.36606576474945
33.0741841249439,30.715243278743355,37.66001225370551,31.2219771676665,38.95057084247809
33.19708609988797,30.51914656986252,37.52230105280992,31.279428434647265,39.05414473901808
33.10722339631713,30.596102765374923,37.50107297625269,31.1556933916729,39.10874250666073
33.02888508962258,30.54764490267705,37.558512753506406,31.307406928558045,38.943214453370864
32.72917062311906,30.789977983526576,37.634724166977335,31.17651585195387,38.86252868991717
32.71413541559616,30.812584852595702,37.39858746706566,31.27108350600281,38.7906520283914
32.31870420585505,30.93015501780407,37.373336279032245,31.19277164675449,38.78586550778727
32.50664311874467,30.954686645457205,37.369365969991854,31.216490498615237,38.97098797004858
32.498236648446984,30.776786933789857,37.503024995517414,31.354195839583202,38.76180604060251
32.36990308381171,30.687059105438095,37.45332538233206,31.40312758348356,38.60611022984956
32.48293645431443,30.795333818351775,37.49826616074721,31.229559656835132,38.554476350340366
32.442424676098625,30.67539599089208,37.495354386974114,31.021586379469177,38.52475422700859
32.54572155359512,30.70992357739535,37.44270012534726,31.123182753393575,38.557600126091565
32.388284174825664,30.68662760041171,37.64558598390041,31.07308161065162,38.39655500768249
32.50034209868907,30.573586729314016,37.66223214434822,31.128469182948795,38.4605720940595
32.51294706190869,30.630219065059475,37.55108091678563,30.971625194437465,38.54796014574615
32.64074871906491,30.604728415954995,37.614523375883955,30.839139618697676,38.29808164829157
32.59061314139417,30.69129561174186,37.40955560874068,30.753193407427357,38.18091712838133
32.50936804265595,30.744618768780803,37.20082366451278,30.909901482481015,38.03267192313385
32.703302944195485,30.679660865071007,37.23819983765404,30.933472762879454,38.04757945467955
32.71974915474547,30.784124045404397,37.12488291503076,31.267230554348103,38.22286206840583
32.74136872660226,30.74175856717347,37.39908381053186,31.24009761440299,38.116608686692054
32.6176810995214,30.468219170384927,37.62573924935741,31.054317113634852,38.18940358426607
32.8281464815555,30.724422181291626,37.76187298948994,30.83252201736011,38.39963169539487
32.83731143016465,30.662484846211516,37.748210447395095,31.008452400465668,38.554498821645375
32.7770553701456,30.534282644972247,37.76675815703963,31.406078388958576,38.596431686012615
32.52407426118761,30.44056583167515,37.7725589197908,31.450535255772746,38.64342235449086
32.698527843958765,30.441760975202328,37.811097513865626,31.376098165722663,38.5154053887091
32.880527354462856,30.296506779620785,37.801511844725525,31.134893524457055,38.46581202609559
32.874768435463764,30.43003819996785,37.772668533369426,30.961950081841323,38.52470757042358
32.63325465151762,30.741755697341414,37.93090498564257,31.051370407715808,38.43686293916466
32.613095134611044,30.753270354681273,37.86821529464225,31.1450712541223,38.51250143191808
32.444844864573774,30.706358584600952,37.87518599640617,31.071713885839763,38.54226008347343
32.472507765706084,30.71350962177513,37.890928586521454,31.288765419607873,38.71579661325549
32.439687772381866,30.542867679825964,37.67714282214388,31.216274302032282,38.78926557436434
32.61199932832095,30.31548211567891,37.642148519407456,31.206373555704047,38.42962536558551
32.706367972696,30.419710715096357,37.54614278426819,31.21975652519877,38.23392848848474
32.70179356979678,30.362575933970223,37.69762504550844,31.29428255814557,38.33761210638274
32.72817278003541,30.5011962555058,37.6501361337078,31.236943433206026,38.18448886400627
32.69727007620988,30.39250814488806,37.61423853684746,31.32426566631933,38.294899157811564
32.63044028206653,30.448711385201044,37.57871200502308,31.163118613885995,38.49096481853816
32.67351995332089,30.316920771477097,37.563069226674386,31.03747794200668,38.61609265264421
32.57658796548556,30.427640878317387,37.72950756808091,31.090721129066335,38.43021999788313
32.63457392396452,30.296298070488547,37.59806472779392,31.267428906288774,38.25501764947613
32.36410852679512,30.29141820900907,37.66246618411587,31.23129090272275,37.96417321491295
32.450044902549415,30.340555212331974,37.74539381767045,31.040109370847176,38.24987596401239
32.56400400259239,30.267972430756757,37.76123044762398,31.092931680861213,38.17721816395535
32.7366693345863,30.38925381510813,37.68459104153675,31.109480322117108,38.59144895395339
32.72866028628936,30.277678723644126,37.685166876576986,31.075162605155796,38.534059722510094
32.85187587179471,30.134906510554984,37.863456392317076,30.96810895180539,38.420281832048666
32.86105307100035,30.146891456141216,37.68135579496106,30.958460920864734,38.3286174498429
32.9538869790507,30.243031027477176,37.74769293449678,30.98943644565182,38.69338405999151
33.05916764013228,30.300351088093965,37.62667850186357,31.096816033686974,38.602403321978365
32.859580564951656,30.136714223866193,37.616146220709496,31.1995400211324,38.5189285304952
33.08521712489951,30.083682357950345,37.50412237123925,31.29182172579623,38.44130839639232
33.2296425236967,30.28931887037868,37.64106557513007,31.538578696553053,38.51397475333132
33.08680322718522,30.447478437974976,37.559000391883686,31.673576421617387,38.31735969788544
33.038271588943715,30.494936183090587,37.557344805160724,31.537410512702728,38.330847382108814
32.90371923342114,30.370584024954972,37.67579318577925,31.312299685614445,38.38014498379549
32.766228003351756,30.319086278007934,37.56993397616449,31.259179109930724,38.30143707331922
32.90643954478675,30.328807817874488,37.46034880358973,31.21199232998847,38.486599300696554
32.83200112504281,30.334792056038314,37.616363386141145,31.273851070731006,38.28852498874721
32.81299484871396,30.35297589274284,37.68441681251453,31.185147871604116,38.29096319611166
33.00777824043863,30.462303585787637,37.56745054098839,31.29883349750628,38.24809343095331
32.85733072624214,30.497220479984847,37.64521061157821,31.13816649208938,38.36540842911437
32.738671672524326,30.37985116254061,37.682786313228924,31.1044360042103,38.22363433555607
32.81856393942948,30.508844670206663,37.68847381533867,31.014859977672103,38.23767431031548
32.9319064489609,30.637287635869345,37.62583317206288,30.96615204756379,38.351963357482234
33.054835610332205,30.45731171920696,37.56492096832966,30.96770652674671,38.49422567076745
33.007349850770105,30.380210329155616,37.630275870472786,30.83543091073633,38.42921033768234
32.896347743617355,30.41236737670583,37.63533064742565,30.87139980758249,38.365525418495984
32.73721273721066,30.50734167590852,37.693022817133446,30.671193457795898,38.1974570295054
32.96585298762599,30.65174032032331,37.79364958748843,30.716201681412965,38.25419329311688
32.873457775039704,30.65724781720316,37.731308997138775,30.88921911386864,38.13446017760573
32.67155594847889,30.549341594346814,37.52897505781104,30.861641795236288,37.996946009564404
32.46258357593389,30.353468708877802,37.58213901374359,30.81105842992569,38.12792506198095
32.61016305946316,30.48123010734028,37.69642161961903,31.05196048242531,38.27020528736187
32.67805647525303,30.308901977734536,37.78436327787124,31.170122398579327,38.31364866212517
32.72034066953255,30.43700134421105,37.76443678182673,31.317637905244396,38.48894007292319
32.850887428719375,30.6171915571532,37.91307884432427,31.412263784353254,38.25121794665648
32.76757581627837,30.567798293514844,37.97859807047809,31.154091195147842,38.34132377237192
32.68566458184459,30.65320631583619,38.00413507694679,31.348124298544622,38.11347375542783
32.4796932344415,30.60425472370135,38.12774229706044,31.345590166595812,38.03621823640506
32.37815475655286,30.541696418574865,37.99733579936226,31.119723310837777,38.25395936898474
32.51748491292373,30.516831277878506,37.83625763733739,31.22977430681756,38.47580837677492
32.53254919672538,30.600721416705948,37.70665256549191,31.26453351988511,38.63265033054573
32.50303205731969,30.56279596558606,37.75704154963023,31.31031209231828,38.47160120168261
32.50650430450205,30.57496731797296,37.84831460014762,31.52573508893357,38.48889820738844
32.556977921347745,30.49307381608272,37.78059364815403,31.494986089372926,38.41131180147321
32.56204091664315,30.563518291049824,37.980614398997396,31.06166855744394,38.477340417515975
32.711089698878695,30.666803960629096,38.07223866680926,31.04988617093683,38.40314453908601
32.61513257820489,30.60839184421205,37.9206802993718,31.217366965645656,38.15195263473286
32.590726594656545,30.59663541176725,37.84089011306922,31.182683967375482,38.043478954452674
32.83545888328191,30.480951691400577,38.019794384609526,31.161544561158426,38.16941051440359
32.902254500620316,30.59978543517492,37.77565100543035,31.563873169195,37.97171407785856
32.933073853353996,30.555182514482794,37.77977107266268,31.67721114375071,37.945365320346774
32.68419800235402,30.517410234600064,37.77518108102682,31.446212845835085,38.10320993054636
32.64301171052729,30.5396400880631,37.82203312736759,31.24822874145196,37.90961650017359
32.88291879054651,30.47742151497367,37.95709672840518,31.17822103557032,38.01243370678181
32.86081892000312,30.547868400448756,38.11875455233291,31.140518865688396,38.022438203748074
33.08696811265831,30.548996652836138,37.98147123809801,31.376084475154713,38.36959167308373
33.045959677627415,30.384178281671236,38.024129574863245,31.414319971246744,38.671945332162196
32.958803462069646,30.401163401539627,38.165954048462574,31.42331562095209,38.738641683911005
33.125721171638155,30.49170005007075,38.08570956398207,31.229319877843203,38.79750512002593
33.12976943984225,30.468997553729075,38.063433607214186,31.21781282743615,38.611604407972855
32.98122916838792,30.445852930347105,38.00255886207072,31.253423898849615,38.74664838756222
33.08701390626628,30.611324147817562,38.12567426708796,31.353743004925043,38.793207165200734
32.83712081972169,30.364098577673307,38.09473375433145,31.402125690112253,38.804721534222445
32.73716854057368,30.444073795110455,37.938197207664444,31.38844005242283,38.801441445470076
32.8964495737584,30.18885444785931,38.10859013731687,31.083445678721606,38.7656861360188
32.78054227151587,30.32982870631657,37.975830797523535,31.17474912707979,38.84702813715054
32.80983841390911,30.34195234045153,37.93241835981543,31.318447574412268,38.914600112850536
32.92013695758647,30.161949665167956,37.76968316595245,31.196376224737016,39.08248007685298
32.75206182038694,30.251996465805263,37.80097155022103,31.24747417016875,39.04191332477787
32.65316681753398,30.084184796896036,37.97064699686131,31.107688230158107,39.16623863133118
32.73239542549234,29.85249151566284,37.823192445187445,31.035566652563354,39.14400923390868
32.640091922487734,29.858657201240945,38.001886126474695,31.057580001968752,38.935488220631335
32.62557243609809,29.926168695323106,38.04658571747346,31.288780159393877,39.28153822839464
32.76846991049157,30.015659493365472,38.165910885819656,31.333248620135024,39.22619838588457
32.698227557193796,30.079674937860204,38.12254963611952,31.375270335039684,39.25843949405224
32.79601622681656,29.996651355000132,38.23239833125039,31.23444813621836,39.40269812058673
32.68863608282991,30.03223005265235,38.20518404362131,31.292453339780835,39.53137760957338
32.63576753845306,29.899657147535564,38.1569285613877,31.616389556214564,39.56644437731944
32.742643346370755,29.907657615182494,38.10864066786233,31.66075799314827,39.36346403483251
32.92580391661199,29.891662867706494,38.18268818761509,31.716609309544552,39.56106406582192
32.72249392895601,29.86167892859189,38.02934459447474,31.549516936775788,39.761776164659445
32.669229684764915,30.004380784527324,37.995927301530934,31.559943214067466,39.56436115436271
32.683563173587714,30.077022327358634,38.06923513743734,31.65856408661794,39.27177456596092
32.69941566489443,30.04883992713678,38.147331239516745,31.667262660567932,39.56093635201292
32.528202712783845,30.051234139155078,38.04905989586535,31.679246132652004,39.330187744048594
32.51384059675818,29.9448116088002,38.068664461110465,31.54537768479661,39.49156029104961
32.607958061091104,29.936098009084137,37.85662757501574,31.389815981325285,39.83451961860477
32.78467947251594,29.975422314494416,37.875754267584696,31.455086685527803,39.93701173916647
32.947604929762896,29.75923721909183,37.94530204584351,31.517683505860962,40.02731408771204
32.82465314297964,29.74118366584428,38.020999992514255,31.45580208179945,39.91049004814831
32.81982039984429,29.836093731048773,37.81807337196968,31.578132067503212,40.11685702350723
32.87925794671781,29.84568268337365,37.69520736867126,31.367201455714056,40.10429960246529
32.95537072842947,30.031325952891372,37.78693547610827,31.55660695007858,40.146915699697956
32.91207396697987,30.112018819386837,38.01710939473381,31.39419438040485,40.22701132865685
32.97128326580299,29.94574740074444,37.92946446053231,31.253623808025985,40.36948395259058
32.93424970157037,29.972532676724562,37.88232687454243,31.404896178645576,40.232027811955405
32.823693069219225,29.76577017937781,37.76194124026576,31.318337481422446,40.195551904490486
32.87759988961302,29.84181023144971,37.83677441912377,31.478671716766186,40.34610368834077
32.80716902548752,29.772194018663015,37.73673722403395,31.46600956540826,40.43111911059254
32.83111456753376,29.987281672474598,37.71792366518725,31.423453477912425,40.547266761978186
33.03651276666343,30.14189641356334,37.92006544352351,31.495496575005163,40.32258007594286
33.06925735206745,30.076083836344342,37.8625333539562,31.553802821368112,40.20242294666418
32.970733792562854,30.011033448981866,37.797468045736416,31.63153345258846,40.05282381276243
32.79381256304028,30.15323569669842,37.767671366190676,31.462798444524765,40.10333535853984
32.5446644141253,29.880115499679043,37.7740745935573,31.65381105322417,40.254917034765306
32.491741403056494,29.857618558024566,37.71677051265515,31.79903599230667,40.10655299471052
32.33235783550293,29.940392302684074,37.7316500986907,31.71612309420998,39.97089538044584
32.39254403957576,29.922906250867463,37.80109941954501,31.55418206843851,39.98942303843252
32.554909946028296,29.91377866250032,37.71000985305176,31.624850748557932,39.76996289349131
32.55056016166442,29.85313373697264,37.86538537114842,31.575708550365135,39.811999807232944
32.61300610584128,30.007777125325596,38.109004543398754,31.42601482767167,39.8220015836693
32.66528958899042,29.880492848134697,38.16254999669475,31.558812713286677,39.530718049543474
32.84236432966912,29.981537142653522,37.83036295654314,31.369419259949456,39.55256104219696
32.77600772445972,29.872430331775583,38.03055110904368,31.44291776538312,39.62347135173907
32.92280092233986,29.937224977412935,38.07091080294847,31.60412360876678,39.36697906997457
32.9221193096693,29.98548976354803,37.87954724229389,31.545808876527197,39.43780176409595
32.838452194929886,30.072700143089133,37.932001220379355,31.3733070125473,39.657841402778686
32.85511841917546,30.190084365147143,38.04244646743702,31.331568779121532,39.45085117486067
32.941250702670565,30.283382291394698,38.013345223195955,31.350577883220087,39.48524907058096
32.99325652641134,30.20621606135168,37.87203667710991,31.344680668347305,39.564155283800595
32.80286026101455,30.421783515722243,37.98735296404744,31.400973247892477,39.6062704027009
32.6180671799398,30.083774940553088,38.01750478047565,31.554018350120785,39.43472401281717
32.828675312843906,30.22227917244492,37.896049555621644,31.67528013179502,39.55834170635467
32.99893172537278,30.018542781243806,37.74989801694098,31.660512031513925,39.25526609205287
32.95895485607004,30.180158175821628,37.62140211220425,31.87691314344468,39.072499348323106
33.14436902723074,30.10940304357613,37.825074148925594,31.77350731146088,39.06630939134926
33.13955802039664,30.266830492098105,37.882541382415276,31.58462010512614,39.09408557043405
33.21817714157332,30.304211961429356,37.835043625740134,31.396007812928435,39.251966866654456
33.17450351332307,30.195457817872597,37.930791441586486,31.469904726855173,39.22064584336358
33.33857594695165,30.210975033444658,38.18647670047407,31.549782116657607,39.138066315763794
33.16009022857074,30.39217324323716,38.187160152449906,31.467072229843296,39.35512973612891
33.04659811854469,30.135594588968473,37.79884272401025,31.48888025834371,39.203664739867484
33.066662290074326,30.06608004048765,37.9722838375612,31.449139964234956,39.27721033275537
32.95962099893458,30.18977761022899,37.845425372846975,31.532459048866347,39.43489669933708
33.14435712331696,30.09915263352463,37.726423695627126,31.619473837969604,39.39601130323379
32.92856126537612,30.17211534807214,37.982395108193906,31.488744466620254,39.28962012338117
32.92206890846321,30.217181610686964,37.860643083370825,31.842334268367807,39.38749320748512
32.81559717131202,30.266187584469424,37.808679543753186,31.73747719394424,39.34222570759952
32.74800699838661,30.11999940085284,37.52852731666562,31.624917562110603,39.4018343688358
32.68656907256665,30.140014560870128,37.50107537651229,31.644853542776808,39.386728376330986
32.92087254165098,30.168448503685042,37.575854456571896,31.463482032451356,39.23810694347557
33.178172196602496,30.140283697173334,37.701573886964184,31.38658436703083,39.26574550812645
33.18217530238361,30.346079791928734,37.77116355924911,31.269026986951655,39.2255506480649
33.14681124068089,30.29259530889713,37.72104517715553,31.4314426460918,39.39400810076145
33.14933876440768,30.189807818564148,37.796889851501525,31.519733986883683,39.56144781386499
33.12877524248821,30.282751947987926,37.88383387240332,31.513966602095422,39.60242567764706
33.249873897301335,30.262813083341896,37.9101335645349,31.70934787383298,39.7454581983386
33.13799559370321,30.141092734832327,37.94270476532406,31.818248904267477,39.9481620799061
32.95256650095422,30.03405004893006,38.172099420584885,31.592461293570214,39.50289259318927
33.10187453235035,29.909813114065795,38.1179576096609,31.53375283834935,39.67535450137257
32.90941585139145,30.07883245509877,37.78331735491215,31.35666467191995,39.700061485045055
33.12880653057044,30.077678730485186,37.72067885404934,31.59339140093277,39.86677244060438
33.05048858090365,29.989788511951392,37.61535960109641,31.409141298376998,39.96625916110546
33.20525822033992,30.085783690133585,37.71603225416203,31.2901964374717,39.89351870303425
33.230215677868706,30.150102082414197,37.928080847914366,31.395279856153383,39.872226559733754
33.31967348206936,30.176439931637226,37.825190516207584,31.494275397153277,39.954877044683464
33.17936010670997,30.12218449132472,37.67377499142119,31.52109446220359,40.07602001270448
33.09795349557887,30.300234835487622,37.504854637246495,31.588645306252005,40.07615532308994
33.13707612705257,30.2175739128536,37.71876561364037,31.44044184180297,39.94267346516581
33.17917014778017,30.053709568816483,37.63898537587223,31.52230031142226,40.02906724867116
33.35781865564083,30.262810593114793,37.65354300394052,31.29762565930202,40.18086028986203
33.1342823768268,30.181701040085937,37.65646917740985,31.53697914754533,40.12402494894694
33.087054115554515,30.22148256739118,37.677858232909074,31.429474654479574,40.29165089744594
33.181472997892236,30.070078243884687,37.5822270768149,31.29401826739594,40.33856546000718
32.82512064780262,30.226845964684415,37.54127366954114,31.297846416436627,40.21131144134381
32.692775623521065,30.30996405042771,37.39259788235639,31.442666152919646,40.33232005647061
32.567639869874114,30.33022768135147,37.35012019579981,31.28270678749006,40.1253475221351
32.49610244252139,30.175323137667633,37.38555530593546,31.42093588083758,40.009181540607706
32.69369696806234,30.36863531358613,37.56746265591704,31.546983224799693,40.21487432227411
32.8307878480006,30.343017690125365,37.39283994731531,31.38919311685902,40.18627849517508
32.60140586471676,30.221913132227282,37.47306919613046,31.232638917566145,39.805271420149275
32.634505015674065,30.287449677641646,37.49831751137962,31.266898642138912,39.80322141534119
32.533554371545705,30.378435262071978,37.44394718044415,31.26057455706191,39.70093011800549
32.50260025039237,30.34187954813095,37.605846829491476,31.46521021168747,39.672124213237176
32.57426908751219,30.357298028107564,37.681021084903655,31.29763350177073,39.77350845312313
32.87328069640849,30.58784813544293,37.654154300973254,31.541855318212615,39.93406711152281
32.96458188527507,30.530887303586066,37.787581836030995,31.378698014801525,39.741153949243696
32.8702518621913,30.23660740953929,37.50409595222564,31.157271453513868,39.89640294547058
32.79908766418947,30.215134645174093,37.45355218734418,31.096682772791898,39.867421037345956
32.94470927038598,30.200254463552753,37.459111462113995,31.13361226809133,39.881273137432245
32.96209702379628,30.087386620901515,37.39852134834505,31.12720594548534,39.723217887032256
32.722167064450154,30.076754109771368,37.59927261753013,31.15624671617582,39.80785747739605
32.677463585277934,30.190073182383404,37.68940378217311,31.201015213512377,39.64949118049276
32.68305811540924,30.387520287541218,37.5726513476516,31.56989422117038,39.537110696191576
32.62143133653444,30.462537648983126,37.5257741966467,31.655463410259458,39.55385317964029
32.55717340035669,30.39204286624122,37.659434586075285,31.66543451579056,39.641212936597874
32.67206663917141,30.47261237622995,37.62368534055019,31.437352425400945,39.662296088319955
32.77418069399893,30.557685009634874,37.8153217440608,31.337907251855786,39.80913606642557
32.71659619553304,30.65534797065704,37.77973635523423,31.09001954901415,39.57602645380585
32.63370593416842,30.589355235761687,37.707972726410716,31.302653348445723,39.803608877382
32.519872556561175,30.415314326286005,37.808659881049365,31.06802255513649,39.57859450519326
32.41560864459749,30.492004332122146,37.8241652312775,30.98964388849842,39.451862502437116
32.496438324853806,30.583123787096017,37.682444047186884,31.402880256597314,39.3537406167739
32.68802630747197,30.627057376700677,37.83508961695773,31.251525153076884,39.27638532354755
32.54278933113439,30.45501939551239,37.65142501028133,31.380511959235758,39.46060642058476
32.57516236037125,30.72726569129441,37.90645472843579,31.448422778560573,39.43254245649488
32.56681705961497,30.743125372556424,37.74822591437195,31.417782623668995,39.48383316646278
32.654085966085425,30.52729740062492,37.650348189027625,31.312799168328127,39.69029236091142
32.58481444708692,30.567012807327792,37.67528295819485,31.467333726464616,39.822109729748384
32.73320470705821,30.467700521769164,37.47720139462702,31.288479672698468,39.94066973342692
32.753379166033476,30.64977849629295,37.436678245218296,31.15526374914291,39.98732567407301
32.81745542526259,30.58772254908059,37.45111942996282,31.412193651973418,39.82082908241729
32.663179994172594,30.59422720227606,37.492920462393435,31.603650320224464,39.73636566618294
32.54393529127011,30.451458696608157,37.675689836345406,31.719057776736765,39.615110738714925
32.48890326431276,30.49321921195393,37.56089889312543,31.51358865701278,39.58744791909559
32.55500721765784,30.341490058874697,37.79043002262766,31.425565651617536,39.725040116919324
32.46471731786064,30.393963033166084,37.90231811507814,31.30919763924174,39.569232879865424
32.60357968424125,30.53016881875832,37.72364657793241,31.448528498615083,39.54187248633868
32.491831113506855,30.44463174639243,37.82327981295139,31.51878498713549,39.514857892645246
32.685978826313544,30.49442698699608,37.72053411229021,31.66472465502315,39.60949544029602
32.7680756479921,30.551613087620947,37.61321095415415,31.57732442113299,39.76973933242014
32.725482908480885,30.671843042287012,37.73455097136128,31.465353510984347,39.65295882622091
32.70980435056199,30.642499061957576,37.69312981683263,31.517285821089484,39.75674164959446
32.76410682843832,30.489366444111276,37.54871810664271,31.407105042927512,39.8163635100231
33.011745449654676,30.538760962331786,37.46951790445087,31.362070167937578,39.60691837427791
33.02390080375701,30.609280395829813,37.45689918506019,31.302973590850428,39.525483877733976
33.04496046095719,30.6955332206836,37.40457416696835,31.428842689270287,39.52431966713619
33.02265992116282,30.71728861436618,37.49973617826815,31.29475338306163,39.39860143731485
32.92400472124604,30.594186278029078,37.46658557734928,31.17075636066592,39.23351385120922
32.827252693282624,30.795607027241584,37.41135001293305,31.26966415157574,39.381678598901715
32.69712705137493,30.610502926898576,37.49000751985928,31.26525853659588,39.33923703476653
32.78997516626151,30.794464257089093,37.570249456737685,31.23161198503697,39.69665967142477
32.797791967444766,30.839372947120758,37.58681149009519,31.299680460122087,39.73989889836427
32.891839617076734,30.846482857816145,37.5828243908465,31.246578814360355,39.68351686462198
32.85796319170052,30.835452181059864,37.69540508980976,31.430265119401117,39.94304694334034
32.82721230226811,30.98384417355431,37.64579501552724,31.19828741121387,39.65687700116283
33.01209837993697,31.01672158505618,37.69715750787667,31.255827966284933,39.67205099975845
33.076609703425106,30.960661036209753,37.68101168157229,31.24147820773151,39.60484168928124
33.03226134609206,30.933037976314772,37.78338466180957,31.43349499555407,39.5871094529647
32.88055503842881,30.86673069681197,37.64728559331779,31.41221414697175,39.47924230418024
33.091136480769094,30.772823374537452,37.547239511327135,31.411560256627613,39.478636606527594
33.037807271073774,30.778325812322677,37.65413818517119,31.72879961912103,39.61969147038857
32.866654791918116,30.92493508036473,37.8034855713971,31.399082281340753,39.69120074272938
32.98303095332528,30.874230785486283,37.850857954393476,31.564142649937907,39.57232069243474
33.1097408570725,30.85378841222944,37.77334318378228,31.461700167941554,39.426881377943815
32.96062557266984,30.733677938071132,37.71360944262713,31.331045643689936,39.50398871296732
32.958119977798845,30.66815527481449,37.68739001713801,31.389190660676476,39.44198107351563
33.10099646228255,30.718709032495006,37.52865566511207,31.569727607652073,39.667025937445864
32.925024246198305,30.875733980968736,37.83410406845967,31.46292590892211,39.523550233466075
33.11950448869149,30.91845983203527,37.83275767810714,31.51754324294195,39.458227705993394
33.12304808068328,30.652592602825226,37.664783500641335,31.277226760979207,39.43429101017927
33.29827206191261,30.718752560600254,37.56509372882717,31.646502469560765,39.4107738302031
33.105713750073434,30.86175073060045,37.559882866201484,31.563320296891515,39.504603741142716
33.22234593733089,30.813075955048202,37.59917564712759,31.534546311660243,39.4449848687931
33.46041433718291,30.80775397211931,37.47376589344229,31.543651576094746,39.43107256942459
33.304093789435264,30.89045505989541,37.50668474637589,31.718428532698667,39.343451391556506
33.2557639188947,30.610628756060997,37.53409946096969,31.342086050250597,39.4085754562484
33.04843208480312,30.76032529076812,37.36460416819418,31.333586868272025,39.49266829995908
32.93486224958718,30.918578939284075,37.48010839196809,31.555319274473117,39.632283594231524
32.86268676424728,30.853898808246555,37.42167283241198,31.522332248527135,39.51408570032369
32.52989303432744,30.833390701653983,37.37342104398578,31.60199584892782,39.395935855749414
32.697644675072524,31.003377379731145,37.42311486240354,31.540470315764246,39.34593891884685
32.88785347796692,30.952854046126966,37.50763320448175,31.64890779954875,39.2257317788816
32.818768780315125,30.984651591876908,37.45315526070446,31.561513335394533,39.19999773277455
33.15453693079358,30.9590232319069,37.365504977098624,31.547376292500108,39.3385700062455
33.2075325625517,31.072646954446242,37.39987894637188,31.58858835834444,39.34314168771269
33.265233535439755,30.931038834343937,37.63569083676501,31.560147817679262,39.23135170308631
33.27308491480128,30.873904699393055,37.533086466965386,31.42715567627069,39.37523272074175
33.38778458265347,30.923914670721913,37.73176630202345,31.37500963158119,39.27074696299954
33.488312370528426,30.88890149667908,37.78440604102211,31.298965729523925,39.20884226079047
33.567047329040975,30.836222379525438,37.70110030304928,31.251515783924198,39.09602100642575
33.50853029517724,30.920802839303658,37.61160093638264,31.38965215275289,39.06520179531516
33.23872655529993,30.682532886048467,37.59470249066668,31.39256737162417,39.416270706581514
33.2061133470693,30.827779945250317,37.70542439144573,31.40524395856472,39.213506837262315
33.12288798754842,30.706181024086032,37.50758367333168,31.33265731989468,39.4763337045727
32.763095335409616,30.757534866998384,37.713118644709496,31.46369381524506,39.38083269443331
33.03586033376574,30.639747413267862,37.46978564169867,31.267371733081223,39.50237708606479
33.0703937388392,30.610590887078363,37.441342888317905,31.44896182403931,39.33224986319583
33.15298500031093,30.80580306144065,37.30737778197657,31.356009502260132,39.497284131397834
33.17402077972113,30.625938686956257,37.59078088273052,31.384284181833035,39.30238786461699
33.350810361246914,30.65110451848613,37.62342678899323,31.499826558618437,39.53698362239011
33.20235225750232,30.475123462180335,37.76976156422078,31.359379142038467,39.36599705308851
33.23808672357305,30.67432849940701,37.76627906310559,31.241340860918235,39.377707955486684
33.27143104427547,30.85627641652951,37.78431570637343,31.271343353546975,39.40318406625795
33.17335494023452,30.72519408392023,37.752000301135645,31.358376876252546,39.591254419215744
33.22857086715189,30.463377348426967,37.611409986615776,31.554147658817516,39.413408263591585
33.209058556571854,30.565707525649188,37.55483524958977,31.44444615668302,39.56830472891807
33.221174843970495,30.639510517988573,37.776925576372655,31.172083711244674,39.43190865308606
33.123661206670775,30.658436766378586,37.70998324227221,31.492584354766258,39.33730518256211
33.07883192110443,30.66001248255891,37.43634773325128,31.512596948558677,39.65357608988981
32.97897789045247,30.657905921740817,37.50494803184654,31.699942041808885,39.68534878067993
33.04689517280227,30.500202808545925,37.511228185159,31.657534888806538,39.729590149158206
33.21409630347753,30.65459978694835,37.54284185718688,31.756782451324366,39.85938778250209
33.1396078396465,30.502049441099913,37.41691647030705,31.720096289016503,40.13247970720537
33.24928612191208,30.760529903258547,37.501523994584524,31.77447136686983,40.31038641754108
33.30224055411639,30.844040370215325,37.559904761232794,31.612182275256398,40.14161320140882
33.27173768603908,30.55652407093294,37.7649238954861,31.61172947538707,39.96547303437823
33.4037572922581,30.76671976632096,37.63428957745931,31.766315674086094,40.05351732004211
33.58863864854166,30.571971895209337,37.54299408448128,31.82345703403477,39.84810281091217
33.6776515982417,30.612284570356703,37.393708903336254,31.667269100171236,39.91157611600926
33.509399224299955,30.688539129240656,37.531224886976496,31.65181377997541,39.972498953162756
33.44278905896894,30.5906054291542,37.58870545020239,31.65320039596908,39.90873635004851
33.44910748051965,30.54398519369511,37.491429759422054,31.448549382333184,39.89800528161188
33.606564754544735,30.62710448781499,37.77879286276476,31.45460499664449,40.05994571817768
33.492028288552746,30.714887768215526,37.69735927711998,31.59045978080235,40.12027710365645
33.517664934105404,30.683265773572256,37.825899948212594,31.781038915634518,40.19299665176438
33.52131072083807,30.69328574132283,37.6326916732313,31.742778306960112,40.48980858771658
33.372949004231664,30.819614820570017,37.683330212820465,31.57228517973355,40.32267873690363
33.232678539134696,30.575131061933707,37.541882703123484,31.859826884987626,40.22899789370821
33.364050958879574,30.66148165239058,37.60510029984489,31.602574129927085,40.336324273164294
33.294944428317294,30.648634138541528,37.472191490776225,31.511046131264667,40.09769516262837
33.13014370886895,30.515170085762644,37.50139688013302,31.3732914689426,40.18546735004872
33.3230092788044,30.67543578605304,37.77576415814458,31.552748713705622,40.10392819705393
33.19516931658075,30.654431097504965,37.76144190687849,31.68356938931591,39.84888804291637
33.14473573545724,30.56697574355951,37.639782721279126,31.868416478529646,39.734144824687554
33.174001428019125,30.474195304275156,37.72030421318875,31.685485447874505,39.94947057905287
33.2769465991761,30.559200176440257,37.58201939418245,31.89948503894473,39.98060077144758
33.29958707009275,30.689380053251778,37.57476241639516,31.841591830573748,40.04153887340467
33.56413377014162,30.721746031815954,37.5334835065759,31.825565251806104,40.11769753132251
33.35062065000959,30.70923946093837,37.48154775798249,31.672715355711578,40.286586902488715
33.3559539613392,30.355221255821196,37.56172838206353,31.54929177348186,40.351429474030766
33.157163870645526,30.453353339344247,37.525196644950086,31.25795182638591,40.45117900294083
33.01858801923624,30.50510003822426,37.57735838039658,31.486602194338055,40.417103872541844
32.95077681224777,30.582612318968685,37.73963343886257,31.34205816702036,40.240288205763385
33.064063068483044,30.689642313968704,37.68971322017385,31.148657921849644,40.40881145674746
33.01125768104797,30.669055096518807,37.680421674336955,31.09204203757188,40.181549944995616
33.10421815507249,30.698273276147628,37.71874594206607,31.151602691984433,39.97716122492729
33.05753257663985,30.820169737270465,37.70583266880374,31.388622192561257,40.04822905067169
33.226351443489726,30.83567703756624,37.60336950828436,31.37884891494337,40.3964940417573
33.18310582753519,30.683881368292194,37.59709249446597,31.36223107320422,40.21965053904202
33.31477284647556,30.546388108158677,37.53182411737707,31.275213050077653,40.56667026061827
33.33704786060016,30.668037985760094,37.533426321861164,31.401598608516547,40.276099870814164
33.177810697792744,30.75555906210334,37.55041345072752,31.500000874479564,40.23843621829942
33.345794476105866,30.670625315127527,37.611610704443244,31.37892146777496,40.17555842837381
33.29590330409185,30.542028400065362,37.501687594214225,31.466103294394657,40.08587755812727
33.28657703679444,30.510807501491193,37.51317751408826,31.4358308779152,39.98736435291795
33.19474186030881,30.551989688136487,37.486048245459344,31.446225114272035,40.21142185921015
33.243125609777664,30.768300540558258,37.55254295184208,31.546353229251714,40.30841580865274
33.265367406302296,30.812525924261394,37.5215659090363,31.463013796519167,40.413468970422876
33.39982325104111,30.712386063483613,37.566324720626085,31.242961466538038,40.30507064640652
33.658549920669714,30.728754750860407,37.50328441468343,31.41566148204666,40.1795310007341
33.76940438365603,30.830630239947176,37.652451607339266,31.412754992449955,40.34127895543707
33.6772459858466,30.965980319304325,37.40934337854354,31.23309600263973,40.23973823544758
34.00755296384319,30.753197958355017,37.5480383004206,31.27045997597353,40.34074951472084
34.085224434950746,30.80038670352482,37.40111481033935,30.966809059215112,40.2090925637282
33.89793049128695,30.925775735653442,37.644002254966274,31.3100993189005,40.286077260323815
33.72744611967875,30.892968200494018,37.49227659028918,31.295069834871498,40.308328859915356
33.46936523777273,30.74874922089759,37.563936311637136,31.068383674397836,40.67374464393835
33.3095030689001,30.861454438776374,37.56847480596612,31.44562818292521,40.65341124610676
33.30964350683809,30.901212936683734,37.64308970812496,31.678212261675196,40.26786404514455
33.259403857084045,31.098072739238443,37.57147496333742,31.674010993291926,40.096000707689456
33.29896289589118,30.979864975895175,37.75622010526667,31.184156828111572,40.083870990113844
33.07716085141572,31.12537483098823,37.77125495688873,31.119743233222014,40.20115534851431
33.34243208488316,31.332337758156427,37.79739481490156,31.09427729465043,40.164988243934154
33.33181327862442,31.181173372437186,37.57347139011026,31.101317414600064,40.037770636984924
33.34417056277067,31.13058134515331,37.704620950900974,31.21080482641531,40.056485012517356
33.287401342989625,31.094891738293878,37.5093676362671,31.27621256484601,40.455065107332864
33.42780617441297,30.84572837202433,37.57623956248942,31.302746733079584,40.36027019012498
33.36704972226989,31.110403084983457,37.57202385400372,31.37051910426142,40.44120201989908
33.77095181573052,30.969524707512605,37.706171437611104,31.634023166437682,40.522661322930844
33.43376679232661,30.916204881185298,37.787591119715074,31.520454041708106,40.68957213829178
33.282310718604876,30.96342329580355,37.89551278572345,31.652653938900183,40.41307898752208
33.42094763327677,31.069119753494984,37.94485690856919,31.86886281809661,40.33641716887905
33.67675239242938,30.938643296568852,37.71905882450555,31.844389769774647,40.55923453547152
33.75350348698822,30.928198251189464,37.530219643758755,31.495577814947897,40.42925357486954
33.743060670444045,30.984671413171558,37.579021167458436,31.23028114644947,40.42789108319288
33.496574193540496,31.045284751438906,37.533082622948776,31.43748264261937,40.562291265146555
33.51423785555026,30.874988817511245,37.57748261757633,31.371041812232924,40.43990978150522
33.433578510162775,30.758785126886643,37.50307875606294,31.561487612634554,40.447510772421296
33.276311697961866,30.85141639452709,37.449111571277925,31.577619570618165,40.28844095259069
33.402881072619344,30.78957162525193,37.59708676833968,31.580913902623927,40.287455173810876
33.25891349311353,30.86903958397726,37.72331645460074,31.580352795916685,40.381920826427454
33.13787314350057,30.88826045195369,37.73752764498994,31.789154892165172,39.98463868814871
33.14558268693133,30.730912702297736,37.778109471624646,31.74516474519673,40.49481151986922
33.173303485185876,30.76552917493522,37.7048401523992,31.549438996441445,40.55206328234255
33.0537516906624,31.064203297484394,37.88152066256182,31.411001070340188,40.43610095577013
32.75441710959933,31.05967430265223,38.07810176610699,31.312848452458176,40.49127156419319
32.832917731831515,31.03316453860364,37.911817316888815,31.419418089667424,40.29560215855507
33.00564393467239,31.122939702143142,37.86237137554805,31.37022179237007,40.403748258965
32.72390608982902,31.202470194548663,37.844488377420745,31.46283933999187,40.163058150995376
32.923747587581786,31.18648626842965,37.77184516282423,31.489184379508853,40.04339830385304
33.06773287953347,31.153790406587714,37.74811279368494,31.474717586663914,39.950078371452484
33.06445103067853,31.094928442679993,37.64190400279497,31.62768141070835,40.229696247899355
32.94617014217221,31.086898519073692,37.5254756105389,31.626210670738175,40.513165035440515
32.76206384858035,31.127131969794135,37.71690166344023,31.599657221218934,40.37379025285695
32.89483836047377,31.018023876393713,37.53314922956895,31.9838238769915,40.39474432035507
32.83710189057599,31.011634604297708,37.651422020052046,31.957895060358826,40.444652065461845
32.85971285209818,30.830328139815695,37.32196034132777,31.817416494012463,40.53229307923786
32.76964834607909,30.869955108425184,37.408779379197476,31.67953862270002,40.47165995074827
32.66505192853374,30.801314497816897,37.432293121408954,31.87588432623144,40.53216062894814
32.85093238439104,30.959618633224583,37.56697450167021,31.74328447523355,40.60639321486609
32.92995133676341,30.893488720524363,37.66784598882599,31.87140979411916,40.60344375927306
33.020929126601885,31.01026076024972,37.759013754674484,31.73275786732207,40.689865265009196
33.07900098299161,30.940812282416392,37.542615984052446,31.73271151040835,40.51974632849775
32.942148619314125,30.915383712780184,37.426200874196304,31.48375220640552,40.618590275820196
33.10011311686915,30.946686898253986,37.32663698573795,31.479086602905642,40.28422445511633
33.04008675920972,31.000886131692987,37.44794298277942,31.655186868435386,40.516204453503335
33.15349739451869,31.076314452696835,37.33286776611568,31.621668133137305,40.72010078302656
32.9261067990641,30.994358516032975,37.44314475985657,31.485178545302933,40.518551835304976
32.854892827592046,30.965815572666344,37.59335463264579,31.50153959433179,40.47014703736759
32.88916519980901,31.228612066386276,37.57722152624526,31.443216895059685,40.763842759740534
32.90454817784509,31.194697717505647,37.617307622424576,31.431805455794397,40.670545992386415
33.003066633434784,31.040051725250688,37.70011678728248,31.91176742101679,40.60226778499557
33.07477809099917,30.82659906797664,37.58061257245968,31.790611129913252,40.622755481738444
33.12974661163116,30.883618016565382,37.52036815107858,31.60562963100277,40.80762201231454
32.79452982972086,31.168932992366894,37.55023494499432,31.93965165664395,41.01666142108696
32.73733453442292,30.980206028234683,37.60576802355884,31.909170271273045,41.09770638689068
32.73176874435238,30.953378860784454,37.3492556453012,31.769665968525732,41.04934434338375
32.91433494599253,30.857254414877172,37.56832880494065,31.450351805689643,40.79621558973041
32.957210558449695,30.87872763346745,37.56051169826601,31.563448996990406,41.031739718034736
33.02015523990244,30.946858106649177,37.55454425851603,31.391666410531464,40.9317796526076
32.94141475702402,30.799080358117987,37.71140080017455,31.620496148777185,40.958147742429894
32.889856296366304,30.72340655677333,37.60984903040483,31.49764457218462,40.662962772217384
32.88416426055604,30.77866856588447,37.70292507208328,31.612164614730013,40.98375477059714
32.828928100165975,30.835962642221293,37.74667559469564,31.802379244273784,40.84094552465442
32.82652550004667,30.725673674312716,37.72944912246511,31.832149623052082,40.94516702024795
32.80880973681885,30.72768258830154,37.641015525290626,31.731763375826702,40.805118261073716
32.70010220015026,30.70520238834668,37.47459166424145,31.76668827935682,40.73514316800447
32.7147870668009,30.86576866197991,37.69577349729537,31.892384516070933,40.65456465239004
32.73990243558371,30.79485622643556,37.718968392524744,31.864156632593094,40.723579483290386
32.631867486307044,30.846814819016846,37.67927448845243,32.02085902302151,40.776223446839154
32.52482103781534,31.026898966397194,37.54561485087271,31.81997180914197,40.7750686865906
32.48381067355419,31.042035939403487,37.61223707917146,31.851303437156673,40.60407964216204
32.77602262280979,30.957936000908564,37.52401476774585,31.9041327832453,40.621757969267016
32.78624859042311,30.94531019270387,37.54596686560388,31.99798068961709,40.63162388694069
32.697269344431085,31.012853793373235,37.482689647383616,31.97679081325527,40.84543881233
32.941451332336484,31.055501667909585,37.371797791237434,31.9741824891546,40.85038466814185
32.98077727084905,31.046686779039433,37.56022544241136,32.05485441126496,40.977631403105576
33.21459343267756,30.991936791020976,37.54852305909947,32.06327107887949,41.01416033338466
33.13687091841684,31.188937855139613,37.39736652812928,32.21642858045597,40.730111944212695
33.370912546266695,31.216161195007068,37.3490648822563,31.877750942570756,40.68719996167914
33.35886329344142,31.110551930633854,37.27811722464999,31.984965357246065,40.56871180855057
33.34967191886202,30.999329535833173,37.399148029901816,31.939346042856656,40.638265988389804
33.22995362424701,31.13383098571473,37.30852418833068,32.09063658351295,40.199823780456654
33.37213049990677,31.34952940968969,37.17263090036387,31.963026674348026,40.36422479630585
33.42169263430805,31.47418685825768,37.11884712221756,32.03868119093404,40.45703501597511
33.15843335290192,31.379578457093377,37.10845783743901,32.00392735394941,40.52846400968737
33.18249568409672,31.587440588523883,37.171549481998014,32.08517621786572,40.57526771933659
33.208234181510676,31.78548853210673,37.141811811655266,31.89295635420113,40.51068504753838
33.34208271189306,31.508047686915646,37.04144555030364,31.842938252137916,40.41508286804724
33.13103083150161,31.390258458622146,37.223456032284616,31.987105000610686,40.15858818687295
33.01249478568083,31.578425469523253,37.01716459259043,31.880057318905035,40.217077187906106
32.86092522655387,31.560770529412796,37.25736812906046,31.796540379862616,40.26268807177676
33.08806519594016,31.45227946011491,37.23908711028062,31.75527770781266,40.442472844648506
33.15065458771356,31.270129587206572,37.15819658200465,31.797340489070944,40.531306215043266
32.853824905984894,31.23518240506121,37.247603592072,31.675394840094004,40.61802423581235
32.83390355251743,31.25861604885142,37.422829326980874,31.498392377881682,40.49971693406516
32.78711426352099,31.201700014771642,37.475578367113975,31.78158881479828,40.284523442602904
32.71547113804191,31.305795715825543,37.123745039274915,31.660982518899882,40.346362738502144
32.884131534422075,31.30776724671299,37.203668830971836,31.66748655862037,40.41150987891442
32.894189949548995,31.51210767058213,37.34476049377453,31.733058859718717,40.71889341456895
32.9207514894041,31.391103835718763,37.285089394621,31.73653112548567,40.555812515977976
32.88023198734046,31.218020176868954,37.13470769880511,31.78947187191214,40.34504314422373
32.91859898840799,31.109400538229103,37.11276657508966,32.00078717805315,40.07370941076661
32.93310461330626,31.151864327952147,37.181137992803016,31.911114225316464,40.010001931217985
32.9532803611378,31.17277828232194,37.327964647449186,31.75454695164942,39.906438927618005
33.06714996633986,31.222219305677577,37.189535124362706,31.791074590417804,40.053905785225936
32.95130545650093,31.27663883476946,37.21696828445351,31.955907333586083,39.91098698319571
33.19184448990981,31.14212240136699,37.31473239602053,31.674911091177215,39.8101613324517
33.233156031785214,30.997577902430233,37.21172444623608,31.68245019393504,39.87015535677896
33.07211403218912,31.149928994456193,37.32270834371015,31.747398766602267,39.97912216694433
33.24052433455089,31.24870216628453,37.38504758527262,31.485738667349995,40.163108536150546
33.311189761754974,30.89397493162002,37.33748687962231,31.549229579989177,40.12920530555805
33.40924766981395,30.872040583116334,37.41770237611148,31.590262731694505,40.27769533156186
33.58535269734903,30.788724728580483,37.40523498367501,31.644214555654074,40.410253681042896
33.52455314729427,31.007432406865284,37.44574393042271,31.563700982950273,40.251818006444296
33.53015405795803,30.780892721883333,37.32075575427415,31.819102798541483,40.24944089450174
33.48013887010917,30.753007416423273,37.404147605460174,31.89849253107901,40.25464635043882
33.33707955432415,30.861787996147307,37.275815166283806,31.869780640833202,40.423841385156834
33.32932673649339,30.760370455244285,37.335080182986246,31.915261380547282,40.398256791725466
33.48755558226571,30.740790901296922,37.36909866388864,31.947083787615064,40.11031015363352
33.7287351358027,30.68502178936545,37.25587306937779,31.761350603350913,40.18569397904375
33.699893388022716,30.929380985256678,37.480272381458434,31.724199888852507,40.535452183647834
33.601083273796455,30.928253072042846,37.444203187624105,31.899428388273225,40.660056445006326
33.597530079957494,30.802430622697777,37.394511438415535,31.901097740627236,40.56474437193026
33.550389208051044,30.925769701906116,37.53128625051275,31.88580511027986,40.461841482171096
33.71056443046676,30.9581286826988,37.40084539585732,31.804714598819963,40.333175142845505
33.73563707302867,30.792906144609116,37.37749944568906,31.819313853176617,40.31272487121415
33.65280310703623,30.93983654120862,37.12027626315861,31.846278625857824,40.24582507695073
33.66705618002809,31.099402168133487,37.208869314888915,31.75514767888663,40.390744056112204
33.55614030446139,30.895139165597662,37.57173376670668,31.739830535478475,40.439980799445685
33.498850823421336,30.994259302487233,37.4601770319265,31.490719335732912,40.46818886702809
33.47939365283822,31.081958592331922,37.55215865858612,31.688177220262073,40.514355775729
33.720177637756386,30.78950385885566,37.374553505716314,31.76815922110654,40.44105863355356
33.66309639749842,30.48848067812195,37.38378371884719,31.767864325932507,40.574052015198276
33.7408822897242,30.579550358017748,37.362279709934505,31.976373483024954,40.44484933551462
33.82885742007021,30.53223255570641,37.25679116866125,32.01027037334387,40.56192289528024
33.96932139936259,30.733007218689448,37.1899626933304,32.2334075797389,40.48716654256608
33.767985327951315,30.592958125132725,37.44359606749965,32.13760044318263,40.42051697260815
33.56718713530739,30.576893057461618,37.22985323264287,32.10157751166949,40.327459358104434
33.332048618789955,30.74628935594999,37.14782186807852,32.07257612571547,40.55564196578798
33.42119433866701,30.6693793314903,37.176378169316095,32.08866717142205,40.65577779455397
33.68340392327171,30.76034367554433,37.13534483251354,32.06100318623466,40.971690179339994
33.593543704605985,31.159697808647834,37.23283073253749,32.010618171958974,40.907153318646
33.64761122976634,30.99318909470217,37.14192025039845,31.861970468779514,40.95240608591236
33.742809343752626,30.923026362350015,37.15873298655638,31.971174209699388,41.1220221013227
33.867511004306586,30.739813997488824,37.07891079208464,32.17044642703676,41.13380011482791
33.86701354960177,30.6631313504845,36.91862800849766,31.931546126920335,41.010925756901095
33.74163768623975,30.61292027612672,36.94207628064233,32.17759404777413,41.22219832204456
33.958793791919014,30.591798757412086,36.858148935555356,32.13066263260254,41.28098393621925
33.98000370596399,30.70520451567999,36.9259167039034,32.0915518574877,41.37512744979412
33.8397964786138,30.802949341655133,36.97675945419837,32.11964052522523,41.27046838645504
33.86077123104094,30.79281325618191,37.05418330794715,32.17829931949177,41.0695749773117
33.54884851497116,30.852428180277652,36.99644903044537,32.326332593232074,41.22308076755647
33.4939331850644,30.85217131434913,37.00730041495043,32.17933949981475,41.229735228632755
33.311512907218734,30.78875488623404,36.77463047021022,32.014870374317724,41.08822595779038
33.381917793598376,30.754493864915204,36.92358275012535,31.88473980068767,41.12075514754164
33.126065735533835,30.701684018602577,36.888929856645646,31.784009617479192,41.04917132201563
33.231891688456145,30.868173194490176,36.825619374985564,31.683447552887436,40.985515671399625
33.24660181153659,30.978535333741068,37.12920810506863,32.13099570425514,41.00174792504779
33.555597068245596,31.10282784257101,36.923552320189735,32.16654568499947,40.95206078765899
33.4943531341547,31.053275182072507,36.68396989506369,32.06353555620956,40.96441098139857
33.38296043367955,31.009986645662917,36.784090786655476,32.073333746263614,41.04425065788812
33.24893596882074,31.040443358495228,36.77348160541888,31.92317086981362,40.95801831951746
33.21939515184176,31.024175640554006,36.97961072791708,32.20628694161223,40.96795496699468
33.24128177080895,31.042983997756334,36.86993508312839,31.994140495373433,40.84322380545851
33.21807152928945,31.158464007777138,36.92042909827393,32.23203709170905,40.77910911786891
33.1449424070342,31.056846688205685,37.126334334706726,31.888252939077688,40.57368177323021
33.31114550751728,31.000387428792678,37.075209766672295,31.607652855386245,40.56878489331431
33.220147884461404,31.014375807466806,37.07898817326897,31.772407517126688,40.62764756574389
33.22272936532014,30.97603843933912,37.177672065159214,31.922357220367218,40.78044333487231
33.236291957164504,30.998468896851204,37.13497850467534,32.02008142515686,40.84280119382062
33.22294847355771,30.827346815787802,37.17043760420763,32.087167482864615,40.76700175336124
33.23528715060723,30.715284572568304,37.18731598118826,32.0914259765039,40.57993106694044
33.141233620466785,30.61113035624216,37.14313950676773,31.982355424129103,40.52007046602628
33.014521012966725,30.70199403054752,37.073720893191734,31.51208291128354,40.59521125223368
33.126034044053505,30.60369819084009,37.263486342686726,31.86196001716636,40.657780427886095
33.09473583054999,30.748982938162257,37.16201069149025,32.102073115800735,40.758927020964094
33.2502699864058,30.685012983651877,37.03952165749155,32.013618865515376,40.72296057013208
33.30864050894346,30.778533983235036,37.16124244094222,31.76711383739026,40.82456806251285
33.46925659802744,30.799862975291624,37.24980854925668,31.533818167160756,40.70368180883121
33.27224784206113,30.801790111408366,37.19407436306259,31.67501608518378,40.821887288308616
33.278914597652324,30.74655103059586,37.32941810291759,31.769437293482625,40.93619053553782
33.108961740510956,30.721458509899275,37.21404118921432,31.667561261425078,40.90946950399012
33.183895904940705,31.056992974368253,37.0427719289398,31.483431215668986,40.858833582656935
33.06117686611739,30.916660636835186,37.07744406202018,31.544605350097218,40.90780528335019
33.227796984553905,30.879026937564113,37.067695370623746,31.26154044569592,40.90756293875207
33.48471536648836,30.725763412338193,37.3728686447156,31.326149151182353,40.86584540511784
33.3162066210398,30.748736662453776,37.17345713633595,31.4391579387948,41.068155071526526
33.31278747484565,30.62009996476608,37.24921709217043,31.331107857718056,40.85918674819807
33.253079173692775,30.470752021006703,37.15713093867177,31.154838683168066,40.73061748919833
33.53651668028859,30.694413367411247,36.97781076643902,31.232357914801522,40.58859402473825
33.59843611487514,30.78649996801389,37.21522135209639,31.21917542447497,40.659738092564304
33.57107201559759,30.63229226702589,37.2531033856081,31.32560982753581,40.643265148387634
33.71827826501382,30.61328700265152,37.3131401411962,31.331226571640116,40.60721245627108
33.60304702960069,30.403272562800126,37.29624671324777,31.19268334260664,40.41679351834135
33.68719563925145,30.527148803659607,37.301541430582134,31.357151649708808,40.56260680628383
33.48927049944741,30.597329965438135,37.39589535608001,31.196008796114114,40.44512364588155
33.61950435283172,30.582509888281944,37.60237204987417,30.91955882843951,40.41571148955742
33.569618208703375,30.712445104915865,37.784311917193,30.80419360524742,40.4363305368764
33.63645536572992,30.938946068027878,37.66251735274639,30.93129538143641,40.54524712519619
33.47380853186381,30.875251529050203,37.82583778685769,31.07070516971077,40.4904514514165
33.346685697852834,30.825809048038316,37.70129584458071,31.177990262126208,40.56446496066585
33.13443281736885,30.855062787197234,37.77775630284183,30.94329814327604,40.48651773656406
33.3876584349924,30.893740543374403,37.64588125661402,31.363409424068497,40.43879785900181
33.25848966304516,30.643195756703413,37.61285814513158,31.386998517331115,40.425790105555386
33.47698448202454,30.590482894651675,37.6482895552632,31.32299186835661,40.60585294083034
33.48251079788281,30.56401828109174,37.77755490550103,31.340625257352325,40.70906628221857
33.60571638898941,30.63983520928941,37.31413615572822,31.16137087089018,40.6993399832096
33.62538544376962,30.645187323445764,37.20574133722774,31.174146712557814,40.94628817196696
33.72644912116058,30.539589649607667,37.369373321121834,31.335893806355223,40.910444734179464
33.782594668196815,30.413261526368707,37.19832831247418,31.45565952849737,40.906805069427406
33.77465748977187,30.495865877596543,37.37726449827206,31.344550921758888,41.1556111707363
33.96172078742989,30.42248291666141,37.30140310250408,31.365439738399193,41.283895623126874
34.012442558662876,30.32982986613466,37.46361094563652,31.453657533274885,41.04162417796206
34.097864129549485,30.30014163638078,37.44984761421032,31.36823948098889,41.036306597542676
33.99609075883268,30.275087680521672,37.49930008980588,31.348107245463048,40.90555848327983
34.01337470188512,30.398372045835103,37.34424880602068,31.279705809750585,40.69779829435226
34.00510498622816,30.476010638273763,37.359913027369004,31.565364777799317,40.93008505128465
34.019986706566385,30.46753852149825,37.18901052064585,31.57637931636813,40.7146409258227
34.14379586462078,30.244944230993386,37.199359135533,31.410121615383613,40.91355405917813
33.98084865636803,30.253817727412738,37.28258818085136,31.476234961384158,40.88023634460395
33.81925293197205,30.153141332575263,37.30517984083979,31.103773551415824,40.77280319762295
33.907019580658115,30.21683708160249,37.28132679674615,31.20206118754457,40.84109833199194
33.87936747842486,30.179718852345147,37.34403707155702,31.208418628886477,40.70852700879243
33.81040266080815,30.112236376598332,37.419884554217965,31.47591669321872,40.71495815018401
33.7247064276425,30.216405166715493,37.31479218740651,31.43339227983022,40.365118598826804
33.762648888720655,30.163820726718953,37.205101726017226,31.41871974263991,40.26937853249913
33.81303269585252,30.161244865828802,37.29302873139298,31.33798322696284,40.46083235133333
33.956489024636234,29.999364760379898,37.14236911179504,31.57980381943318,40.53557443055205
34.295814388454076,30.169437255833877,37.04605066493811,31.692896565875085,40.728714351126214
34.30339133201814,30.200206967794333,37.081476595319806,31.728442994801572,40.74298281905292
34.4652067824256,30.11330250415563,37.14658725816213,31.524024995160648,40.855439530586914
34.48262399191998,30.255762468096332,37.056120239555405,31.73417025147336,40.84918230411485
34.350674477379414,30.179747071295786,37.115403110190194,31.66356427499375,40.89442572007155
34.366881242441686,30.212954613126215,37.19834376057232,31.339660036594317,40.87235516738026
34.21020976785894,30.308782762319318,37.29993778490578,31.224699871387937,40.74838577038249
34.24095037433866,30.39988074558974,37.015428845550375,31.415902713313564,40.9295003940003
34.469562064331875,30.23061985000837,37.13908102137306,31.53031176481005,40.779639551792805
34.511016849733046,30.308383766226708,37.223598115072626,31.491932518263432,40.79788877487119
34.57633174499933,30.32648627875497,37.32596922397992,31.388840150910394,41.04731635654564
34.56849134241219,30.379322373308725,37.35643247901689,31.6208810617484,41.12591215055684
34.52092584459388,30.362684075752473,37.240130806743146,31.7682281191287,40.681298213171516
34.52372294273781,30.203339796224736,37.23977359571395,31.595687483316233,40.835877245274524
34.60367575840653,30.357448059596752,37.152363595052286,31.5827632180252,40.81310939870421
34.39321628796971,30.45574610868529,37.12388970352406,31.40802300937718,40.53056529876812
34.321872665374414,30.338401590403357,37.24039019184748,31.32286463614928,40.75601628231678
34.322391980223045,30.13098316226936,36.94384441803008,31.5824361185357,40.87782313082104
34.378512026258946,30.246172956526628,37.08127155478262,31.56995350470462,40.94164296916836
34.35297152599289,30.185491159101495,36.994435679194126,31.641635823131903,40.905024656286734
34.2124482893148,30.115199227354534,37.053237635451104,31.381612752062143,41.127750648805154
33.844309302055194,30.183446454224875,37.00814108683893,31.557763275451503,41.253532302921606
33.897851709081415,29.99409419591839,37.05522908648605,31.915854317154473,40.93575727312453
33.87993103047729,30.118487603455375,37.16614985137232,31.71573090734483,40.996559179494085
33.622957751453036,30.152156161711723,37.247309087240104,31.584700975609238,40.95326175248304
33.48605825990464,30.15051244318791,37.27103557650125,31.722926114746244,41.223983144858316
33.46210614063286,30.114643081202455,37.23613266357112,31.807607637461707,41.12287546178737
33.56673242459121,29.951224521634007,37.04930920094181,31.705954175698928,41.01432769572939
33.402930605594236,29.974276420438386,37.142124915670536,31.776229301369888,41.164577215078076
33.26686942510048,30.036353783619557,36.99443638474772,31.704499251786935,41.17854527603863
33.38005110964109,29.952089513126626,37.15666170823798,31.90674487574319,41.1067235705815
33.29886734717295,29.965761078278373,37.277087359791594,31.794909956629045,41.164124003661335
33.20497444322025,30.08690857097636,37.33908315284734,31.659981571636,41.24039954618083
33.135779929479554,30.045867385449302,37.287778932132035,31.64666560820717,41.04377685450282
33.222033965571946,30.36553438364389,37.22294670052966,31.475028686644706,41.144037899426635
33.52721345756756,30.33678333585867,37.261011289830854,31.40141972685239,40.89851319098773
33.714091196638776,30.373533567004415,37.07239047835909,31.511575637530452,41.07588340160508
33.89396589599594,30.269966666019403,37.23717869999617,31.378663876559415,40.768546064295585
34.23464857620774,30.37405415892182,37.18917220816518,31.585178313180304,41.03351934762451
33.95539314243703,30.385854475610763,37.210186039946656,31.889198984790475,40.97959162074591
34.12690207305543,30.503777000925275,37.07572463630803,31.80544456455862,40.94114696724543
34.12128951644946,30.28127586523553,36.93276096952996,31.666273335726007,41.06868389528242
34.48717167576509,30.272250861800288,37.007384628604676,31.904201658636943,41.15354257788585
34.35218347945986,30.357216796068116,37.05420195429809,31.650703727223185,40.970911442068214
34.377931957067894,30.51541244368907,36.936986304607444,31.924823833612358,40.78733248923519
34.166874208841044,30.572149180666315,36.96645306448866,31.877704511851487,40.904482573539
34.26437495166703,30.506355096276216,36.83040786131227,31.82780300692769,40.93007307137234
34.345565159320095,30.48859434393756,36.8537170979305,31.738275480744374,40.975739869866345
34.3251889442233,30.419329232093542,36.98316362854172,31.76362946057286,40.648255183992255
34.35088168733218,30.48682446107503,36.88787496311239,32.08126121940332,40.823985994555805
34.25350539117956,30.32602823591799,36.92589265514784,31.967152944083832,40.79513148061657
34.27929156214384,30.386622588707006,36.95929909736337,31.780025233018137,40.83888838035069
34.32195909504852,30.548344941084313,37.02329888559331,31.91822912471633,40.75142763757807
34.18198462746536,30.45757563922515,37.10706900913919,31.96711128582512,40.58624225826878
34.16013703988885,30.268501597416112,37.05062587542574,31.736613970513073,40.66689807598941
34.0169026465139,30.187165968497624,37.095584919301615,31.736414005516384,40.81528158149779
34.08332946232412,30.150395449327934,37.12588148678545,31.778777216482883,40.47801636403785
33.986840604028046,30.18583464568984,37.195638560149305,31.886230986847334,40.47438727995415
34.22244553736431,29.93660064398945,37.12442673290733,31.903158191811084,40.759291903609395
34.08828337808851,29.958822840024805,37.0745223749964,31.952803982701642,40.570618815015074
34.08269760582156,30.067652878593485,37.08166085221949,31.932635793759815,40.429354181805984
34.24170208787816,30.017210005508698,37.11180126804795,31.730366721903607,40.45926231229584
34.19275823494109,29.987011411250162,37.049669816293424,31.9921289029242,40.56849864134918
34.359166798500695,29.971049688955816,37.19752292333365,31.757706201443682,40.20988515310726
34.41078895036223,30.061751024575283,37.29841004894116,31.867527053005826,40.20537126481906
34.356324367995235,29.99324341022238,37.31954580901909,32.04995768313838,40.41551377607982
34.562214676182236,30.068863925424626,37.24047523422795,31.904464112373525,40.30355773937545
34.49092664596477,30.078217238310206,37.22536818465778,31.9980266643007,40.28326124905966
34.73461618712257,29.940744814136394,37.10986714977047,32.096526399010735,40.34802677065585
34.99696090610865,30.058005816457307,37.074166522972355,31.936229449352187,40.43861163697751
34.88133015266469,29.964508293682744,37.069434792617,32.07885521143816,40.441489612908576
35.02040909966425,30.009538557816743,37.115178898688455,32.06047428746566,40.85580146015543
35.08672104404908,30.006768410583163,37.22121636277883,32.07201362940607,40.87739965413635
34.92029718879279,30.27512519874414,37.305073007183616,31.83058496284099,40.807483432117316
35.04394895974073,30.340905113517497,37.490252709816694,31.785197293214793,40.72080120122286
34.829559897742236,30.092081169257813,37.16420783900317,31.581366595160137,40.609722197796295
35.203844837044564,30.30058937130272,37.42423786389984,31.38437127920011,40.66826908751028
35.476282979976816,30.3553979774962,37.36344664309292,31.3946568829486,40.591924067426376
35.29194539956072,30.24341072881359,37.412488133267146,31.339351889431974,40.803904023127174
35.39120890360278,30.21776082736375,37.23944408917118,31.47238345975902,40.4670011838963
35.18676695708226,30.313545059590826,37.33316138299976,31.49594860460553,40.52451737936388
35.05342954867413,30.29076074233436,37.494874328794566,31.391485208479875,40.54524720864486
35.00329440242742,30.115509499797916,37.25988223526597,31.492757152555093,40.61478087548045
35.07662006122819,30.349431124865315,37.35415301943337,31.686783646188562,40.346383217649695
35.15448311723151,30.16483339538628,37.337866017597875,31.588930585906308,40.60745591572865
35.02566277389096,30.3920696097274,37.465232140595695,31.75862763838059,40.549864504971886
35.04180448814539,30.390766672883213,37.41312929442088,31.63252947419257,40.44218181335685
35.14370594974003,30.43371803129327,37.51823669180082,31.799401896818527,40.6587615038479
34.80753535781252,30.59081346533941,37.52127614284084,31.86925885524146,40.64274551939462
34.763534372598784,30.42350023936756,37.626495729417385,31.86054683720584,40.50021501007232
34.86404340398142,30.457977403556388,37.48279589093181,31.94803377522237,40.650426094103686
34.948978389755865,30.516284496976255,37.28013984871151,31.86940737000184,40.49528636687596
34.93105256876565,30.3299844663049,37.37761101736234,31.91248665012952,40.417109387477154
34.70914193330591,30.12637123852554,37.439414680680535,32.07304248256309,40.71417168089592
34.4269371173984,30.078588583781787,37.3989311467446,31.996183678407316,40.542999915635306
34.6256301101372,30.000874805975013,37.5052932846971,31.788596225908673,40.58909079048565
34.577623101674774,30.011116514784863,37.50002459430293,31.610374179127998,40.75413947762044
34.818043329857666,30.16842732906422,37.36618504756132,31.615659643167486,40.52337893845754
34.751929240025106,30.26693318623712,37.4307079678041,31.524135852258123,40.87130323883434
34.93450012038469,30.31085420203325,37.428659211050174,31.104216542289674,41.02018885109153
34.54208576467223,30.138798180629895,37.39076231103878,31.09834239424971,40.85952165737653
34.26967333567576,30.250372032487398,37.474230522658544,30.993450512936555,40.82631197501779
34.26282223544614,30.304919884379473,37.63849784078829,31.23515674131259,40.73390668567466
34.354794435065564,30.283213123265398,37.37521311433273,31.24850834963421,40.59614317758784
34.42462115580929,30.02267951631513,37.40693210697081,31.363212328387533,40.539421635671765
34.41677453450337,30.193573979368214,37.352544827180495,31.59501005967176,40.51358030142782
34.5247859776394,30.283529877228606,37.312346252508796,31.583125728459105,40.50453106857927
34.679141558007785,30.38353203064019,37.302639173336026,31.54859046197861,40.4105630113042
34.669383576769285,30.452533769959793,37.17768377920675,31.887528429780335,40.40752046875192
34.708911174575334,30.392892984340087,37.19096513506486,31.704647259355163,40.46340759141396
34.92404172484495,30.617043066022152,37.14685807395371,31.743426644114884,40.480763441937604
34.88304797042743,30.64643206518683,37.27390978732526,31.516083268290213,40.500670892512055
34.698030668182106,30.603989031630853,37.21727250426579,31.360763945836112,40.42540712327055
34.57889221797368,30.53014923632988,37.17719019261396,31.272258711319047,40.40195309727276
34.73274484077883,30.433628096716568,37.21148679063831,31.266417650067588,40.53512991418974
34.70554173465053,30.34415652817592,37.24584982710206,31.147001937497826,40.39239087408696
34.67210930373397,30.245194274660527,37.31784375869524,31.388828454159977,40.4423372915714
34.71258069162663,30.376123630280524,37.253541723041074,31.643606527440134,40.496460218554155
34.85205982042673,30.310560769695662,37.328330466056606,31.41357545110366,40.6282274459349
34.75863176089839,30.45878745288138,37.51931611389232,31.485156790836978,40.43212150888625
34.69479236274868,30.46952304063856,37.57384801621685,31.321585381196975,40.44238854894502
34.83171193781112,30.47164999221761,37.24441540664454,31.248820512458,40.48728429811852
34.73084739968865,30.432160769395054,37.400165527834794,31.18073074599334,40.565091787928615
34.695683575596604,30.406655098234097,37.45597230025352,31.01714541453592,40.51036924329701
34.714084330802905,30.511877260025585,37.30128233703287,30.91479747615138,40.59330066106899
34.60627399885998,30.659009634787882,37.32304494242048,30.784071128452297,40.66771610439586
34.676195100686954,30.632521919476925,37.35205378955846,31.15915589558873,40.57360368500889
34.650600355443785,30.64057177359145,37.26063173538052,31.57662901702561,40.850514175009344
34.61363815226998,30.446692785214324,37.28239372645903,31.41180304978838,41.005508273156686
34.72719199300694,30.2054126226075,37.27868484136187,31.460238019901247,40.949565192414
34.754454297377336,30.37052708789338,37.04510903720192,31.59283168574311,40.90614485953818
34.76626949940356,30.47213865072573,36.99161694942673,31.677376525405204,40.90339008896529
34.72556193503901,30.496662677610573,36.87297744254556,31.827809966348653,40.967998274888316
34.768912269518516,30.223357956424813,36.83285845052948,31.65334947933095,40.936230562104264
34.51568570627978,30.434990199186544,36.83359006167415,31.658536676695658,41.11703831232355
34.380242195377434,30.651774155385382,36.827935398278136,31.769084289533257,41.13574120454096
34.54231984385973,30.766674054008227,36.941246574968105,31.74784892198982,41.17345785615645
34.71218704838765,30.800460014078002,37.02073729241331,32.098886585189454,40.87039288817192
34.64347856951474,30.688771685273935,37.08793033467509,31.876814481058666,40.75769118842013
34.45889934964314,30.809007122838636,37.0877995010806,31.804168532744963,40.84701511246427
34.53059726198978,30.710640274811972,37.19614810724741,31.632101582321532,40.83865064882343
34.401387111150484,30.75219248583823,37.10616772433815,31.485547664298945,40.60876222806661
34.20690120579457,30.78889344055391,37.177418503888596,31.432674725965636,40.76587226972251
34.07345356843018,30.777430157284446,37.10689773827553,31.497859519729708,40.563197231803194
34.069697303259176,30.942797189691603,37.14105139089992,31.35987531449789,40.46989980964301
33.96975838992528,30.933400945119605,37.10734863437994,31.13066601343193,40.81175774182851
33.9253833735431,30.68229433862519,36.91817239468864,31.319312665165345,40.987748327095474
33.88908224859567,30.719447971802577,37.094786558799086,31.423464332414454,40.97942213600365
33.882610653306315,30.77120060813959,37.230433639411615,31.456148662168825,40.73376299818734
33.92004013319985,30.663460377487475,37.27276846681044,31.688734917971466,40.992059472372084
33.66495775999456,30.510430030872566,37.360118437528335,32.00430787395896,40.854058705673445
33.61619199538143,30.466956302776357,37.29449855070268,32.112502087253965,40.85116000735076
33.44571031598671,30.32424816223694,37.22812880590319,31.70415470150508,40.80036886236436
33.41062242961467,30.44801002524595,37.17821936702505,31.70943971967552,40.77073248771544
33.70233058463881,30.448073330177976,37.200225773541746,31.96707740455802,40.92230392757012
33.8300144501307,30.561214321461755,37.057907130758736,31.97689463839708,40.975983863163464
33.92503071766756,30.435776489255847,37.21993496310205,31.721493840738162,40.94016770463452
33.94084783952963,30.341429716315705,37.06263946502236,31.83760776195462,40.8825075254536
33.916650483893775,30.567152658757767,36.89948203773144,31.722219537609288,40.708541062405196
33.80453352288269,30.710771641448428,36.99706610324685,31.793674010364622,40.85541636526687
33.93575850710732,30.570214159793846,36.95589189902994,31.486324684580133,41.03088696235824
33.74949860497264,30.91921999921501,37.120490955791105,31.56023833728682,41.15816576250653
33.715576372751954,30.778595607286352,37.02481501407326,31.624477086635846,41.00879147511576
33.80008356059203,30.83913347666016,36.90411455323344,31.54512501220896,41.08184831211858
33.5289706421649,30.688071738927892,37.1207794902117,31.864670923788,41.20267309336673
33.748817445344734,30.51245955225489,37.109828344245514,31.768079671708986,41.07161614747816
33.93652339531885,30.609246041294977,37.27707533068282,31.882738430876746,41.216950048553564
33.94128405270576,30.67177984541329,37.13996805104609,31.858030644525584,41.49472704745479
34.11809146770085,30.809805667597846,37.10971935315317,31.558864795459918,41.209220843274785
34.13609610073687,30.536020330750425,37.12966265767381,31.749398048341455,41.08376148793343
34.1845960257541,30.40812873468522,37.11325710810713,31.79863181555148,40.968248328739016
34.14813535806256,30.496076602333186,37.08237016195435,31.754786095606025,41.07025862706526
33.99488989203208,30.729283090190407,37.086734299098715,31.90917898357477,41.276000809590364
34.21695655259272,30.59075782016496,37.07859280774977,31.745415625333123,41.082492050621234
34.27614952119429,30.62707278515658,37.18615710803928,31.77622328644354,40.97580305287574
34.30588650710898,30.649942447787677,37.31326784266226,31.754341422259227,40.80911801464066
34.44853438250522,30.76057766940924,37.369609993357244,31.78999863884086,40.76062026017833
34.40700253863104,30.661534106408844,37.172573845829284,31.939350008123352,40.503454902491086
34.4879483888708,30.573963817270876,36.99149778502201,31.907025391637248,40.40427341958498
34.243923426429575,30.719042121407693,37.055925117902234,32.018097195482824,40.43428174814957
34.34367751543085,30.743556090978867,36.99127548437184,31.5367313417536,40.36166884394733
34.178905562052854,30.692492628485294,37.05037095367543,31.459905522759847,40.456844235589166
34.426550196344245,30.66682152114289,37.18110692401013,31.73210945552829,40.57803041060747
34.24265860990539,30.55868461845943,37.06904029781736,31.515503180045503,40.561795808196564
34.323408754185515,30.479474341394774,37.19792005200902,31.369414011547935,40.556865154166694
34.12728111387921,30.479699916399092,37.16363551341503,31.43740777430072,40.65025855495987
34.11694108145913,30.526753627724933,37.19336170713072,31.279705564551353,40.75533108029551
33.949973230235386,30.78066345300194,37.08978944430519,31.477931306447452,40.684743008992385
34.0761141197367,30.87688460133648,37.08776519124962,31.57149862877525,40.611534135361445
34.300134948613454,30.63845010190359,37.294028042357496,31.364230560181642,40.675265174726796
34.36467735326762,30.735472771201437,37.200729604262015,31.167070623796224,40.63850087239042
34.51862670904424,30.565948885306835,37.10343486200593,31.105094607445658,40.69052383443656
34.45791006183411,30.57188954430586,37.35806038175584,31.391590253756576,40.600509657899195
34.501463981639475,30.523729161218665,37.4487696841611,31.31580462282322,40.79921129845946
34.56515824511545,30.68072903604036,37.266220293524114,31.3629377212975,40.58533818848431
34.322190071926016,30.584213315087318,37.2495388378847,31.267452915240263,40.68552625312136
34.054596426172495,30.77605084478609,37.258774609472354,31.406261783941154,40.81852512920705
34.29976835997678,30.82839982842223,37.21660448746622,31.35658327616542,40.726907820543346
34.1191314990716,30.81578483320129,37.32385419225385,31.418050179129395,40.79629626956858
33.91184432382059,30.659810195626754,37.21096637719498,31.63440971474667,40.63107614495361
34.14595709966748,30.49575654600281,37.396733756453074,31.264843465614746,40.289608393382416
34.244283813729965,30.567284460646746,37.43024268932841,31.408949314649604,40.40703177154103
33.968950046881716,30.695892240078912,37.228912636265434,31.680950815132515,40.48880987656359
34.00527055672103,30.642028010805323,37.14285296865346,31.839540384358354,40.57129252406707
33.844965004372206,30.627478220541047,37.14293195488642,31.66527142688101,40.61989199707648
33.561213046347504,30.606052658849865,37.22581150409126,31.3753656328628,40.80269022219004
33.06803923477032,30.57438942126199,37.28072941723868,31.405244488180667,40.519632236955815
33.196352340855704,30.509132481089708,37.24547367352372,31.432876004212574,40.804566908356634
33.468642782889304,30.65003089027379,37.07988899958427,31.6302189727962,40.643122568684525
33.31640772566972,30.719804983939117,37.1295992890705,31.775312877328957,40.47621743416208
33.16016207880538,30.793659522721182,37.074525004505155,31.787528323510454,40.478127566856195
33.10770989760658,30.70213264317584,36.89805408446619,31.560338254075987,40.41228653023468
33.18711678697365,30.608749694514113,37.059832164529176,31.66893567768185,40.4676088688994
33.309358570995215,30.799739775670826,36.89988037263841,31.69328441951278,40.35164302783366
33.30878781888403,30.728830640698337,37.097747416870845,31.765174068178013,40.47387094926219
33.0649336684023,30.71105619407386,37.15686690980813,31.50709619821805,40.6852088077441
33.02418798859375,30.668281963144835,37.09320788407215,31.490718470090478,40.768638636832094
33.28291186062585,30.891985726177534,37.0531306276498,31.606352494808217,40.88573900047062
33.215139150664136,30.940312731473103,36.82353013137014,31.58173482345136,40.51300750757096
33.40003782858086,31.133103020779366,36.963184829373155,31.412063437877627,40.31608414371811
33.75776229390608,31.24710047043824,36.983531238581165,31.330121308187543,40.05550804417353
33.72437076067438,31.285701954610566,37.03054799244881,31.433636251734246,40.253364304817865
33.572408912478416,31.123130140472043,36.99166436633983,31.619167165558643,40.21239380338309
33.65139260838139,31.29700755082593,37.088338429716735,31.46233002306571,40.38434193443772
33.604437298655846,31.431256162259206,37.10024475769638,31.509654021152883,40.53155511521972
33.68168966134819,31.51849420303725,37.038154951685335,31.520760711551105,40.399480453644564
33.66979648523879,31.510603667808827,36.9112808120448,31.808924539988226,40.38108490551554
33.71443277191012,31.310554510789505,37.09502456103476,31.788674333313928,40.36331095319332
33.70688372952355,31.192358000268285,37.159988991376885,31.327158654192207,40.617421699597706
33.598105196406344,31.397615156692854,36.852054884558015,31.60894346332476,40.80412888477688
33.546049549957026,31.387428879384316,36.86418834864501,31.550968930592074,40.9464449916234
33.685932284281286,31.37272689973562,36.91794394770091,31.737404390245842,40.48736544626704
33.89391941581388,31.442187592452203,36.936589525839096,31.93875144122523,40.66241181527245
33.892266285980824,31.432400588709527,36.934787813219884,31.765824323779647,40.620913659579685
33.84190228686162,31.591615488863855,36.90499658470746,31.589906444261796,40.76364474501626
33.82505416369406,31.5223449523911,36.87301438930613,31.60149326336027,41.05022840921826
33.550319598881586,31.54275919719598,36.96635960406462,31.613810281667956,41.29284053947679
33.517548071968505,31.591007600499424,37.02279258208456,31.356603225549676,41.08008239112221
33.393438448378525,31.389292345307357,37.0672676660142,31.584670376361125,41.06789142913868
33.75625667111148,31.43877769088614,37.21402310686595,31.59301821622837,40.90189737736618
33.74512788651644,31.447719189427435,37.19476144926776,31.37978714825097,41.037721512652986
33.72288535355174,31.505042535139186,37.228799264958965,31.54734774714734,41.33002468465667
33.69411632622542,31.3491193368116,37.30839101960916,31.54390859154693,41.23406284685344
33.53001801881588,31.398283252052657,37.277275007532474,31.401652542328545,41.21701382817107
33.45361095654387,31.321396870385747,37.160394628965136,31.33716494846611,41.00699150479973
33.56779570490731,31.53869388040119,37.26174743595701,31.17992506591618,40.97634288048264
33.366524197236565,31.62328599114554,37.28401673484072,31.334782736965273,40.989591213316636
33.6833282458021,31.45732963939307,37.470624257363774,31.350403547716198,41.10684278621117
33.42533217314285,31.329563562554238,37.25809294778578,31.572550850167225,40.69294525821777
33.54903854115142,31.136152957514998,37.37515270900713,31.538398726030735,40.72012109529501
33.670843164861736,31.127606737289913,37.26129944056151,31.577637156407263,40.8393430555158
33.44876459234796,31.076094872989387,37.238265964968235,31.57078289584088,40.78900780731812
33.57263722563765,31.023438037566258,37.19397333815875,31.627707487705777,40.68534790866109
33.431623405219746,31.118661184402686,37.54187109677602,31.435198967869578,40.801516320895814
33.56640773581905,31.03011050686697,37.36767520247643,31.22827433153875,40.78462318114293
33.7992173030677,31.0109172758199,37.434918901554006,31.286250854481782,40.70913137399229
33.703683976476114,30.91565543517323,37.34427115776957,31.427463426328124,40.541718375759935
33.58316718305538,30.585030366075152,37.25125701424878,31.662346061289288,40.53433463775432
33.603747982751806,30.83165966652477,37.306368869972516,31.809341719982623,40.4221838434229
33.752856163083315,30.938385417325435,37.37400964063061,31.483713061528544,40.310705729294334
33.70735452225425,31.004656679759144,37.06997913120455,31.570449675789618,40.1236757854609
33.76634608630632,31.000510748509225,36.86264741245501,31.352285192781274,40.095442319001435
33.55469623224905,31.08421470868917,37.00448059909864,31.433333349079145,40.138256640132326
33.36844071138816,31.202991990238374,36.95254650816999,31.324588160841223,40.15835027260825
33.4950482883384,31.294736565447497,37.07272964258656,31.380514596931267,40.16609000965928
33.5190061482979,31.205747933279937,37.052955624207954,31.257637984118244,39.9827201472958
33.33756816837601,31.37673124430988,37.20495858984415,31.256654628448633,40.046239014312405
33.150519163916286,31.512975012277426,37.05806341939007,31.331680579220812,40.36416702066732
33.05652434754577,31.269529389423905,37.0452192050526,31.467830041478663,40.3605800435539
33.06184393918628,31.194158984114573,37.07383299767972,31.53160175871101,40.376266427050574
32.95800171694263,31.08561648619451,37.24134917021161,31.449086651150918,40.51946448356767
32.97659600577452,31.05665750564442,37.333125796206126,31.39026216939527,40.404824295180646
32.984466984631815,30.922438162364823,37.182976757461255,31.303228058301503,40.62187379373724
32.876374107012545,30.999572468615344,37.069701301098746,31.270169956724178,40.89351411572754
32.961894777747716,31.010461494367682,37.24500315027537,31.177213330358775,40.88223587928171
32.69673958417389,30.636921087952288,37.272661757862345,31.236361680402844,40.94904482871048
32.69320895664182,30.84843056880252,37.44724807618739,31.250677907467374,40.97475208268059
32.621375209316874,30.78916440983587,37.253294620068225,31.325594652545707,40.74484980861766
32.6173363154369,30.813840640306378,37.37147846803626,31.525467798814592,40.713571859827404
32.593450825401064,30.665233586472702,37.229813355249114,31.548564705057508,40.840312278614434
32.63813302813301,30.735426288662214,37.18918345340529,31.873072686278284,40.89506465372565
32.39143499390713,30.631027805391458,37.356685881792316,31.943634238669016,40.87547619921054
32.462822218334566,30.584908858202837,37.39488136224871,31.776966826378153,40.82563861240346
32.539713501830065,30.814751632250687,37.250849989428005,31.586947517328426,40.867292324339914
32.7525214890644,30.806538071822175,37.18304748466916,31.469610442479848,41.1334882768037
32.86201512634284,30.90320345159618,37.19993691597939,31.67636030399179,40.91142521362089
32.83342181006161,30.89436192325156,37.17329576743055,31.604160465721538,41.062186174826365
32.9522431108062,30.832939446155134,37.292930947776604,31.616919289633646,41.16097845238971
32.77533638416216,30.889856993097947,37.04450112961414,31.822467242739307,41.1763477294696
32.8660529394478,30.929249920555495,37.26568909536117,31.34800536331244,41.36133625245723
32.81861092440607,30.68735815956923,37.045221353246646,31.278613893114255,41.21288071608106
33.02002604810773,30.8915145391403,37.115532142992436,31.16844647497069,41.135256807665584
33.008070880596826,30.848989728203446,37.22809237810035,31.30815826453814,41.29476627190049
33.10180563975062,30.815295748564182,37.29816857510682,31.096355153836342,41.197419678094825
33.2861174685014,30.74167301135342,37.354750512146296,31.16280926485976,41.07405317806814
33.47293466127074,30.828107344953327,37.324449419143,31.308901429501574,41.094597914330556
33.50250219903212,30.53345864911555,37.20023150848396,31.13627887074525,40.94187971774836
33.49837753088966,30.757300343729135,37.28184529136151,31.199227113514056,41.16400627676587
33.348770125687274,30.474487259564015,37.34981838785955,31.20993635685627,41.230648461908444
33.150090557382484,30.44812336079509,37.200412932479374,31.188386916009502,41.193043181169394
33.128929306572736,30.305351276190045,37.45861433691689,31.233672023150454,41.18580874771779
33.204794604911385,30.127553886333843,37.37424954958513,31.026377731707314,41.12461991314411
33.28761069133105,30.200737777656173,37.22897631432292,30.96538999560531,41.382908304942966
33.45096113766255,30.120439261454845,37.28365495162173,30.918003529163155,41.18162151309163
32.959604488409354,30.258692638249904,37.6141708092511,31.134216773445253,41.10846218137927
33.13715042915464,30.18497796910492,37.662380570205926,31.06618632769964,41.238216671476884
32.930548318424556,30.15239791088825,37.544750833346875,31.06833395723902,41.078377572325756
32.819935325503415,30.063654746212176,37.49979056070919,31.012634848045913,41.025034102425344
32.87256263524963,29.79633812751125,37.3246069794664,31.184671281592188,41.070611977141695
33.01010700819542,29.934539321949156,37.39531691140398,31.09973481221182,41.08039316444871
33.126112214596446,29.710899121399823,37.45590308734261,31.18812607649898,41.10768671702894
32.84549818874068,29.837397818563044,37.41571815273934,31.221563758144633,41.25929734631303
32.965885449513245,29.82080873372053,37.63677018194116,31.327694007302494,41.33146507716107
32.73925563520784,29.933397276428952,37.677805966346575,31.40089219577023,41.28993289661847
32.95615734134966,29.949007948534025,37.55631654656649,31.40507023604862,41.22206154761198
32.870466995014965,30.030542646816603,37.3934176150304,31.304953281077115,40.93942188766734
32.86294782808055,30.175855168753003,37.40947928965626,31.403877205823257,41.1789139431609
32.93244852377157,30.09111803747409,37.30297954648599,31.335630545269172,41.251872257247506
32.89363024719737,30.118030390585005,37.45096803089273,31.292566986157873,41.08603582815538
32.83649526925892,30.03318443022877,37.458845137341655,31.389031950040792,41.08884217475997
32.617728865496616,29.974346200219,37.444238532342894,31.26272445272913,41.04405342722862
32.54970448588582,29.970890309415,37.2929245126113,31.283453825855847,41.26414324005421
32.64722054947034,30.034982830428078,37.11790413181959,31.274004412006025,41.18682852967145
32.57981830707244,30.090111561262255,37.34678796237163,31.259222395819666,41.214780748438024
32.4821271970144,30.169467113067004,37.503527569495326,31.377635935562854,40.94060399898351
32.46694122338427,30.310971492236416,37.61904247556492,31.468048048751708,41.000189055227146
32.465170736329625,30.39637986601741,37.49763375196119,31.450098841634755,40.5686573158396
32.47499577377263,30.285904911814885,37.464944243512775,31.55365877225888,40.494454627859426
32.39396159432622,30.243694712669786,37.56126853234515,31.5579390990886,40.32990895020386
32.50531539725061,30.340453227577896,37.31650532829789,31.733437815271735,40.23882770817367
32.556806559004265,30.566199860518662,37.75810433289859,31.52017075395328,40.32584986870398
32.787179732929744,30.609100970656666,37.64075327290631,31.623017143006457,40.30337357787429
32.727537033727145,30.530721070636957,37.48734206519856,31.96553402745194,40.13615869277872
32.82550346859813,30.625684656136553,37.43279199134008,31.650502613255764,40.32412009521304
33.017787146293095,30.65560137784272,37.3568315463312,31.895625362578023,40.467186477357586
33.13920880431007,30.580499034761807,37.535461262776224,32.04043002128959,40.2010623114627
32.993576894368125,30.466917467193305,37.40788495491231,31.868024200283887,40.33949651846203
33.081205058442286,30.41409262272657,37.48506208058629,31.60000422935896,40.166613377598246
33.03470841810265,30.382326799108377,37.49534463185216,31.718462856132067,40.01229896727702
32.845024862667,30.573216057334395,37.371396217506295,31.791228533654305,39.903949932993136
32.7967795672941,30.735579012123285,37.46667390888898,31.843548659406977,39.73924223865447
32.78202292237665,30.436846131750038,37.501561445748926,31.79909614899662,39.76487737587674
32.805939797335,30.475735247438216,37.759653458084166,31.84927031432848,39.95194234205363
32.878160797664314,30.673653375609494,37.7581753433426,32.021820758325646,39.98761368018211
32.83839067369976,30.63346371462877,37.70755167583538,31.957097347844883,39.7782283441158
32.92299868674873,30.73401834480854,37.45203889536771,31.954006471516255,39.79977727909151
33.135900879895445,30.763525690373672,37.62351893662539,32.065190863333285,39.80359984447496
33.16035524062172,30.84320256506357,37.462754139925906,31.842857673388377,39.991945160670205
33.10774641286544,31.053692791832667,37.491339119122195,31.958162603549,40.09523582340655
33.20135422127184,30.73716449626747,37.61420954237336,32.12852076292117,40.20489204475253
33.30761920953834,30.551017500074916,37.64334667435027,31.998182641375124,40.105870716406585
33.219768992674915,30.648016586626742,37.69190310664797,31.761743507963896,39.9691732524448
33.142711973741136,30.640598818611977,37.62759594276852,31.870876231567514,40.038890364661995
33.143575710491355,30.627441532755338,37.59441429336885,31.799432448927803,40.00546792521492
33.26130726692696,30.86073202038874,37.48336415976537,31.733313114588206,40.00092441764522
33.54885134374202,30.925425057523583,37.55509421317296,31.90386930105742,40.00589316182707
33.330141218479085,30.86006829087278,37.616771518016414,31.963699169491306,39.867685876418875
33.265083026956844,30.889583212233163,37.75361761729178,31.896343921632294,39.950909348817845
33.51819901664639,31.108961692942295,37.6550373609808,31.851452073834484,39.6788158894568
33.30029550593238,30.97012496663825,37.84893595426579,31.901913024817688,39.85434256084107
33.27392962304956,30.939501297906514,37.86364172953516,31.784856230563108,39.771008972697786
33.442287283365516,30.888631730017575,37.733161741261284,31.710061280130518,39.878478651870296
33.29513534008766,30.69829560100692,37.69583402002959,31.649289752866025,39.78898563396673
33.27731779064222,30.681045772454105,37.584028845420534,31.950864821068826,39.72930394592261
33.28258374029666,30.702551531739026,37.578295938169774,32.06215972190575,39.905374605959665
33.39635819124845,30.909418861143074,37.537080757680904,31.84092230802914,39.99707086350622
33.47721449020591,31.032033857489022,37.58684339443527,31.73506997924811,39.85316674675439
33.50304609226393,30.902847598166158,37.68421652690909,31.65978011966443,39.97174720446358
33.655828212293365,30.906956904352196,37.47804228178619,31.679935898907647,40.05280597012295
33.91173212632237,31.161831491958555,37.79991194037282,31.815136986908264,39.84351973452566
33.84090234893431,31.219085831979875,37.798106438881405,32.0447979874804,39.76680238107035
33.93847796836659,31.00890890370445,37.908915788703105,32.22404143548292,39.66244642864696
33.98633406677304,31.084864048970214,37.754501903426096,32.114853316426384,39.77583316143804
34.19887626149124,31.142097280268747,37.89709181130898,32.090584526867424,39.79941435728832
34.196107601178596,31.03452076741166,38.006377767409425,32.082126423665585,39.89379503415266
34.31856774863503,31.05400677637411,37.947634674258644,31.831912363487056,40.00089204320151
34.43226776872897,30.95616440769773,37.86851936418506,31.870640507282328,39.84836686615752
34.43918150535131,30.89681068886007,37.70563177235343,31.86936063924931,39.9460400985933
34.2983578981221,30.795199789385588,37.772178596079364,32.12648415782938,39.938445195853596
34.1069926057415,30.865810325184132,37.87178141116907,31.86429061743832,39.89825202863323
34.154922212289975,31.170527401113873,37.852691625464324,31.748030030032353,40.11756022270336
34.08739745950441,31.203281109653215,37.691937910681396,31.912840090735337,40.06210163674169
34.064553077564376,31.015153537041165,37.852703577800305,31.973864339792073,40.18447926723287
34.0431974240225,31.027358301826418,37.828261945392555,31.969665679463038,40.1496920110174
34.033251703669116,31.245365544132866,37.749496742824064,32.2704296911479,40.331584928888404
34.024651636018554,31.124197194760743,37.61181281727649,32.04503543377735,40.400495568494335
34.02543237981303,30.92932314127292,37.64470518250257,32.33158135775255,40.3192448130815
33.86833521167061,30.888735817575636,37.550677131459494,32.32954647469006,40.11012926451995
33.76278279839854,30.69439887541787,37.59075671461363,32.291386573016204,40.14438616201693
33.82923416098892,31.04118942514029,37.6073621050002,32.3167606334444,40.16238385653808
33.676972573428415,31.1546953190447,37.52733044018807,32.24613189723875,40.14922987412281
33.87180478555922,31.046624790999317,37.46439585068261,32.007427311850385,40.10783191097727
33.90942372673349,31.02781810111429,37.37672171839188,31.966581565646155,39.98700963136752
33.99645075086864,31.278038217428936,37.5327622377802,32.11588911064032,39.86878412129675
33.78717003981752,31.132661955323,37.57271384981084,31.969987920797912,39.85208896820706
33.96856930826988,31.265791976332913,37.4187863434933,32.163189237645256,39.81404218765105
33.88434608596528,31.199020132665538,37.438047509726346,32.031725631073115,40.036055151721406
33.86039584567338,31.10151870207731,37.319540942471924,31.949487354245004,40.025481226654215
33.91250659810356,31.195735313744887,37.25786956006279,32.14420449602989,39.90375605216984
33.9605879667122,31.49097188230235,37.461772217789076,32.210619786173254,40.09582806819501
33.82574294848339,31.34189108125938,37.32861688554662,32.30343782823382,40.05986395228836
33.69072669491216,31.137328010539495,37.32571443781096,31.842116987133,40.001013055551255
33.676794337990515,31.112263636237316,37.2321349013258,31.570999911696845,39.969090346055765
33.641190723705506,31.195673795350128,37.428157551988704,31.88502182435616,39.90736229580218
33.736181354842735,31.03343738673064,37.35873755231152,31.576107400102288,40.00361764388958
34.006523553119315,31.046968466105827,37.49096997053049,31.59714388689047,39.972622693303954
34.02142605243089,30.90148892388795,37.47623909609381,31.78683917420814,40.174975689763876
33.861162033518,31.14059026918155,37.35532735675432,31.529800358200433,40.09224381849814
33.94214255906963,31.14929773130797,37.380083431775894,31.571474837835265,39.97378169651803
33.874435459290034,31.204043730145575,37.57570698775936,31.419938869776416,40.01873203859997
34.02957380726109,31.022296370601612,37.51697584839001,31.474120336235284,40.19927995163263
34.24230098440197,30.93246634013082,37.5573155089842,31.882282004568285,39.977156726799734
34.20889782972167,30.990832678263786,37.527325690993756,31.88017554366238,39.85528443094941
34.24058734496765,31.151506272998855,37.41647596008678,31.920504310792207,39.980313542474995
33.97760822452014,31.29046924058882,37.62689401440626,31.838884977649993,39.99834056271671
33.96152627252461,30.95339288452932,37.72728492901006,32.04170436800516,39.72525279284481
34.012283492597795,30.894478725685254,37.64129755195331,32.019840171652135,39.60634380929875
34.153910407203185,30.96716859022746,37.62062950142727,32.21434969829526,39.84285944164261
33.875159463281236,31.023342170085545,37.698518049690094,32.47063702407547,39.75098627775292
34.048842736287234,31.273832500343325,37.63408024767639,32.12289917744591,39.90946007076913
33.7059730008372,31.313029530519866,37.748204110997584,32.15576805776382,40.041078274232376
33.7640147747042,31.106365671460505,37.75966930464823,32.37255931444015,40.040639273275254
33.86184503745469,31.396109786273907,37.68336658883161,32.211183024038625,40.21833574821896
33.6612509505231,31.372588241119033,37.43796725874114,32.03565639683555,40.10615831696658
33.81693642473572,30.97969247765831,37.324285786304955,32.186026782222974,40.31508307211319
33.92063459256821,31.08316953101197,37.46214274592423,32.02897749373166,40.19201618294209
33.98646294381117,30.97650696904136,37.43591741935598,32.177051212822406,40.22468984799569
33.971122421955535,31.185790310588168,37.47456419451633,32.298199556430426,40.04128034619213
34.162418979644215,31.11860028001339,37.45022556139318,32.24454418196958,40.17407651761477
34.22063606824161,31.164105443271353,37.46677026407757,32.07102864630864,40.019446809620234
34.51387368292654,31.30048786629103,37.471454014137905,32.07818624399127,39.96743806854998
34.50402547580251,31.357667446090453,37.12254238640784,31.866890906904903,40.0863814930333
34.47786145258038,31.34513676000226,37.31896810892605,31.891041459373472,40.04665309281124
34.79251551175002,31.502857549047786,37.3536386154342,31.82288628527096,40.214377950699664
34.88491267218392,31.33399922135979,37.33318668910898,31.69409543133454,40.28885436465178
34.805360156742836,31.212548946319018,37.515314790129,31.732853062771408,40.439629013734496
34.789404311953874,31.173538259118274,37.337417339586594,31.902100887347483,40.77366577893889
34.822048249012745,31.059116948461998,37.26252964178455,31.973100152675645,40.615635647494116
34.6309453023151,30.91844764419357,37.386283008529695,32.06948914087093,40.481585224477996
34.71233417032932,30.881153667842455,37.427572690996165,31.933710066604313,40.78480056963146
34.571970474970634,30.78650904859095,37.41457185931996,32.260923870426225,40.635025802775374
34.71777395182413,30.86808153294971,37.27582203211523,32.14771457692961,40.63071494897033
34.478196699403256,31.08028721156353,37.56848867113554,32.03157490237754,40.81580432233566
34.53868522138032,31.227238256623703,37.56137027934685,31.99329853057216,40.61675613889598
34.416251323655516,31.268134822319304,37.54549838088652,31.861969433485317,40.518343254902334
34.57231577745981,31.340967406626284,37.55397325929351,31.64467182001574,40.64580123168247
34.56790042679372,31.295713139569813,37.78002910133896,31.75814403653645,40.53903681274952
34.88726191816241,31.255306941134002,37.89773312376349,31.576180993316168,40.24593881524344
34.77879814362728,31.418537710507824,37.93777011210841,31.656354397458188,40.26625047165993
34.918136304537654,31.449409956504383,37.775974850808346,31.56797590023617,40.28352092110129
34.7608579208982,31.463906788449197,37.68715253560387,31.659665365218984,40.55292337980038
34.75460335145167,31.209754644505374,37.70966952933231,31.772348296141814,40.61289759220374
34.77460492929768,31.29158958954611,37.70684332693224,31.839905432745944,40.570054538347954
34.71774772039211,31.60932559783617,37.63711589318454,31.97846593575407,40.54885570664179
34.674755608087196,31.38926110685665,37.595612171246884,32.0315005795407,40.61326146483559
34.533093393473536,31.462274034544098,37.57507906020418,31.88999274464182,40.71740799470085
34.5537380034934,31.28645709718133,37.467945060709276,31.986937824808944,40.99790835911692
34.495312534113616,31.018926806855195,37.3462791198303,31.99506947786101,40.89195637855028
34.51157785179012,31.059900204148736,37.41782413598265,31.93060749296453,40.86724618182245
34.98309011580605,31.05297090918188,37.4590937590328,32.1021187582906,41.057742219093036
35.13366201246613,31.16113304102381,37.44665996247141,32.02546161292315,40.98078483686927
35.11562646261518,31.219929305900475,37.54575660604225,32.12859583514319,40.89148755860886
35.07572018602385,31.168633854960575,37.59519400529246,31.969866151005306,40.89537495532758
35.21463641252359,31.230407942638635,37.71913642505692,31.931152007136735,40.7276407486493
34.97687649302125,30.98850569685911,37.69628528098177,31.91460214380089,40.7708707804346
34.947226844919804,30.91800503317074,37.53458423476035,32.024318326732505,40.74059865225471
34.99235425855074,30.871493650611725,37.50883356882629,31.76225722757359,40.74395542462497
34.94164509564284,30.93971213672351,37.5801231752178,31.755661637899774,40.562841895069084
34.94367073128767,30.823300072617698,37.716506873139885,31.825191792887193,40.857965246861774
34.927416317559896,30.91081302413705,37.54917634082496,31.785176177060695,40.96766745510011
35.02922376404137,31.05479664471189,37.738336324200326,31.470392509160025,41.030172894738946
34.89115064394165,31.0867494529668,37.74567283077331,31.241315706081405,41.01481963261477
34.97871211161253,31.08748827440324,37.65756517323391,31.568638103816763,41.07976364454618
34.91020357594913,31.02139181321973,37.73801934452998,31.400135611254548,40.99094325620054
34.91620100308105,31.264631765568296,37.93301063996241,31.567391208874263,40.893736456643595
35.164784134182455,31.217421449905615,37.71693846239395,31.57670969524989,40.945025890198245
34.951284413782815,30.99406138728249,37.69959359407823,31.624638468408598,40.78142079121657
35.01199526160354,31.100496482926403,37.862251129689895,31.446976273461768,40.92082973056248
35.013171712579485,31.168166541220476,37.73926124161608,31.39261012985956,40.578632088944225
35.35471179826512,31.058159955735704,37.7819567391917,31.38946444552786,40.651338777601964
35.25521494079599,31.014486666407826,37.83350098540933,31.291867990042075,40.69820322331361
35.32635422974994,30.97680041771688,37.72833886605171,31.158165297473822,40.7966545953473
35.270559935689654,30.94976389257657,37.65431720478603,30.854005849026283,40.97530690509908
35.46612919499415,30.78646341977594,37.710132009312055,31.14045872755576,41.1799351149025
35.357117504665446,30.72566673169874,37.798312697040515,31.26750126105452,41.051776905792565
34.98557126541372,30.724649747725024,37.79508467490395,31.423167650424045,40.84549191045423
34.69918497001109,30.851975050317325,38.01647189461057,31.062415832247318,40.90513436539053
34.43997786521549,30.97005521748697,38.15906549592448,31.270613442053637,40.86021066854175
34.27133949167077,30.932844685545227,38.09715209226728,31.809402475320333,40.854039107010536
34.232067019771286,31.033937153539753,37.7390109702912,31.783253087094902,40.900540323289455
34.256300861039115,30.78361321662554,37.757968776997316,31.570225887868578,41.11647718837609
34.44536886856649,30.719635342612648,37.712865438914534,31.84613691862492,40.94323329238744
34.49743406333553,30.73290719264675,37.88073087861353,31.65900432282705,40.66893879076438
34.5893571289345,30.923855009942937,37.968391125225835,31.59514396147533,40.684876586048766
34.58491343987938,30.893713253971065,37.89947237273715,31.75524933977047,40.79326195281373
34.569200024973604,30.80097159085804,37.888576473789165,31.659069731639782,40.96271665906932
34.3780105309636,30.94863160847931,37.82671494291627,31.555511020955766,41.02260740888305
34.27656709514922,30.77750136938581,37.70953354801628,31.54141262229931,41.10099013126728
34.11126350250167,30.88597061746435,37.7618300710464,31.481678753322093,41.07938575907151
34.266779157709564,30.83150052763068,37.73085447680435,31.2565377521844,41.252394539419555
33.95342121836326,30.773197470643076,37.79426099741237,31.0976893912041,41.17960798185658
34.14344031602946,30.754910848262213,37.897694648256184,31.262737481592687,41.23995376071368
34.1373866851737,30.84017621318636,38.025506660675234,31.392017253292313,41.36941494622564
34.22964178985981,30.724672644848848,37.92428786546767,31.333775455280943,41.24223688142379
34.26295190634028,30.618762513353865,37.62333707495728,31.08905045690563,41.2512331905946
34.062899687986445,30.521529518354114,37.45989708691564,31.23923870456203,41.41488432571798
33.95870275068741,30.54632365256493,37.35704870377569,31.60863353134923,41.47356213402126
34.08901357221287,30.60657225883869,37.744252378291485,31.539187516895367,41.3409709990182
33.840316371847884,30.88244841385057,37.7424386772619,31.575953166235546,41.33858312412317
33.71638039148489,30.73196965831493,37.79835549546824,31.390246061175993,41.35146258216159
33.653573102387234,30.75450323089973,37.75383746560335,31.543184384507175,41.180259142402804
33.7163457169741,30.756411355305247,37.72079625539739,31.426936279895937,41.36439764182593
33.72796624755804,30.64994758961665,37.68260120727632,31.251904531362463,41.39004561824314
33.843672605750605,30.869679504541345,37.61279230200622,31.63790777737156,41.19389296015455
33.89835936974171,30.83774170949449,37.59843776006001,31.52509135456886,41.05206703030014
34.01231509398625,30.908725206611273,37.482138911830035,31.78987618753973,41.03974429626231
33.861339716869956,30.944024417760723,37.44733809839868,31.75361247550092,40.94453149188994
33.73394865149025,30.99592127515547,37.379256471140835,31.75043856548606,40.972613136940836
33.87786351316315,31.10211315570313,37.52388844368721,31.85993834471783,41.01281400257711
33.78562620648886,31.174179432605712,37.53216172911594,31.59969451350181,41.058263595027306
33.94861392645139,30.88038207933218,37.608550444981546,31.59607830326082,40.945854674119424
33.83413909802353,30.95155839643783,37.58845821357199,31.543811181403186,40.88227832664801
34.12515748213484,30.878642499204535,37.539866513105025,31.770044857557128,40.881888490390295
34.30896658974176,30.834551790216302,37.44277203560241,31.60965629380225,40.79051588021983
34.274363900035745,30.91597064427869,37.512099829913794,31.822294987595757,40.74376978318909
34.25564104182445,30.953566098074965,37.56930614403835,31.73057977429645,40.83523063391711
34.15300591860088,30.688449083539883,37.65131187532952,31.578992172629373,40.66641582608042
33.81778670096514,30.675577841389988,37.65504849876277,31.74657132849603,40.68895132674282
33.89059158913537,30.60094206230028,37.6279609598113,31.515656873522495,40.79637697132138
34.01522308481909,30.79710854742943,37.80211765021383,31.556599665285283,40.72502217114324
34.15105547591622,30.748747327524107,37.78313010878414,31.593998995751203,41.01142537611488
34.17020970504662,31.000673613843432,37.706419959508295,31.675884436607753,41.052663681176625
33.89223125991368,30.931538257916657,37.84622681260957,31.589197261442123,41.233667362164
33.64820212294205,30.961780599956384,37.79801108439328,31.627736123094195,41.28442557153023
33.866295832703834,30.795162607789287,37.8756329358874,31.464088266777402,41.386372124987915
34.117698886044465,30.854940507770586,37.90628072659354,31.470172244225758,41.13432141960484
34.32221454475174,30.87862498689991,37.729680312429764,31.296274149588456,41.02030380117353
34.19179067224949,30.77365507010365,37.97429082465778,31.346823472820407,40.919012176206735
34.29192273188942,30.836356175988065,37.986150749861785,31.383697603670313,41.126432950042215
34.129763918300746,30.758747821726462,37.916427225175106,31.049471189203732,41.30267724378574
34.050417501775115,30.67061247349122,37.884906649853185,30.90207664552778,41.255390133125836
34.040964477148385,30.7844132918897,37.922720400288554,30.86873105278429,41.38134522523229
34.113081498992166,30.70458082351627,37.75565208554337,31.044223479565794,41.46199563236847
34.47283933026709,30.673616334808198,37.619274445429646,30.89573307677423,41.28426172381177
34.39766292502425,30.77707198169586,37.62160406685311,30.972799795128623,40.95500079539705
34.591319031485,30.801641086605162,37.74637235167644,30.990253586540497,41.204698618028665
34.41646997490438,30.77239422445276,37.73852473027517,31.08903785257403,41.57446631002646
34.38172945479935,30.586820265298805,37.805082686137375,30.822962342815845,41.21378270250344
34.279355353723574,30.70996139658918,37.78058513466516,30.953055370577236,41.137378937556484
34.20685571363629,30.706015836423614,37.80184669305941,30.89725928148177,41.15541504398496
34.34608910322178,30.745234575634413,37.83825618782477,30.804614223666864,41.35711026378775
34.51604163151431,30.58616160037044,37.8735070711751,30.95329667779801,41.45676018645999
34.441804719241034,30.631205103003524,37.9836354800812,30.83391087414823,41.53712459572242
34.53975485639771,30.48057475525123,38.00811749386324,30.713004663797374,41.28206178879756
34.4062327214512,30.711313959561895,37.9663672030937,30.429364618873983,41.25143697421072
34.39894367896826,30.833441959385397,38.03316708544195,30.376701136127064,41.22286923830058
34.37832067969942,30.818411464372264,38.14356810921077,30.08208079668205,40.96750697804046
34.495308088828686,30.842733274838977,38.146780572044236,30.241212090705368,41.16351561846808
34.594252656942146,30.80071699230943,38.11425814612922,30.189631773948964,41.089239591850095
34.496867953685715,30.83430179128046,38.02023557909146,30.4221414012153,40.94280382807564
34.6349206448534,30.862107844837833,38.020832692527215,30.55365754992385,40.990403270782465
34.899055153994794,30.85831685641071,37.911087541604715,30.632643743664318,41.037558904421736
34.75784374739347,30.757374122034662,37.84095748846825,30.591788714562725,41.014123525196915
34.665126564906075,30.78126743900004,37.68076458537379,30.494438876199496,41.07367928178258
34.76226756208806,30.85208161880941,37.60742372563059,30.42875777092713,41.21094369333353
34.36954136643818,30.8365248111555,37.58574076531488,30.689282983245363,41.1792910250991
34.45291956299732,31.202600388183498,37.4742874648751,30.730206342192684,41.15194067326257
34.489121163018694,31.30198018830953,37.318431262995766,30.565684051653477,41.265433885364146
34.3907571334734,31.249903463361225,37.77715714236963,30.74017364897553,41.46782926941385
34.41164739597554,31.48763845403418,37.72791643845963,30.82631244404827,41.38750938364902
34.26710304975747,31.54923832035729,37.64952951306551,30.86331108712664,41.111362666457225
34.22551516398246,31.492412267507294,37.49350186338973,30.86579961525265,41.08895803371655
34.16926121960484,31.22809506013389,37.710649697273794,30.714845544190158,41.03002463087398
34.26575868812235,31.377273001329506,37.65797253172249,30.512802910965203,41.17950131456758
34.18021100808937,31.133999327132518,37.71275872368168,30.315455334587867,40.92729514906706
34.129939874487704,31.21312432297857,37.690554153289895,30.286048421237066,40.95102876323895
34.06958954664758,31.215294804828176,37.620126951097255,30.404986327431995,40.6684217007879
34.19921481875529,31.13077884220853,37.570901971756165,30.746445190672578,40.86056124455597
34.12906668305231,31.172988622698178,37.4655451718867,30.591641223288452,41.089617629060925
33.88555664294509,31.12556410225447,37.47317903425683,30.415404164184224,40.94042672562349
34.048953021393835,30.862365559611828,37.616776387395205,30.787365503631694,40.825433666737744
33.9300668645161,30.915054879053216,37.61512135781623,30.773593645328337,40.84026648959429
33.84396811384755,30.949325728558556,37.446510039600454,30.714739627503807,40.682435760144976
33.8977065407687,31.16881867077844,37.39300854416872,31.009025931090335,40.964335804954814
33.77340426840562,31.12469111451936,37.31795693662344,31.109061788242045,41.036727780987036
33.7616586596086,31.10117968951663,37.35289079433667,30.798878557552484,41.09051879670506
33.8249546214025,31.083267821071118,37.40191278416807,30.86370809785644,41.15320452447925
33.760875684413705,31.03433095286044,37.54372854292676,30.85981361816153,41.27102372156162
33.97480504239032,30.952909094392886,37.491661713001655,30.847769683469775,41.25771702919061
34.22475237550715,30.788903223069127,37.72422211472784,30.644627572849014,41.02025574763112
33.8659205704882,30.902325638428625,37.743682928524514,30.591678007579805,41.05643519091532
34.0339560276675,31.005840846042947,37.85427019782012,30.48142976430198,40.8104170074394
34.03074889509646,31.045995399317313,37.75951065436776,30.702173241672305,40.76141226955428
34.060223395166624,31.170725759289866,37.68078177850252,30.800335752682635,40.888326473940545
34.109732246769134,30.77587833593651,37.70683535337221,30.703751225515635,41.10824246279125
34.27321783214919,30.993608121197553,37.80324086352094,30.756491079869757,40.95983188484864
34.43178080262054,31.084842911212395,37.71287147611367,30.800999621284102,41.02316741877888
34.297308395061314,31.211694590392007,37.72625356283873,30.868898670364732,41.21519237226618
34.129933780862814,31.191764737686796,37.577186446056174,30.981630026532812,41.235311709318175
34.264259103311225,31.55933689121912,37.548438550982475,31.170854642730347,41.28448745522201
34.34362008886573,31.37637008227394,37.3042598718809,31.115208566479442,41.255933148636636
34.52647650125998,31.367383106650912,37.45093602662704,31.15179512496977,41.30621320473388
34.359302507634766,31.136978536885678,37.351272544276384,31.117831762061712,41.293054674484694
34.313881098129,31.13611285683627,37.480203552763676,31.00824115876199,41.25603057657308
33.983878972533915,30.91183012015874,37.68489124512741,30.84544984751492,41.11075246074807
34.301127808580226,31.10136606165093,37.767602718066165,30.605914319907082,41.277354333326755
34.13651175744601,31.0014847132096,37.56566807721567,30.884592044367523,41.041652231133355
33.93100596593122,31.06762287916049,37.525219464062076,30.952894627822808,41.16599455735175
34.07323892418673,30.954062188092745,37.70371712548755,31.149450149484007,40.88544792208627
34.08649851885667,30.826016398099068,37.676982664450954,31.022237826494578,40.86013321297401
34.09975679255857,30.78078993445302,37.76839172792596,31.058791470724284,41.01686093450796
34.25612740393869,30.755865760733467,37.8974636362985,30.840970147260084,41.17433062301877
34.11451033532796,30.92580633714741,37.76580133792194,30.693411612616398,41.261254731940866
34.314775733539285,31.14677699950881,37.67884827716794,30.65936531564861,41.23249975857129
34.09027754992944,31.236529729298436,37.913789160158515,30.926537099979665,41.56279177909731
34.11060962604115,31.199968437768483,37.73548437038654,31.06824274235561,41.528770174297286
34.18513870132644,31.139858186905474,37.61888688552842,30.842509733855096,41.72931057714184
34.32049391992018,31.163108209086026,37.648420690838215,30.706071339063104,41.502045710313524
34.29695681554515,30.978146311033534,37.62375889209044,30.76509272251339,41.59615758075642
34.375154648886586,30.97625176620018,37.396486621281824,30.862122598397722,41.736764872537734
34.46296008853805,30.817143516570656,37.56978241515206,30.76817954608452,41.63146264316642
34.59185240777082,30.846964027240855,37.65405517530745,31.15463728703561,41.394850562758116
34.38389385518882,30.787050687462308,37.59505625777367,30.9666817031209,41.44867872422082
34.412814230050664,30.87211717636456,37.44660511794128,31.072155537612275,41.439925334464554
34.31345161108051,31.0156134056932,37.25844248976018,30.991511931770617,41.47431499961376
34.58723600071819,31.08751596942429,37.25428811011358,30.87368438808221,41.42977154529125
34.41863972420219,31.107906021640133,37.29864365992302,30.89100897656845,41.065195849507624
34.60937813195051,31.247082380514456,37.23151858384591,30.620572539419996,41.200184362014554
34.512579525991875,31.22957761158281,37.37861803700271,30.67803070715092,41.3137672112007
34.45133374393665,31.19011101051092,37.46067075657256,30.74485714038443,41.39036602239997
34.38953341835114,31.382004886883312,37.47372185751782,30.479373589583705,41.30062347850811
34.39364611311549,31.074724799241846,37.700516501872066,30.487858287862434,41.34290899115307
34.43166723503467,31.107927290425806,37.789641395116824,30.46091503702877,41.59501792491254
34.46535596452632,31.25822785044397,37.76633053319151,30.39340895521501,41.39768470574042
34.46729409949861,31.27344839647245,37.735942756447635,30.52954266666812,41.45407881437126
34.43223005909188,31.158030215378158,37.744911530533635,30.581408857186865,41.35857804782381
34.385414923370156,31.123668545620028,37.780112973775466,30.41644537171691,41.521416973491796
34.33633295018783,30.95042418863611,37.71133834964941,30.377447420277566,41.36238921715426
34.189476938076524,31.002045114414372,37.619296420274935,30.595317640425883,41.28676420547554
33.97777678524602,30.873512421418276,37.53920601104531,30.671010807443924,41.083640873313975
34.036694814288616,30.935265810807252,37.5617257954929,30.651374199140868,41.294782326630084
34.04743291773465,30.95323658375691,37.5942442120792,30.474268017414477,41.5745617681884
34.07119289622886,30.89905960354702,37.554553012836124,30.702684640437454,41.436024657950185
34.129990278005614,30.97814608126467,37.75075528690597,30.587966876063618,41.06754165876087
34.40237761313833,30.96031144475101,37.69321882842415,30.75529669346976,41.10179678091666
34.46174995597949,31.040207802045753,37.569085404916706,30.562818595757758,41.18383712408537
34.43444707553576,30.920018981959924,37.56813696321685,30.661377480561455,41.39957856474636
34.517373255959846,30.969993950030183,37.595268391639124,30.621107753353932,41.33568032696628
34.399126291679615,31.005879211044515,37.63030495817849,30.668640483622735,41.10238232890357
34.41844422325545,31.061013700363144,37.55668018930006,30.593145729587896,40.74176238803562
34.23550601015713,30.788734695220153,37.53288444999123,30.53093231897541,40.94860847574443
34.458066095201744,30.719838654191275,37.58379242788315,30.568061992228216,40.98622525516346
34.55231325841203,31.027167487771237,37.526043355380764,30.547631048376722,40.88449651670969
34.52125387493168,31.090973206549037,37.63767570168499,30.558580361992345,40.94655102509995
34.569974231211155,31.01622325561447,37.670640376492265,30.593822953157126,40.98817358337835
34.550252280265234,30.848540319182653,37.67381469672713,30.487016388776357,41.12328723898679
34.54994907799553,31.14926005329476,37.653574906730725,30.538251057608615,41.14757188656832
34.53279506592377,30.839266491884846,37.61992118504519,30.74570716203509,41.219442680817004
34.575474623977236,30.87604571863352,37.60655531643569,30.58732766867817,41.2462799628417
34.704372843850926,30.800012169265013,37.70472300748688,30.544633613518098,41.260747353321456
34.50902344973776,30.792279460478518,37.44318800249033,30.519629368734176,41.15618208206135
34.68199157536067,30.732244161394814,37.46130171333491,30.373504378267096,41.22516729653714
34.76122148870727,30.764614112579707,37.61748760569613,30.405481209737005,41.06749689476243
34.791812118319065,30.67821718162052,37.48912954102342,30.211637993256172,41.11952977684949
34.574027576219706,30.837603550282978,37.632772344552265,30.225939302510724,41.042020527527605
34.7089287140468,30.8153325251202,37.43174461993608,30.122554593293913,41.13256151678767
34.76286327287947,30.83004922328662,37.42037159362962,30.12897483741724,41.13178830384979
34.81393574321033,30.825327945670512,37.27558046102127,30.117431937879786,41.15569951254637
34.861508013168894,30.86359077291145,37.4016231140634,30.145042321482613,41.078469133717896
34.985037960838454,31.031066852168166,37.065325425444186,30.112350972411612,41.01092636760945
34.96380917789465,31.072024539049583,37.11925632487829,30.01919536265176,41.17711039453323
34.85922531466939,31.099434908138058,37.242942377527775,30.034553659971024,41.32458277119605
35.03040955340865,30.92883214787941,37.19301050557705,30.046639576698478,41.059579310622404
35.17294878778185,31.234325065108212,37.06894757812062,30.14396958834736,41.28570555776897
35.09949833047582,31.32385243890234,36.99050858064412,30.027237022908047,41.31996066708418
35.18201032767249,31.370572855104978,37.138037939457746,30.18906001003337,41.28362911434742
35.02690961571488,31.261047662955306,37.12238789103003,30.177117818379557,41.201717697020804
34.95544476017209,31.213051956704597,37.21610546029829,30.34158745788327,41.09544197229316
35.084462550955124,31.14477909904276,37.29135898510503,30.22248659419065,40.98352061413914
34.973942430860575,31.281367401974265,37.499984776793426,30.328806673597494,41.05542185979084
35.027290878233444,31.146535021432438,37.692051486500304,30.490098371944047,41.06896908681222
35.07354184868901,31.19655999752702,37.91350043956529,30.276001449562,40.95628758087532
35.115359230262065,30.964659627781906,37.5517910771452,30.462456957074433,41.02206846395167
35.12109005956881,30.94582926690474,37.516904102679526,30.86000230111768,40.98528832394672
35.04101603415868,30.847536904982263,37.714143556949786,31.179372657628296,41.08186653998025
34.897671505285224,30.70109170222252,37.520615999842036,31.098578933153764,41.07490902693409
35.146576534038466,30.79348584951631,37.82254655674139,30.994706759842142,41.13978727415885
35.089445320263884,30.882828522959876,37.866817939441106,31.014979017891594,41.40360885574871
35.12915828518847,30.734640646109977,37.70639828419549,30.952800002563343,41.235619559111825
34.77666515223642,30.84142296009443,37.658220037680444,31.03651126854085,41.23472089921313
34.818485349531336,31.027458620708572,37.59804489046295,30.973967010392382,40.95646509083459
34.96123356420317,31.046601103070707,37.63076249126663,31.049137197272525,41.0050897232961
35.15413997791255,31.08228122453634,37.64774737771718,30.93173616613895,40.969432997454575
35.35026255191402,30.964117144334693,37.64721126954581,30.968761640604686,41.08890014905371
35.1545806158634,30.912841585932053,37.591285049662844,30.947796436699214,41.21773960716709
35.061723885517196,30.871885352388237,37.55236399087152,31.025145166826317,41.31849532768144
34.811091393707265,30.754182859402036,37.48466195455436,30.760117444602017,40.972138911368624
34.86233298081373,30.878200566144724,37.403341654550054,31.0052855592586,40.88731700220108
34.853253606627916,31.201314657943225,37.220566296402545,30.999198142801657,41.04350313435828
34.81150666724587,31.230811354667864,37.21393657599387,31.071184709112,40.81338902278181
34.70456241571255,30.97025042365232,37.136513854893145,30.961714209407127,40.64463776374529
34.37420298344087,31.15391448126882,37.18149033575449,30.84312999611361,40.94985447280973
34.55974081616144,31.127021151189005,37.27282932919269,30.97689895129524,40.932891429368034
34.678879670599024,31.079928134280106,37.16530525209763,30.89418119024854,40.90181063259666
34.597435491304715,31.19853983504491,37.21058141518447,31.058963543952117,40.64588646855243
34.55142168564406,30.991589406818218,37.279767433605514,31.13369417133657,40.733414272023445
34.531854899167435,31.07252903879813,37.367540947986306,31.187218376833563,40.96909042485593
34.444427270837586,30.97634788127861,37.31559844418741,31.002836748774463,40.96175551325891
34.528297492284906,31.175557020365783,37.50662178317022,30.995791554871126,40.97779253029407
34.390425637829786,31.192335491719096,37.292196041747154,31.290137436146694,41.059245638694634
34.66813742522163,31.273793608425457,37.458396365779,31.418352672320477,40.982402512605624
34.59852891308336,31.39423902747891,37.363406244914664,31.432582539351586,41.09955982708157
34.675504724317264,31.20615496499014,37.33885497168947,31.21803941660209,41.001506917437226
34.768211164978894,31.32121364365757,37.33783685615635,31.421158746038465,41.207070758610264
34.738923676733435,31.206146989716565,37.29862246134691,31.223426117162266,41.41436230074086
34.65177616279161,31.208972547064523,37.41826433241072,31.422048745167988,41.31040047286904
34.74385128823427,31.15095742489662,37.18360629505768,31.591460180880407,41.13858258068618
34.70727107069596,31.15608792055954,37.30655316368809,31.604097832306792,40.910691650582294
34.72398025491402,31.22957632718862,37.35836091564123,31.364087121410673,40.95630992949843
34.661021150121556,31.48329359709192,37.16796787050119,31.54391337433046,40.922815886549365
34.74966742787022,31.532697832061743,37.20143655497564,31.667940219697304,40.99523153905529
34.700007396237666,31.546948301628685,37.23557962725772,31.564494530804016,40.8950551238119
34.85940632122486,31.4849329283417,37.38069455130651,31.63596803828359,40.760637118443434
34.80058622854683,31.424628643158588,37.32707036709854,31.364561042828306,40.856589832381744
34.63225850759013,31.522423703322943,37.40258320929761,31.216155647608726,41.09531691228243
34.93482650409181,31.712906468151502,37.53208295202207,31.54685170810074,41.19450277425152
34.80767805887118,31.65027573429119,37.459056048133036,31.53926533062601,41.275523249971876
34.59448024590219,31.87901078831291,37.53599284738288,31.323101226558965,41.199028300744075
34.51625315858811,31.644087989647417,37.53842737650865,31.212147724302543,41.18368157725642
34.48409106053857,31.877675060249217,37.493129997742074,31.321797365002872,41.17431661848928
34.28226147578944,31.91925186979365,37.43591419304886,31.40629707792744,41.11798924617564
34.263591697085936,31.719867818761116,37.46275009622142,31.25363948756676,41.11623137187463
34.136643313524125,31.882366439596517,37.67048196576194,31.150166162954115,41.155911255390606
34.16160557333617,31.90294435422696,37.534588915992835,31.200158962196237,41.36094479948176
34.38118609192642,31.90791051804909,37.421725041554595,31.270535087057684,41.431618383570374
34.274895875566806,32.061169973937496,37.41851494108954,31.245638763494718,41.37677469686697
34.30665868786811,32.05376259298387,37.52907285246924,31.376882115111826,41.35351438239344
34.32175065092791,31.86156920089247,37.60092159736932,31.566036322878137,41.5226776845674
34.301592046820595,31.75621138877552,37.681518523746554,31.732720010822348,41.16559434469261
34.1670521294314,31.59206302221147,37.54739870040092,31.462292904970486,41.40150654938032
34.27341030072369,31.76507688451042,37.42834678657141,31.2512451237236,41.67380143777108
34.375883409303725,31.811642328983808,37.48991215893071,31.257583225240868,41.452259395339034
34.4107854826544,31.75197554823482,37.2836578901146,31.500853728884458,41.38046289015785
34.066843993877825,31.673293266041874,37.12282533445028,31.445233831673576,41.32952542106617
34.011644312922634,31.585055602130026,37.18401064076767,31.300683441521095,41.15979712072857
34.02490719536995,31.648730759972562,37.435550821220566,31.51062725411981,41.32939910698534
33.88652656673602,31.565071005653774,37.3595117716907,31.49730034855089,41.419465615027406
33.872811272816534,31.539740324955368,37.24167659012384,31.630154814942244,41.301765156628356
33.68884455101004,31.503672603116737,37.08634923710296,31.818622180705688,41.22191524797445
33.57241640406126,31.601952315963395,37.19187730931309,31.462206184462698,41.18340015778895
33.40216231344085,31.61237570873143,37.110119140960194,31.52878799328452,41.01745043955405
33.366750307013355,31.5921783711185,37.182858668639234,31.49071949608284,40.792905198475374
33.37984594986337,31.6629550530398,36.8407174341754,31.429803840679977,40.84805510223518
33.4674478956689,31.506959390512936,37.01594229079446,31.612870226309205,40.76084968547673
33.276529505838056,31.444518806145943,36.98026274876416,31.54260344522963,40.75114687654607
33.35575648326474,31.345329879558545,36.60931473938972,31.533634253508563,40.87538656251717
33.36417103341195,31.4149514880275,36.88646040137499,31.60269212905708,40.7846100143237
33.398348793099856,31.56537968585066,36.904665201456424,31.538726685220016,40.796990513790156
33.333980467382936,31.623511413800074,37.185839047993646,31.56149003861103,40.73172188789859
33.3111715957737,31.29503529261149,37.089963410552194,31.450034345947625,40.863418920680914
33.15848128429554,31.408057379153934,37.02062461286425,31.611330408820322,40.86279652039504
33.352722696671904,31.40413445189713,37.15777965640492,31.539021691531914,40.90438022903085
33.42955067564872,31.389059685791715,37.31695006665621,31.71851890215228,40.6508975446612
33.26316044867751,31.249506264739804,37.494882119950766,31.52544711094772,40.614611630008646
33.09196552596911,31.174126368012992,37.52546992206839,31.671927455037892,40.67286266990766
33.15168159557008,31.031052636038673,37.661912061750364,31.53705658188083,40.48898795678068
33.35959309314426,30.950838655832506,37.50082973752792,31.78887256643315,40.38918581789618
33.34989703327617,30.93233670612194,37.43123119943107,31.662091642487134,40.33354853520838
33.28119658373025,30.770150948503034,37.35335944091214,31.576576266891372,40.155046502526346
33.270275676553894,30.925417487150607,37.31902390714117,31.543294436031367,40.35870744641598
33.399591196772626,31.2007757108877,37.50303981410024,31.41495979084641,40.555212074650264
33.35079132442781,31.207457650952712,37.297623678078864,31.37622652544084,40.54904189393919
33.23713847290305,31.00384539472476,37.017699960233024,31.46041105434343,40.65085620022229
33.29253518201161,30.907528476210388,37.27147441665524,31.41969582054563,40.62857857344331
33.41342914607904,30.882130918399497,37.273648166221456,31.437049393885317,40.447721520719114
33.41306124539833,30.92615308664062,37.41342961004852,31.85801595329558,40.575323228051474
33.43121785398454,30.943553613157434,37.24076725178796,31.515282455596008,40.57717899639381
33.644705955401534,31.095688097839655,37.27466033332105,31.512361704215905,40.76636187950262
33.55887677536245,31.230359259263746,37.2201769186785,31.676395544497773,40.61493882632519
33.618563186529315,31.06740143281455,37.24817782855435,31.822286824706392,40.43543055161326
33.574637253901,31.043195740043313,37.23518060707617,31.627826721971875,40.5428217797745
33.574594766437514,31.07648125743473,37.32942757178536,31.65813907783321,40.86823591735384
33.65088550362788,31.038791468484412,37.35213215791143,31.677888783860432,41.293953314075615
33.686844041167,30.99581191066095,37.28215578070597,31.962683838488115,40.867570101634406
33.79402399548423,30.929448696372702,37.477444224103394,31.831588734379075,40.66596663938269
33.96956576694877,31.00874832376783,37.43536377223701,31.73834928755266,40.82190761904468
34.05305474977226,30.76807720505756,37.62615626544415,31.492724948397502,40.748520043563744
34.17934565875381,30.8492883385745,37.62869515885206,31.70034310287501,40.967971198015874
34.02858719984123,30.72949699712335,37.68399186131065,31.730954128545314,41.24201520752827
33.84647838952104,30.768992774182156,37.74244002170098,32.04748107363837,41.25613031705423
33.94577630334673,30.631215508229207,37.67429455530329,32.02232990016975,41.17060037956019
33.913724270507444,30.599013926995887,37.78703786647524,31.90146296560821,40.89954763111819
33.72294091039731,30.5614129683649,37.67519227537322,31.96515281968546,40.74513595075009
33.76461388332353,30.628664123454904,37.71514893222895,31.860204981012167,40.7167817367421
33.76548549166807,30.77164451312856,37.83566515125182,31.903692579739214,40.616077642798196
33.74303405769728,30.593321751784025,37.81849426937307,32.03093890797138,40.660809800784406
33.54929979235425,30.717249521948087,37.7697698107016,31.855357865039075,40.6949631040953
33.39373191256007,30.917872015308443,37.82449964349765,31.75119560724045,40.86382066373794
33.05480335636162,31.08861498918252,37.69233947856796,31.697067512039098,40.83692051324097
33.09070256016413,31.030351731946876,37.56149689800043,32.03983326414747,40.75210029143589
33.098463149188156,31.180118459726536,37.47678762630821,31.99581431591746,40.55287313290116
33.031708488754376,31.089211370578244,37.35102938017423,32.015947340585775,40.62236589896579
33.31033575121658,31.023380975876584,37.204362995590635,32.130951621937214,40.60039952746396
33.44977505430099,31.360084318209356,37.43257378999898,32.09250898531475,40.57744576876374
33.33047447798964,31.13110094449671,37.423888904930415,32.120868689633234,40.525979669778465
33.43589860037534,31.204450422439617,37.516339587152096,32.33202266170924,40.59730869142688
33.45576274903326,31.151052903383658,37.41627907051623,32.20143875188906,40.35557210231405
33.44137571807283,31.264937277791507,37.3731407087846,32.2223111389487,40.542221984947616
33.27759948093045,31.19582195663101,37.46918604614248,32.22474200455354,40.65819488471445
33.25775535329877,31.217581594964006,37.42805594594521,32.26106609879958,40.68371026334253
32.87118717252589,31.109188836523163,37.620807310444185,32.169215020922906,40.540636826318014
32.89090283740163,31.11329751164326,37.708826709090644,32.081153033488,40.529831998538114
33.23141598532,31.071793891334075,37.563947627548146,31.95178274815717,40.468819022652255
33.387878275583944,31.00687236408726,37.50221794929273,32.10411621563226,40.60058987745729
33.34824387431153,30.966305416621218,37.383767367427815,32.288321688949296,40.49967226004565
33.147875092029736,30.869134861471753,37.25799593314419,32.21831511398974,40.651914675549556
33.302183109242165,30.60225737258324,37.287343114673234,32.3346082445694,40.48989390963841
33.45264882959672,30.63280287093753,37.25611942846211,32.27627560270414,40.49084992865619
33.33743255623453,30.591568794358047,37.45928246001432,32.30932203671145,40.28057796154548
33.23493377904693,30.500819211662467,37.493180145483706,32.52465781425646,40.3910770116676
33.27007485544058,30.61161726713775,37.41021197637537,32.56740466971813,40.51372694240185
33.3625808186995,30.426138021800547,37.31625023630019,32.64108851500481,40.88964416788403
33.525161185236435,30.468680931369786,37.361986058309384,32.562756391292275,40.79406631429725
33.53826538697611,30.369916743811906,37.649624207753014,32.45490208392394,40.92314032319994
33.55558941438935,30.441601184634486,37.72899682249788,32.29791534921901,40.56758015007338
33.44638271884351,30.544310380653062,37.6038376528076,32.01052766621965,40.6857858082329
33.199019223904266,30.67524322212272,37.71090117325213,32.28216952712599,40.68314795445704
33.144667087605306,30.784510736391827,37.627070821634135,31.882971620209503,40.83269609049374
33.20472194607572,30.97012783936977,37.459994220107426,32.0255267992786,40.597823998925335
33.09153169775661,31.163752623200022,37.414257002503206,31.934029585954118,40.757111444233786
33.05707027520399,31.137566579484613,37.22535482596576,32.00695738348393,40.83169934653159
33.2044078402857,31.144801631633705,37.51765925843758,31.95442186706424,40.597507210854545
33.115544606253934,31.083928488047093,37.47084625910378,31.863922888266988,40.7600006902356
33.233407710776014,31.36581604845057,37.30387605177306,31.79378534778004,40.782527584572435
33.268115863223144,31.07668191463244,37.09161833582003,31.709200081207545,40.892793398339904
33.30409157921554,30.968460730110746,37.12074730759551,32.046781214846774,40.47071035497914
33.05975445394513,30.91349971848538,37.0653287885861,32.170870067604746,40.61023100588125
33.212357832512794,30.864785071488594,37.13626695697316,32.14066425159027,40.612677965182364
33.21874557220867,30.853039753319074,37.244297087689446,31.84547067943787,40.41821610712732
33.21882307823384,30.95637596980791,37.180854801942125,31.85144829148679,40.443624655887966
33.19855490812716,30.92620486438838,37.23461128947437,32.131682416613984,40.60528467639827
33.16913606739383,31.143823869587873,37.25725802691112,31.797932617208122,40.585892838129716
33.10297746148078,30.796774070077443,37.10313923272212,31.423341285157253,40.319606840481626
33.11334733739784,30.793794866218377,37.223372271774295,31.284930338001363,40.29709947668359
33.08748180783902,30.896429785558812,37.125375559665784,31.29373041436641,40.25630122170911
32.97833355631552,30.941283163411963,37.052991792140396,31.345135195177775,40.231003365043556
33.14246776972628,30.70026107416099,37.10934272678573,31.50801479060708,40.16617020132985
33.187694940364075,30.893905492181183,37.15126267790217,31.66633818484441,40.36519933767847
33.10658774770144,30.908971960608774,37.10161022862382,31.529061882083568,40.44710880231983
32.97900177418488,31.02780459642688,36.935729820019276,31.88061166408958,40.52256543539074
32.95322688285902,31.14439966000381,36.937742635571304,31.789859974653645,40.505938282004685
33.087329254219185,31.23317400737202,37.094285065629045,31.655268593738562,40.4569439516087
33.05549948692318,31.218330323529937,37.14445403820915,31.759131752599583,40.570186451646045
33.49187313978013,31.140788702639036,37.22369511286571,31.754380704035444,40.55771177482651
33.24352853128724,31.174028911360455,37.05604609146354,31.39596037777023,40.56680863709238
33.19484926294763,31.26674710511086,37.27371747830886,31.40100686868449,40.52913579130012
33.35813832181653,31.40783765349135,37.16075985480368,31.452387637244723,40.65300044687834
33.325401960704454,31.31817981545276,37.11638753818782,31.22017624499821,40.65317025486636
33.145953867148535,31.16650525637666,37.324994715220264,31.400150131773607,40.45409355789783
33.100831581135495,31.39083315768178,37.5873313634423,31.39853283106023,40.57520948299714
33.22822066128801,31.472665527592262,37.49458409785089,31.447095299987353,40.59108813419258
33.26944076889729,31.314580492667737,37.65814229223663,31.462265490887145,40.442157348857506
33.02161053991858,31.41907821229489,37.483622079541256,31.39647790311358,40.609852003775174
32.98484739463381,31.29859580691009,37.794070053893314,31.25059171454594,40.458818126168694
32.985877531447095,31.136452211003583,37.89450441061447,31.333770014168504,40.2201459772591
32.98707901999425,30.95737360322127,37.85861387446544,31.63913457039276,40.29037342903473
33.146339383016105,30.849333810288464,37.88546726440742,31.607365544008303,40.17409084047807
33.2677871518385,30.652355497619823,37.73921001379567,31.481737323529586,40.07062957580859
33.26202843415602,30.508052144933977,37.78277439184986,31.49799418069752,40.05707982036766
33.40200672494101,30.62199774700283,37.76914823126381,31.699481111576947,40.04611034351206
33.41859742793419,30.59059694162366,37.88136213508632,31.522216263874526,40.30060453514315
33.417978585308234,30.654770164432524,37.75728139177239,31.582456848644394,40.337595287605616
33.39844986451952,30.943478065840967,37.67813733884126,31.60841927423481,40.431302467128056
33.18934863017769,30.98017633222886,37.683568086468476,31.60969586340907,40.43630581553736
33.3040694057988,31.212738399686206,37.72980712814523,31.82563488589144,40.75381099454189
33.3922415846873,31.133221803910665,37.85616387149906,31.89689819925064,40.642557799939304
33.44348108413658,31.062520346367236,37.933341707090605,32.02923982710453,40.73484140186239
33.4475428655005,30.97319645433664,38.133019972484114,31.837804774434282,40.73943820146133
33.26210666112062,31.147571012245642,37.96094953966834,31.294290642593534,40.579021152411244
33.26230281122905,31.037916458970948,37.809876623276686,31.11228534244086,40.80915172763085
33.53337670462036,31.168123653295936,37.77988879254251,31.118488581785478,40.80791387243412
33.34486827219247,31.285424821539582,37.71419730644764,30.96566496526803,40.869747938592035
33.51955842464299,31.462241579021065,37.80111946260292,31.36316686517194,40.73895865048269
33.46844186334997,31.654183783715578,37.768399204586494,31.39173008582171,40.78165122671953
33.23464812322727,31.5717096009867,37.81329965329745,31.6263861510587,40.81823996157059
33.21210620069289,31.634842049289443,37.76416438098003,31.71374982388269,40.66926478662554
33.25287448426014,31.777510498492294,38.00876137722771,31.851937439920196,40.56176791460719
33.278981103859884,31.735710723648182,37.96294563328842,31.78194497175232,40.655565314116274
33.318091062080214,31.747005032358388,37.965956229575816,31.691211713108565,40.76091505135558
33.3179958195678,31.70605296742908,37.801585543334774,31.56713190165869,40.715889794578175
33.22489929574564,31.924325289625965,37.88457895799631,31.691756015134043,40.74327681462719
33.240188033386985,31.83404223792971,38.09844019614356,31.65754676131172,40.697223106718546
33.18629135906411,31.88641294365289,38.0176026589772,31.84445897974406,40.70245446541594
33.09814155899643,31.71497085978167,37.81068783199742,31.68242420205893,40.89877513240658
32.94122477441907,31.679107733403598,38.020578167820375,31.601820911265403,40.937839369754606
33.09971644909283,31.73101852044157,37.8217614169749,31.569313558467627,40.874191633121576
33.1768467244991,31.769209765065156,37.88124636185622,31.630564716961345,40.76080966329164
33.096264786937056,31.635084381831,37.643282911397705,31.7067124609036,40.823178359420865
33.09758994581222,31.400816875275833,37.65086437745356,31.680490245158445,40.8740537048837
33.255343453756616,31.434943505679502,37.818607727660726,31.65468900480368,40.80686463827478
33.17575513389215,31.485690199189634,37.82696555576421,31.433032052827706,40.844512143306865
33.15961307673559,31.629913330290403,37.81189083445909,31.091485897710886,40.91342239861128
33.18310944060436,31.656402561387576,37.70091489786255,31.39423776046507,41.06259374309016
33.34562502687171,31.59540183204859,37.51339201747064,31.217976234634314,40.81586485653012
33.39827040988976,31.449628257209547,37.42941711241497,31.359361734000213,40.74449511447361
33.50878719206642,31.329688444960425,37.42384420219224,31.211044411733276,40.617788283750336
33.589997361572344,31.236394876619478,37.63168172760237,31.097221698476456,40.47868995993454
33.5396816509105,31.420700448451125,37.592481974847345,31.1189105397734,40.197662060376885
33.510899945333044,31.477001507475904,37.55807205892916,31.106230605369724,40.192305544905444
33.46508373693751,31.6126303187823,37.559417152838876,30.92400664151974,40.209094080716625
33.73449943053151,31.351422677568394,37.539448083107686,31.321661920878412,40.3423329932916
33.354013997719086,31.173262535700616,37.64871658473386,31.115774324304144,40.32458390976773
33.389577118873525,31.27457797950827,37.56573299624125,30.943881802068766,40.237890845647385
33.43778935461659,31.26148941691978,37.526451063842515,30.88546264654657,40.26728344460953
33.500287892975415,31.254477940310483,37.632004292743126,30.958680193121026,40.37608066445895
33.3160482689123,31.74070472898381,37.690098302081424,31.01465180138121,40.408168780663786
33.234732462083386,31.808695061027564,37.63233961378466,31.014126787129907,40.46938698793343
33.00118733019694,31.98263786170624,37.601152341535595,30.939292255532454,40.55557888821212
33.11321585663457,32.03206413833132,37.57304279494753,30.696788628749143,40.63028448453703
33.119804473996645,31.89304968388412,37.505628582832735,30.91789837529287,40.31515913399172
32.99124550821449,31.88834962756688,37.5829536175295,31.178863334148716,40.44158877234196
33.0409858025108,31.82300061052709,37.68044513428362,31.223775307042732,40.42570746973469
32.978103940039446,32.07390774475183,37.896915423290835,31.47041503542613,40.32344455894671
32.98446968439225,32.09182098752624,37.78642608193234,31.48083519040367,40.2207392232637
33.085558518361964,32.261943018024034,37.832982397187415,31.482218501734497,40.19728496970697
33.29886644726173,32.174848578427444,37.81777451589836,31.4534550656473,40.123747835956564
33.32093546366271,32.342645950568745,37.867883101754174,31.78312681389335,40.23751784736816
33.384137161292514,32.01944677739509,37.7462207644625,31.944843669149055,40.36231202163742
33.23647916176999,31.878539212110688,37.51340812107623,31.910434070737086,40.35500516826611
33.28250958904688,32.0510759577368,37.71974156001612,31.639121482109722,40.369584444268504
33.29882326105449,32.13274287653666,37.777572441092396,31.76956569221437,40.16392972520979
33.28136973553979,32.01606189416536,37.71496984947891,31.73150119189574,40.199793061750576
33.63875666912598,31.962140408196973,37.811603409820066,31.69070461752666,40.17758910252098
33.77188072948049,31.82304434339351,37.718272185083826,31.64412439825953,40.133502724201755
33.70983905373647,31.90179411608129,37.6676221155253,31.81381628658799,40.33927630590676
33.61252064909827,32.12888073450631,37.59148293316136,31.78419224677029,40.4415754573476
33.50709680138962,31.896516675472242,37.2833233136589,31.676703101970237,40.27176527534736
33.22726331091069,32.138635929716926,37.27647670012038,31.627294486351197,40.38353463262337
33.35797504950624,31.734478290806056,37.41425692513194,31.75725855666431,40.56911527966864
33.374973801657006,31.892119827723217,37.54358157765115,32.05935551107271,40.443847447002256
33.34274827024546,31.911589380260118,37.332765892820454,32.270022163008235,40.569193352314294
33.3624514973721,31.598551133188227,37.45852761145,32.346920570002084,40.369886500049
33.390666255632986,31.315457587690933,37.328225408447615,32.37996018063513,40.37724875948287
33.330582967671965,31.18495586458972,37.65751523390895,32.37809985563441,40.2385573127158
33.23786283885103,31.123073015142875,37.50780775225232,32.26697566352918,40.48238147306284
33.282376885355475,30.884949670130563,37.601935294241365,32.050440962413305,40.40374070252573
33.38916133374657,31.020137743930835,37.589750077667105,32.095276655526575,40.596755150337316
33.29449524090047,31.029895775715023,37.598210660646956,32.009611758295165,40.57512670887701
33.49270385448289,30.997043358286533,37.623629992952765,32.15469374798717,40.41352817317971
33.35834394386503,31.243021346596855,37.49620458138428,31.98499749756051,40.71819429427202
33.352594494846784,31.3276738835924,37.341146912429785,31.96871585523351,40.643834482567264
33.26665787266941,31.3148752201342,37.150732497559886,32.02893338890664,40.766550052353914
33.383760927356036,31.418655597438953,37.33221571321694,31.676557205749976,40.94590099399702
33.50731364800818,31.310576058676936,37.12010332100686,31.82258510618873,40.89438097642401
33.50635592219098,31.17789731466719,37.23346504814799,31.625123636372848,41.15377129666497
33.547406297678506,31.128232904009796,37.208588142871214,31.422120408261698,41.10618024268439
33.4062472817938,31.165273847647995,37.415804950313365,31.305778306586422,40.90462639173392
33.40640425987245,31.18251873800039,37.24489002499357,31.490608352392805,40.940267895007935
33.319113120401695,30.861442708321118,36.98899177616277,31.47387808524155,40.96210851600356
33.382187630271936,31.00226628029184,37.024678119242736,31.353467176920446,41.045542627810846
33.27115389979967,30.937399100262557,37.21308479608086,31.375126291490446,41.11301692329162
33.32295030160903,30.787310952660164,37.45099047527718,31.072894663060012,40.978777470173306
33.344041719756355,30.80397831035378,37.349717084163956,31.19383957101348,40.92658729476995
33.28135838231882,30.976716996706493,37.256377415716386,31.452153877066447,40.93497207645753
33.28019323366753,31.165857245332788,37.289090636150064,31.383631483464935,41.02905433897074
33.467075421352284,31.251096970749973,37.264767633557724,31.307554155553795,41.05842983337025
33.50622014322635,31.30931675324439,37.344637564202806,31.249505350415884,40.84711543534964
33.35152399612516,31.365016650629233,37.16329715370959,31.28112171681489,41.05204510124288
33.17762661641313,31.14390239980573,37.24838323001189,31.177006780842937,40.93898454299946
33.38033541882899,31.194034121431397,37.28918469507731,31.225148618219965,41.029484905064564
33.3486042918094,31.079515316345713,37.331194384393584,31.229879640300425,40.84127591800791
33.40666315109812,31.01394859702749,37.25894331112405,31.667255451684998,40.8915682366259
33.45915859320524,31.14856376019129,37.22155084293366,31.612512392850245,40.76367469149217
33.56549876990167,31.05427441358671,37.26918625434003,31.71523197451942,40.71599349610026
33.826158689059405,31.008035978444738,37.30514520990828,31.619712994725194,40.831321322930634
33.54613432274346,31.232113459168026,37.3673392707353,31.48920694096399,40.67182513045409
33.25219152289914,31.199214146412405,37.49135344166418,31.808582948733083,40.94443056617682
33.38444571939178,31.03609932961989,37.54576381462302,31.858520882101903,40.77403517494408
33.20079083870872,31.139362862911963,37.45832771429615,31.736787298311686,40.737005710728404
33.11599450461634,31.27374089506194,37.44400245607311,31.999478346337636,40.68324691857896
33.028777297040506,31.353776148142845,37.23509937025748,31.63278328981257,40.70821195040922
33.059712523971285,31.268586277236114,37.44037526922092,31.528577077637966,41.03436419987754
33.04593042741695,31.27218822051601,37.342007817010405,31.53383149473049,40.98059314178963
32.729302360894756,31.194939747443136,37.270166214542506,31.742519335774606,40.88150277523381
32.99453265474253,31.379634697743864,37.39650989092536,31.799171829209655,40.75382347953236
32.87670391507801,31.27531031963609,37.37020146675765,31.704601072585348,40.88517972328009
32.66758595552515,30.93907645596914,37.221395153708386,32.02038952021281,40.75095022276469
32.72535371688035,31.021175686496964,37.43127321463257,31.82744486826805,40.40725025532769
32.98406712839168,31.167547041572064,37.47797457453566,31.939226417546628,40.37798278066406
33.06389474488464,30.73996808828755,37.67082240028247,31.791726959754417,40.50496462534826
33.05492735673215,30.584073225318825,37.63996192311766,31.49228365497721,40.638410574835106
33.150714261759546,30.974791628526646,37.73209247670565,31.571330513409567,40.73711380252039
33.017797702471036,31.027350653930707,37.7991289347882,31.74020422554917,40.641261948870365
32.95591496142682,30.893727390425006,37.476315039569506,31.93734192513969,40.64649189558
32.782692281591366,30.990495522410328,37.53341569638925,32.024144174381874,40.49799890126785
32.753885101653545,31.06969309738836,37.45398076530518,31.977563763959996,40.66621218065842
32.81950402058986,30.987742672366196,37.161478618279496,31.88312499072008,40.65415182323667
32.752573951431266,30.797684054391755,37.380193316251976,31.799120746233854,40.72928681126909
32.77367091659688,30.967703250881236,37.46999064764906,31.956171917211304,40.61673490399352
32.690753130717006,30.60235201711259,37.55728216625496,31.99333940796727,40.76250317413292
32.7456896919546,30.561282927838977,37.437508236503966,32.22656945255204,40.719487764266425
32.606550809205366,30.292972404103725,37.57151554245634,32.20931725771199,40.73044121382189
32.49552470903866,30.201672162287444,37.401743042152006,31.889847615007756,41.09343300661363
32.445595525280424,30.400671363547648,37.52295570489276,31.70391124147597,40.81316048698392
32.60473949009501,30.655059393208894,37.45106181649691,31.90614957686466,40.980540864895005
32.5437782189227,30.85258635553692,37.288816455053436,31.94973672842334,41.189003231239916
32.567516307032506,31.017007585261506,37.42580385818348,32.11916893758622,40.94482960615819
32.59818278584729,30.703859811054468,37.32890292031875,31.92431864909828,40.89748054002406
32.63546523775172,30.775218524404906,37.32519743847182,32.327614166786226,41.05306167027665
32.751800453058166,30.74888478209588,37.48634246535421,32.38449620154042,41.154633334816346
32.72528812861478,30.644448961626118,37.45720916637053,32.27595552695296,40.803053334898244
32.75686998941785,30.49677610379132,37.414846059523185,32.42130053927913,40.924124502956666
32.817814110361724,30.426329406589854,37.44222368481716,32.359229896545465,40.81753141380507
32.6856948634107,30.82013739891358,37.297632674733705,32.12395079088201,40.58098023446993
32.86496572583083,30.76069282726588,37.531302823479706,31.85833406178473,40.937497610082765
32.84426614724359,30.74358954034803,37.72581235252151,32.061501627267624,40.69978850862626
32.89472817841606,30.962528889237145,37.61600211397537,31.956868083058307,40.60161448689899
32.80964823656981,30.999048202851753,37.52028326888361,31.849629218981587,40.74118202699951
32.71583442451309,31.031040216187577,37.396191250354285,32.22118006365977,40.774354457826846
32.861422627277506,31.03654055381248,37.49462111673405,32.247868812845304,40.78788134656672
32.94172894306719,30.99766573368676,37.47802130632672,32.19420343216875,40.808930812834355
32.930338827552234,31.05352890312505,37.19789484822021,32.090736138138155,40.72012746487913
32.69949460005289,31.125585617621507,37.41791154476241,32.102616585386095,40.632886358527664
32.796824308036285,31.112278533499758,37.30446646037892,32.01007645439426,40.65712472900436
32.882900345423295,30.99742326525663,37.416963140913985,32.053004050567736,40.55501136366063
32.79793804380911,30.920890609692332,37.376245482724265,32.27789569183818,40.763758022973775
32.79315878218986,31.094478968291607,37.24553930293603,32.366852635235176,40.78451075448926
32.88453492030091,30.950613672716223,37.307960459329486,32.60926340476693,40.67458610264976
32.93460599304728,31.11286193246056,37.336061747337496,32.397800999796004,40.5171991196027
32.79365174397829,30.76387976910449,37.00021741734574,32.18455565224129,40.48063312135074
32.80493037976952,30.79983278922004,37.31662442411998,32.16156462877657,40.441499614366805
32.652592061488114,30.76308377423376,37.39983462569988,31.99145021622323,40.395865488857446
32.786017211444936,30.739696072922854,37.48120554658651,32.12736276832626,40.437703098804164
32.79733235950025,30.67643817353193,37.36472080584544,32.027721138005624,40.592633239334475
32.98747839871941,30.81506680464849,37.36450732445272,31.874148603090816,40.71254067837358
33.15518106676589,30.928642497109948,37.11075712354279,31.7459063914897,40.739562593184104
33.21705843539103,30.632645654783634,37.17441613537025,31.990841154683043,40.89478875800533
33.36710054236517,30.869120944266108,37.16932161814536,31.84663281358999,40.77536690483924
33.37638819039424,30.662722926153897,37.258256431386414,32.02890514748924,40.72471340319781
33.30668118326399,30.508064313027937,37.07588814698038,32.02164453561548,40.8885510265954
33.43521089353375,30.516221495200217,37.31222948634792,31.937820203144675,40.96650671392322
33.46644122159367,30.573641791510706,37.433505659308906,31.685934080740573,40.96366822939543
33.38865149108106,30.430117317508973,37.514163033713814,31.96083159359893,40.85900762195658
33.35603176069319,30.493428946614248,37.54877266303724,31.80760894626466,40.82338203915637
33.208345312773545,30.59982147019011,37.554875531558295,31.914895218672324,41.09747618490055
33.1327310886728,30.511397467637458,37.286922520081,31.8412449229679,41.291271774590385
33.04533160704503,30.50053355584182,37.17098940081248,31.870356496598923,41.35677061127633
33.10061511825955,30.458047571209562,37.035131372795036,31.94638126944176,41.18131537441103
33.052583184259234,30.457501863804584,37.15351390869995,31.832686754154842,41.372446502715526
33.05850112286325,30.526937819998132,37.11008442241467,31.785886374159823,41.16160952398408
33.20357739938847,30.38528651635497,37.24520610320274,32.01940426852248,41.135793849598194
33.05386147186808,30.431234219778588,37.20026796238494,32.077238678528445,41.20155242647426
33.1751782268397,30.249205317054628,37.39176594705648,31.70435373383684,41.22554142515411
33.06019227504861,30.29406029627681,37.27797859249625,31.938021918622564,41.29556320845875
32.98783530626228,30.399633196256744,37.30795834420286,31.588669322097132,41.28617478041871
33.18286255729231,30.426045489026123,37.15723123458213,31.5208997847594,41.1649833368551
33.13943479572571,30.364607400578397,37.181979758565745,31.341562853663838,41.193820973870025
33.05931107887507,30.536739747540476,37.242542915328656,31.603184818036343,41.23315851099059
32.85871893313951,30.66961319163607,37.33703817666459,31.57264086338635,41.25285200217846
32.8308346873947,30.762354846217473,37.37977551834712,31.704704151868707,41.23998594142259
32.972960171881006,30.702858540065,37.241142361751365,31.903445628486306,41.29938863713545
32.99015768240056,30.790162663494453,37.35936668738249,31.50015651075035,41.43823826750026
32.847014003092745,30.74913964058241,37.553704791583336,31.72194216788955,41.473415065217296
32.7657740982857,30.595275340962697,37.38057296675769,31.704000007984313,41.50418595631205
32.786930291352576,30.71629014298715,37.03206958229378,31.592942942186678,41.48414219194263
32.949505472147955,30.806106729489482,36.97504903193931,31.890479862030688,41.68085045154744
33.09969718698211,30.667085922637753,37.19592164794463,31.859391433654412,41.332460932352745
33.11522995397546,30.727421815749594,37.17027600423802,31.618811009789184,41.229216717836124
32.90051390620497,30.740741934190215,37.04109356919919,31.554202411448337,41.2221174653882
33.02673871002355,30.703765044535817,37.216609227405996,31.647002322404216,41.01248326198087
33.06716836596081,30.6361423827821,37.252827949979064,31.452122329481735,41.155251913880726
33.07156961144609,30.8679050886585,37.14831024316576,31.785078037559916,41.18090953409896
32.975605442376974,30.625526079043812,37.163695193474226,31.6928091876972,41.13454443890484
32.98675960523661,30.529889699230942,37.052607879811205,31.5909916174291,41.06521546979823
32.914370485039456,30.58519086455982,37.05968114868776,31.512417974310548,41.26098608557501
32.86857256779534,30.638187391834272,37.045284381930266,31.305645089550552,41.58998744899299
33.15269422877788,30.653559628141522,37.11012914016849,31.287884733444965,41.50606557432594
33.02627918017907,30.751476642821316,37.28276961709618,31.15285255345373,41.55660810160077
33.0782905968162,30.734671442587526,37.21635857890861,31.130268097686944,41.567530419239375
33.21008540122349,30.728096362507937,37.388883277756186,31.146938781095898,41.394399954872235
33.2945231533173,30.83713948975015,37.282131992395676,31.287460413534486,41.29296670676472
33.214401973930535,30.677032817689618,37.34960962039791,31.38346391102889,41.27518558531405
33.28807464332891,30.416187115322252,37.300077177764855,31.19660973071336,41.39356142323342
33.15137971065389,30.706214664645216,37.36618574010332,31.388811600141405,41.45788035544852
32.99265333326412,30.781207067339444,37.292014452065345,31.167808280301944,41.33799488457746
33.08105841829483,30.655743262855765,37.227470845898694,31.35113607203913,41.55860236738018
33.01387666780661,30.667933300997394,37.46770544461007,31.440822849323045,41.64710755650465
33.14024536381115,30.63998384835768,37.42519891721528,31.65656802550901,41.68066349921106
33.188333028747,30.833287033271795,37.30368764986564,31.461023879931957,41.62032245515519
33.197579179354584,30.770027747555268,37.26581081219575,31.40096907858071,41.66159233735989
33.275793170920295,30.863839259023003,37.38555986241196,31.436320220578757,41.598209313743055
33.19685644581894,30.783322131526432,37.48592716818809,31.389713230053527,41.56898558210324
33.26407893169724,30.863791976702235,37.60954901977072,30.99361967511402,41.934849742946376
33.29435133542722,30.849920061525435,37.57168415354521,30.88968919237326,41.93697056892875
33.10819301295752,30.75280075300813,37.63021511663693,30.778179944009178,42.077247065656145
33.10079867800405,31.038894252195796,37.64936125479093,31.086283229879307,41.7118833384552
33.19307969548975,30.770560784219775,37.70391016772103,31.071533882226788,41.39686647979212
33.05446099760811,30.704897320902365,37.575786829110505,31.47719096984173,41.41656612832
33.074411536425565,30.73678575296031,37.43348547547004,31.489921021231527,41.68940765806375
32.966581118531394,30.99199050312237,37.548106221150576,31.092132057133995,41.58003333380644
33.083985037426174,31.144837615800654,37.60849622920082,31.42535593090401,41.491143456809716
33.057616560786244,31.031148627997265,37.57670041207263,31.160439719580406,41.5355802970179
33.010980242567925,30.941635660602543,37.577407406186204,30.931700793707055,41.487215427556954
32.92508426169598,31.053922027516315,37.63613330723115,30.935819350820488,41.204337071226604
32.763283399979564,30.93593908387957,37.68901847641303,31.105686540249966,41.2629392701732
32.6355030688408,30.991552748815366,37.59449723697111,30.844745411882805,41.370985276106175
32.729753676195756,31.126523653732548,37.69533136126765,31.013814371019432,41.213308024616936
32.643440627838764,31.009952535404356,37.65946193057586,31.271456258873982,40.91764664146302
32.55700556141513,31.156137741156364,37.71639609362697,31.08416623973742,40.965063166015305
32.64418236346054,31.18346277630751,37.494783369022,31.102366810881897,41.062188675854856
32.742494901247035,31.35786270676993,37.51974691686818,31.074413781708586,41.06162993219091
32.58129106240663,31.259949934468118,37.45650243051481,31.233266462184154,41.26143274491385
32.641598824329755,31.100640562142473,37.49317962265274,31.417614924770422,41.18552155155509
32.65082437216095,31.3965770380701,37.49863044641824,31.13482985197397,41.30530701873699
32.683657964728724,31.4745998959766,37.59736286138669,30.802190275857825,41.51481178265646
32.50780459023032,31.461748706048525,37.45862402944401,30.987266385313735,41.4443466895438
32.38091603726253,31.51458306815185,37.34649305378732,31.1158510488981,41.347487741663635
32.57181226344834,31.37334052169346,37.29969401974622,31.14555694713789,41.19122871425019
32.75446967730767,31.270243990168876,37.47852079700495,31.1484595907514,41.06166144673548
32.6405262337422,31.399710682717483,37.574522572325655,31.188787969307327,40.90376146099056
32.72065781756178,31.427488104155838,37.684687169852914,31.326122854023893,40.834692812067786
32.59943828136727,31.72867320824517,37.74174066182309,31.255489939289106,41.02046782360516
32.672449773091266,31.87877117820512,37.67034733452754,31.11738622954348,40.812892824320365
32.55882677986227,31.771977642168583,37.6299499462866,31.291145453931335,40.762178296533456
32.787714833890256,31.464416226431954,37.64372322652755,31.10811802860131,40.73875373923718
32.82686876638397,31.534263980087598,37.97942410353196,31.09860704510936,40.92903245536436
32.81046173544968,31.48966154957299,37.77202048064156,31.28565870428911,41.02862826600586
32.839063333149966,31.67195466974176,37.83128244426796,31.509853987973298,41.07822189715037
32.85818979000098,31.674528395065458,37.84131942152969,31.512073562465027,40.92621423826525
32.86566534087441,31.513391199241926,37.6892619119231,31.29941632180579,41.146469352980816
32.68592048119249,31.464013059807844,37.64546306527836,31.173235584348195,40.95608461379761
32.88888738156621,31.557883537710325,37.592198386503476,31.033496954378123,41.259373710928195
32.754741514042216,31.918156092284732,37.619849970229026,31.134099632396662,41.422375754631595
32.61733623150712,32.042678538543704,37.65576790356449,30.89971031990986,41.15823338402528
32.61387220143132,32.005423471090864,37.601949549056684,31.085453780714126,41.31608894091385
32.75075820070309,32.157629559813245,37.6676799853079,31.14266554407134,41.19154168777258
33.00653401634842,32.320805794996254,37.68140838946054,31.100584092863084,41.06655378884448
32.92709605974135,32.4801321292407,37.57452010383794,30.739964333593964,40.84357242005724
32.887661789260164,32.58855716194552,37.884600425293755,30.88806980298489,40.755295948153766
32.914241382821785,32.50838545215451,37.723573400264435,31.244834578257016,40.68482689321043
33.081004263455114,32.593718126840336,37.47160475619321,31.391817934098196,40.57229246260381
32.97009817892582,32.49653387896134,37.531038276463306,31.150731936669043,40.833503798882255
33.07110298685569,32.44797339825456,37.62914800865451,31.24324169210358,40.63748235107771
33.015861982126566,32.332633082519315,37.3681714543543,31.425207203282614,40.76449947307302
33.198280098757195,32.27607310015016,37.22053056163187,31.451460753453926,40.81825122811238
33.191290011610036,32.515905793100075,37.17680603951178,31.463367663486952,40.864787679353256
32.818793287752925,32.68062510842201,37.345975330042904,31.503690364976546,40.89247857668092
32.904629720587806,32.56724478857994,37.33455716113921,30.971924506305363,40.98395032084218
32.79573323855748,32.72553854436301,37.34169779386033,30.9862760539843,41.13109665503638
32.59204502845328,32.630201577982014,37.374469323567425,31.249061410534026,41.191341204172225
32.70565557385292,32.53167888864461,37.45161022996005,31.309302259987223,41.109763541703984
32.6862428041814,32.43629953210251,37.61785734038951,31.3879892175,41.23697774714652
32.7039968698801,32.4712811085978,37.49917363226827,31.366580506183578,41.346121124192585
32.79469256847896,32.488082923403084,37.1800949895207,31.1488660838265,41.50794372927216
32.68138024810015,32.43119322181454,37.111083339827694,31.29046208364193,41.7231473781998
32.93603202221977,32.22119963879073,37.04851116066332,31.21594581398816,41.74171779698963
32.807485773876515,32.26348752218908,36.99630663065349,30.993420174283763,41.78186999331804
32.69488851183236,32.17896734780267,37.025983714512535,30.92586841052084,41.83476064581725
32.823124010046925,32.11561855422499,37.12454000183597,30.958935104196897,41.93197801548893
32.858863566226276,32.14115695662072,36.91890752007153,30.717950605791867,41.93665416202174
32.90759866773443,31.983943876798534,37.058159170568764,30.86249779344549,41.83760918650853
32.89139334988471,31.86418276857512,37.09968421450221,30.928271778000518,41.75534336018317
32.76264725272605,31.89398865882333,37.195334609842504,30.920019083988205,41.610904641702184
32.602904853450035,32.1028330277804,37.06345686178532,31.15563350684407,41.674699105687495
32.59921324323157,32.20532001320781,37.023127195591755,31.296904970297803,41.82545023492339
32.53395579462348,32.47442978225254,36.91857746978372,31.066803310006335,41.93592977812065
32.591200933789665,32.54542329589283,36.91421399465433,31.14065562764865,41.95192414003953
32.651573730804714,32.36446505281966,37.2117353657065,31.33729080778343,42.109245764237656
32.65665335028322,32.216162749459215,37.24056796543078,31.402523948148044,42.300763047623896
32.64052522686099,32.04239725586913,37.13793717344697,31.19517335731922,42.22635057173268
32.649311847783956,32.03629196651457,37.174093871414264,31.14453721715629,42.11905717758988
32.57285279454239,32.09127298976855,37.29795234812839,31.23910383008125,42.07856509745884
32.635097078210194,32.238489694173026,37.48176201540662,31.37690328909745,42.28968641006929
32.617785458641315,32.08906774731922,37.44129023570971,31.176088776577057,42.228267287156434
32.72128545641418,32.342975154806744,37.42708367649433,31.42680927269531,41.94725977113626
32.6783298696936,32.15198470693291,37.3783321366319,31.319128771915274,42.068143634604205
32.50898992665601,32.12799367881172,37.43605178272224,31.32269656068099,41.95474588809781
32.96617340929187,32.081592591696925,37.07040786318056,31.332383732108035,41.76857078838159
32.754250176592755,32.17781829163962,37.05900097670875,31.405902966389192,41.79373949726728
32.808996952077734,32.06582761351464,37.242769999837186,31.236059328268595,41.832945452792515
32.78493744459798,32.080117090843046,37.15627049104771,31.59759854297551,41.7781853322372
32.65064542699773,32.1707025773213,37.0037685700715,31.69991844667096,41.54247789494259
32.65594572927176,32.03107789678149,37.057704736838886,31.41209885768578,41.65471598011557
32.64346803699922,31.998757903685444,36.98685813271687,31.37003649424338,41.3575037886014
32.5350167925294,32.14874851078481,37.12435683815961,30.991263186332883,41.32830159323336
32.55400875516219,31.967699626045338,36.97493787810519,31.26314176077332,41.167820913476355
32.711439520029266,31.974939609993722,37.1893895766541,31.33610405359833,41.09736842635298
32.747650600455025,32.04767539803319,37.174228454120914,31.25311795656793,41.109081186630085
32.713297169364985,32.18599361643125,37.10661562739088,31.54299248644306,41.220045879361145
32.6707370851025,32.13257512258754,37.08003052234107,31.556773136052534,41.167582576588025
32.83922326737703,32.11385552538821,37.06414446674288,31.387875407614146,41.23252080175864
32.75491615880924,32.304830188708685,37.256063712860005,31.349654941447913,41.09036305321408
32.75713880284256,32.224187402686226,36.84323880122499,31.391217358181894,41.045053729103
32.92527003816316,32.59031282994125,36.827272001303584,31.316884664150177,40.92720327527145
32.95754271243352,32.76275306574333,36.95105681346049,31.40496261887079,40.81305375323043
32.689822165393664,32.43765892222126,37.0043812186871,31.479657260827587,41.07471276009326
32.75872242281929,32.525591186088455,37.0376507149142,31.457763698915763,41.04818412007046
32.81930700850225,32.459616966454654,37.367011239501025,31.49124850492757,40.97346320213004
32.88518878482026,32.649616404966984,37.22840282993862,31.148350130982692,41.41792926660238
32.759542054913304,32.682964445450736,37.25034391402241,31.39011220858334,41.16004874402746
32.70877965168631,32.54578682403692,37.418356417306406,31.55023257904203,41.139560777458385
32.951752852104924,32.473158497217135,37.44478744645502,31.293485971750382,41.22283621807462
32.91241187139965,32.49930541259723,37.36966385390734,31.42216820978587,41.10627922202787
32.7866008022858,32.62923242639277,37.37956402482768,31.37561941396481,41.11880453832431
32.642973847552916,32.49953613561029,37.35086963954853,31.708286045571697,41.07638890877188
32.84561293686948,32.49492298789608,37.22935167946391,31.71434131555347,41.27443308248837
32.81867069871165,32.34723647439352,37.13867316984622,31.672911400535927,41.23576648722341
32.97711476372003,32.44016447485254,37.26710049018929,31.45331006550551,41.13463893094018
33.187848251943976,32.249371769754895,37.108673145740866,31.328458536203208,41.337604174486465
33.218437428958275,32.2940637100944,37.16223639725575,31.404524420348015,41.470708438685534
33.431134219734695,32.05130828515205,37.01208338422808,31.47333887071141,41.636711820311234
33.32083843136725,32.170034579380456,37.15927890336011,31.372614028319333,41.316652818179755
33.36375334505088,32.377374527270995,37.00523098131042,31.60025407285676,41.26755232667426
33.50099510403187,32.21718021957099,37.20709845083004,31.671554890191715,41.324829708639115
33.54662969031998,32.07673075873873,37.19929140333176,31.735850892281828,41.35668675455549
33.73634345571344,32.17243065055694,37.29070558467998,31.84930686269652,41.44136984163361
33.68986940168954,32.20139185199047,37.23807797076567,31.787599573607775,41.20841467006086
33.69629342242986,32.15335320854505,37.47303235862569,31.946113228185453,41.46231632616385
33.54534853849591,32.29239882609505,37.41188558979225,31.795594996505766,41.39915066178218
33.62576275887555,32.1317719689143,37.39759325064356,31.78326134885615,41.26003163697468
33.82379926851557,32.33353936622059,37.250820342669144,31.637434871783864,41.216439684915294
33.821297318905955,32.34755734210003,37.26783440941095,31.773501514986382,41.11318559457047
33.736919436871744,32.37923686702953,37.268849915801454,31.815801759012963,41.28191949255483
34.09021799075826,32.37470892735012,37.390879471693985,31.761425800983453,41.414208457392036
34.04027511419868,32.38235873045453,37.18128277588337,31.53911496482696,41.78336780111944
33.9627493515646,32.215902289849176,37.31981322332502,31.440162846378282,41.83253708900603
33.74304740688426,32.361117947423786,37.22760346336954,31.18356210327881,41.97549700478556
33.54833710246508,32.393698021918375,37.388241574799096,31.24153710864376,41.875149559805905
33.72519762459612,32.13811449843744,37.30220902979015,31.417582746521614,41.78504816465273
33.91492294360504,32.02494072163237,37.427177453589415,31.267870531062773,41.47723365858656
33.976704815300906,32.22739491050849,37.486969038861105,31.341076780773548,41.468053332766786
33.85424954897901,32.256158290204695,37.52812616593438,31.08898067510103,41.494251254401995
33.85580230735994,32.488590033766165,37.36432562708149,31.373461081805544,41.50328213601293
33.69699390987217,32.67523114795389,37.21723031804724,31.420942584050703,41.6616367797104
33.56431111501872,32.72845435402098,37.39213243417225,31.305949265160645,41.710750781994115
33.53277761076938,32.49077729092344,37.46041181115318,31.154149766393807,41.467764235095736
33.41901109871783,32.458926329141946,37.4958822875214,31.054492565964377,41.67974328879476
33.38276807237203,32.427770608158454,37.317912272650275,30.82681231154129,41.5443145587105
33.41259488020951,32.713637080370795,37.21161190004051,30.84720480608183,41.56809879895666
33.288132284562344,32.86035091068459,37.256967882694624,30.913191069141952,41.47052471916276
33.200790214650866,32.97669514635499,37.504456478774856,31.06725964825141,41.7602303853486
33.35363388253355,33.01088353271342,37.43091153734825,31.4748798595126,41.69049572424133
33.34999214688079,32.864357679615786,37.33575195206884,31.238014484518086,41.92968943160446
33.4169870856274,32.89186655187678,37.30027689809831,31.12478537524685,41.95085091563649
33.48978155353316,33.04247842941984,37.655861756585786,31.233891031557242,42.00746508259265
33.5402032703076,32.78461276423608,37.31512683085976,31.378365213935425,42.11473248616337
33.64163115315405,32.90090516735862,37.32938793320853,31.613515339971492,42.120354513485665
33.54017560345254,33.00831883371473,37.42783251687934,31.57015801568971,42.08483350001532
33.51289857243431,33.17700713871149,37.34964830906092,31.46531166176617,41.723247830389894
33.481954972546184,32.94358651916383,37.37159297256335,31.445332021142935,41.657252167316415
33.554960184011165,32.71812788362348,37.43064343925458,31.438186009002873,41.76672561633166
33.59533509454447,32.64833258093224,37.59918274114767,31.48543644322134,41.79730410523657
33.51405202923736,32.77039280956031,37.63157632944671,31.625477442272683,41.882279939094644
33.52369316604316,32.86909072553726,37.814684481365944,31.267594831704013,41.81644737560529
33.497591442942266,32.535889788413066,37.47066687063759,31.316072756819253,41.851266933231926
33.569153387388724,32.561473252496015,37.601691921689245,31.420467519863973,41.81909647952069
33.71398954738902,32.34892134002685,37.79631547071994,31.208113575022768,41.793714217149216
33.7830078737257,32.498380155046526,37.71366142855844,31.246029081665423,41.71307996164364
33.758302523255374,32.54901410693739,37.59702061394843,31.384901600199967,41.614146426956
33.61095638932389,32.435808471383424,37.73565504817847,31.495794858199083,41.642688161140484
33.596861566940944,32.29289652621564,37.687911959810734,31.352693046463266,41.47114785534153
33.66071306763153,32.574003997174096,37.668213526264495,31.539652027601015,41.49707905878285
33.67827445733165,32.62252994150133,37.6586564352473,31.607274705463237,41.76381279613218
33.78027378548665,32.60892916311522,37.657792543945355,31.4150357189815,41.80370131636515
33.930074389952416,32.5263823466147,37.869106795212716,31.7035948244689,41.876527042799026
33.88063342120345,32.72958965658767,37.845350940466,31.490685856376253,41.79748196494011
34.01059245197766,32.51727180442039,37.96399123910391,31.733012283807536,41.98164730920369
33.973834989803066,32.386380538621545,37.788209587725795,31.791814775300786,41.888913393081694
33.93744629843876,32.21845471456257,37.73163618583564,31.601162285241195,41.86632099176062
33.94277506810219,32.077615441519434,37.59521601580172,31.608933708763693,41.68185816578351
33.889123342639316,32.288659858044404,37.51814623615695,31.61220969662223,41.52520165022456
33.91862428904831,32.27030834393184,37.49497639320481,31.80928118455926,41.584580516163676
34.00458769149258,32.624319166450945,37.556644783800465,31.928702363634137,41.746453109604694
34.095636574764534,32.61034846373712,37.618355417283254,31.93202907736186,41.96954564059141
34.36342573019924,32.88549973880797,37.66223261016105,31.80165917007451,42.104813215096826
34.39291523873089,32.658896463240964,37.5352027241613,31.548707833823023,42.32919248948285
34.33191373618548,32.35408934020374,37.36057557827738,31.684026302858385,42.296538211815054
34.17680910191784,32.57023588955334,37.251353646941226,31.955661138683126,42.27987932589723
34.11296022501542,32.54789753547179,37.34963586075133,32.09270523053301,42.11250854532486
34.06192788688897,32.346452353171316,37.201197948630806,31.866511063942433,42.303425406418405
33.96963662942159,32.027215534339284,37.307201413362606,31.837890843228873,42.44697070099215
34.09975312250548,32.111449831893566,37.274835301041584,31.929213948149126,42.27889200971535
34.347685676727416,32.15070359016258,37.20320817652118,31.987075151905383,42.11707112140448
34.54220633292164,32.267964993991605,37.1742394982142,32.00689687293657,42.26885924086216
34.69679564930435,32.18282241256567,37.346334033468445,32.081771234648684,42.26244414709959
34.68280616220045,32.372963909168185,37.33898325853647,32.24284862622986,41.930345086208554
34.50861278909069,32.19616310565175,37.41658176363714,32.04054035660204,41.86999808951762
34.51969378900344,32.179411458989925,37.44772322396358,31.95091703805707,41.74797785785105
34.62926858892782,32.35253873837729,37.38045788197607,32.104722920667925,41.898116109951744
34.579153094617425,32.4788330713682,37.59939814750909,32.10479655618809,41.786689525154756
34.64808354993639,32.3754148641524,37.51929776037217,31.812751994072563,41.98732713086378
34.66776476039422,32.27507363342781,37.5709311263657,31.823181470689377,41.82100654299434
34.57027811352768,32.089260025932965,37.631507688041076,31.949360551169168,41.89807756525696
34.4261807440023,32.12259603876446,37.53063123115047,32.11451130551357,41.93195789832099
34.63604840532481,32.24636663626108,37.235323519361685,32.28729108145922,41.58855905904567
34.70266252996784,32.568834837921585,37.215960149690204,32.39800139011776,41.751093520218376
34.65258878171173,32.62230864754225,37.35344275781204,32.210836587147384,41.877942038796675
34.815782366324434,32.57433693178189,37.31635275316507,32.337240290208186,42.20970004996183
34.702127318021546,32.31599363807563,37.307149144834675,32.08237969862047,42.017931502700286
34.88688819740447,32.62161207882887,37.171525522418285,32.361010726241766,42.04219678506095
34.83562730082113,32.382046443111314,37.2428795167214,32.178447479889606,42.29787522003135
34.88969156177539,32.63150810282013,37.103697468708184,32.29861976062216,42.2282799293644
34.87765472701497,32.49580783373706,37.37531627509219,32.428709545805646,42.179831226645554
34.66174633393166,32.4040662782576,37.398528734420154,32.42634170005101,42.31996548082543
34.72781010136226,32.54589956026167,37.330543222449954,32.635124865103236,42.16086240153795
34.72693231491878,32.25586124910438,37.338923530746904,32.40371115236982,41.819309066665824
34.59948092542002,32.27419817300372,37.42113735592974,32.27489319828105,41.924210142705405
34.77305116092695,32.36355231194249,37.28536910789992,32.11912416365439,41.79520639266575
34.57661996491566,32.13597472448873,37.36869018794119,31.986262886196428,41.736011826237544
34.805263478109424,31.924633120691123,37.41803835931156,32.15704142659793,41.53533114051943
34.77934492026664,31.8278292447303,37.41096182712835,32.19225941867819,41.687937514552935
34.62858722206625,31.765528742965873,37.587127680967505,32.214699316987286,41.53990638251376
34.776405746926415,31.91280293157905,37.4326989090619,32.329575209306306,41.5722258177748
34.877090229724416,31.96568095440313,37.37319085339843,32.3981403885027,41.5016092288172
34.937212872681485,31.856765287219467,37.49726504104526,32.321167231792224,41.824899641539886
34.779242115700555,31.90255378659338,37.67810614369172,32.202508280950205,41.85245857106137
34.896672661361336,32.19948976781686,37.47916562349878,32.07934581299648,42.11458273230875
34.88857333606414,32.46956806258226,37.52475356627312,32.23543663620692,41.96731829722049
34.92355081461346,32.36012419969411,37.309234694973284,32.256905801927196,42.18685886841517
34.831638117453025,32.575518829326995,37.09118905419025,32.35407967986327,42.3060162013128
34.643719185925086,32.33317405799742,36.94106795562309,32.46669052290362,42.1767949489968
34.6180631160978,32.39428492727322,37.456219681343754,32.486840130432306,42.24508882170556
34.69917530042003,32.547241540739186,37.511333112282585,32.228438723614204,42.29931964600506
34.54848052332559,32.485960519175016,37.54545307563611,32.352593999179525,42.356783716800635
34.40287950754571,32.4898496597346,37.42125064704048,32.19040626224253,42.40173581275199
34.46439511471705,32.577799693021184,37.20237304860919,32.02668663882821,42.10547439081419
34.79306401008015,32.46857821688942,37.36971066476763,32.14539189136902,42.18804637336051
34.825495752542,32.36564561423791,37.24985753389577,32.02278718037277,42.14108991546802
34.79278580223802,32.630223215985104,37.33009062898681,31.840172284171786,42.01456092872543
34.87581568624197,32.36731895385332,37.33229394809067,32.001873543726255,42.10900605288861
34.76007933943136,32.19160125653767,37.43167284643552,32.07918802506426,42.00192218074408
34.77581625878183,32.09786877611889,37.52819306222067,32.16307943370678,41.624351048235944
34.77652577155451,32.331016690204315,37.414978681128254,32.22082383039623,41.82191744861786
34.609065170355926,32.27726051293451,37.64436551370242,32.25711092032584,41.99439891916907
34.56387231951174,32.20540056109009,37.45991016358862,32.01413015717,42.03291216311015
34.51831572355893,32.16214843587591,37.39014241694591,31.83430905416728,41.81923902046712
34.86023946477217,31.74647250876237,37.45040832546988,32.06602790802376,41.89466348825037
34.66499075651193,31.717241336528907,37.49450829608938,31.977005942958716,41.83634974745964
34.51384304690851,31.894992255170937,37.59149178280549,31.905654814493214,42.05813997051346
34.46314351870944,31.78913805734883,37.583143732115296,32.17664905196919,42.003930896535344
34.43751909532325,31.934929823775374,37.614904564080845,32.09674346323837,42.12794054343107
34.44473514944023,31.954687017857466,37.42733467088266,31.79734890987844,42.1223752834718
34.148839474960575,32.134069618625574,37.50751521505125,32.02211140794083,42.082273015247736
34.26866713236831,32.144023675174445,37.3614251442807,32.04338654068575,42.350407195389735
34.29475646346915,32.301688384366315,37.35221953803562,32.0141931916728,42.31993562790907
34.26416360623121,32.226707985186515,37.364050309256946,31.961186767914,42.32942269469091
34.328585655495914,31.852607106279066,37.23543759258561,31.9220583716481,42.372275493233616
34.09785564282996,31.686007046143814,37.061737350259996,31.35782274656456,42.40780959791413
34.02186344920437,31.872334519524415,37.28314296513596,31.523455591264447,42.543009211702476
34.11121508565866,31.80961549678545,37.561580647683,31.649433771168326,42.52348736524603
34.12621144286575,31.813474110641394,37.81391096954605,31.489250678945897,42.57813622445249
34.30108982950337,31.985018649952952,37.733926410491705,31.668145467462086,42.32457535396618
34.32025175071117,32.083881369538844,37.80206368716169,31.594412550446684,42.231742568493075
34.104901217367605,32.030098361847365,37.69071117276429,31.729299334964267,42.34813143641676
34.01490930557122,32.19048958845439,37.495083756322416,31.635702498826788,42.30100992559102
34.193666463012114,32.003293057059835,37.49488157802411,31.5395534582288,42.51072499219554
34.20066392080371,32.32962313333557,37.36271824425266,31.515261620034508,42.62109967203357
34.237187751773874,32.40401884232341,37.30427845419825,31.666999885539518,42.45680857500316
34.27056633091802,32.61707423810042,37.299148309497085,31.742900601563665,42.42541076789434
34.24480775308235,32.3074358913291,37.083116637431004,31.64908472796203,42.49281562011083
34.24069044195698,32.16262280154506,37.160467415339326,32.006147472321324,42.24740511379588
34.17728237699284,32.08549016093723,37.15528203364825,31.698166325353803,42.26551162629203
34.34594836091876,31.95537658692458,37.251519989978455,31.768236567395988,42.189980461057786
34.38616109293458,32.03947671296249,37.30707519805061,31.727137422786992,42.40227712552863
34.277936099445384,31.978777818614343,37.20617677229595,32.050392231899735,42.37759291126143
34.29583200029701,31.853929342491284,37.23961971637645,32.32700306437652,42.32536481148084
34.10088632411699,31.80451204795237,37.2985232382782,32.192862441293116,42.2306659709973
34.19495440603995,31.725652117773823,37.23401707002368,32.014976894105544,42.210493752850276
34.45500407028943,31.625864779895732,37.307672098958534,32.03845154950726,42.38009267182126
34.24414276438459,31.34646601586548,37.26090736721133,32.294568770773864,42.222869583342806
34.212251224442554,31.362187692901397,37.07124453029365,32.21163432982751,42.228677704389725
34.1712634123383,31.41343618388699,37.15835509055813,32.486068851314826,42.304763330950635
34.46431626356209,31.678669453081724,37.16465746082539,32.294419265164905,42.31265056640496
34.46816063120158,31.70502737225353,37.1290632739101,32.24862733468115,42.40727193255682
34.43747954993608,31.696945009587562,37.0867713074059,32.18404663618267,42.45168080643047
34.44263916795536,31.88542059212559,36.8450704494434,32.1100683094418,42.61930502094491
34.47503682345488,31.98074221402063,37.00654359937792,32.15500113957565,42.5699412584909
34.31889582416848,31.79462084915328,37.14776639706963,32.255051391633216,42.533070950462836
34.64863916413891,31.87093215243488,37.09577842679637,32.26849385379644,42.653102999512704
34.935911225903986,31.62533651902231,37.132636833463415,32.144136360425414,42.67655686752125
34.99481262573179,31.751989025431364,37.263551959068124,32.210801548824364,42.72739929009979
34.834362227946386,31.85705271378335,37.1309527153317,32.125961050534556,42.525832936558174
35.12567338392825,31.934053364465214,37.02434754096778,32.0040065465703,42.62219445177783
35.091478850184316,31.8723105867177,36.789633153758636,31.989822664990513,42.548027386060674
34.98498659035896,31.821957883892672,36.92961151419473,32.02638741659061,42.63302567340728
35.1315813781507,31.764351899189492,37.12095739409544,32.03401053390665,42.46465672629526
35.00272165728066,31.81723250371937,37.21693152202195,32.214036700322566,42.4584173565024
34.94564119955309,31.550670739445447,37.21479196163473,32.20248902736711,42.3546636606251
34.991407244174496,31.769583000448456,37.05645948325959,32.26598774466256,42.44758339771445
34.977504644564625,31.417591101066574,37.200015831364645,32.08434032712716,42.46002540295564
35.15288052514451,31.65544815962794,37.35779861548348,31.912062109835567,42.447617142722294
34.980949539126485,31.761319006326914,37.35674445360886,31.88808010282422,42.65696036708887
34.89047555438726,32.13620191456422,37.24540399881435,32.18285043032154,42.517732041117625
34.89268466170366,31.904531746629786,37.08582528006248,32.151857850100974,42.31790191135557
34.702317605973256,31.95430348211658,37.073804938682066,31.997868570887405,42.35293381421916
34.68901124693155,31.805562551005643,37.25705914894967,31.78300574149152,42.36676164954706
34.67977369384338,31.809259199812416,37.29092462351903,32.03083753865874,42.33739071826602
34.69184221116223,31.8791238916375,37.368331471640495,32.0959776195984,42.30494243979494
34.70276721279014,31.7213859245432,37.42497216192447,31.884849912605954,42.49915044765774
34.73308215894348,31.41050551305129,37.43812005755894,31.802915331958182,42.40530169421621
34.7406591146521,31.695395546924082,37.40164509007319,32.1262565969402,42.37346640877141
34.806890046998184,31.92255277813002,37.182022480755116,31.84147821477928,42.36492244230546
34.68352599591226,31.84458835861719,37.389226358891385,32.009788182673184,42.214570379314836
34.600982183138186,31.739047393050313,37.21669155259104,31.945162158677828,42.08177696829337
34.64812620735577,31.66984056152574,37.30997404385756,31.806104953781144,42.103011233036625
34.615422671612656,31.30934083486915,37.33639215230126,31.752754332644507,42.206710358672936
34.691024902063795,31.2801988284623,37.068270294461406,31.812648406300006,42.307628692316705
34.711409744447145,31.36916376451683,37.13589697195173,31.843161637022963,42.382157991819575
34.76151934219866,31.433250016328707,37.41715793490985,32.02012499276183,42.51249130715412
34.923464254353,31.439693445053198,37.36856081752915,31.84694799528086,42.58898869571996
34.851854510830215,31.61909794119399,37.321209406784625,31.91009128371796,42.457743990497264
34.81202013522569,31.549224024397212,37.2482559234168,32.144346725553525,42.52650356860396
34.912400726657395,31.535596868684163,37.52078902916898,32.28159828280792,42.59075809696463
34.92886164240714,31.52205451197897,37.392007691301345,32.261569307945116,42.44254979363841
34.91286869297818,31.53278598999234,37.563819891399405,32.21010077194272,42.56274423955804
34.93067695362475,31.751420801910132,37.37511052191267,32.25464497490886,42.34027509585739
35.102688364512844,31.916031657683433,37.34525511551886,32.37952582775466,42.29883577917131
35.009429800493386,32.05958192073725,37.20141656675704,32.28065351307394,42.42740250540152
34.957587773591115,31.658781871655727,37.3352532154654,32.2643897402861,42.38448895761702
34.97440138195588,31.915032974930813,37.03976048961448,32.1874288430828,42.189546110079704
34.69850104982765,31.9454321244466,37.0182384639734,32.069472987681145,42.37792409876537
34.72842067511619,31.98949384314513,36.92548033289111,32.106943906362716,42.35897518540761
34.76956774666716,32.17088769061178,36.96034888173816,31.99050267406406,42.2651392351245
34.775714549365546,32.16835895437745,37.035877721018984,32.094794414456864,42.38025711404625
34.58334264219904,32.48477343891892,37.04220624528384,32.10736198644582,42.37749333572227
34.594349307590576,32.36819089333633,37.20095852002319,32.10108883823061,42.203435197346295
34.55268800695692,32.1074424028705,37.199365533498664,31.975118052168536,42.34232803512896
34.51923704058512,32.34837063374139,37.2877778700102,32.188513999603536,42.111831297697975
34.44824150050961,32.17420926820997,37.10978793858876,32.14799703880671,42.12144645894092
34.37135625624835,32.319320494795285,37.29124075147897,32.131201129824674,42.06653865153996
34.49845000631727,31.989312809403888,37.25220419784613,32.108765513384654,42.180169860349174
34.73462648959346,32.13512635726106,37.306416834002036,32.20078308261787,42.34858869275333
34.86682822383305,32.082347733737805,37.252463615658826,32.45760387182161,42.25112711412936
34.87290894810841,32.13565988882386,37.373902281764636,32.25096597440926,42.22087302001716
34.709650779028884,32.18671891382041,37.38695506445415,32.09058411797589,42.25147038223303
34.69579861523746,32.18642287348072,37.50257135247009,31.982829589923572,41.984438644404584
34.72942852914262,32.23235045337916,37.267573332759376,32.06232483417674,41.94039202674398
34.66086694731614,32.230582769995145,37.26609761181031,32.17607190959123,41.894064476841734
34.70273622096779,31.92476796762938,37.18970706742657,32.0612738247305,41.96165227328765
34.791746132297995,32.02869284796762,37.09115723277342,32.241353280468545,41.69885018602656
34.74187283268397,32.206267782482925,37.19479557150714,31.92717061144405,41.98976877794186
34.701096479955694,32.18301959095484,36.86519651397353,32.03022092082264,42.1376537811318
34.798175128178606,32.217027164910824,36.751565537104376,31.86205313745478,41.970738544175944
34.58175924361496,32.22659781779968,36.70456797878522,31.93501316528304,42.014709201543184
34.58497592831696,32.3723055282851,36.64146337111084,32.11113687035028,41.86317507277385
34.79219229231652,32.39620552051833,36.55999797166872,32.07258116772701,41.78335432175321
34.44566791440829,32.376300699628395,36.75293804536868,31.839203427677933,41.92952236295163
34.529615571217725,32.45702072776879,36.622293048907245,32.00926269188119,42.160905074330955
34.528775136931294,32.32913991376038,36.57250092677716,32.16252605390926,41.9684280820226
34.55749554486287,32.26657162765089,36.61261901945117,32.337655868820654,41.88377849424926
34.40835368964186,32.50519589807296,36.82437223907548,32.54487827542122,42.03083200245581
34.45343217040158,32.7387536531768,36.941271867032,32.22605907178639,41.93219345268251
34.16561194543918,32.57345302612451,36.975478974279596,32.26246348489757,41.729928725806246
34.19156718172165,32.426053226658524,37.095693318585546,32.39789178607599,42.05032966587381
34.247254775014824,32.23544704629742,37.125563532774684,32.06048968050936,42.27659671856336
34.27927908965712,32.32690018795509,37.12117132909022,32.08580781602144,42.28241113970183
34.225591524876826,32.044034702158015,37.08895007520695,32.00917573452588,42.2843068712813
34.244076372371026,32.0053898741209,36.96026369800894,32.103081941733485,42.23165046753249
34.287695309926896,32.16087526077053,36.99734982256351,32.280692840105985,42.013344931607676
34.18516495569995,31.84907609378305,37.124071286760326,32.37484434816888,42.08874576786087
34.462562621869495,31.70715789051025,36.917538886390716,31.991448241344433,41.88733873791013
34.44729719353467,31.5184156470121,37.001997872071584,32.02117092074445,42.00625735966997
34.60208125121655,31.679108187407603,37.13909931822138,31.7515459661121,42.12846647482837
34.6232385590875,31.681189286711255,36.981984903538326,31.632726321883332,42.18826874786069
34.6679532228225,31.755312770521037,36.9150792021666,31.535532298305235,42.164788924049304
34.905745690668894,31.799652723539918,37.04471375534845,31.460520077660746,42.12467515820004
34.69512806992003,31.99915659766846,36.95913874154312,31.52027481742483,42.13381665723466
34.564113156763405,31.83255195833945,37.25618233056574,31.31888931629003,42.05706696625992
34.53620241588886,31.736659312217242,37.19628400690193,31.205794690405316,41.879152738635526
34.56959854813879,31.49436480156719,37.071821296209336,31.05835161013919,41.89700214314888
34.486182889243935,31.57831540944609,37.05035857185421,31.07693468088609,41.99226833660211
34.60803272866514,31.64769319116555,37.08267097241884,31.364799310317064,42.06312942927101
34.437401130259886,31.598132282721647,37.203284300300076,31.414380282310184,41.97410545102644
34.27285267544669,31.893863639344588,37.098754671102114,31.35738227142215,42.13827652893473
34.44065950393118,31.83080712022932,37.413791744756566,31.29816470353264,42.32305223884603
34.55411696658785,31.985264299593606,37.41661000745631,31.06151486967313,42.02936061549279
34.48280347623914,31.80164579313877,37.45447364810294,30.975178945059785,42.17716793667732
34.49216666649571,31.53188310834961,37.28535926218653,30.794292588460394,42.150368880767644
34.52215394494429,31.788689592507737,37.181385041589316,30.725812156135063,42.232885742714934
34.70425495391818,31.791330883690193,37.20291537177711,30.881316029903065,42.190429526426364
34.83557592354953,31.727346898453735,37.383316268536554,30.83048927235443,42.34814243506538
34.58487405593718,31.884541738232596,37.26837299480477,30.879836274277473,42.19839459817594
34.50934901529478,32.075920831278275,37.28912137482321,30.831300083435792,42.42854935785441
34.73405917836456,31.852562623073457,37.27397711582177,30.886372491436987,42.304925164111424
34.72219381714949,31.98606668476795,37.233325910706725,30.96584030776405,42.17849706656769
34.33742322409743,32.07155733445235,37.285361207052155,31.201531153134084,42.013691932101
34.30136953010568,31.96913437098968,37.44017830611968,31.098328140829828,42.34608975154143
34.50590180755778,31.866992453341364,37.43228656880324,30.776510807464604,42.31275237346191
34.32968168523598,31.833016618191156,37.26813035700086,30.983915076447634,42.04122633669992
34.09332597268694,31.88267608903064,37.258823123769524,30.966920995735563,42.03539660208755
34.0260723196601,31.991825224688373,37.21189621188952,30.846952989271,42.19412577500921
34.0658216107224,31.576795140111926,37.137426640526144,31.021067677160506,41.86363341291105
34.1470796583492,31.738414475887183,37.108924940017,31.14349596991674,41.9655590807003
34.20818114436976,31.736868399473785,37.14606581997897,31.45964298126746,41.874853137253474
34.20705428124187,31.733145549283343,37.00050458265115,31.372136010575026,41.75363831782192
34.278516737413526,31.659846526763747,36.91564100320287,31.501803271103025,41.959061655425785
34.394317575742896,31.57014960301645,36.96761156533413,31.48945729477557,42.07526291015863
34.39670429355977,31.635427430756167,37.0383476164322,31.285712990015774,42.05035371947264
34.414284547008556,31.37499852395185,37.08124744760941,31.382587146032705,42.13449368605927
34.41451917996211,31.2654406662887,37.11533301354886,31.34083300196968,41.97263474847027
34.56174529890662,31.54913248343112,37.12242236922965,31.45793177729803,42.127333601712316
34.305962083742656,31.325034162169274,37.061369563412484,31.682132332840396,42.238549563678866
34.12521158468931,31.16422224189218,36.90912404889249,31.7162405796335,42.16265471750885
33.955826065348674,31.375772845364114,36.77620832541775,31.65932048359851,42.476320784022576
34.14382517880744,31.373287382884882,36.962951227171196,31.67916942181666,42.81214633056679
34.26230158868753,31.32664952966538,36.797755624054936,31.63637903143678,42.70219965498548
33.98332608144906,31.143369271469506,37.01916193142894,31.308978508892324,42.59034687518257
33.91199434232597,31.53916533420651,37.001354313775025,31.479411959925237,42.23922126371481
33.910350188094064,31.264965402799668,37.04535797002552,31.365839295014123,42.35422654208786
34.03915702145881,31.2441739063385,37.00214948001487,31.45750450557462,42.40666588680816
33.96317371656144,31.418687883664862,37.07177434743132,31.548689824592994,42.55257205739208
33.88124063046822,31.537114261604415,36.97631684316548,31.62464147121572,42.54861543055779
33.76705058621914,31.612135776241,36.829228179934844,31.29270524831918,42.33920149900596
33.8759488880212,31.667243361329568,36.749316946959745,31.194004861094516,42.52214462656661
33.778857237231165,31.863222271275575,36.826604582306636,31.356982911475814,42.64354692607159
33.61505947859441,31.659106144994894,36.74239718722071,31.52614857987848,42.34237287496628
33.587286905717946,31.724184874963687,36.82473868658872,31.750358623137394,42.36460974610593
33.57452116712374,31.457084527273032,36.77254714279388,31.282632711102224,42.5286260484186
33.56381835744423,31.664271329754566,36.78138310843325,31.354448318940126,42.349898469758124
33.609107043495484,31.428852017443806,36.97705901847993,31.68377503220131,42.46536982681123
33.646745747541466,31.417015630536902,37.05898552476927,31.787051101695262,42.44232276966653
33.6154035256517,31.24363032468208,36.89429944637715,31.77164536094247,42.26953317757013
33.54788909240086,31.511414443386137,36.9206504540597,31.988246457687257,42.26002063771761
33.54970625599026,31.487888350698203,36.85756869898006,31.789341680866947,42.355364641795006
33.39231645872999,31.453553279061936,36.81258204649031,31.818738277907528,42.24002363187085
33.43912619967502,31.305375990874275,36.87611085776525,31.66791938910801,42.310324949227436
33.579091703917655,31.352229967667032,37.004139817468975,31.775005274335626,42.39157406941755
33.558356687844835,31.434827102280817,36.88054779876826,31.41827877924534,42.47583311816304
33.61455010429464,31.9186878323931,36.860840548224495,31.420825223065744,42.44758757014418
33.680396773853055,31.61908679994614,36.991767409466746,31.466691147903603,42.54939580177875
33.502329792952224,31.692091945114303,36.945701907390145,31.479726915150792,42.65734008439017
33.386239517167986,31.595499519660045,37.01160364921582,31.170260498680403,42.579982906159294
33.661081330004706,31.559378581352878,37.26023160688708,31.100664125263773,42.71858793773712
33.50136055593896,31.578973400203203,37.01710077374729,31.069748004527344,42.52352492617175
33.52396490782022,31.45740850186126,37.10092492388104,31.241779605650205,42.62321115828585
33.4687234867435,31.60542688731546,37.1405624232595,31.539706643358702,42.5827507934728
33.44632437013428,31.727264901744455,37.11778953852202,31.565678073539825,42.74139655649698
33.47080522216456,31.710356144419844,37.013867072868536,31.489943869847615,42.69443594964367
33.41810706221019,31.533196100105275,37.131666453559546,31.488314658395417,42.79746956498704
33.56589449099259,31.44702629821675,36.99121268396985,31.45420929780238,42.75145915060675
33.62776842682353,31.458707473647532,37.130745437442286,31.527371436844753,42.746787811506934
33.3324580708745,31.345240032995836,37.132728816778986,31.623001289764126,42.88575444911376
33.264962583128344,31.45733497787903,37.26395892030566,31.73925166461294,42.7405350100093
33.3252009189296,31.29131823744444,37.31338589036243,31.799872693127057,42.806568664456904
33.414866563921315,31.414695427189706,37.33441412234444,32.05379358972855,42.682717333154706
33.378249454565804,31.456537029340492,37.222484151791,31.69237564516067,42.67739979214877
33.19424525936474,31.441175647168418,37.364219387476744,31.78252480221246,42.49766296509347
33.22248938351777,31.235880217794048,37.16617336344707,31.652497353376496,42.691568659303364
33.034246630380835,31.426084172323307,37.35530321999521,31.528883781030608,42.68090547734288
33.29016842033873,31.47015383405831,37.11111545344718,31.652605876816274,42.814296051123726
33.35860403938375,31.532781635013983,37.11762016483267,31.307479980713424,42.67947498883287
33.250908759018714,31.747023284057725,37.12676110387958,31.19705418295515,42.69268444036653
33.21359330847919,31.180305372622414,37.092095887412135,31.2357432769156,42.58405156240923
33.281934205805214,31.208161967870403,37.18968638279347,31.316685366226597,42.61511828763165
33.41941094411331,31.616207919720793,37.14907270330654,31.36194726492279,42.46406636997317
33.4091471702792,31.886304490466653,37.05924807565174,31.506994616888875,42.34844716067851
33.511308572884595,31.63084159327637,36.93437220284975,31.54122968067013,42.25956643817837
33.50820511850927,31.975414519797596,36.82926277372843,31.492044467431725,42.401279698903245
33.477455982714105,31.817429063978917,36.867750481226295,31.14898270719857,42.41903690721622
33.570342808879346,31.88395922502218,36.89284860818775,31.044230028332233,42.296178858452514
33.57240260512003,31.909825231160184,37.067066229965135,31.210031442191177,42.26713599080154
33.74495987713338,32.097491690402194,37.085171846618685,31.10932265274929,42.21055212920578
33.70205744835103,31.933787898539137,37.24711862197775,31.011916855309586,42.21825713871066
33.80175396201107,31.94543657137826,37.15864572487641,31.157186469290245,42.40592625398089
33.78618271138834,32.05525118255431,37.2922389679514,31.381253773774425,42.29509300158595
33.697296563904544,32.4449288503941,37.27096151407688,31.42271499618491,42.35142603843278
33.82386726379843,32.17580895903126,37.309754749294456,31.40474210954715,42.39229653258223
33.66232540101585,32.04556140286932,37.38977989724233,31.763775765256806,42.57979485764074
33.735702928434165,32.139558981325884,37.288253221162535,31.73851901542696,42.68417481625789
33.51643979247806,32.08839790083783,37.44379842154187,31.684136961006907,42.600498378035724
33.58253442935357,32.319858351065655,37.20738015771359,31.62950585137959,42.490261214446626
33.63018152683706,32.41827156508894,37.38624864720423,31.7045749533857,42.646775148510216
33.59726347985556,32.4174773977238,37.47476968576817,31.936092529270095,42.7105166395414
33.556759225532204,32.199285551103195,37.391000405022666,31.94670630363287,42.57638541387157
33.577317215037304,31.719431655273194,37.448185699939586,31.80284244916881,42.66392532870091
33.54041911669922,31.687511491026317,37.222648553024435,31.714713774780012,42.7200425612002
33.51135290801633,31.7502212461206,37.16646736908695,31.734433598917196,42.52131258843798
33.54225869260415,31.74951567122652,37.248134265348924,31.803989416184432,42.320499988794744
33.6272449884662,31.767449390723982,37.20485186147657,31.862600946065868,42.36745366177165
33.517635171952925,31.553095311402977,37.5788341643449,31.537062289317532,42.4448132786599
33.40161914927683,31.55634489550759,37.45433941176427,31.75317911517727,42.571249539105736
33.46649174071772,31.34754108484899,37.38330862741624,31.80684592529711,42.499670888995155
33.548263292743435,31.580533432919523,37.21764674089634,31.888129981463138,42.546347374098524
33.590959996402795,31.472724173798383,37.14580411055034,31.860362887638445,42.597658265509615
33.611775724325874,31.514659014368284,37.332165473693536,31.723170426346442,42.384064599202084
33.47909156177293,31.30369099397518,37.172016861657816,32.106729751889674,42.636773229634485
33.49310620661712,31.233888501671547,37.15335817640075,31.871695746830383,42.59011143298682
33.487288911159574,31.17740682488837,37.0375006311195,31.976924333060502,42.319264977690615
33.71910130654298,31.210952468819684,37.17488461252002,31.80037476494087,42.46769489856028
33.596365625553254,31.172156647355923,37.23702621203782,31.539090292158313,42.39552728136609
33.6639694973177,31.47355643693587,37.29779894301003,31.456661055582853,42.46476029938812
33.72831002812373,31.13710346782737,37.317844523264256,31.431901570526858,42.31537557839107
33.6367374707395,31.279065683597178,37.216840312718745,31.48756463199047,42.39220732094932
33.59199590551449,31.254710985971247,37.30307469484439,31.69947104705743,42.367783041294246
33.65468168132078,31.070734591718296,37.236942809807836,31.59001995646937,42.420406735578936
33.637354496559475,31.04620431263401,37.2034477454743,31.643904108205614,42.27235426918998
33.47610612988716,31.062635189797938,37.15660853475988,31.430329390247625,42.37709990696769
33.350306492869045,31.018935550712975,37.205785827093734,31.622983218942878,42.22936177126028
33.596974289624875,31.153860622591047,37.063758766254345,31.532794835452655,42.34394636084741
33.61546742141771,31.17836754387558,37.15507459542292,31.611954616164383,42.35969320636961
33.728093272547056,30.90963329612247,37.24558158950888,31.403385359649427,42.369831798001364
33.87700021745178,31.021972815407317,36.98675650318629,30.950762275728987,42.38367775165881
33.87795335799904,30.973053765151526,37.13375620487704,31.104993376068066,42.36698852608821
33.97247819765297,30.980269757948562,37.07349352951205,31.082600962831645,42.35536307840921
33.87728978633309,31.12009860108288,37.27705634243529,31.168118851387987,42.46673897016224
33.75230895046952,31.17587887578441,37.30000527849622,31.101715068088613,42.42746443885124
33.80416063089473,31.140618393844264,37.383344507300514,31.23632215592438,42.35400158966982
34.08648534304359,31.06025337460973,37.396649302600345,31.220610482081124,42.49771824500995
33.82174364779897,31.06074532687164,37.33141814944394,30.979598458609537,42.57913564681701
33.82592948671184,30.986488302743528,37.273222322383084,30.96219157814357,42.336818349739204
33.90053259804582,30.93548697508389,37.07747963185892,31.05091951457752,42.48770475445002
34.18275040591309,30.635828508424375,37.20244940882324,30.792861972381626,42.611246615161946
34.100819443097436,30.868591992606834,37.01668625076204,31.027882021003187,42.39260688085742
34.069352074846265,30.89693530812675,37.082592309456,31.024804772855642,42.50528288528261
34.061520617084156,30.902650154261327,36.97473427822216,30.92194439670482,42.532359570902905
33.971393786583114,30.86160720128314,37.22422549742437,31.093950573190845,42.535068992358624
33.918950854042706,30.765886241548493,36.96862364892711,30.901203442338016,42.72647899073185
33.922374171140476,30.76485955876437,37.22267089928773,30.859472456908634,42.73465749839609
33.783900046528245,30.729147621176303,37.04486541413253,30.78435797254202,42.49518058010145
33.719472226798864,30.804781825537983,37.30123669946507,31.01409728908114,42.52929262439502
33.79004368171815,30.844984633765595,37.13577297597169,31.005312729845784,42.64651401076097
33.91714032275035,31.082007285616704,37.37365719604196,30.99483555210466,42.678778025516195
33.867298972083965,31.059650395400478,37.1919270352521,30.894925975305064,42.70101895340037
33.98443455369753,30.914164378914396,36.935281848063894,30.7188150521554,42.605475797576545
33.880596292979014,30.969994705746753,36.9062581890764,30.27729737695086,42.645069829339235
33.93874499224165,31.104216246175174,37.09309131167486,29.882841188481716,42.704819585569766
33.952637165446895,30.834576762349176,37.13766460175618,30.416082371961657,42.57547001827707
34.02174541284868,30.93140049833798,37.147929479161796,30.466745282154818,42.650884509985794
34.03602188963955,30.946646035937718,37.14464388259504,30.85719949756639,42.655475076972365
34.20483604897585,31.02623089238088,37.11320103592898,30.791544162283767,42.67565360218793
34.146931308956205,31.082874924153217,36.98273254474444,30.757799826888228,42.54975236306618
34.13516448698224,31.11547346826902,37.23917824549435,30.813792266089465,42.55792438863348
34.13429291932295,31.048251337547978,37.10124633361562,30.854636204588054,42.49816666372862
33.92296949872863,30.9202672239971,37.154075861646675,30.50480204075939,42.61238515847751
33.83021311645266,30.596522399337587,37.31802848937243,30.30750521723204,42.703153409634936
33.86115990119897,30.70118427136542,37.2932886192237,30.307997525707513,42.78219254592029
33.79502588962299,30.959327851030192,37.35332191419576,30.25148866693158,42.71600696146902
33.76589387189984,30.869568544967606,37.13942130498324,30.025013054435153,42.66145280410836
33.80182786151735,30.8600126818977,37.10649725581828,29.99237887774698,42.70512938839951
34.01465783452223,30.912121499358573,36.91290922399915,29.937433813819144,42.83379591055233
34.27221788515886,30.90634642509735,37.034103670875204,30.036325278539355,42.80969837087166
34.07106490608718,30.824659835337012,37.162224099638365,30.34521728273139,42.791522503430706
34.017882065719974,30.839098818595637,37.030854392184295,30.224297867087067,42.717763024510404
33.82752398643361,30.976304668693192,36.93275582297486,30.38850937250787,42.6401617627879
33.89926590571141,30.85038720011677,37.03885252056761,30.46173945564504,42.682999570864816
33.86252512546795,31.021871302491473,37.057609146149105,30.567520493977778,42.41745094681169
33.806786570465924,31.103484430074825,37.197506626372245,30.568265678648093,42.35909445050918
33.9298631999607,31.244199314369784,37.18074784560934,30.29276218359454,42.09448441856663
33.98687621958992,31.233486729155032,37.099627612911476,30.397249633595727,41.95271364337753
34.05706004538277,31.278193211717976,36.82931577755638,30.583336425231906,42.14343032551347
33.91208691502603,31.007718648818486,36.936882228969026,30.540112752643044,41.96135078736571
34.047195381694934,31.1294189183808,37.19782926799723,30.74592139790578,41.858908153814816
33.91198948565178,31.177951531137577,37.32447526299933,30.91346144026114,42.16502041251821
33.942150477250784,31.00122213039377,37.12412385138782,30.834291144945578,41.98532105052367
34.04158951422948,31.051424438238612,37.1230346829429,30.90004490463912,41.981197658981316
34.196509619627726,30.863732455607753,37.03322976252518,30.78971965187618,41.84361619778843
34.310441684963166,31.09518459760102,37.35982971905633,30.70478301772134,41.88454000573898
34.35343725670113,31.054758726907853,37.419095978179634,30.50840006588588,41.89980245969314
34.33914847567001,30.94600173139048,37.47587924501656,30.607183549430328,41.895340537008416
34.5240381814026,31.028806916764232,37.35413302727332,30.532574167721307,41.969987034729165
34.494377970337005,31.06123859489382,37.47059489715552,30.315046805292358,41.80976254762175
34.50281528863361,31.04136327983064,37.37997264431575,30.435097691465497,41.858931437443914
34.33245348301864,31.017618204130738,37.32964562470947,30.497569930839045,42.11139687670585
34.44535541734947,30.857039754861365,37.35731650686889,30.670892808789507,41.95577317219871
34.462542975311955,30.831495455836258,37.30917398922214,30.604534495279733,41.77824155491368
34.579981714104676,30.834265947328497,37.50153729037392,30.570750317014973,41.68326807937068
34.24486229862096,30.734926466499875,37.532898158811975,30.449507183298337,41.64384861325035
34.28385374217657,30.9181998646601,37.37353444660255,30.271816630718014,41.99610927826551
34.21771377768727,30.794089330086717,37.637097505786585,30.321987995422365,41.875859217487275
34.03310835743325,30.835556560882033,37.33882898009318,30.447020601329175,42.01472280654228
34.29056119991064,30.86830335560402,37.51297325540195,30.598034535405024,42.18384120243806
34.297094001532265,30.814002352921644,37.52980085763836,30.474829750973807,42.22288020847858
34.317537666166295,30.814842084581052,37.27288957461716,30.6775393919075,42.19264663457129
34.13818858694352,30.873213084999183,37.25769802829604,30.417350040742495,42.19101065857473
34.13780637409962,30.76649027242138,37.272187623450314,30.44063128848204,42.31098962744011
34.17097107033589,30.98721355409807,37.078752552154825,30.63822621719302,42.48646400262252
34.11786761346007,30.962290129438003,37.11279463618077,30.741449556673626,42.40387500722777
34.01147044344634,30.93428192244956,37.080044891144276,31.00592062632506,42.20130470019926
34.18431832807929,30.991546839040012,37.18742038520715,31.01413610843262,42.08127539941852
34.03413482971064,30.972113714314936,37.020522321611615,31.097774246003652,42.24727053509294
34.144844467993984,31.039375345945274,37.001953062706114,31.0513454784024,42.399553299780834
34.032802178777615,30.833394827778104,37.16013956669601,31.12967409707406,42.288178510611196
33.92432832544878,30.78151161093132,37.19928614969606,31.060020702338228,42.30489632580876
33.87057605175109,30.567941005500984,36.99550753576649,31.164179628319086,42.13231961154759
34.00116374191791,30.708877997323402,37.12410712225971,31.600882451476036,42.31891047632647
33.852178223088735,30.40431634415088,37.300024708737546,31.491659390265383,42.45270385951104
33.775385226374915,30.56072804635269,37.09285406548588,31.448206361099135,42.4876593158117
33.95473885813576,30.584042523696876,37.097278922820614,31.47608514390823,42.550612059351685
33.87219949530988,30.608221250558525,36.979191844374284,31.531621748132395,42.39887401117954
33.806116266200874,30.57612394000439,37.045876943035104,31.53817346821415,42.39780773640924
33.688787917058605,30.68658841089927,37.16225192979708,31.642192295088943,42.389429029403146
33.762260116650815,30.6486220323014,37.33899163472802,31.55297552252356,42.35033178447932
33.747588700552555,30.66573129648456,37.422635798571626,31.710434641531304,42.1957848600131
33.88065113430989,30.36599653035643,37.4561864749753,31.468833150409747,42.11190476063339
33.79635744720381,30.36459161208339,37.64548819754865,31.346310763941705,42.23064221649555
33.78820383684446,30.524022791396515,37.867067233517346,31.411602848554175,42.321374581631325
34.12915918843948,30.49947665484294,37.75191352727925,31.6387969313509,42.19432008848306
33.98209300704971,30.572537667646014,37.52393048298718,31.61234427875517,42.1715498699902
33.810686542764806,30.270142505517477,37.401515605207905,31.638776782366467,42.18271260396133
33.877239241687676,30.395286800779846,37.62782869284496,31.642640402179662,42.359628964039274
33.746982982619116,30.438580357443172,37.68503641285515,31.688514002140575,42.48293210778291
33.71032332330105,30.527740076828223,37.59115575671176,31.45688169862141,42.27589068044852
33.8417252841831,30.631889171842953,37.68448110562983,31.331014256340016,42.357584443697334
33.842040817199674,30.531136876969377,37.70289976712045,31.272510616581034,42.33522093358359
33.975640364699466,30.598458104902864,37.80396667267618,31.18427247266204,42.40791861885928
33.87723386386303,30.578979086824475,37.491535067033254,30.71104522784678,42.526737012260625
33.770480054180275,30.42943478568882,37.70272412115036,30.860926179294083,42.73727013235623
33.67246981107977,30.4696977273163,37.677303609576356,30.599366642205297,42.726313681733814
33.799351470870874,30.415708541886058,37.44955077603852,30.506320225815852,42.539662748835546
33.70767286307187,30.659114082367253,37.49412368170083,30.596647292539053,42.49370439869588
33.78137997335259,30.503549454334507,37.45628666947216,30.417629872753622,42.74975274461252
33.68760091512735,30.38768513297843,37.44971485250503,30.340638862739148,42.5268834152037
33.72627189143166,30.657528314280164,37.39939818542796,30.570560995299303,42.50739411206685
33.72669293091388,30.694803389544006,37.42693140419186,30.671900446464466,42.383881646021706
33.81146744087252,30.614907293731434,37.42701449729295,30.79096897494826,42.55666697387673
33.826665449547775,30.656022564201965,37.48158322965999,30.965421679403267,42.68359404341611
33.86983243707485,30.790334185543873,37.31920117583374,31.011637720346485,42.74997229316867
34.037751093441436,30.687379788364346,37.17120977728781,30.992793693430315,42.637733713452626
33.99942681573736,31.04585007436831,37.22597803316832,30.812822151616107,42.73717314790155
33.852501272848826,31.24834736572767,37.159051132867084,30.879623253588957,42.5755047618805
33.68931823425908,31.16520891424099,37.22668138000378,30.51193231533793,42.36499980006619
33.81386636138838,31.259863147933277,37.183028597303704,30.677886644459782,42.31433392298922
33.79060020307096,31.2011970596452,37.22469791060952,30.76896924601166,42.28668097878432
33.769182092744444,31.447627442963828,37.38094526170647,30.586435526973375,42.34786359335851
33.71439761093665,31.552591106644737,37.22898034233457,30.55021507813253,42.374260711154285
33.88189744798197,31.379726335080072,36.96281514611038,30.592293631215593,42.43521497612925
33.90788348876144,31.31815303835694,36.93008478833027,30.583091168811414,42.449107541820965
33.933984242898525,31.38991227706939,37.06662692985971,30.530470916863752,42.18393530602878
33.83893875399198,31.40880282467494,37.04145164377087,30.632113589704712,42.28413614154495
33.742879801006325,31.366770959458602,36.87365561667003,30.57522199924552,42.09019364651151
33.42526165777164,31.163239663642393,37.08435378946961,31.036524244914382,42.271551139270855
33.857388878581105,31.37645038656864,37.113428889797596,31.244025371129716,42.40332032760886
33.67468208918823,31.28871296806028,36.98068752830359,30.931803602242372,42.192614256207094
33.775007686239,31.239420961270728,36.95054526337116,30.931717611633896,42.29578020803626
33.533344683607034,31.091283658609157,37.14772531089066,30.888694034398174,42.17124774267721
33.596345855628236,31.173940019859057,37.36747051214477,30.809991437066472,42.27467492223448
33.4829329248315,31.125994290979445,37.07767020907445,30.807751488410304,41.8778894882517
33.46018498659856,31.110220810680357,37.387474370263924,31.110308120928718,42.003918773619226
33.37801623387266,30.97884123781775,37.39425752628866,31.221949030890396,41.842304565795686
33.521980799829024,30.832635039647386,37.35107834234114,31.25089271202146,41.85735789240694
33.59132982455829,30.90178478149967,37.4542688874699,31.314750569957237,41.89034104107726
33.703286028675244,30.861594536534266,37.34050791657752,31.21169416097393,42.0120756968412
33.725221324498484,30.560903006870095,37.39178980811426,31.20630422441665,41.977296082226566
33.626013180129206,30.628743202792744,37.372257567258366,31.11074149277036,42.0681095133482
33.63710674641072,30.636707594319997,37.457216817723065,31.000393474443502,42.28217950432914
33.67520766895034,30.660193157152754,37.553354369109535,31.117180653436975,42.14156790597203
33.720256133915925,30.730253516035127,37.57127206722542,31.242392441757183,42.090632834610474
33.68113419659099,31.054392614750146,37.360970768973225,31.12162063524693,42.19534228828077
33.79735426948505,31.214038743335436,37.40996318596797,31.537262097358038,42.30698413824041
33.845817400671194,31.239581554788042,37.561254128674996,31.167002420548567,42.18143775847594
34.042245884441584,31.11426877315192,37.455798752381035,31.329235570896284,42.304018608855216
33.88498177330573,31.1676714639795,37.57493783092185,31.64477926314229,42.38083698878871
33.87000835115957,31.37521019557303,37.52238920625069,31.476538061036848,42.32239528839419
33.72701108808965,31.339920658258645,37.66569655615178,31.53917868175651,42.41851075107897
33.752478897780904,31.601559456700993,37.63798931513587,31.44136621429782,42.545005416601036
33.69500791134475,31.441261481634385,37.543398421274304,31.17609364715549,42.32589341151442
33.675700087510826,31.59055839422111,37.563396511613284,31.38537484933413,42.22973312453125
33.584379573840984,31.730006172200177,37.37401483768081,31.490145672040644,42.26097145605693
33.56791401273431,31.57301302787379,37.307651148431944,31.54646164796577,42.18620643180583
33.59782627512062,31.425530955342712,37.42117237702377,31.58221226511902,42.102285744576754
33.55657884522477,31.632629254422923,37.28119336755034,31.317750192784118,42.14761925054619
33.47515901326792,31.671942418359322,37.46530563089772,31.512504929193753,42.24632969007868
33.24792230830924,31.547876008873608,37.38703769220495,31.61833148691738,42.28210431228697
33.28273261536085,31.63558435309404,37.24112002805747,31.435969418404394,42.188125420662104
33.20116502154935,31.55986506589564,37.18418520522126,31.613815608883204,42.26639418350201
33.10450583253684,31.423455527944654,37.004542985795304,31.58408653069224,42.42113534473251
33.41811598120574,31.371303676602928,36.940456664751196,31.506333656241534,42.326312453726544
33.27356040407421,31.391933129686855,36.91544999354354,31.513389353087636,42.1257633408334
33.4111055652554,31.338400709137247,36.949167261474486,31.437567663709185,42.05431500798683
33.372823789785706,31.107662189304172,37.18275022787304,31.366660417665056,42.10877114734554
33.4913732335204,31.148182568099827,37.19970110196236,31.05800440330218,42.1418097082099
33.563768600078156,31.085884290767645,37.095614154125926,31.0845837004818,42.22000231114179
33.6269583957165,31.173292714444944,36.95722117840707,30.782978012384596,42.24311481926496
33.576908390854385,30.988537912450877,37.241193093882586,30.67865501946265,42.46867799915722
33.620635800460754,30.87254311609478,37.22508780727512,30.43683718426941,42.348766490325374
33.685538924359165,31.022943814700962,37.124650547871695,30.526521343510762,42.32966170300283
33.753011299616986,31.29488424831507,37.36470866120849,30.766278250439445,42.36314596823836
33.63032397046209,31.083351632294068,37.2945811986457,30.519960499922263,42.31320457865425
33.42201006322607,31.23115687383075,37.31515404793109,30.475744990085357,42.37802691013209
33.40849589718607,31.3187399463747,37.36284535168126,30.33649138089047,42.23497895757091
33.34753456526833,31.44460799833078,37.37179269490355,30.34612411369173,42.24583499824663
33.12920561009805,31.49295352054004,37.42838103325235,30.34068191071071,42.19069271856436
33.082792514531164,31.415043382487646,37.446339364060066,30.186422178591506,42.381893460278604
33.23508802239934,31.418408916809266,37.55538067300989,30.233375853557053,42.38807393546326
33.111976926197826,31.543279700354585,37.423169686053775,30.226185877606227,42.398511207885186
33.22094895758379,31.377562870150314,37.439356297849535,30.244179300164596,42.408264470415205
33.159302133816354,31.384996704523925,37.30326248875564,30.056665239202115,42.43035701023719
33.11386193307434,31.519812192060776,37.34150929893961,30.112929466398807,42.31513807426348
33.021671589937796,31.67760066601329,37.394978797500144,30.25454115722006,42.295367941587614
33.20879967461987,31.833060904599098,37.40958206047794,30.29701922518743,42.14297638797676
33.1200295086293,31.83645941000117,37.378855688707006,30.31546861872169,42.158317432040256
33.01543337298431,31.593258848091086,37.31442587470952,30.399443684321728,42.408890447267915
33.13279130206782,31.744755780781336,37.34271082328713,30.294576274106998,42.18999644459277
33.016319643920404,31.624815934329128,37.345963524776465,30.204035539150926,41.93179453835941
32.966060784873065,31.545515542671932,37.269915018687286,30.243112853091795,41.966055495315544
33.222294825257414,31.72696955631192,37.403027523886415,30.354191504242955,41.9501360336607
33.466359651050304,31.685139134604256,37.2392542413018,30.25352120929358,41.85574637272134
33.4223949450524,31.580264594728373,37.448860336737155,30.457123656529447,41.925163458643425
33.33140591476566,31.662478648123315,37.55034720152551,30.387123411189712,41.89926320763868
33.31717257491103,31.609072277114112,37.60600711878576,30.536928907699664,41.937941001808326
33.61486102565483,31.765826591667302,37.5396446182837,30.308964282570066,42.20293140330364
33.51540902424478,31.893059331069747,37.61061390037914,30.32627749023614,42.04080951966215
33.67475868580182,31.694714078044967,37.73782429045024,30.153078826073408,41.98636341870691
33.36795608971282,31.78568590615773,37.76387896137162,30.004140067239998,42.00873665669708
33.25503391162047,31.70418913366321,37.87240499513453,30.342158305079945,42.018756919380415
33.20960363724347,31.541510099379096,37.71416583960618,30.273027822702854,41.90574020399286
33.38535881689707,31.397608888749787,37.510068922658206,30.345725385414372,41.67132760486344
33.489538994378265,31.442817516692966,37.5485168462278,30.234948658475535,41.66303875768794
33.369847479802395,31.19736067385385,37.60366085814415,30.365853656266044,41.92404453490693
33.169319220376046,31.133606205934026,37.35952733365515,30.33721929587781,41.7945900309957
33.11880153462466,31.395346565454787,37.619849752754746,30.30705027357184,41.66398946072257
32.99406750653345,31.392424159586025,37.554621117288164,30.46791694229175,41.74890049828515
33.258162967339096,31.33795801652162,37.49030888687984,30.225407859060464,41.799934765234426
33.340851206855525,31.149016001100733,37.75436178930352,30.319561671486326,41.733323344161604
33.368567845508714,31.256018052859385,37.67369031295791,30.56979661656836,41.86590968936358
33.423774402336875,31.125479943988193,37.71091566413945,30.60528407641465,42.01095333667325
33.40094749346617,31.270960917910763,37.451462108533306,30.509874178380567,42.00618321853892
33.27732673120429,31.034986966842933,37.63608785378244,30.63694228381771,41.84635111224601
33.405125310643676,31.041884987722508,37.68843117016775,30.645435344298104,41.711976290662115
33.53186141496881,31.11814956728943,37.66440655706463,30.582623152054897,41.84805253977995
33.541870973518456,30.943549141126436,37.46725917362027,30.52226736380611,41.89851934276927
33.407648369199066,30.84550557459188,37.59281305092459,30.678744761686676,42.12113832392936
33.20624052580782,30.876396835381822,37.46194041536243,30.66775890709567,42.068510974962784
33.12364614687076,30.938615482130714,37.42920050553835,30.726418025133633,42.10448536173658
33.05520971951104,30.99042736636352,37.52490177352216,30.684775590193897,42.15711094435953
32.99450733984787,31.011988476390332,37.48381806506265,30.6502711955923,42.11356379151138
33.07629628349008,31.037195717735,37.273399107040206,30.613487135431757,42.12358381871804
33.189202110800984,31.015345917916793,37.4531492278099,30.54151061761586,42.2300191881788
33.1835769293861,31.19585802682255,37.3919733512388,30.562360234937238,42.25343368104615
33.28574739788958,31.335269324204894,37.428996463183545,30.834106052651027,42.24664488425698
33.45273340097088,31.240056735409734,37.54882617094499,31.059407172963084,42.242308377277695
33.41603879138349,31.27979826444948,37.51795303268327,31.0691979458786,42.24943951150005
33.34031866841673,31.309713690863777,37.42083862912556,31.33404794351794,42.45334002910226
33.249171954606005,31.533803379005505,37.53580626207741,31.240459762694528,42.299352749534435
33.2931817062769,31.51584168597157,37.27130143399653,31.28670511469032,42.426149324059566
33.30038022777958,31.52884886428492,37.49271605492814,31.384428512344616,42.166848646421
33.40293403576659,31.698180163561663,37.32787740454769,31.17612815476375,42.198497109387674
33.431277763442864,31.4319923247234,37.41922512305996,31.23230091945515,42.05521924042974
33.418084238432684,31.429895305334327,37.53367789061434,31.355666940208074,42.12895288825977
33.3743341230179,31.21675462789386,37.36120148925465,31.291064803525238,42.193274384760365
33.33384202033976,31.143114834059286,37.34599693907705,31.039731041410622,42.3447975643581
33.32451803693524,31.115292411399544,37.42308283311284,31.00330705537189,42.12821933260339
33.312427300011066,31.412800065289094,37.54444305235971,30.815111670110195,42.186311317759845
33.296137836969855,31.625521904598074,37.62442295964317,30.908396464229455,42.256807625678825
33.442717102932576,31.67801060615574,37.64648562361751,30.725912966872027,42.06965214974437
33.5259607904719,31.688568831904703,37.5150890010266,30.819313039135785,42.12011212765917
33.57765134158993,31.66477891790101,37.61060533885796,30.85848848915309,41.97783372489694
33.62286617629297,31.699187560158606,37.75602601636103,30.90750176440218,42.16397793945226
33.44731112251657,31.947431994340903,37.518359358299904,30.928231010263598,42.432785419776614
33.596005356105024,31.997484824442036,37.26183358035781,30.63170262029174,42.40379583192371
33.71214827256953,32.024267315784115,37.30026258215999,30.642502910003177,42.39525241142944
33.51436064299755,31.73839339405161,37.27255743188542,30.654924133839245,42.37285323663151
33.523009542146355,31.65598591146151,37.32179879487037,30.50764704301258,42.51720240318041
33.38439589866178,31.751297807279332,37.273796785345276,30.769810571940152,42.336251056288354
33.62225183966226,31.653312764494665,37.43559788525248,30.750180675329528,42.53373618311629
33.504477268259286,31.802497601063486,37.58912234329855,30.624058285376456,42.44360558878514
33.531710391908575,32.014849272886174,37.438941303455486,30.53822412091586,42.43911132218669
33.402755592448585,32.0129535706792,37.43694323180177,30.533298669887582,42.355138390423924
33.46124570749325,31.911501158704464,37.52470179038302,30.252079747590408,42.322029376938346
33.26719256443003,31.880476374555634,37.61172506697489,30.442742275751534,42.39996676663075
33.09286118017685,31.872994772992016,37.53615056086149,30.354002579290167,42.33572897977672
